// /qt/qml/SoupleEdit/Main.qml
#include <QtQml/qqmlprivate.h>
#include <QtCore/qalgorithms.h>
#include <QtCore/qdatetime.h>
#include <QtCore/qobject.h>
#include <QtCore/qrandom.h>
#include <QtCore/qstring.h>
#include <QtCore/qstringlist.h>
#include <QtCore/qtimezone.h>
#include <QtCore/qurl.h>
#include <QtCore/qvariant.h>
#include <QtQml/qjsengine.h>
#include <QtQml/qjsprimitivevalue.h>
#include <QtQml/qjsvalue.h>
#include <QtQml/qqmlcomponent.h>
#include <QtQml/qqmlcontext.h>
#include <QtQml/qqmlengine.h>
#include <QtQml/qqmllist.h>
#include <cmath>
#include <limits>
#include <type_traits>
namespace QmlCacheGeneratedCode {
namespace _qt_qml_SoupleEdit_Main_qml {
extern const unsigned char qmlData alignas(16) [];
extern const unsigned char qmlData alignas(16) [] = {

0x71,0x76,0x34,0x63,0x64,0x61,0x74,0x61,
0x42,0x0,0x0,0x0,0x0,0x9,0x6,0x0,
0x0,0x0,0x0,0x0,0x0,0x0,0x0,0x0,
0x7c,0x29,0x2,0x0,0x34,0x37,0x65,0x63,
0x62,0x34,0x66,0x61,0x32,0x32,0x36,0x32,
0x35,0x33,0x63,0x31,0x61,0x63,0x38,0x35,
0x62,0x65,0x38,0x31,0x33,0x30,0x62,0x61,
0x39,0x30,0x35,0x66,0x39,0x35,0x33,0x31,
0x38,0x66,0x33,0x36,0x0,0x0,0x0,0x0,
0x0,0x0,0x0,0x0,0x21,0xa9,0x35,0x4,
0x17,0x96,0x11,0x77,0xae,0xe3,0xdf,0x54,
0x50,0x41,0x36,0xc6,0x0,0x0,0x0,0x0,
0x0,0x0,0x0,0x0,0x0,0x0,0x0,0x0,
0x0,0x0,0x0,0x0,0x23,0x0,0x0,0x0,
0x5,0x3,0x0,0x0,0x90,0xa5,0x0,0x0,
0x2e,0x1,0x0,0x0,0xf8,0x0,0x0,0x0,
0x0,0x0,0x0,0x0,0xb0,0x5,0x0,0x0,
0x0,0x0,0x0,0x0,0xb0,0x5,0x0,0x0,
0x3f,0x0,0x0,0x0,0xb0,0x5,0x0,0x0,
0x9b,0x3,0x0,0x0,0xac,0x6,0x0,0x0,
0x0,0x0,0x0,0x0,0x18,0x15,0x0,0x0,
0x59,0x0,0x0,0x0,0x20,0x15,0x0,0x0,
0x3,0x0,0x0,0x0,0xe8,0x17,0x0,0x0,
0x0,0x0,0x0,0x0,0x20,0x18,0x0,0x0,
0x0,0x0,0x0,0x0,0x20,0x18,0x0,0x0,
0x0,0x0,0x0,0x0,0x20,0x18,0x0,0x0,
0x0,0x0,0x0,0x0,0x20,0x18,0x0,0x0,
0x0,0x0,0x0,0x0,0x20,0x18,0x0,0x0,
0x0,0x0,0x0,0x0,0x20,0x18,0x0,0x0,
0xff,0xff,0xff,0xff,0x0,0x0,0x0,0x0,
0x0,0x0,0x0,0x0,0x70,0xf,0x1,0x0,
0x20,0x18,0x0,0x0,0x88,0x18,0x0,0x0,
0xd8,0x18,0x0,0x0,0x28,0x19,0x0,0x0,
0xa8,0x1a,0x0,0x0,0x8,0x1b,0x0,0x0,
0x68,0x1b,0x0,0x0,0x50,0x1c,0x0,0x0,
0xa8,0x1c,0x0,0x0,0x48,0x1d,0x0,0x0,
0xd0,0x1d,0x0,0x0,0x38,0x1e,0x0,0x0,
0xb0,0x1e,0x0,0x0,0x40,0x1f,0x0,0x0,
0xb8,0x1f,0x0,0x0,0x80,0x20,0x0,0x0,
0xf0,0x20,0x0,0x0,0x88,0x21,0x0,0x0,
0x18,0x22,0x0,0x0,0xa8,0x22,0x0,0x0,
0xf8,0x22,0x0,0x0,0x48,0x23,0x0,0x0,
0x98,0x23,0x0,0x0,0xf8,0x23,0x0,0x0,
0xd0,0x24,0x0,0x0,0x28,0x25,0x0,0x0,
0x80,0x25,0x0,0x0,0xe0,0x25,0x0,0x0,
0x38,0x26,0x0,0x0,0xd8,0x26,0x0,0x0,
0x28,0x27,0x0,0x0,0x98,0x27,0x0,0x0,
0x8,0x28,0x0,0x0,0x78,0x28,0x0,0x0,
0x0,0x29,0x0,0x0,0x78,0x29,0x0,0x0,
0xc8,0x29,0x0,0x0,0x38,0x2a,0x0,0x0,
0xa0,0x2a,0x0,0x0,0x10,0x2b,0x0,0x0,
0x80,0x2b,0x0,0x0,0xd8,0x2b,0x0,0x0,
0x28,0x2c,0x0,0x0,0x78,0x2c,0x0,0x0,
0xc8,0x2c,0x0,0x0,0x18,0x2d,0x0,0x0,
0x68,0x2d,0x0,0x0,0xb8,0x2d,0x0,0x0,
0x10,0x2e,0x0,0x0,0x60,0x2e,0x0,0x0,
0xc0,0x2e,0x0,0x0,0x20,0x2f,0x0,0x0,
0x70,0x2f,0x0,0x0,0xc0,0x2f,0x0,0x0,
0x10,0x30,0x0,0x0,0x70,0x30,0x0,0x0,
0xc0,0x30,0x0,0x0,0x10,0x31,0x0,0x0,
0x60,0x31,0x0,0x0,0xb0,0x31,0x0,0x0,
0x78,0x32,0x0,0x0,0xd0,0x32,0x0,0x0,
0xa0,0x33,0x0,0x0,0x30,0x35,0x0,0x0,
0xb0,0x35,0x0,0x0,0x28,0x36,0x0,0x0,
0xa0,0x36,0x0,0x0,0x18,0x37,0x0,0x0,
0x90,0x37,0x0,0x0,0x10,0x38,0x0,0x0,
0x68,0x38,0x0,0x0,0xc0,0x38,0x0,0x0,
0x40,0x39,0x0,0x0,0xa0,0x39,0x0,0x0,
0x20,0x3a,0x0,0x0,0x80,0x3a,0x0,0x0,
0xd8,0x3a,0x0,0x0,0x30,0x3b,0x0,0x0,
0x88,0x3b,0x0,0x0,0xe0,0x3b,0x0,0x0,
0x38,0x3c,0x0,0x0,0x90,0x3c,0x0,0x0,
0x8,0x3d,0x0,0x0,0x78,0x3d,0x0,0x0,
0xc8,0x3d,0x0,0x0,0x40,0x3e,0x0,0x0,
0xe8,0x3e,0x0,0x0,0x60,0x3f,0x0,0x0,
0xb8,0x3f,0x0,0x0,0x10,0x40,0x0,0x0,
0x68,0x40,0x0,0x0,0xc0,0x40,0x0,0x0,
0x28,0x41,0x0,0x0,0x80,0x41,0x0,0x0,
0xd8,0x41,0x0,0x0,0x30,0x42,0x0,0x0,
0x88,0x42,0x0,0x0,0xe0,0x42,0x0,0x0,
0x40,0x43,0x0,0x0,0x98,0x43,0x0,0x0,
0xf0,0x43,0x0,0x0,0x48,0x44,0x0,0x0,
0xa0,0x44,0x0,0x0,0xf8,0x44,0x0,0x0,
0x50,0x45,0x0,0x0,0xa8,0x45,0x0,0x0,
0x0,0x46,0x0,0x0,0x58,0x46,0x0,0x0,
0xb0,0x46,0x0,0x0,0x8,0x47,0x0,0x0,
0x60,0x47,0x0,0x0,0xb8,0x47,0x0,0x0,
0x10,0x48,0x0,0x0,0x98,0x48,0x0,0x0,
0xf0,0x48,0x0,0x0,0x48,0x49,0x0,0x0,
0xa0,0x49,0x0,0x0,0x0,0x4a,0x0,0x0,
0xf8,0x4a,0x0,0x0,0x70,0x4b,0x0,0x0,
0xe8,0x4b,0x0,0x0,0x68,0x4c,0x0,0x0,
0xb8,0x4e,0x0,0x0,0x30,0x4f,0x0,0x0,
0x98,0x4f,0x0,0x0,0x10,0x50,0x0,0x0,
0x80,0x50,0x0,0x0,0xf8,0x50,0x0,0x0,
0x60,0x51,0x0,0x0,0x98,0x52,0x0,0x0,
0xf0,0x52,0x0,0x0,0x68,0x53,0x0,0x0,
0xe0,0x53,0x0,0x0,0x48,0x54,0x0,0x0,
0xc8,0x54,0x0,0x0,0x40,0x55,0x0,0x0,
0xb8,0x55,0x0,0x0,0x30,0x56,0x0,0x0,
0x88,0x56,0x0,0x0,0xe0,0x56,0x0,0x0,
0x38,0x57,0x0,0x0,0xb0,0x57,0x0,0x0,
0x20,0x58,0x0,0x0,0x90,0x5c,0x0,0x0,
0xf0,0x5c,0x0,0x0,0xc8,0x5d,0x0,0x0,
0x28,0x5e,0x0,0x0,0x88,0x5e,0x0,0x0,
0xe0,0x5e,0x0,0x0,0x78,0x5f,0x0,0x0,
0xd0,0x5f,0x0,0x0,0x28,0x60,0x0,0x0,
0x80,0x60,0x0,0x0,0xd8,0x60,0x0,0x0,
0x30,0x61,0x0,0x0,0x88,0x61,0x0,0x0,
0xe0,0x61,0x0,0x0,0x50,0x62,0x0,0x0,
0xa8,0x62,0x0,0x0,0x0,0x63,0x0,0x0,
0x58,0x63,0x0,0x0,0xb0,0x63,0x0,0x0,
0x70,0x64,0x0,0x0,0x78,0x65,0x0,0x0,
0xe8,0x65,0x0,0x0,0x40,0x66,0x0,0x0,
0x90,0x66,0x0,0x0,0xe0,0x66,0x0,0x0,
0x38,0x67,0x0,0x0,0x88,0x67,0x0,0x0,
0xe8,0x67,0x0,0x0,0x48,0x68,0x0,0x0,
0xc0,0x68,0x0,0x0,0x18,0x69,0x0,0x0,
0x68,0x69,0x0,0x0,0xe8,0x69,0x0,0x0,
0x40,0x6a,0x0,0x0,0x48,0x6b,0x0,0x0,
0xa0,0x6b,0x0,0x0,0x0,0x6c,0x0,0x0,
0x50,0x6c,0x0,0x0,0xa8,0x6c,0x0,0x0,
0x0,0x6d,0x0,0x0,0x58,0x6d,0x0,0x0,
0xb0,0x6d,0x0,0x0,0x18,0x6e,0x0,0x0,
0x68,0x6e,0x0,0x0,0xc0,0x6e,0x0,0x0,
0x10,0x6f,0x0,0x0,0x60,0x6f,0x0,0x0,
0xc8,0x6f,0x0,0x0,0x18,0x70,0x0,0x0,
0x70,0x70,0x0,0x0,0xc8,0x70,0x0,0x0,
0x20,0x71,0x0,0x0,0x80,0x71,0x0,0x0,
0xd8,0x71,0x0,0x0,0x28,0x72,0x0,0x0,
0x78,0x72,0x0,0x0,0xd0,0x72,0x0,0x0,
0x20,0x73,0x0,0x0,0x78,0x73,0x0,0x0,
0x8,0x74,0x0,0x0,0x60,0x74,0x0,0x0,
0xc0,0x74,0x0,0x0,0x78,0x75,0x0,0x0,
0x30,0x76,0x0,0x0,0x80,0x76,0x0,0x0,
0xd8,0x76,0x0,0x0,0x40,0x77,0x0,0x0,
0xb0,0x77,0x0,0x0,0x78,0x79,0x0,0x0,
0xc8,0x79,0x0,0x0,0x30,0x7a,0x0,0x0,
0x88,0x7a,0x0,0x0,0xe0,0x7a,0x0,0x0,
0x48,0x7b,0x0,0x0,0xa0,0x7b,0x0,0x0,
0x8,0x7c,0x0,0x0,0x70,0x7c,0x0,0x0,
0xd8,0x7c,0x0,0x0,0x48,0x7d,0x0,0x0,
0xa8,0x7d,0x0,0x0,0x0,0x7e,0x0,0x0,
0x58,0x7e,0x0,0x0,0xe8,0x7e,0x0,0x0,
0x38,0x7f,0x0,0x0,0x88,0x7f,0x0,0x0,
0xd8,0x7f,0x0,0x0,0x78,0x80,0x0,0x0,
0xd0,0x80,0x0,0x0,0x40,0x81,0x0,0x0,
0x38,0x82,0x0,0x0,0x88,0x82,0x0,0x0,
0xe8,0x82,0x0,0x0,0x40,0x83,0x0,0x0,
0x98,0x83,0x0,0x0,0xf8,0x83,0x0,0x0,
0x48,0x84,0x0,0x0,0xa0,0x84,0x0,0x0,
0x20,0x85,0x0,0x0,0x70,0x85,0x0,0x0,
0xc8,0x85,0x0,0x0,0x70,0x87,0x0,0x0,
0xc8,0x87,0x0,0x0,0x18,0x88,0x0,0x0,
0x70,0x88,0x0,0x0,0xc8,0x88,0x0,0x0,
0x88,0x89,0x0,0x0,0xe0,0x89,0x0,0x0,
0x38,0x8a,0x0,0x0,0x98,0x8a,0x0,0x0,
0xf0,0x8a,0x0,0x0,0x48,0x8b,0x0,0x0,
0xa0,0x8b,0x0,0x0,0x0,0x8c,0x0,0x0,
0x50,0x8c,0x0,0x0,0xb0,0x8c,0x0,0x0,
0x10,0x8d,0x0,0x0,0x68,0x8d,0x0,0x0,
0xc0,0x8d,0x0,0x0,0x18,0x8e,0x0,0x0,
0x98,0x8e,0x0,0x0,0x18,0x8f,0x0,0x0,
0x68,0x8f,0x0,0x0,0x10,0x90,0x0,0x0,
0x68,0x90,0x0,0x0,0xc0,0x90,0x0,0x0,
0x48,0x91,0x0,0x0,0xb8,0x91,0x0,0x0,
0xd8,0x92,0x0,0x0,0x48,0x93,0x0,0x0,
0xa0,0x93,0x0,0x0,0x8,0x94,0x0,0x0,
0x58,0x94,0x0,0x0,0xa8,0x94,0x0,0x0,
0x50,0x95,0x0,0x0,0xe8,0x95,0x0,0x0,
0x80,0x96,0x0,0x0,0x18,0x97,0x0,0x0,
0xb0,0x97,0x0,0x0,0x50,0x98,0x0,0x0,
0xc8,0x98,0x0,0x0,0x20,0x99,0x0,0x0,
0x78,0x99,0x0,0x0,0xc8,0x99,0x0,0x0,
0x38,0x9a,0x0,0x0,0x88,0x9a,0x0,0x0,
0x48,0x9b,0x0,0x0,0xa0,0x9b,0x0,0x0,
0xf8,0x9b,0x0,0x0,0x50,0x9c,0x0,0x0,
0xa8,0x9c,0x0,0x0,0x8,0x9d,0x0,0x0,
0x60,0x9d,0x0,0x0,0xc0,0x9d,0x0,0x0,
0x20,0x9e,0x0,0x0,0x80,0x9e,0x0,0x0,
0xf8,0x9f,0x0,0x0,0x98,0xa0,0x0,0x0,
0xe8,0xa0,0x0,0x0,0x38,0xa1,0x0,0x0,
0x90,0xa1,0x0,0x0,0xa0,0xa1,0x0,0x0,
0xb8,0xa1,0x0,0x0,0xd0,0xa1,0x0,0x0,
0xe0,0xa1,0x0,0x0,0xf0,0xa1,0x0,0x0,
0x0,0xa2,0x0,0x0,0x10,0xa2,0x0,0x0,
0x20,0xa2,0x0,0x0,0x30,0xa2,0x0,0x0,
0x40,0xa2,0x0,0x0,0x50,0xa2,0x0,0x0,
0x60,0xa2,0x0,0x0,0x70,0xa2,0x0,0x0,
0x80,0xa2,0x0,0x0,0x90,0xa2,0x0,0x0,
0xa0,0xa2,0x0,0x0,0xb0,0xa2,0x0,0x0,
0xc0,0xa2,0x0,0x0,0xd0,0xa2,0x0,0x0,
0xe0,0xa2,0x0,0x0,0xf0,0xa2,0x0,0x0,
0x0,0xa3,0x0,0x0,0x10,0xa3,0x0,0x0,
0x20,0xa3,0x0,0x0,0x30,0xa3,0x0,0x0,
0x40,0xa3,0x0,0x0,0x50,0xa3,0x0,0x0,
0x60,0xa3,0x0,0x0,0x70,0xa3,0x0,0x0,
0x80,0xa3,0x0,0x0,0x90,0xa3,0x0,0x0,
0xa0,0xa3,0x0,0x0,0xb0,0xa3,0x0,0x0,
0xc0,0xa3,0x0,0x0,0xd0,0xa3,0x0,0x0,
0xe0,0xa3,0x0,0x0,0xf0,0xa3,0x0,0x0,
0x0,0xa4,0x0,0x0,0x10,0xa4,0x0,0x0,
0x20,0xa4,0x0,0x0,0x30,0xa4,0x0,0x0,
0x40,0xa4,0x0,0x0,0x50,0xa4,0x0,0x0,
0x60,0xa4,0x0,0x0,0x70,0xa4,0x0,0x0,
0x80,0xa4,0x0,0x0,0x90,0xa4,0x0,0x0,
0xa0,0xa4,0x0,0x0,0xb0,0xa4,0x0,0x0,
0xc0,0xa4,0x0,0x0,0xd0,0xa4,0x0,0x0,
0xe0,0xa4,0x0,0x0,0xf0,0xa4,0x0,0x0,
0x0,0xa5,0x0,0x0,0x10,0xa5,0x0,0x0,
0x20,0xa5,0x0,0x0,0x30,0xa5,0x0,0x0,
0x40,0xa5,0x0,0x0,0x50,0xa5,0x0,0x0,
0x60,0xa5,0x0,0x0,0x70,0xa5,0x0,0x0,
0x80,0xa5,0x0,0x0,0xc3,0x0,0x0,0x0,
0xa0,0x24,0x0,0x0,0xb3,0x0,0x0,0x0,
0xb0,0x24,0x0,0x0,0x23,0x1,0x0,0x0,
0xa3,0x14,0x0,0x0,0x70,0x14,0x0,0x0,
0x33,0x4,0x0,0x0,0x33,0x4,0x0,0x0,
0x13,0x3,0x0,0x0,0x3,0x3,0x0,0x0,
0x63,0x1,0x0,0x0,0xb0,0x1,0x0,0x0,
0xb1,0x1,0x0,0x0,0x63,0x1,0x0,0x0,
0xd0,0x1,0x0,0x0,0xd1,0x1,0x0,0x0,
0x63,0x1,0x0,0x0,0xf0,0x1,0x0,0x0,
0xf1,0x1,0x0,0x0,0x63,0x1,0x0,0x0,
0x10,0x2,0x0,0x0,0x11,0x2,0x0,0x0,
0x63,0x1,0x0,0x0,0x30,0x2,0x0,0x0,
0x31,0x2,0x0,0x0,0x63,0x1,0x0,0x0,
0x40,0x2,0x0,0x0,0x41,0x2,0x0,0x0,
0x63,0x1,0x0,0x0,0x60,0x2,0x0,0x0,
0x61,0x2,0x0,0x0,0x63,0x1,0x0,0x0,
0x80,0x2,0x0,0x0,0x81,0x2,0x0,0x0,
0x63,0x1,0x0,0x0,0xa0,0x2,0x0,0x0,
0xa1,0x2,0x0,0x0,0x63,0x1,0x0,0x0,
0xc0,0x2,0x0,0x0,0xc1,0x2,0x0,0x0,
0xc3,0x24,0x0,0x0,0x33,0x4,0x0,0x0,
0xd4,0x24,0x0,0x0,0xf3,0x24,0x0,0x0,
0xb0,0x0,0x0,0x0,0xf3,0x24,0x0,0x0,
0x0,0x25,0x0,0x0,0xf3,0x24,0x0,0x0,
0x10,0x25,0x0,0x0,0xf3,0x24,0x0,0x0,
0x24,0x25,0x0,0x0,0x33,0x25,0x0,0x0,
0x44,0x25,0x0,0x0,0xf3,0x24,0x0,0x0,
0xc3,0x0,0x0,0x0,0x64,0x25,0x0,0x0,
0x84,0x25,0x0,0x0,0x90,0x25,0x0,0x0,
0xc4,0x25,0x0,0x0,0xa4,0x25,0x0,0x0,
0x83,0x1,0x0,0x0,0xd0,0x25,0x0,0x0,
0x24,0x1e,0x0,0x0,0x83,0x1,0x0,0x0,
0xd0,0x25,0x0,0x0,0x30,0x5,0x0,0x0,
0x83,0x1,0x0,0x0,0xd0,0x25,0x0,0x0,
0xe4,0x25,0x0,0x0,0xf3,0x1a,0x0,0x0,
0xb1,0x1b,0x0,0x0,0x33,0x25,0x0,0x0,
0x44,0x25,0x0,0x0,0x83,0x1,0x0,0x0,
0x4,0x26,0x0,0x0,0x33,0x25,0x0,0x0,
0x44,0x25,0x0,0x0,0x83,0x1,0x0,0x0,
0xe4,0x5,0x0,0x0,0x83,0x1,0x0,0x0,
0x10,0x26,0x0,0x0,0x83,0x1,0x0,0x0,
0x10,0x26,0x0,0x0,0x20,0x26,0x0,0x0,
0x33,0x25,0x0,0x0,0x44,0x25,0x0,0x0,
0xd3,0x20,0x0,0x0,0xe4,0x20,0x0,0x0,
0xc3,0x24,0x0,0x0,0x20,0x21,0x0,0x0,
0x14,0x21,0x0,0x0,0x54,0x26,0x0,0x0,
0xd3,0x9,0x0,0x0,0x1,0x1,0x0,0x0,
0xd3,0x9,0x0,0x0,0xf1,0x9,0x0,0x0,
0xd3,0x9,0x0,0x0,0x84,0x25,0x0,0x0,
0x33,0x23,0x0,0x0,0xf0,0x0,0x0,0x0,
0xd3,0x23,0x0,0x0,0x60,0x26,0x0,0x0,
0x31,0xa,0x0,0x0,0x23,0x20,0x0,0x0,
0x60,0x26,0x0,0x0,0x31,0xa,0x0,0x0,
0x33,0x23,0x0,0x0,0xf0,0x0,0x0,0x0,
0xd3,0x23,0x0,0x0,0x31,0xa,0x0,0x0,
0x23,0x20,0x0,0x0,0x31,0xa,0x0,0x0,
0x63,0x1,0x0,0x0,0xb0,0x1,0x0,0x0,
0x63,0x1,0x0,0x0,0xd0,0x1,0x0,0x0,
0x63,0x1,0x0,0x0,0xd0,0x1,0x0,0x0,
0x33,0x4,0x0,0x0,0xb3,0x3,0x0,0x0,
0x70,0x26,0x0,0x0,0xb3,0x3,0x0,0x0,
0x80,0x26,0x0,0x0,0xd3,0x21,0x0,0x0,
0x94,0x26,0x0,0x0,0xa3,0x14,0x0,0x0,
0xc3,0x24,0x0,0x0,0x24,0x27,0x0,0x0,
0x71,0x14,0x0,0x0,0xf3,0x21,0x0,0x0,
0x30,0x27,0x0,0x0,0x43,0x27,0x0,0x0,
0x50,0x27,0x0,0x0,0x73,0x0,0x0,0x0,
0x60,0x27,0x0,0x0,0x70,0x27,0x0,0x0,
0x93,0x27,0x0,0x0,0xc3,0x24,0x0,0x0,
0xc3,0x27,0x0,0x0,0xb4,0x27,0x0,0x0,
0xa4,0x27,0x0,0x0,0xc3,0x24,0x0,0x0,
0x33,0x6,0x0,0x0,0x84,0x25,0x0,0x0,
0xe3,0x6,0x0,0x0,0x71,0x1c,0x0,0x0,
0x33,0x6,0x0,0x0,0xd4,0x27,0x0,0x0,
0x83,0x1,0x0,0x0,0x10,0x26,0x0,0x0,
0xa3,0x8,0x0,0x0,0x27,0xa,0x0,0x0,
0xe7,0x9,0x0,0x0,0x83,0x1,0x0,0x0,
0xe3,0x27,0x0,0x0,0x87,0x5,0x0,0x0,
0xf3,0x27,0x0,0x0,0x87,0x5,0x0,0x0,
0x63,0x9,0x0,0x0,0x0,0x28,0x0,0x0,
0x87,0x5,0x0,0x0,0x43,0x27,0x0,0x0,
0x50,0x27,0x0,0x0,0x83,0x9,0x0,0x0,
0x83,0x9,0x0,0x0,0x33,0x1,0x0,0x0,
0x33,0x1,0x0,0x0,0x33,0x1,0x0,0x0,
0x33,0x1,0x0,0x0,0x63,0x1,0x0,0x0,
0xd0,0x1,0x0,0x0,0x83,0x9,0x0,0x0,
0xc3,0x2,0x0,0x0,0xe0,0x0,0x0,0x0,
0x33,0x1,0x0,0x0,0xd3,0x21,0x0,0x0,
0xe0,0x0,0x0,0x0,0x33,0x1,0x0,0x0,
0x33,0x1,0x0,0x0,0x33,0x1,0x0,0x0,
0x83,0x9,0x0,0x0,0xd3,0x21,0x0,0x0,
0xe0,0x0,0x0,0x0,0x33,0x1,0x0,0x0,
0x33,0x1,0x0,0x0,0x33,0x1,0x0,0x0,
0x33,0x1,0x0,0x0,0xc3,0x0,0x0,0x0,
0xb3,0x18,0x0,0x0,0x30,0xb,0x0,0x0,
0x13,0x28,0x0,0x0,0xc3,0x0,0x0,0x0,
0xd0,0x0,0x0,0x0,0xc3,0x0,0x0,0x0,
0xd0,0x0,0x0,0x0,0x24,0x28,0x0,0x0,
0x11,0x7,0x0,0x0,0x63,0x1,0x0,0x0,
0xd0,0x1,0x0,0x0,0x63,0x9,0x0,0x0,
0xc1,0x7,0x0,0x0,0x63,0x9,0x0,0x0,
0x84,0x25,0x0,0x0,0x63,0x9,0x0,0x0,
0x63,0x9,0x0,0x0,0x40,0x28,0x0,0x0,
0x50,0x28,0x0,0x0,0xc3,0x24,0x0,0x0,
0xc3,0x24,0x0,0x0,0x63,0x9,0x0,0x0,
0x0,0x28,0x0,0x0,0xb4,0x27,0x0,0x0,
0x64,0x28,0x0,0x0,0x63,0x9,0x0,0x0,
0x40,0x28,0x0,0x0,0x50,0x28,0x0,0x0,
0x83,0x24,0x0,0x0,0xc3,0x0,0x0,0x0,
0xc3,0x24,0x0,0x0,0x63,0x9,0x0,0x0,
0x0,0x28,0x0,0x0,0xb4,0x27,0x0,0x0,
0x74,0x28,0x0,0x0,0x24,0x1e,0x0,0x0,
0x80,0x28,0x0,0x0,0x7,0x6,0x0,0x0,
0x81,0x5,0x0,0x0,0x83,0x7,0x0,0x0,
0x84,0x25,0x0,0x0,0x83,0x1,0x0,0x0,
0x94,0x28,0x0,0x0,0x83,0x1,0x0,0x0,
0x94,0x28,0x0,0x0,0x83,0x1,0x0,0x0,
0x94,0x28,0x0,0x0,0x83,0x1,0x0,0x0,
0x94,0x28,0x0,0x0,0xd3,0x28,0x0,0x0,
0xe4,0x28,0x0,0x0,0x63,0x1,0x0,0x0,
0x10,0x2,0x0,0x0,0xf3,0x24,0x0,0x0,
0x0,0x29,0x0,0x0,0xd3,0x28,0x0,0x0,
0x14,0x29,0x0,0x0,0x53,0x4,0x0,0x0,
0xd3,0x28,0x0,0x0,0x24,0x29,0x0,0x0,
0x53,0x4,0x0,0x0,0x63,0x1,0x0,0x0,
0x10,0x2,0x0,0x0,0xf3,0x24,0x0,0x0,
0x0,0x29,0x0,0x0,0xf3,0x24,0x0,0x0,
0x30,0x29,0x0,0x0,0x63,0x1,0x0,0x0,
0x40,0x2,0x0,0x0,0x63,0x1,0x0,0x0,
0xf0,0x1,0x0,0x0,0x53,0xf,0x0,0x0,
0x70,0x10,0x0,0x0,0x13,0x28,0x0,0x0,
0xd3,0x0,0x0,0x0,0x44,0x29,0x0,0x0,
0xc3,0x10,0x0,0x0,0x54,0x29,0x0,0x0,
0x83,0x9,0x0,0x0,0x13,0x28,0x0,0x0,
0x63,0x10,0x0,0x0,0xd0,0x0,0x0,0x0,
0x44,0x29,0x0,0x0,0x63,0x10,0x0,0x0,
0xf3,0x24,0x0,0x0,0x13,0x28,0x0,0x0,
0x63,0x10,0x0,0x0,0xd0,0x0,0x0,0x0,
0x44,0x29,0x0,0x0,0x64,0x29,0x0,0x0,
0x91,0x10,0x0,0x0,0x73,0x29,0x0,0x0,
0x80,0x29,0x0,0x0,0x63,0x10,0x0,0x0,
0x90,0x10,0x0,0x0,0x83,0x9,0x0,0x0,
0x70,0x11,0x0,0x0,0xf3,0x24,0x0,0x0,
0x0,0x29,0x0,0x0,0xf3,0x24,0x0,0x0,
0x0,0x29,0x0,0x0,0xf3,0x24,0x0,0x0,
0x0,0x29,0x0,0x0,0xb3,0x11,0x0,0x0,
0xc0,0x29,0x0,0x0,0x63,0x1,0x0,0x0,
0xb0,0x1,0x0,0x0,0xf3,0x24,0x0,0x0,
0x0,0x29,0x0,0x0,0x83,0x9,0x0,0x0,
0x20,0xb,0x0,0x0,0xb3,0x11,0x0,0x0,
0xd0,0x29,0x0,0x0,0xb3,0x11,0x0,0x0,
0xd0,0x29,0x0,0x0,0xf3,0x24,0x0,0x0,
0x0,0x29,0x0,0x0,0xf3,0x24,0x0,0x0,
0x0,0x29,0x0,0x0,0xf3,0x24,0x0,0x0,
0x0,0x29,0x0,0x0,0xf3,0x24,0x0,0x0,
0x0,0x29,0x0,0x0,0xf3,0x24,0x0,0x0,
0x0,0x29,0x0,0x0,0xf3,0x24,0x0,0x0,
0x0,0x29,0x0,0x0,0xb3,0x11,0x0,0x0,
0xe0,0x29,0x0,0x0,0xf3,0x24,0x0,0x0,
0x0,0x29,0x0,0x0,0xf3,0x24,0x0,0x0,
0x0,0x29,0x0,0x0,0xf3,0x24,0x0,0x0,
0x0,0x29,0x0,0x0,0x63,0x1,0x0,0x0,
0x10,0x2,0x0,0x0,0x63,0x1,0x0,0x0,
0x10,0x2,0x0,0x0,0xd3,0x28,0x0,0x0,
0x73,0x14,0x0,0x0,0xf4,0x29,0x0,0x0,
0x63,0x10,0x0,0x0,0x90,0x10,0x0,0x0,
0x83,0x9,0x0,0x0,0x70,0x11,0x0,0x0,
0xf3,0x24,0x0,0x0,0x0,0x29,0x0,0x0,
0x53,0x28,0x0,0x0,0xd3,0x28,0x0,0x0,
0x83,0x1,0x0,0x0,0x10,0x1d,0x0,0x0,
0xe4,0x28,0x0,0x0,0xd3,0x28,0x0,0x0,
0x83,0x1,0x0,0x0,0x10,0x1d,0x0,0x0,
0xe4,0x28,0x0,0x0,0x83,0x1,0x0,0x0,
0x94,0x28,0x0,0x0,0x83,0x1,0x0,0x0,
0x94,0x28,0x0,0x0,0x53,0x28,0x0,0x0,
0x83,0x1,0x0,0x0,0x94,0x28,0x0,0x0,
0x83,0x1,0x0,0x0,0x94,0x28,0x0,0x0,
0x83,0x1,0x0,0x0,0x94,0x28,0x0,0x0,
0x83,0x1,0x0,0x0,0x94,0x28,0x0,0x0,
0x83,0x1,0x0,0x0,0x94,0x28,0x0,0x0,
0x83,0x1,0x0,0x0,0x94,0x28,0x0,0x0,
0x83,0x1,0x0,0x0,0x94,0x28,0x0,0x0,
0x83,0x1,0x0,0x0,0x94,0x28,0x0,0x0,
0xd3,0x28,0x0,0x0,0x14,0x2b,0x0,0x0,
0xd3,0x28,0x0,0x0,0x24,0x2b,0x0,0x0,
0x83,0x1,0x0,0x0,0x94,0x28,0x0,0x0,
0x53,0x28,0x0,0x0,0x83,0x1,0x0,0x0,
0x94,0x28,0x0,0x0,0x83,0x1,0x0,0x0,
0x94,0x28,0x0,0x0,0x83,0x1,0x0,0x0,
0x94,0x28,0x0,0x0,0xf3,0x24,0x0,0x0,
0x0,0x29,0x0,0x0,0x83,0x1,0x0,0x0,
0x84,0x2b,0x0,0x0,0x83,0x1,0x0,0x0,
0x84,0x2b,0x0,0x0,0x83,0x1,0x0,0x0,
0xc3,0x2b,0x0,0x0,0x84,0x2b,0x0,0x0,
0x83,0x1,0x0,0x0,0x84,0x2b,0x0,0x0,
0x83,0x1,0x0,0x0,0x84,0x2b,0x0,0x0,
0x83,0x1,0x0,0x0,0x84,0x2b,0x0,0x0,
0x63,0x10,0x0,0x0,0x90,0x10,0x0,0x0,
0x83,0x9,0x0,0x0,0x70,0x11,0x0,0x0,
0xf3,0x24,0x0,0x0,0x0,0x29,0x0,0x0,
0xd3,0x28,0x0,0x0,0xc3,0x24,0x0,0x0,
0x74,0x2c,0x0,0x0,0xc3,0x24,0x0,0x0,
0x74,0x2c,0x0,0x0,0xc3,0x24,0x0,0x0,
0x74,0x2c,0x0,0x0,0xc3,0x24,0x0,0x0,
0x74,0x2c,0x0,0x0,0x64,0x2c,0x0,0x0,
0xd3,0x28,0x0,0x0,0xc3,0x24,0x0,0x0,
0x74,0x2c,0x0,0x0,0xc3,0x24,0x0,0x0,
0x74,0x2c,0x0,0x0,0xc3,0x24,0x0,0x0,
0x74,0x2c,0x0,0x0,0xc3,0x24,0x0,0x0,
0x74,0x2c,0x0,0x0,0x64,0x2c,0x0,0x0,
0xd3,0x28,0x0,0x0,0xc3,0x24,0x0,0x0,
0x74,0x2c,0x0,0x0,0xc3,0x24,0x0,0x0,
0x74,0x2c,0x0,0x0,0xc3,0x24,0x0,0x0,
0x74,0x2c,0x0,0x0,0xc3,0x24,0x0,0x0,
0x74,0x2c,0x0,0x0,0x64,0x2c,0x0,0x0,
0xd3,0x28,0x0,0x0,0xc3,0x24,0x0,0x0,
0x74,0x2c,0x0,0x0,0xc3,0x24,0x0,0x0,
0x74,0x2c,0x0,0x0,0xc3,0x24,0x0,0x0,
0x74,0x2c,0x0,0x0,0xc3,0x24,0x0,0x0,
0x74,0x2c,0x0,0x0,0x64,0x2c,0x0,0x0,
0xd3,0x28,0x0,0x0,0xc3,0x24,0x0,0x0,
0x74,0x2c,0x0,0x0,0xc3,0x24,0x0,0x0,
0x74,0x2c,0x0,0x0,0xc3,0x24,0x0,0x0,
0x74,0x2c,0x0,0x0,0xc3,0x24,0x0,0x0,
0x74,0x2c,0x0,0x0,0x64,0x2c,0x0,0x0,
0x73,0x10,0x0,0x0,0xd3,0x28,0x0,0x0,
0xb3,0x2c,0x0,0x0,0xc0,0x2c,0x0,0x0,
0xa4,0x2c,0x0,0x0,0xd3,0x28,0x0,0x0,
0xb3,0x2c,0x0,0x0,0xd0,0x2c,0x0,0x0,
0xa4,0x2c,0x0,0x0,0x73,0x16,0x0,0x0,
0x70,0x10,0x0,0x0,0x73,0x16,0x0,0x0,
0x70,0x10,0x0,0x0,0xb3,0x11,0x0,0x0,
0xc0,0x29,0x0,0x0,0xd3,0x28,0x0,0x0,
0xf3,0x9,0x0,0x0,0xf7,0x2c,0x0,0x0,
0xe4,0x2c,0x0,0x0,0x3,0x2d,0x0,0x0,
0xb3,0x11,0x0,0x0,0xc0,0x29,0x0,0x0,
0x3,0x2d,0x0,0x0,0xb3,0x11,0x0,0x0,
0xc0,0x29,0x0,0x0,0x3,0x2d,0x0,0x0,
0xb3,0x11,0x0,0x0,0xc0,0x29,0x0,0x0,
0xb3,0x11,0x0,0x0,0xc0,0x29,0x0,0x0,
0x63,0x10,0x0,0x0,0x90,0x10,0x0,0x0,
0x83,0x9,0x0,0x0,0x70,0x11,0x0,0x0,
0x63,0x10,0x0,0x0,0x90,0x10,0x0,0x0,
0x83,0x9,0x0,0x0,0x70,0x11,0x0,0x0,
0x73,0x14,0x0,0x0,0xd3,0x28,0x0,0x0,
0x54,0x2d,0x0,0x0,0xd3,0x28,0x0,0x0,
0x64,0x2d,0x0,0x0,0xc3,0x24,0x0,0x0,
0x93,0x18,0x0,0x0,0xf0,0x9,0x0,0x0,
0xf7,0x2c,0x0,0x0,0x74,0x2d,0x0,0x0,
0x53,0x18,0x0,0x0,0x84,0x25,0x0,0x0,
0x73,0x18,0x0,0x0,0xd1,0xe,0x0,0x0,
0x73,0x18,0x0,0x0,0xd1,0xe,0x0,0x0,
0x93,0x2d,0x0,0x0,0xe0,0x0,0x0,0x0,
0xd3,0x0,0x0,0x0,0x93,0x2d,0x0,0x0,
0xd0,0x0,0x0,0x0,0x73,0x29,0x0,0x0,
0x80,0x29,0x0,0x0,0xf3,0x18,0x0,0x0,
0x83,0x9,0x0,0x0,0x63,0x1,0x0,0x0,
0xf0,0x1,0x0,0x0,0x83,0x9,0x0,0x0,
0x83,0x9,0x0,0x0,0xd0,0x0,0x0,0x0,
0x83,0x9,0x0,0x0,0xe0,0x0,0x0,0x0,
0xf3,0x24,0x0,0x0,0x63,0x1,0x0,0x0,
0xf0,0x1,0x0,0x0,0xa4,0x2d,0x0,0x0,
0x83,0x9,0x0,0x0,0xe0,0x0,0x0,0x0,
0x83,0x9,0x0,0x0,0xb3,0x18,0x0,0x0,
0xd0,0x0,0x0,0x0,0xb3,0x18,0x0,0x0,
0x80,0x9,0x0,0x0,0xd0,0x0,0x0,0x0,
0xd3,0x0,0x0,0x0,0xb3,0x18,0x0,0x0,
0xd0,0x0,0x0,0x0,0xb3,0x18,0x0,0x0,
0x80,0x9,0x0,0x0,0xd0,0x0,0x0,0x0,
0xb3,0x18,0x0,0x0,0x30,0xb,0x0,0x0,
0xb3,0x18,0x0,0x0,0x80,0x9,0x0,0x0,
0xd0,0x0,0x0,0x0,0x11,0x7,0x0,0x0,
0xb3,0x18,0x0,0x0,0x30,0xb,0x0,0x0,
0xb3,0x18,0x0,0x0,0x80,0x9,0x0,0x0,
0xd0,0x0,0x0,0x0,0x11,0x7,0x0,0x0,
0x83,0x9,0x0,0x0,0x70,0x11,0x0,0x0,
0x93,0x19,0x0,0x0,0xf0,0x0,0x0,0x0,
0x83,0x9,0x0,0x0,0xd3,0x21,0x0,0x0,
0xc0,0x2d,0x0,0x0,0xf3,0x24,0x0,0x0,
0xd0,0x2d,0x0,0x0,0x73,0x1d,0x0,0x0,
0xd0,0x0,0x0,0x0,0x73,0x21,0x0,0x0,
0x80,0x21,0x0,0x0,0x53,0x1,0x0,0x0,
0xd0,0x0,0x0,0x0,0xc3,0x19,0x0,0x0,
0xd0,0x0,0x0,0x0,0x53,0x1,0x0,0x0,
0xf3,0x1a,0x0,0x0,0x30,0x1b,0x0,0x0,
0x53,0x1,0x0,0x0,0x53,0x1,0x0,0x0,
0xd0,0x0,0x0,0x0,0xc3,0x19,0x0,0x0,
0xd0,0x0,0x0,0x0,0x53,0x1,0x0,0x0,
0xd3,0x19,0x0,0x0,0x70,0x1a,0x0,0x0,
0x73,0x1d,0x0,0x0,0xd0,0x0,0x0,0x0,
0x83,0x9,0x0,0x0,0xe0,0x0,0x0,0x0,
0x83,0x1,0x0,0x0,0xe0,0x2d,0x0,0x0,
0x83,0x9,0x0,0x0,0x70,0x1a,0x0,0x0,
0xa3,0x1a,0x0,0x0,0xa3,0x1a,0x0,0x0,
0x73,0x1d,0x0,0x0,0xe0,0x0,0x0,0x0,
0xf3,0x2d,0x0,0x0,0xf3,0x24,0x0,0x0,
0x0,0x2e,0x0,0x0,0xf3,0x1c,0x0,0x0,
0x10,0x2e,0x0,0x0,0xb3,0x1b,0x0,0x0,
0xe3,0x1a,0x0,0x0,0x20,0x2e,0x0,0x0,
0xa3,0x1c,0x0,0x0,0x0,0x1d,0x0,0x0,
0x30,0x2e,0x0,0x0,0xd3,0x28,0x0,0x0,
0x13,0x1d,0x0,0x0,0x83,0x1,0x0,0x0,
0xe0,0x0,0x0,0x0,0x13,0x1d,0x0,0x0,
0x83,0x1,0x0,0x0,0xe0,0x0,0x0,0x0,
0xe3,0x0,0x0,0x0,0x44,0x2e,0x0,0x0,
0xd3,0x28,0x0,0x0,0x13,0x1d,0x0,0x0,
0x83,0x1,0x0,0x0,0xe0,0x0,0x0,0x0,
0x13,0x1d,0x0,0x0,0x83,0x1,0x0,0x0,
0xe0,0x0,0x0,0x0,0xe3,0x0,0x0,0x0,
0x44,0x2e,0x0,0x0,0x83,0x9,0x0,0x0,
0xf3,0x1c,0x0,0x0,0x10,0x2e,0x0,0x0,
0xc3,0x24,0x0,0x0,0x74,0x2c,0x0,0x0,
0x50,0x2e,0x0,0x0,0x10,0xb,0x0,0x0,
0xf3,0x1a,0x0,0x0,0x13,0x28,0x0,0x0,
0xf3,0x1a,0x0,0x0,0x50,0x1b,0x0,0x0,
0x3,0x1c,0x0,0x0,0x24,0x28,0x0,0x0,
0x51,0x1b,0x0,0x0,0xf3,0x1a,0x0,0x0,
0xf3,0x1a,0x0,0x0,0x50,0x1b,0x0,0x0,
0xb1,0x1b,0x0,0x0,0x50,0x2e,0x0,0x0,
0x10,0xb,0x0,0x0,0xf3,0x1a,0x0,0x0,
0x13,0x28,0x0,0x0,0x73,0x1d,0x0,0x0,
0xe0,0x0,0x0,0x0,0xf3,0x1a,0x0,0x0,
0xe0,0x0,0x0,0x0,0xf3,0x1a,0x0,0x0,
0x50,0x1b,0x0,0x0,0x3,0x1c,0x0,0x0,
0x44,0x29,0x0,0x0,0x51,0x1b,0x0,0x0,
0xf3,0x1a,0x0,0x0,0xf3,0x1a,0x0,0x0,
0x50,0x1b,0x0,0x0,0xb1,0x1b,0x0,0x0,
0x61,0x2e,0x0,0x0,0x83,0x9,0x0,0x0,
0x73,0x1d,0x0,0x0,0xd0,0x0,0x0,0x0,
0xf3,0x1a,0x0,0x0,0xd0,0x0,0x0,0x0,
0x73,0x1d,0x0,0x0,0xd0,0x0,0x0,0x0,
0xa3,0x1c,0x0,0x0,0x70,0x2e,0x0,0x0,
0xf3,0x1a,0x0,0x0,0x90,0x1c,0x0,0x0,
0xf3,0x1a,0x0,0x0,0xd0,0x0,0x0,0x0,
0xa3,0x1c,0x0,0x0,0x70,0x2e,0x0,0x0,
0xf3,0x1a,0x0,0x0,0x0,0x1b,0x0,0x0,
0xf3,0x1a,0x0,0x0,0xe0,0x0,0x0,0x0,
0x83,0x1,0x0,0x0,0xd0,0x0,0x0,0x0,
0x73,0x21,0x0,0x0,0x80,0x21,0x0,0x0,
0x83,0x1,0x0,0x0,0xe0,0x0,0x0,0x0,
0x73,0x21,0x0,0x0,0x80,0x21,0x0,0x0,
0xd3,0x0,0x0,0x0,0x83,0x9,0x0,0x0,
0xd0,0x0,0x0,0x0,0x83,0x9,0x0,0x0,
0x70,0x1a,0x0,0x0,0xf3,0x1a,0x0,0x0,
0x10,0x1d,0x0,0x0,0xe3,0x0,0x0,0x0,
0x73,0x21,0x0,0x0,0x80,0x21,0x0,0x0,
0x73,0x21,0x0,0x0,0x80,0x21,0x0,0x0,
0x43,0x1e,0x0,0x0,0x54,0x29,0x0,0x0,
0x83,0x9,0x0,0x0,0x3,0x1e,0x0,0x0,
0x3,0x1e,0x0,0x0,0x3,0x1e,0x0,0x0,
0xf1,0x0,0x0,0x0,0x3,0x1e,0x0,0x0,
0x81,0x2e,0x0,0x0,0xf3,0x24,0x0,0x0,
0x90,0x2e,0x0,0x0,0x53,0x1e,0x0,0x0,
0x54,0x29,0x0,0x0,0xf3,0x24,0x0,0x0,
0x0,0x19,0x0,0x0,0x10,0xb,0x0,0x0,
0xa4,0x2e,0x0,0x0,0x63,0x1e,0x0,0x0,
0x83,0x1,0x0,0x0,0xb4,0x2e,0x0,0x0,
0x97,0x1e,0x0,0x0,0x83,0x9,0x0,0x0,
0x23,0x1f,0x0,0x0,0x10,0x2e,0x0,0x0,
0x83,0x9,0x0,0x0,0xb0,0x1e,0x0,0x0,
0x83,0x9,0x0,0x0,0x0,0x17,0x0,0x0,
0x23,0x1f,0x0,0x0,0xc0,0x2e,0x0,0x0,
0x83,0x9,0x0,0x0,0xf3,0x24,0x0,0x0,
0x90,0x2e,0x0,0x0,0x53,0x1e,0x0,0x0,
0x54,0x29,0x0,0x0,0x83,0x9,0x0,0x0,
0x33,0x23,0x0,0x0,0xf0,0x0,0x0,0x0,
0xf3,0x9,0x0,0x0,0x43,0x1f,0x0,0x0,
0x81,0x9,0x0,0x0,0xc3,0x19,0x0,0x0,
0x81,0x9,0x0,0x0,0x43,0x1f,0x0,0x0,
0x93,0x19,0x0,0x0,0x81,0x9,0x0,0x0,
0xc3,0x19,0x0,0x0,0x93,0x19,0x0,0x0,
0x81,0x9,0x0,0x0,0x43,0x1f,0x0,0x0,
0x81,0x9,0x0,0x0,0xc3,0x19,0x0,0x0,
0x81,0x9,0x0,0x0,0xc3,0x19,0x0,0x0,
0x93,0x19,0x0,0x0,0x81,0x9,0x0,0x0,
0x43,0x1f,0x0,0x0,0x93,0x19,0x0,0x0,
0x81,0x9,0x0,0x0,0x83,0x9,0x0,0x0,
0x70,0x11,0x0,0x0,0xd3,0x2e,0x0,0x0,
0x83,0x9,0x0,0x0,0x70,0x1a,0x0,0x0,
0x83,0x9,0x0,0x0,0x70,0x11,0x0,0x0,
0x33,0x23,0x0,0x0,0xf1,0x0,0x0,0x0,
0xd3,0x23,0x0,0x0,0x23,0x20,0x0,0x0,
0x30,0xa,0x0,0x0,0x31,0xa,0x0,0x0,
0x23,0x20,0x0,0x0,0x31,0xa,0x0,0x0,
0x83,0x9,0x0,0x0,0x70,0x11,0x0,0x0,
0x83,0x9,0x0,0x0,0xb0,0x1e,0x0,0x0,
0x53,0x1f,0x0,0x0,0xd0,0x0,0x0,0x0,
0xa3,0x1f,0x0,0x0,0x70,0x1a,0x0,0x0,
0x83,0x9,0x0,0x0,0x0,0x17,0x0,0x0,
0x63,0x1,0x0,0x0,0xd0,0x1,0x0,0x0,
0x13,0x20,0x0,0x0,0xe0,0x0,0x0,0x0,
0x83,0x9,0x0,0x0,0xe3,0x1f,0x0,0x0,
0xd0,0x0,0x0,0x0,0x63,0x1,0x0,0x0,
0xc0,0x2,0x0,0x0,0x83,0x9,0x0,0x0,
0xd0,0x0,0x0,0x0,0x83,0x9,0x0,0x0,
0xd0,0x0,0x0,0x0,0x83,0x1,0x0,0x0,
0xf0,0x2e,0x0,0x0,0x83,0x1,0x0,0x0,
0xe0,0x2d,0x0,0x0,0xf3,0x20,0x0,0x0,
0xd3,0x20,0x0,0x0,0x74,0x28,0x0,0x0,
0x83,0x9,0x0,0x0,0x33,0x21,0x0,0x0,
0xd1,0x0,0x0,0x0,0xc7,0x25,0x0,0x0,
0xf3,0x24,0x0,0x0,0x0,0x29,0x0,0x0,
0x83,0x9,0x0,0x0,0xf0,0x9,0x0,0x0,
0x13,0x28,0x0,0x0,0x73,0x21,0x0,0x0,
0x80,0x21,0x0,0x0,0x14,0x2f,0x0,0x0,
0x43,0x27,0x0,0x0,0x50,0x27,0x0,0x0,
0xd3,0x0,0x0,0x0,0xb7,0x2e,0x0,0x0,
0x3,0x22,0x0,0x0,0x0,0x19,0x0,0x0,
0x3,0x22,0x0,0x0,0xd0,0x0,0x0,0x0,
0x1,0x19,0x0,0x0,0x3,0x22,0x0,0x0,
0x10,0xb,0x0,0x0,0x3,0x22,0x0,0x0,
0xe0,0x0,0x0,0x0,0x11,0xb,0x0,0x0,
0x3,0x22,0x0,0x0,0x84,0x25,0x0,0x0,
0x73,0x1c,0x0,0x0,0x73,0x1c,0x0,0x0,
0x83,0x9,0x0,0x0,0xd0,0x0,0x0,0x0,
0x33,0x1,0x0,0x0,0x33,0x1,0x0,0x0,
0x33,0x1,0x0,0x0,0xc3,0x22,0x0,0x0,
0x13,0x28,0x0,0x0,0x73,0x21,0x0,0x0,
0x80,0x21,0x0,0x0,0x14,0x2f,0x0,0x0,
0x71,0x1c,0x0,0x0,0x73,0x14,0x0,0x0,
0xc3,0x22,0x0,0x0,0x71,0x1c,0x0,0x0,
0x73,0x14,0x0,0x0,0xc3,0x22,0x0,0x0,
0x71,0x1c,0x0,0x0,0x73,0x14,0x0,0x0,
0xc3,0x22,0x0,0x0,0x71,0x1c,0x0,0x0,
0x73,0x14,0x0,0x0,0xc3,0x22,0x0,0x0,
0x71,0x1c,0x0,0x0,0x73,0x21,0x0,0x0,
0x13,0x28,0x0,0x0,0x73,0x1c,0x0,0x0,
0x34,0x2f,0x0,0x0,0x71,0x1c,0x0,0x0,
0xf3,0x24,0x0,0x0,0xb0,0x0,0x0,0x0,
0xf3,0x24,0x0,0x0,0x0,0x25,0x0,0x0,
0xf3,0x24,0x0,0x0,0x40,0x2f,0x0,0x0,
0xf3,0x24,0x0,0x0,0x50,0x2f,0x0,0x0,
0x83,0x9,0x0,0x0,0xd0,0x0,0x0,0x0,
0x83,0x9,0x0,0x0,0x33,0x23,0x0,0x0,
0x64,0x2f,0x0,0x0,0x83,0x9,0x0,0x0,
0x33,0x23,0x0,0x0,0xf1,0x0,0x0,0x0,
0x23,0x20,0x0,0x0,0xd3,0x23,0x0,0x0,
0x30,0xa,0x0,0x0,0x31,0xa,0x0,0x0,
0xd3,0x23,0x0,0x0,0x31,0xa,0x0,0x0,
0x83,0x9,0x0,0x0,0x70,0x11,0x0,0x0,
0x83,0x9,0x0,0x0,0xb0,0x1e,0x0,0x0,
0x83,0x9,0x0,0x0,0xd0,0x0,0x0,0x0,
0x63,0x23,0x0,0x0,0xe0,0x0,0x0,0x0,
0x83,0x9,0x0,0x0,0xe0,0x0,0x0,0x0,
0x13,0xb,0x0,0x0,0xc3,0x23,0x0,0x0,
0xe0,0x0,0x0,0x0,0x83,0x9,0x0,0x0,
0xd0,0x0,0x0,0x0,0x83,0x9,0x0,0x0,
0xd0,0x0,0x0,0x0,0xd3,0x0,0x0,0x0,
0x83,0x9,0x0,0x0,0xe0,0x0,0x0,0x0,
0xe3,0x0,0x0,0x0,0x87,0x2f,0x0,0x0,
0x94,0x2f,0x0,0x0,0xd3,0x0,0x0,0x0,
0xa4,0x2f,0x0,0x0,0xd3,0x0,0x0,0x0,
0xe3,0x0,0x0,0x0,0xb4,0x2f,0x0,0x0,
0xe3,0x0,0x0,0x0,0xb4,0x2f,0x0,0x0,
0xd3,0x0,0x0,0x0,0xb4,0x2f,0x0,0x0,
0xc1,0x2f,0x0,0x0,0x54,0xa,0x0,0x0,
0x33,0x23,0x0,0x0,0xf3,0x24,0x0,0x0,
0xe0,0x2f,0x0,0x0,0xf3,0x24,0x0,0x0,
0xf0,0x2f,0x0,0x0,0xd4,0x2f,0x0,0x0,
0x83,0x9,0x0,0x0,0x83,0x9,0x0,0x0,
0xf3,0x24,0x0,0x0,0x0,0x30,0x0,0x0,
0x0,0x0,0x0,0x0,0x0,0x0,0x0,0x0,
0x0,0x0,0x0,0x0,0x0,0x60,0x67,0x3f,
0x0,0x0,0x0,0x0,0x0,0x0,0x70,0x3f,
0x0,0x0,0x0,0x0,0x0,0x40,0x7c,0x3f,
0x0,0x0,0x0,0x0,0x0,0x0,0x8a,0x3f,
0x0,0x0,0x0,0x0,0x0,0x40,0xf5,0x7f,
0x0,0x0,0x0,0x0,0x0,0x40,0xcd,0x3f,
0x0,0x0,0x0,0x0,0x0,0x60,0x87,0x3f,
0x0,0x0,0x0,0x0,0x0,0x40,0xc1,0x3f,
0x0,0x0,0x0,0x0,0x0,0x40,0x8c,0x3f,
0x0,0x0,0x0,0x0,0x0,0xc0,0x83,0x3f,
0x0,0x0,0x0,0x0,0x0,0x40,0xed,0x3f,
0x0,0x0,0x0,0x0,0x0,0x40,0xf5,0xbf,
0x0,0x0,0x0,0x0,0x0,0x40,0xa1,0x3f,
0x9a,0x99,0x99,0x99,0x99,0xd9,0x1c,0x40,
0x0,0x0,0x0,0x0,0x0,0x40,0xcf,0x3f,
0x0,0x0,0x0,0x0,0x0,0x40,0xe5,0x3f,
0x0,0x0,0x0,0x0,0x0,0x40,0xcc,0x3f,
0x0,0x0,0x0,0x0,0x0,0x0,0x8f,0x3f,
0x0,0x0,0x0,0x0,0x0,0x40,0xb1,0x3f,
0x0,0x0,0x0,0x0,0x0,0x40,0xe1,0x3f,
0x0,0x0,0x0,0x0,0x0,0x40,0xd5,0x3f,
0x0,0x0,0x0,0x0,0x0,0x40,0xd3,0x3f,
0x0,0x0,0x0,0x0,0x0,0xc0,0xb3,0x3f,
0x0,0x0,0x0,0x0,0x0,0x40,0xf5,0x3f,
0x0,0x0,0x0,0x0,0x0,0x40,0x5,0x40,
0x0,0x0,0x0,0x0,0x0,0x40,0xc7,0x3f,
0x0,0x0,0x0,0x0,0x0,0x40,0xd9,0x3f,
0x0,0x0,0x0,0x0,0x0,0x40,0xc6,0x3f,
0x0,0x0,0x0,0x0,0x0,0x40,0xb7,0x3f,
0x0,0x0,0x0,0x0,0x0,0xc0,0xa3,0x3f,
0x0,0x0,0x0,0x0,0x0,0xc0,0xa4,0x3f,
0x0,0x0,0x0,0x0,0x0,0x40,0x91,0x3f,
0x0,0x0,0x0,0x0,0x0,0x40,0xe5,0xbf,
0x0,0x0,0x0,0x0,0x0,0x40,0xdd,0x3f,
0x0,0x0,0x0,0x0,0x0,0x40,0xfd,0x3f,
0x0,0x0,0x0,0x0,0x0,0x40,0xdf,0x3f,
0x0,0x0,0x0,0x0,0x0,0x0,0x9a,0x3f,
0x0,0x0,0x0,0x0,0x0,0x80,0x87,0x3f,
0x0,0x0,0x0,0x0,0x0,0xc0,0xbe,0x3f,
0x0,0x0,0x0,0x0,0x0,0xc0,0x84,0x3f,
0x0,0x0,0x0,0x0,0x0,0x40,0xbd,0x3f,
0x0,0x0,0x0,0x0,0x0,0x40,0x9c,0x3f,
0x0,0x0,0x0,0x0,0x0,0x40,0xc5,0x3f,
0x0,0x0,0x0,0x0,0x0,0x40,0xc3,0x3f,
0x0,0x0,0x0,0x0,0x0,0x40,0xab,0x3f,
0x0,0x0,0x0,0x0,0x0,0x40,0x97,0x3f,
0x0,0x0,0x0,0x0,0x0,0x40,0x15,0x40,
0x0,0x0,0x0,0x0,0x0,0x40,0xcb,0x3f,
0x0,0x0,0x0,0x0,0x0,0x80,0x3,0x0,
0x78,0x0,0x0,0x0,0x0,0xc0,0x3,0x0,
0x9a,0x99,0x99,0x99,0x99,0xd9,0x5c,0x40,
0xc8,0x0,0x0,0x0,0x0,0xc0,0x3,0x0,
0x64,0x0,0x0,0x0,0x0,0xc0,0x3,0x0,
0xfc,0xa9,0xf1,0xd2,0x4d,0x22,0x75,0x40,
0x8,0x0,0x0,0x0,0x0,0xc0,0x3,0x0,
0x7b,0x14,0xae,0x47,0xe1,0x3a,0x71,0x40,
0xf,0x0,0x0,0x0,0x0,0xc0,0x3,0x0,
0x2,0x0,0x0,0x0,0x0,0xc0,0x3,0x0,
0x32,0x0,0x0,0x0,0x0,0xc0,0x3,0x0,
0x0,0x0,0x0,0x0,0x0,0x0,0x0,0x0,
0x4,0x0,0x0,0x0,0x0,0xc0,0x3,0x0,
0x33,0x33,0x33,0x33,0x33,0xf3,0xc8,0x3f,
0x2a,0x0,0x0,0x0,0x0,0xc0,0x3,0x0,
0xcd,0xcc,0xcc,0xcc,0xcc,0x8c,0xf9,0x3f,
0x9a,0x99,0x99,0x99,0x99,0xd9,0xfc,0x3f,
0x15,0x0,0x0,0x0,0x0,0xc0,0x3,0x0,
0x66,0x66,0x66,0x66,0x66,0x26,0xf3,0x3f,
0x33,0x33,0x33,0x33,0x33,0x73,0xf6,0x3f,
0x9a,0x99,0x99,0x99,0x99,0xd9,0xd8,0x3f,
0x9a,0x99,0x99,0x99,0x99,0xd9,0xf4,0x3f,
0x0,0x0,0x0,0x0,0x0,0x40,0xd0,0x3f,
0xcd,0xcc,0xcc,0xcc,0xcc,0x8c,0x9,0x40,
0x9a,0x99,0x99,0x99,0x99,0xd9,0xc,0x40,
0x9a,0x99,0x99,0x99,0x99,0xd9,0xc0,0x3f,
0x66,0x66,0x66,0x66,0x66,0xa6,0xce,0x3f,
0x3,0x0,0x0,0x0,0x0,0xc0,0x3,0x0,
0x9a,0x99,0x99,0x99,0x99,0xd9,0x4,0x40,
0x66,0x66,0x66,0x66,0x66,0x26,0x13,0x40,
0x9a,0x99,0x99,0x99,0x99,0xd9,0x3c,0x40,
0x66,0x66,0x66,0x66,0x66,0x26,0x3,0x40,
0x0,0x0,0x0,0x0,0x0,0xc0,0x3,0x0,
0x33,0x33,0x33,0x33,0x33,0x73,0x1e,0x40,
0x33,0x33,0x33,0x33,0x33,0x73,0x6,0x40,
0x33,0x33,0x33,0x33,0x33,0x73,0x16,0x40,
0x7,0x0,0x0,0x0,0x0,0xc0,0x3,0x0,
0x0,0x0,0x0,0x0,0x0,0x40,0xf1,0x3f,
0x5,0x0,0x0,0x0,0x0,0xc0,0x3,0x0,
0xec,0x51,0xb8,0x1e,0x85,0xab,0x24,0x40,
0x0,0x0,0x0,0x0,0x0,0x40,0xea,0x3f,
0xf4,0x17,0x0,0x0,0xc,0x18,0x0,0x0,
0x14,0x18,0x0,0x0,0x4,0x0,0x0,0x0,
0x6e,0x2,0x0,0x0,0x6f,0x2,0x0,0x0,
0x70,0x2,0x0,0x0,0x71,0x2,0x0,0x0,
0x0,0x0,0x0,0x0,0x1,0x0,0x0,0x0,
0x88,0x2,0x0,0x0,0x1,0x0,0x0,0x0,
0x9f,0x0,0x0,0x0,0x0,0x0,0x0,0x0,
0x44,0x0,0x0,0x0,0x1c,0x0,0x0,0x0,
0x14,0x0,0x0,0x0,0x0,0x0,0x0,0x0,
0x38,0x0,0x0,0x0,0x0,0x0,0x0,0x0,
0x38,0x0,0x0,0x0,0x0,0x0,0x1,0x0,
0xff,0xff,0xff,0xff,0x9,0x0,0x0,0x0,
0x15,0x0,0x50,0x0,0x0,0x0,0x0,0x0,
0x0,0x0,0x7,0x0,0x0,0x0,0x0,0x0,
0x0,0x0,0x0,0x0,0x16,0x0,0x0,0x0,
0x1,0x0,0x0,0x0,0x2e,0x0,0x3c,0x1,
0x18,0x7,0x2e,0x2,0x3c,0x3,0x60,0x7,
0x50,0xa,0x2e,0x4,0x18,0x8,0x10,0x1,
0x80,0x8,0x4c,0x1,0x6,0x18,0x6,0x2,
0x0,0x0,0x0,0x0,0x0,0x0,0x0,0x0,
0x44,0x0,0x0,0x0,0x7,0x0,0x0,0x0,
0x44,0x0,0x0,0x0,0x0,0x0,0x0,0x0,
0x38,0x0,0x0,0x0,0x0,0x0,0x0,0x0,
0x38,0x0,0x0,0x0,0x0,0x0,0x1,0x0,
0xff,0xff,0xff,0xff,0x7,0x0,0x0,0x0,
0x6d,0x0,0x50,0x0,0x0,0x0,0x0,0x0,
0x0,0x0,0x7,0x0,0x0,0x0,0x0,0x0,
0x0,0x0,0x0,0x0,0x6d,0x0,0x0,0x0,
0x1,0x0,0x0,0x0,0x2e,0x5,0x3c,0x6,
0x18,0x6,0x2,0x0,0x0,0x0,0x0,0x0,
0x44,0x0,0x0,0x0,0x5,0x0,0x0,0x0,
0x46,0x0,0x0,0x0,0x0,0x0,0x0,0x0,
0x38,0x0,0x0,0x0,0x0,0x0,0x0,0x0,
0x38,0x0,0x0,0x0,0x0,0x0,0x1,0x0,
0xff,0xff,0xff,0xff,0x7,0x0,0x0,0x0,
0x6f,0x0,0x50,0x0,0x0,0x0,0x0,0x0,
0x0,0x0,0x7,0x0,0x0,0x0,0x0,0x0,
0x0,0x0,0x0,0x0,0x6f,0x0,0x0,0x0,
0x1,0x0,0x0,0x0,0x2e,0x7,0x18,0x6,
0x2,0x0,0x0,0x0,0x0,0x0,0x0,0x0,
0xe0,0x0,0x0,0x0,0x95,0x0,0x0,0x0,
0x48,0x0,0x0,0x0,0x0,0x0,0x0,0x0,
0x38,0x0,0x0,0x0,0x0,0x0,0x0,0x0,
0x38,0x0,0x0,0x0,0x0,0x0,0xe,0x0,
0xff,0xff,0xff,0xff,0xd,0x0,0x0,0x0,
0x71,0x0,0x50,0x0,0x0,0x0,0x0,0x0,
0x0,0x0,0x8,0x0,0x0,0x0,0x0,0x0,
0x0,0x0,0x0,0x0,0x71,0x0,0x0,0x0,
0x0,0x0,0x0,0x0,0x1,0x0,0x0,0x0,
0x72,0x0,0x0,0x0,0x2,0x0,0x0,0x0,
0xd,0x0,0x0,0x0,0x73,0x0,0x0,0x0,
0x4,0x0,0x0,0x0,0x18,0x0,0x0,0x0,
0x74,0x0,0x0,0x0,0x6,0x0,0x0,0x0,
0x23,0x0,0x0,0x0,0x75,0x0,0x0,0x0,
0x8,0x0,0x0,0x0,0x2e,0x0,0x0,0x0,
0x76,0x0,0x0,0x0,0xa,0x0,0x0,0x0,
0x39,0x0,0x0,0x0,0x77,0x0,0x0,0x0,
0xc,0x0,0x0,0x0,0x44,0x0,0x0,0x0,
0x78,0x0,0x0,0x0,0xe,0x0,0x0,0x0,
0x4f,0x0,0x0,0x0,0x79,0x0,0x0,0x0,
0x10,0x0,0x0,0x0,0x5a,0x0,0x0,0x0,
0x7a,0x0,0x0,0x0,0x12,0x0,0x0,0x0,
0x65,0x0,0x0,0x0,0x7b,0x0,0x0,0x0,
0x14,0x0,0x0,0x0,0x70,0x0,0x0,0x0,
0x7c,0x0,0x0,0x0,0x16,0x0,0x0,0x0,
0x7b,0x0,0x0,0x0,0x7d,0x0,0x0,0x0,
0x17,0x0,0x0,0x0,0x91,0x0,0x0,0x0,
0x7e,0x0,0x0,0x0,0x17,0x0,0x0,0x0,
0xca,0x2e,0x8,0x50,0x4,0x2e,0x9,0x4c,
0x2,0x2e,0xa,0x18,0x7,0x2e,0xb,0x18,
0x8,0x16,0x7,0x3c,0xc,0x42,0xd,0x8,
0x2e,0xe,0x18,0x8,0x16,0x7,0x3c,0xf,
0x42,0x10,0x8,0x2e,0x11,0x18,0x8,0x16,
0x7,0x3c,0x12,0x42,0x13,0x8,0x2e,0x14,
0x18,0x8,0x16,0x7,0x3c,0x15,0x42,0x16,
0x8,0x2e,0x17,0x18,0x8,0x16,0x7,0x3c,
0x18,0x42,0x19,0x8,0x2e,0x1a,0x18,0x8,
0x16,0x7,0x3c,0x1b,0x42,0x1c,0x8,0x2e,
0x1d,0x18,0x8,0x16,0x7,0x3c,0x1e,0x42,
0x1f,0x8,0x2e,0x20,0x18,0x8,0x16,0x7,
0x3c,0x21,0x42,0x22,0x8,0x2e,0x23,0x18,
0x8,0x16,0x7,0x3c,0x24,0x42,0x25,0x8,
0x2e,0x26,0x18,0x8,0x16,0x7,0x3c,0x27,
0x42,0x28,0x8,0x2e,0x29,0x18,0x8,0x13,
0x4e,0x2,0x0,0x0,0x18,0xb,0x2e,0x2a,
0x18,0xc,0xac,0x2b,0x8,0x2,0xb,0x18,
0x6,0xd4,0x16,0x6,0x2,0x0,0x0,0x0,
0x0,0x0,0x0,0x0,0x0,0x0,0x0,0x0,
0x44,0x0,0x0,0x0,0x17,0x0,0x0,0x0,
0x4f,0x0,0x0,0x0,0x0,0x0,0x0,0x0,
0x38,0x0,0x0,0x0,0x0,0x0,0x0,0x0,
0x38,0x0,0x0,0x0,0x0,0x0,0x1,0x0,
0xff,0xff,0xff,0xff,0x9,0x0,0x0,0x0,
0x92,0x0,0x50,0x0,0x0,0x0,0x0,0x0,
0x0,0x0,0x7,0x0,0x0,0x0,0x0,0x0,
0x0,0x0,0x0,0x0,0x92,0x0,0x0,0x0,
0x1,0x0,0x0,0x0,0x2e,0x2c,0x3c,0x2d,
0x18,0x7,0x2e,0x2e,0x3c,0x2f,0x84,0x7,
0x18,0x8,0x2e,0x30,0x3c,0x31,0x84,0x8,
0x18,0x6,0x2,0x0,0x0,0x0,0x0,0x0,
0x50,0x0,0x0,0x0,0xb,0x0,0x0,0x0,
0x50,0x0,0x0,0x0,0x0,0x0,0x0,0x0,
0x38,0x0,0x0,0x0,0x0,0x0,0x0,0x0,
0x38,0x0,0x0,0x0,0x0,0x0,0x2,0x0,
0xff,0xff,0xff,0xff,0xa,0x0,0x0,0x0,
0x10,0x1,0x50,0x0,0x0,0x0,0x0,0x0,
0x0,0x0,0x7,0x0,0x0,0x0,0x0,0x0,
0x0,0x0,0x0,0x0,0x11,0x1,0x0,0x0,
0x2,0x0,0x0,0x0,0x9,0x0,0x0,0x0,
0x12,0x1,0x0,0x0,0x2,0x0,0x0,0x0,
0x2e,0x32,0x18,0x7,0xac,0x33,0x7,0x0,
0x0,0xe,0x2,0x0,0x0,0x0,0x0,0x0,
0x9c,0x0,0x0,0x0,0x42,0x0,0x0,0x0,
0x51,0x0,0x0,0x0,0x0,0x0,0x0,0x0,
0x38,0x0,0x0,0x0,0x0,0x0,0x0,0x0,
0x38,0x0,0x0,0x0,0x1,0x0,0x8,0x0,
0xff,0xff,0xff,0xff,0xc,0x0,0x0,0x0,
0x14,0x1,0x50,0x0,0x0,0x0,0x0,0x0,
0x1,0x0,0x7,0x0,0x0,0x0,0x0,0x0,
0x5b,0x2,0x0,0x0,0x0,0x0,0x0,0x0,
0x14,0x1,0x0,0x0,0x0,0x0,0x0,0x0,
0x1,0x0,0x0,0x0,0x15,0x1,0x0,0x0,
0x2,0x0,0x0,0x0,0x11,0x0,0x0,0x0,
0x16,0x1,0x0,0x0,0x3,0x0,0x0,0x0,
0x1c,0x0,0x0,0x0,0x17,0x1,0x0,0x0,
0x3,0x0,0x0,0x0,0x20,0x0,0x0,0x0,
0x16,0x1,0x0,0x0,0x3,0x0,0x0,0x0,
0x27,0x0,0x0,0x0,0x18,0x1,0x0,0x0,
0x5,0x0,0x0,0x0,0x30,0x0,0x0,0x0,
0x19,0x1,0x0,0x0,0x7,0x0,0x0,0x0,
0x3f,0x0,0x0,0x0,0x1a,0x1,0x0,0x0,
0x7,0x0,0x0,0x0,0xca,0x2e,0x34,0x18,
0x7,0x13,0x55,0x2,0x0,0x0,0x18,0xa,
0xac,0x35,0x7,0x1,0xa,0x2e,0x36,0x18,
0x7,0x13,0x57,0x2,0x0,0x0,0x18,0xa,
0x2e,0x37,0x18,0xb,0xac,0x38,0x7,0x2,
0xa,0x20,0x0,0x1e,0x0,0x18,0x7,0xac,
0x39,0x7,0x0,0x0,0x1e,0x0,0x3c,0x3a,
0x18,0x7,0x28,0x7,0x18,0xa,0xac,0x3c,
0x7,0x1,0xa,0xd4,0xe,0x2,0x0,0x0,
0x0,0x0,0x0,0x0,0x0,0x0,0x0,0x0,
0x44,0x0,0x0,0x0,0x10,0x0,0x0,0x0,
0x0,0x0,0x0,0x0,0x0,0x0,0x0,0x0,
0x38,0x0,0x0,0x0,0x0,0x0,0x0,0x0,
0x38,0x0,0x0,0x0,0x0,0x0,0x1,0x0,
0xff,0xff,0xff,0xff,0xa,0x0,0x0,0x0,
0x19,0x1,0xa0,0x1,0x0,0x0,0x0,0x0,
0x0,0x0,0x7,0x0,0x0,0x0,0x0,0x0,
0x0,0x0,0x0,0x0,0x19,0x1,0x0,0x0,
0x2,0x0,0x0,0x0,0x1e,0x0,0xc3,0x5b,
0x2,0x0,0x0,0x18,0x7,0xac,0x3b,0x7,
0x0,0x0,0xe,0x2,0x0,0x0,0x0,0x0,
0x80,0x0,0x0,0x0,0x1f,0x0,0x0,0x0,
0x52,0x0,0x0,0x0,0x6,0x0,0x6,0x0,
0x38,0x0,0x0,0x0,0x0,0x0,0x0,0x0,
0x68,0x0,0x0,0x0,0x0,0x0,0x2,0x0,
0xff,0xff,0xff,0xff,0x16,0x0,0x0,0x0,
0x1d,0x1,0x50,0x0,0x0,0x0,0x0,0x0,
0x0,0x0,0xd,0x0,0x0,0x0,0x0,0x0,
0x53,0x0,0x0,0x0,0x0,0x0,0x0,0x0,
0x54,0x0,0x0,0x0,0x0,0x0,0x0,0x0,
0x55,0x0,0x0,0x0,0x0,0x0,0x0,0x0,
0x56,0x0,0x0,0x0,0x0,0x0,0x0,0x0,
0x57,0x0,0x0,0x0,0x0,0x0,0x0,0x0,
0x58,0x0,0x0,0x0,0x0,0x0,0x0,0x0,
0x0,0x0,0x0,0x0,0x1e,0x1,0x0,0x0,
0x2,0x0,0x0,0x0,0x1d,0x0,0x0,0x0,
0x1f,0x1,0x0,0x0,0x2,0x0,0x0,0x0,
0x2e,0x3d,0x3c,0x3e,0x18,0xd,0x1a,0x6,
0x10,0x1a,0x7,0x11,0x1a,0x8,0x12,0x1a,
0x9,0x13,0x1a,0xa,0x14,0x1a,0xb,0x15,
0xac,0x3f,0xd,0x6,0x10,0xe,0x2,0x0,
0x64,0x0,0x0,0x0,0x1b,0x0,0x0,0x0,
0x59,0x0,0x0,0x0,0x1,0x0,0x1,0x0,
0x38,0x0,0x0,0x0,0x0,0x0,0x0,0x0,
0x40,0x0,0x0,0x0,0x0,0x0,0x3,0x0,
0xff,0xff,0xff,0xff,0xc,0x0,0x0,0x0,
0x21,0x1,0x50,0x0,0x0,0x0,0x0,0x0,
0x0,0x0,0x8,0x0,0x0,0x0,0x0,0x0,
0x53,0x0,0x0,0x0,0x0,0x0,0x0,0x0,
0x0,0x0,0x0,0x0,0x22,0x1,0x0,0x0,
0x1,0x0,0x0,0x0,0xe,0x0,0x0,0x0,
0x23,0x1,0x0,0x0,0x4,0x0,0x0,0x0,
0x19,0x0,0x0,0x0,0x25,0x1,0x0,0x0,
0x4,0x0,0x0,0x0,0x2e,0x40,0x3c,0x41,
0x3c,0x42,0x18,0x8,0x16,0x6,0x60,0x8,
0x50,0xb,0x2e,0x43,0x3c,0x44,0x18,0x9,
0xac,0x45,0x9,0x0,0x0,0xe,0x2,0x0,
0x0,0x0,0x0,0x0,0x0,0x0,0x0,0x0,
0x58,0x0,0x0,0x0,0xb,0x0,0x0,0x0,
0x5a,0x0,0x0,0x0,0x1,0x0,0x1,0x0,
0x38,0x0,0x0,0x0,0x0,0x0,0x0,0x0,
0x40,0x0,0x0,0x0,0x0,0x0,0x2,0x0,
0xff,0xff,0xff,0xff,0x9,0x0,0x0,0x0,
0x27,0x1,0x50,0x0,0x0,0x0,0x0,0x0,
0x0,0x0,0x8,0x0,0x0,0x0,0x0,0x0,
0x5b,0x0,0x0,0x0,0x0,0x0,0x0,0x0,
0x0,0x0,0x0,0x0,0x28,0x1,0x0,0x0,
0x2,0x0,0x0,0x0,0x9,0x0,0x0,0x0,
0x29,0x1,0x0,0x0,0x2,0x0,0x0,0x0,
0x2e,0x46,0x18,0x8,0x16,0x6,0x42,0x47,
0x8,0xe,0x2,0x0,0x0,0x0,0x0,0x0,
0x58,0x0,0x0,0x0,0x1d,0x0,0x0,0x0,
0x5c,0x0,0x0,0x0,0x1,0x0,0x1,0x0,
0x38,0x0,0x0,0x0,0x0,0x0,0x0,0x0,
0x40,0x0,0x0,0x0,0x0,0x0,0x2,0x0,
0xff,0xff,0xff,0xff,0xd,0x0,0x0,0x0,
0x2c,0x1,0x50,0x0,0x0,0x0,0x0,0x0,
0x0,0x0,0x8,0x0,0x0,0x0,0x0,0x0,
0x5d,0x0,0x0,0x0,0x0,0x0,0x0,0x0,
0x0,0x0,0x0,0x0,0x2d,0x1,0x0,0x0,
0x2,0x0,0x0,0x0,0x13,0x0,0x0,0x0,
0x2e,0x1,0x0,0x0,0x3,0x0,0x0,0x0,
0x2e,0x48,0x18,0x8,0x13,0x5f,0x2,0x0,
0x0,0x18,0xb,0x1a,0x6,0xc,0xac,0x49,
0x8,0x2,0xb,0x2e,0x4a,0x18,0x8,0xac,
0x4b,0x8,0x1,0x6,0x2,0x0,0x0,0x0,
0x6c,0x0,0x0,0x0,0x1e,0x0,0x0,0x0,
0x5e,0x0,0x0,0x0,0x2,0x0,0x2,0x0,
0x38,0x0,0x0,0x0,0x0,0x0,0x0,0x0,
0x48,0x0,0x0,0x0,0x0,0x0,0x3,0x0,
0xff,0xff,0xff,0xff,0xe,0x0,0x0,0x0,
0x31,0x1,0x50,0x0,0x0,0x0,0x0,0x0,
0x0,0x0,0x9,0x0,0x0,0x0,0x0,0x0,
0xd,0x0,0x0,0x0,0x0,0x0,0x0,0x0,
0xe,0x0,0x0,0x0,0x0,0x0,0x0,0x0,
0x0,0x0,0x0,0x0,0x32,0x1,0x0,0x0,
0x2,0x0,0x0,0x0,0xd,0x0,0x0,0x0,
0x33,0x1,0x0,0x0,0x4,0x0,0x0,0x0,
0x1c,0x0,0x0,0x0,0x34,0x1,0x0,0x0,
0x4,0x0,0x0,0x0,0x2e,0x4c,0x18,0x9,
0x12,0x5e,0x18,0xc,0xac,0x4d,0x9,0x1,
0xc,0x2e,0x4e,0x18,0x9,0x1a,0x6,0xc,
0x1a,0x7,0xd,0xac,0x4f,0x9,0x2,0xc,
0xe,0x2,0x0,0x0,0x0,0x0,0x0,0x0,
0x5c,0x0,0x0,0x0,0x13,0x0,0x0,0x0,
0x5f,0x0,0x0,0x0,0x0,0x0,0x0,0x0,
0x38,0x0,0x0,0x0,0x0,0x0,0x0,0x0,
0x38,0x0,0x0,0x0,0x0,0x0,0x3,0x0,
0xff,0xff,0xff,0xff,0x8,0x0,0x0,0x0,
0x37,0x1,0x50,0x0,0x0,0x0,0x0,0x0,
0x0,0x0,0x7,0x0,0x0,0x0,0x0,0x0,
0x0,0x0,0x0,0x0,0x38,0x1,0x0,0x0,
0x1,0x0,0x0,0x0,0x9,0x0,0x0,0x0,
0x38,0x1,0x0,0x0,0x2,0x0,0x0,0x0,
0xc,0x0,0x0,0x0,0x39,0x1,0x0,0x0,
0x3,0x0,0x0,0x0,0x2e,0x50,0x3c,0x51,
0x18,0x7,0x58,0x50,0x3,0x10,0xff,0x2,
0x2e,0x52,0x3c,0x53,0x3c,0x54,0x2,0x0,
0x0,0x0,0x0,0x0,0x0,0x0,0x0,0x0,
0x80,0x0,0x0,0x0,0x3c,0x0,0x0,0x0,
0x60,0x0,0x0,0x0,0x1,0x0,0x1,0x0,
0x38,0x0,0x0,0x0,0x0,0x0,0x0,0x0,
0x40,0x0,0x0,0x0,0x1,0x0,0x5,0x0,
0xff,0xff,0xff,0xff,0xd,0x0,0x0,0x0,
0x3c,0x1,0x50,0x0,0x0,0x0,0x0,0x0,
0x0,0x0,0x8,0x0,0x0,0x0,0x0,0x0,
0x61,0x0,0x0,0x0,0x0,0x0,0x0,0x0,
0x1,0x3,0x0,0x0,0x0,0x0,0x0,0x0,
0x3c,0x1,0x0,0x0,0x0,0x0,0x0,0x0,
0x1,0x0,0x0,0x0,0x3d,0x1,0x0,0x0,
0x2,0x0,0x0,0x0,0x17,0x0,0x0,0x0,
0x3e,0x1,0x0,0x0,0x3,0x0,0x0,0x0,
0x29,0x0,0x0,0x0,0x3f,0x1,0x0,0x0,
0x5,0x0,0x0,0x0,0x39,0x0,0x0,0x0,
0x42,0x1,0x0,0x0,0x5,0x0,0x0,0x0,
0xca,0x2e,0x55,0x18,0x8,0x13,0x63,0x2,
0x0,0x0,0x18,0xc,0x16,0x6,0x80,0xc,
0x18,0xb,0xac,0x56,0x8,0x1,0xb,0x2e,
0x57,0x18,0x8,0x13,0x64,0x2,0x0,0x0,
0x18,0xb,0xac,0x58,0x8,0x1,0xb,0x20,
0x0,0x2e,0x59,0x18,0x8,0x1a,0x6,0xb,
0x28,0xf,0x18,0xc,0xac,0x5c,0x8,0x2,
0xb,0xd4,0xe,0x2,0x0,0x0,0x0,0x0,
0x0,0x0,0x0,0x0,0x0,0x0,0x0,0x0,
0x58,0x0,0x0,0x0,0x11,0x0,0x0,0x0,
0x0,0x0,0x0,0x0,0x1,0x0,0x1,0x0,
0x38,0x0,0x0,0x0,0x0,0x0,0x0,0x0,
0x40,0x0,0x0,0x0,0x0,0x0,0x2,0x0,
0xff,0xff,0xff,0xff,0xc,0x0,0x0,0x0,
0x3f,0x1,0xb0,0x2,0x0,0x0,0x0,0x0,
0x0,0x0,0x8,0x0,0x0,0x0,0x0,0x0,
0x2,0x3,0x0,0x0,0x0,0x0,0x0,0x0,
0x0,0x0,0x0,0x0,0x40,0x1,0x0,0x0,
0x2,0x0,0x0,0x0,0xf,0x0,0x0,0x0,
0x41,0x1,0x0,0x0,0x2,0x0,0x0,0x0,
0x1e,0x0,0x18,0x8,0x16,0x6,0x3c,0x5a,
0x18,0xb,0xac,0x5b,0x8,0x1,0xb,0xe,
0x2,0x0,0x0,0x0,0x0,0x0,0x0,0x0,
0x78,0x0,0x0,0x0,0x1d,0x0,0x0,0x0,
0x9e,0x0,0x0,0x0,0x2,0x0,0x2,0x0,
0x38,0x0,0x0,0x0,0x0,0x0,0x0,0x0,
0x48,0x0,0x0,0x0,0x0,0x0,0x4,0x0,
0xff,0xff,0xff,0xff,0xc,0x0,0x0,0x0,
0xc9,0x1,0x50,0x0,0x0,0x0,0x0,0x0,
0x0,0x0,0x9,0x0,0x0,0x0,0x0,0x0,
0x10,0x0,0x0,0x0,0x0,0x0,0x0,0x0,
0x9f,0x0,0x0,0x0,0x0,0x0,0x0,0x0,
0x0,0x0,0x0,0x0,0xca,0x1,0x0,0x0,
0x2,0x0,0x0,0x0,0x9,0x0,0x0,0x0,
0xcb,0x1,0x0,0x0,0x4,0x0,0x0,0x0,
0x12,0x0,0x0,0x0,0xcc,0x1,0x0,0x0,
0x6,0x0,0x0,0x0,0x1b,0x0,0x0,0x0,
0xcd,0x1,0x0,0x0,0x6,0x0,0x0,0x0,
0x2e,0x5d,0x18,0x9,0x16,0x6,0x42,0x5e,
0x9,0x2e,0x5f,0x18,0x9,0x16,0x7,0x42,
0x60,0x9,0x2e,0x61,0x18,0x9,0xac,0x62,
0x9,0x0,0x0,0xe,0x2,0x0,0x0,0x0,
0x70,0x0,0x0,0x0,0x20,0x0,0x0,0x0,
0xa0,0x0,0x0,0x0,0x1,0x0,0x1,0x0,
0x38,0x0,0x0,0x0,0x0,0x0,0x0,0x0,
0x40,0x0,0x0,0x0,0x0,0x0,0x4,0x0,
0xff,0xff,0xff,0xff,0x9,0x0,0x0,0x0,
0xcf,0x1,0x50,0x0,0x0,0x0,0x0,0x0,
0x0,0x0,0x8,0x0,0x0,0x0,0x0,0x0,
0xa1,0x0,0x0,0x0,0x0,0x0,0x0,0x0,
0x0,0x0,0x0,0x0,0xd4,0x1,0x0,0x0,
0x1,0x0,0x0,0x0,0x6,0x0,0x0,0x0,
0xd5,0x1,0x0,0x0,0x3,0x0,0x0,0x0,
0x13,0x0,0x0,0x0,0xd6,0x1,0x0,0x0,
0x5,0x0,0x0,0x0,0x1e,0x0,0x0,0x0,
0xd7,0x1,0x0,0x0,0x5,0x0,0x0,0x0,
0x2e,0x63,0x3c,0x64,0x50,0xd,0x2e,0x65,
0x18,0x8,0x16,0x6,0x3c,0x66,0x42,0x67,
0x8,0x4c,0xb,0x2e,0x68,0x18,0x8,0x16,
0x6,0x3c,0x69,0x42,0x6a,0x8,0xe,0x2,
0x70,0x0,0x0,0x0,0x1c,0x0,0x0,0x0,
0xa2,0x0,0x0,0x0,0x1,0x0,0x1,0x0,
0x38,0x0,0x0,0x0,0x0,0x0,0x0,0x0,
0x40,0x0,0x0,0x0,0x0,0x0,0x4,0x0,
0xff,0xff,0xff,0xff,0x9,0x0,0x0,0x0,
0xd9,0x1,0x50,0x0,0x0,0x0,0x0,0x0,
0x0,0x0,0x8,0x0,0x0,0x0,0x0,0x0,
0xa3,0x0,0x0,0x0,0x0,0x0,0x0,0x0,
0x0,0x0,0x0,0x0,0xda,0x1,0x0,0x0,
0x1,0x0,0x0,0x0,0x6,0x0,0x0,0x0,
0xdb,0x1,0x0,0x0,0x3,0x0,0x0,0x0,
0x11,0x0,0x0,0x0,0xdc,0x1,0x0,0x0,
0x5,0x0,0x0,0x0,0x1a,0x0,0x0,0x0,
0xdd,0x1,0x0,0x0,0x5,0x0,0x0,0x0,
0x2e,0x6b,0x3c,0x6c,0x50,0xb,0x2e,0x6d,
0x18,0x8,0x16,0x6,0x42,0x6e,0x8,0x4c,
0x9,0x2e,0x6f,0x18,0x8,0x16,0x6,0x42,
0x70,0x8,0xe,0x2,0x0,0x0,0x0,0x0,
0x44,0x0,0x0,0x0,0x7,0x0,0x0,0x0,
0x3d,0x0,0x0,0x0,0x0,0x0,0x0,0x0,
0x38,0x0,0x0,0x0,0x0,0x0,0x0,0x0,
0x38,0x0,0x0,0x0,0x0,0x0,0x1,0x0,
0xff,0xff,0xff,0xff,0x7,0x0,0x0,0x0,
0x66,0x0,0x50,0x0,0x0,0x0,0x0,0x0,
0x0,0x0,0x7,0x0,0x0,0x0,0x0,0x0,
0x0,0x0,0x0,0x0,0x66,0x0,0x0,0x0,
0x1,0x0,0x0,0x0,0x2e,0x71,0x3c,0x72,
0x18,0x6,0x2,0x0,0x0,0x0,0x0,0x0,
0x44,0x0,0x0,0x0,0x7,0x0,0x0,0x0,
0x3f,0x0,0x0,0x0,0x0,0x0,0x0,0x0,
0x38,0x0,0x0,0x0,0x0,0x0,0x0,0x0,
0x38,0x0,0x0,0x0,0x0,0x0,0x1,0x0,
0xff,0xff,0xff,0xff,0x7,0x0,0x0,0x0,
0x67,0x0,0x50,0x0,0x0,0x0,0x0,0x0,
0x0,0x0,0x7,0x0,0x0,0x0,0x0,0x0,
0x0,0x0,0x0,0x0,0x67,0x0,0x0,0x0,
0x1,0x0,0x0,0x0,0x2e,0x73,0x3c,0x74,
0x18,0x6,0x2,0x0,0x0,0x0,0x0,0x0,
0x44,0x0,0x0,0x0,0x7,0x0,0x0,0x0,
0x41,0x0,0x0,0x0,0x0,0x0,0x0,0x0,
0x38,0x0,0x0,0x0,0x0,0x0,0x0,0x0,
0x38,0x0,0x0,0x0,0x0,0x0,0x1,0x0,
0xff,0xff,0xff,0xff,0x7,0x0,0x0,0x0,
0x68,0x0,0x50,0x0,0x0,0x0,0x0,0x0,
0x0,0x0,0x7,0x0,0x0,0x0,0x0,0x0,
0x0,0x0,0x0,0x0,0x68,0x0,0x0,0x0,
0x1,0x0,0x0,0x0,0x2e,0x75,0x3c,0x76,
0x18,0x6,0x2,0x0,0x0,0x0,0x0,0x0,
0x44,0x0,0x0,0x0,0x11,0x0,0x0,0x0,
0x42,0x0,0x0,0x0,0x0,0x0,0x0,0x0,
0x38,0x0,0x0,0x0,0x0,0x0,0x0,0x0,
0x38,0x0,0x0,0x0,0x0,0x0,0x1,0x0,
0xff,0xff,0xff,0xff,0x7,0x0,0x0,0x0,
0x69,0x0,0x50,0x0,0x0,0x0,0x0,0x0,
0x0,0x0,0x7,0x0,0x0,0x0,0x0,0x0,
0x0,0x0,0x0,0x0,0x69,0x0,0x0,0x0,
0x1,0x0,0x0,0x0,0x2e,0x77,0x50,0x6,
0x2e,0x78,0x3c,0x79,0x4c,0x4,0x2e,0x7a,
0x3c,0x7b,0x18,0x6,0x2,0x0,0x0,0x0,
0x0,0x0,0x0,0x0,0x0,0x0,0x0,0x0,
0x68,0x0,0x0,0x0,0x61,0x0,0x0,0x0,
0x4b,0x0,0x0,0x0,0x0,0x0,0x0,0x0,
0x38,0x0,0x0,0x0,0x0,0x0,0x0,0x0,
0x38,0x0,0x0,0x0,0x0,0x0,0x4,0x0,
0xff,0xff,0xff,0xff,0xf,0x0,0x0,0x0,
0x81,0x0,0x50,0x0,0x0,0x0,0x0,0x0,
0x0,0x0,0x7,0x0,0x0,0x0,0x0,0x0,
0x0,0x0,0x0,0x0,0x81,0x0,0x0,0x0,
0x0,0x0,0x0,0x0,0x1,0x0,0x0,0x0,
0x83,0x0,0x0,0x0,0x3,0x0,0x0,0x0,
0x2c,0x0,0x0,0x0,0x8b,0x0,0x0,0x0,
0x4,0x0,0x0,0x0,0x5d,0x0,0x0,0x0,
0x8c,0x0,0x0,0x0,0x4,0x0,0x0,0x0,
0xca,0x2e,0x7c,0x18,0x7,0x13,0x6a,0x2,
0x0,0x0,0x18,0xb,0x13,0x6b,0x2,0x0,
0x0,0x18,0xc,0x13,0x6c,0x2,0x0,0x0,
0x18,0xd,0x13,0x6d,0x2,0x0,0x0,0x18,
0xe,0xea,0x0,0x4,0xb,0x18,0xa,0xac,
0x7d,0x7,0x1,0xa,0x2e,0x7e,0x18,0x7,
0x2e,0x7f,0x18,0x8,0x13,0x4e,0x2,0x0,
0x0,0x18,0xb,0x14,0x30,0xc,0xad,0x80,
0x0,0x0,0x0,0x8,0x0,0x0,0x0,0x2,
0x0,0x0,0x0,0xb,0x0,0x0,0x0,0x18,
0x8,0x43,0x81,0x0,0x0,0x0,0x7,0x0,
0x0,0x0,0x1a,0x8,0x6,0xd4,0x16,0x6,
0x2,0x0,0x0,0x0,0x0,0x0,0x0,0x0,
0x0,0x0,0x0,0x0,0x0,0x0,0x0,0x0,
0x44,0x0,0x0,0x0,0xd,0x0,0x0,0x0,
0x69,0x0,0x0,0x0,0x0,0x0,0x0,0x0,
0x38,0x0,0x0,0x0,0x0,0x0,0x0,0x0,
0x38,0x0,0x0,0x0,0x0,0x0,0x1,0x0,
0xff,0xff,0xff,0xff,0x7,0x0,0x0,0x0,
0x4c,0x1,0x90,0x0,0x0,0x0,0x0,0x0,
0x0,0x0,0x7,0x0,0x0,0x0,0x0,0x0,
0x0,0x0,0x0,0x0,0x4c,0x1,0x0,0x0,
0x1,0x0,0x0,0x0,0x2f,0x82,0x0,0x0,
0x0,0x3d,0x83,0x0,0x0,0x0,0x18,0x6,
0x2,0x0,0x0,0x0,0x0,0x0,0x0,0x0,
0x44,0x0,0x0,0x0,0xd,0x0,0x0,0x0,
0x66,0x0,0x0,0x0,0x0,0x0,0x0,0x0,
0x38,0x0,0x0,0x0,0x0,0x0,0x0,0x0,
0x38,0x0,0x0,0x0,0x0,0x0,0x1,0x0,
0xff,0xff,0xff,0xff,0x7,0x0,0x0,0x0,
0x4a,0x1,0x90,0x0,0x0,0x0,0x0,0x0,
0x0,0x0,0x7,0x0,0x0,0x0,0x0,0x0,
0x0,0x0,0x0,0x0,0x4a,0x1,0x0,0x0,
0x1,0x0,0x0,0x0,0x2f,0x84,0x0,0x0,
0x0,0x3d,0x85,0x0,0x0,0x0,0x18,0x6,
0x2,0x0,0x0,0x0,0x0,0x0,0x0,0x0,
0x44,0x0,0x0,0x0,0x12,0x0,0x0,0x0,
0x7b,0x0,0x0,0x0,0x0,0x0,0x0,0x0,
0x38,0x0,0x0,0x0,0x0,0x0,0x0,0x0,
0x38,0x0,0x0,0x0,0x0,0x0,0x1,0x0,
0xff,0xff,0xff,0xff,0x7,0x0,0x0,0x0,
0x63,0x1,0x90,0x0,0x0,0x0,0x0,0x0,
0x0,0x0,0x7,0x0,0x0,0x0,0x0,0x0,
0x0,0x0,0x0,0x0,0x63,0x1,0x0,0x0,
0x1,0x0,0x0,0x0,0x2f,0x86,0x0,0x0,
0x0,0x3d,0x87,0x0,0x0,0x0,0x3d,0x88,
0x0,0x0,0x0,0x18,0x6,0x2,0x0,0x0,
0x0,0x0,0x0,0x0,0x0,0x0,0x0,0x0,
0x44,0x0,0x0,0x0,0xd,0x0,0x0,0x0,
0x7d,0x0,0x0,0x0,0x0,0x0,0x0,0x0,
0x38,0x0,0x0,0x0,0x0,0x0,0x0,0x0,
0x38,0x0,0x0,0x0,0x0,0x0,0x1,0x0,
0xff,0xff,0xff,0xff,0x8,0x0,0x0,0x0,
0x64,0x1,0x90,0x0,0x0,0x0,0x0,0x0,
0x0,0x0,0x7,0x0,0x0,0x0,0x0,0x0,
0x0,0x0,0x0,0x0,0x64,0x1,0x0,0x0,
0x1,0x0,0x0,0x0,0x13,0x78,0x2,0x0,
0x0,0x18,0x7,0xe8,0x1,0x7,0x18,0x6,
0x2,0x0,0x0,0x0,0x0,0x0,0x0,0x0,
0x5c,0x0,0x0,0x0,0x40,0x0,0x0,0x0,
0x7f,0x0,0x0,0x0,0x0,0x0,0x0,0x0,
0x38,0x0,0x0,0x0,0x0,0x0,0x0,0x0,
0x38,0x0,0x0,0x0,0x0,0x0,0x3,0x0,
0xff,0xff,0xff,0xff,0xf,0x0,0x0,0x0,
0x65,0x1,0x90,0x0,0x0,0x0,0x0,0x0,
0x0,0x0,0x7,0x0,0x0,0x0,0x0,0x0,
0x0,0x0,0x0,0x0,0x65,0x1,0x0,0x0,
0x0,0x0,0x0,0x0,0x1,0x0,0x0,0x0,
0x66,0x1,0x0,0x0,0x2,0x0,0x0,0x0,
0x3c,0x0,0x0,0x0,0x67,0x1,0x0,0x0,
0x2,0x0,0x0,0x0,0xca,0x2f,0x89,0x0,
0x0,0x0,0x18,0x7,0x2f,0x8a,0x0,0x0,
0x0,0x18,0xb,0x2f,0x8b,0x0,0x0,0x0,
0x18,0xe,0xad,0x8c,0x0,0x0,0x0,0xb,
0x0,0x0,0x0,0x1,0x0,0x0,0x0,0xe,
0x0,0x0,0x0,0x18,0xa,0xad,0x8d,0x0,
0x0,0x0,0x7,0x0,0x0,0x0,0x1,0x0,
0x0,0x0,0xa,0x0,0x0,0x0,0x18,0x6,
0xd4,0x16,0x6,0x2,0x0,0x0,0x0,0x0,
0x44,0x0,0x0,0x0,0x8,0x0,0x0,0x0,
0x82,0x0,0x0,0x0,0x0,0x0,0x0,0x0,
0x38,0x0,0x0,0x0,0x0,0x0,0x0,0x0,
0x38,0x0,0x0,0x0,0x0,0x0,0x1,0x0,
0xff,0xff,0xff,0xff,0x7,0x0,0x0,0x0,
0x6b,0x1,0x90,0x0,0x0,0x0,0x0,0x0,
0x0,0x0,0x7,0x0,0x0,0x0,0x0,0x0,
0x0,0x0,0x0,0x0,0x6b,0x1,0x0,0x0,
0x1,0x0,0x0,0x0,0x2f,0x8e,0x0,0x0,
0x0,0x18,0x6,0x2,0x0,0x0,0x0,0x0,
0x50,0x0,0x0,0x0,0x1a,0x0,0x0,0x0,
0x83,0x0,0x0,0x0,0x0,0x0,0x0,0x0,
0x38,0x0,0x0,0x0,0x0,0x0,0x0,0x0,
0x38,0x0,0x0,0x0,0x0,0x0,0x2,0x0,
0xff,0xff,0xff,0xff,0xa,0x0,0x0,0x0,
0x6c,0x1,0x90,0x0,0x0,0x0,0x0,0x0,
0x0,0x0,0x7,0x0,0x0,0x0,0x0,0x0,
0x0,0x0,0x0,0x0,0x6d,0x1,0x0,0x0,
0x2,0x0,0x0,0x0,0x18,0x0,0x0,0x0,
0x6e,0x1,0x0,0x0,0x2,0x0,0x0,0x0,
0x2f,0x8f,0x0,0x0,0x0,0x18,0x7,0xad,
0x90,0x0,0x0,0x0,0x7,0x0,0x0,0x0,
0x0,0x0,0x0,0x0,0x0,0x0,0x0,0x0,
0xe,0x2,0x0,0x0,0x0,0x0,0x0,0x0,
0x58,0x0,0x0,0x0,0x14,0x0,0x0,0x0,
0x84,0x0,0x0,0x0,0x1,0x0,0x1,0x0,
0x38,0x0,0x0,0x0,0x0,0x0,0x0,0x0,
0x40,0x0,0x0,0x0,0x0,0x0,0x2,0x0,
0xff,0xff,0xff,0xff,0x9,0x0,0x0,0x0,
0x6f,0x1,0x90,0x0,0x0,0x0,0x0,0x0,
0x0,0x0,0x8,0x0,0x0,0x0,0x0,0x0,
0x85,0x0,0x0,0x0,0x0,0x0,0x0,0x0,
0x0,0x0,0x0,0x0,0x70,0x1,0x0,0x0,
0x2,0x0,0x0,0x0,0x12,0x0,0x0,0x0,
0x71,0x1,0x0,0x0,0x2,0x0,0x0,0x0,
0x2f,0x91,0x0,0x0,0x0,0x18,0x8,0x16,
0x6,0x43,0x92,0x0,0x0,0x0,0x8,0x0,
0x0,0x0,0xe,0x2,0x0,0x0,0x0,0x0,
0x50,0x0,0x0,0x0,0x1a,0x0,0x0,0x0,
0x86,0x0,0x0,0x0,0x0,0x0,0x0,0x0,
0x38,0x0,0x0,0x0,0x0,0x0,0x0,0x0,
0x38,0x0,0x0,0x0,0x0,0x0,0x2,0x0,
0xff,0xff,0xff,0xff,0xa,0x0,0x0,0x0,
0x72,0x1,0x90,0x0,0x0,0x0,0x0,0x0,
0x0,0x0,0x7,0x0,0x0,0x0,0x0,0x0,
0x0,0x0,0x0,0x0,0x73,0x1,0x0,0x0,
0x2,0x0,0x0,0x0,0x18,0x0,0x0,0x0,
0x74,0x1,0x0,0x0,0x2,0x0,0x0,0x0,
0x2f,0x93,0x0,0x0,0x0,0x18,0x7,0xad,
0x94,0x0,0x0,0x0,0x7,0x0,0x0,0x0,
0x0,0x0,0x0,0x0,0x0,0x0,0x0,0x0,
0xe,0x2,0x0,0x0,0x0,0x0,0x0,0x0,
0x5c,0x0,0x0,0x0,0x22,0x0,0x0,0x0,
0x87,0x0,0x0,0x0,0x0,0x0,0x0,0x0,
0x38,0x0,0x0,0x0,0x0,0x0,0x0,0x0,
0x38,0x0,0x0,0x0,0x0,0x0,0x3,0x0,
0xff,0xff,0xff,0xff,0xa,0x0,0x0,0x0,
0x75,0x1,0x90,0x0,0x0,0x0,0x0,0x0,
0x0,0x0,0x7,0x0,0x0,0x0,0x0,0x0,
0x0,0x0,0x0,0x0,0x76,0x1,0x0,0x0,
0x1,0x0,0x0,0x0,0xc,0x0,0x0,0x0,
0x79,0x1,0x0,0x0,0x4,0x0,0x0,0x0,
0x20,0x0,0x0,0x0,0x7a,0x1,0x0,0x0,
0x4,0x0,0x0,0x0,0x2f,0x95,0x0,0x0,
0x0,0x3d,0x96,0x0,0x0,0x0,0x50,0x0,
0x2f,0x97,0x0,0x0,0x0,0x18,0x9,0xb5,
0x98,0x0,0x0,0x0,0x1,0x0,0x0,0x0,
0x9,0x0,0x0,0x0,0xe,0x2,0x0,0x0,
0x0,0x0,0x0,0x0,0x0,0x0,0x0,0x0,
0x60,0x0,0x0,0x0,0x15,0x0,0x0,0x0,
0x88,0x0,0x0,0x0,0x2,0x0,0x2,0x0,
0x38,0x0,0x0,0x0,0x0,0x0,0x0,0x0,
0x48,0x0,0x0,0x0,0x0,0x0,0x2,0x0,
0xff,0xff,0xff,0xff,0xd,0x0,0x0,0x0,
0x7b,0x1,0x90,0x0,0x0,0x0,0x0,0x0,
0x0,0x0,0x9,0x0,0x0,0x0,0x0,0x0,
0x10,0x0,0x0,0x0,0x0,0x0,0x0,0x0,
0x89,0x0,0x0,0x0,0x0,0x0,0x0,0x0,
0x0,0x0,0x0,0x0,0x7c,0x1,0x0,0x0,
0x2,0x0,0x0,0x0,0x13,0x0,0x0,0x0,
0x7d,0x1,0x0,0x0,0x2,0x0,0x0,0x0,
0x1a,0x6,0xb,0x1a,0x7,0xc,0xb5,0x99,
0x0,0x0,0x0,0x2,0x0,0x0,0x0,0xb,
0x0,0x0,0x0,0xe,0x2,0x0,0x0,0x0,
0x44,0x0,0x0,0x0,0x8,0x0,0x0,0x0,
0x8d,0x0,0x0,0x0,0x0,0x0,0x0,0x0,
0x38,0x0,0x0,0x0,0x0,0x0,0x0,0x0,
0x38,0x0,0x0,0x0,0x0,0x0,0x1,0x0,
0xff,0xff,0xff,0xff,0x7,0x0,0x0,0x0,
0x8a,0x1,0x90,0x0,0x0,0x0,0x0,0x0,
0x0,0x0,0x7,0x0,0x0,0x0,0x0,0x0,
0x0,0x0,0x0,0x0,0x8a,0x1,0x0,0x0,
0x1,0x0,0x0,0x0,0x2f,0x9a,0x0,0x0,
0x0,0x18,0x6,0x2,0x0,0x0,0x0,0x0,
0x5c,0x0,0x0,0x0,0x9,0x0,0x0,0x0,
0x7f,0x0,0x0,0x0,0x0,0x0,0x0,0x0,
0x38,0x0,0x0,0x0,0x0,0x0,0x0,0x0,
0x38,0x0,0x0,0x0,0x0,0x0,0x3,0x0,
0x25,0x0,0x0,0x0,0x7,0x0,0x0,0x0,
0xa7,0x1,0x90,0x0,0x0,0x0,0x0,0x0,
0x0,0x0,0x7,0x0,0x0,0x0,0x8,0x0,
0x0,0x0,0x0,0x0,0xa7,0x1,0x0,0x0,
0x0,0x0,0x0,0x0,0x1,0x0,0x0,0x0,
0xa7,0x1,0x0,0x0,0x1,0x0,0x0,0x0,
0x5,0x0,0x0,0x0,0xa9,0x1,0x0,0x0,
0x1,0x0,0x0,0x0,0xca,0x28,0x25,0x18,
0x6,0xd4,0x16,0x6,0x2,0x0,0x0,0x0,
0x0,0x0,0x0,0x0,0x0,0x0,0x0,0x0,
0x50,0x0,0x0,0x0,0x16,0x0,0x0,0x0,
0x0,0x0,0x0,0x0,0x0,0x0,0x0,0x0,
0x38,0x0,0x0,0x0,0x0,0x0,0x0,0x0,
0x38,0x0,0x0,0x0,0x0,0x0,0x2,0x0,
0xff,0xff,0xff,0xff,0xa,0x0,0x0,0x0,
0xa7,0x1,0x50,0x1,0x0,0x0,0x0,0x0,
0x0,0x0,0x7,0x0,0x0,0x0,0x0,0x0,
0x0,0x0,0x0,0x0,0xa8,0x1,0x0,0x0,
0x2,0x0,0x0,0x0,0x14,0x0,0x0,0x0,
0xa9,0x1,0x0,0x0,0x2,0x0,0x0,0x0,
0x2f,0x9b,0x0,0x0,0x0,0x18,0x9,0xb5,
0x9c,0x0,0x0,0x0,0x1,0x0,0x0,0x0,
0x9,0x0,0x0,0x0,0xe,0x2,0x0,0x0,
0x50,0x0,0x0,0x0,0x1b,0x0,0x0,0x0,
0x7f,0x0,0x0,0x0,0x0,0x0,0x0,0x0,
0x38,0x0,0x0,0x0,0x0,0x0,0x0,0x0,
0x38,0x0,0x0,0x0,0x0,0x0,0x2,0x0,
0xff,0xff,0xff,0xff,0xa,0x0,0x0,0x0,
0xb0,0x1,0x90,0x0,0x0,0x0,0x0,0x0,
0x0,0x0,0x7,0x0,0x0,0x0,0x0,0x0,
0x0,0x0,0x0,0x0,0xb0,0x1,0x0,0x0,
0x0,0x0,0x0,0x0,0x1,0x0,0x0,0x0,
0xb0,0x1,0x0,0x0,0x1,0x0,0x0,0x0,
0xca,0x2f,0x9d,0x0,0x0,0x0,0x18,0x9,
0xb5,0x9e,0x0,0x0,0x0,0x1,0x0,0x0,
0x0,0x9,0x0,0x0,0x0,0x18,0x6,0xd4,
0x16,0x6,0x2,0x0,0x0,0x0,0x0,0x0,
0x50,0x0,0x0,0x0,0x20,0x0,0x0,0x0,
0x7f,0x0,0x0,0x0,0x0,0x0,0x0,0x0,
0x38,0x0,0x0,0x0,0x0,0x0,0x0,0x0,
0x38,0x0,0x0,0x0,0x0,0x0,0x2,0x0,
0xff,0xff,0xff,0xff,0xa,0x0,0x0,0x0,
0xb7,0x1,0x90,0x0,0x0,0x0,0x0,0x0,
0x0,0x0,0x7,0x0,0x0,0x0,0x0,0x0,
0x0,0x0,0x0,0x0,0xb7,0x1,0x0,0x0,
0x0,0x0,0x0,0x0,0x1,0x0,0x0,0x0,
0xb7,0x1,0x0,0x0,0x1,0x0,0x0,0x0,
0xca,0x2f,0x9f,0x0,0x0,0x0,0x3d,0xa0,
0x0,0x0,0x0,0x18,0x9,0xb5,0xa1,0x0,
0x0,0x0,0x1,0x0,0x0,0x0,0x9,0x0,
0x0,0x0,0x18,0x6,0xd4,0x16,0x6,0x2,
0x44,0x0,0x0,0x0,0xd,0x0,0x0,0x0,
0x99,0x0,0x0,0x0,0x0,0x0,0x0,0x0,
0x38,0x0,0x0,0x0,0x0,0x0,0x0,0x0,
0x38,0x0,0x0,0x0,0x0,0x0,0x1,0x0,
0xff,0xff,0xff,0xff,0x7,0x0,0x0,0x0,
0xbc,0x1,0x90,0x0,0x0,0x0,0x0,0x0,
0x0,0x0,0x7,0x0,0x0,0x0,0x0,0x0,
0x0,0x0,0x0,0x0,0xbc,0x1,0x0,0x0,
0x1,0x0,0x0,0x0,0x2f,0xa2,0x0,0x0,
0x0,0x3d,0xa3,0x0,0x0,0x0,0x18,0x6,
0x2,0x0,0x0,0x0,0x0,0x0,0x0,0x0,
0x44,0x0,0x0,0x0,0x8,0x0,0x0,0x0,
0x66,0x0,0x0,0x0,0x0,0x0,0x0,0x0,
0x38,0x0,0x0,0x0,0x0,0x0,0x0,0x0,
0x38,0x0,0x0,0x0,0x0,0x0,0x1,0x0,
0xff,0xff,0xff,0xff,0x7,0x0,0x0,0x0,
0xbd,0x1,0x90,0x0,0x0,0x0,0x0,0x0,
0x0,0x0,0x7,0x0,0x0,0x0,0x0,0x0,
0x0,0x0,0x0,0x0,0xbd,0x1,0x0,0x0,
0x1,0x0,0x0,0x0,0x2f,0xa4,0x0,0x0,
0x0,0x18,0x6,0x2,0x0,0x0,0x0,0x0,
0x44,0x0,0x0,0x0,0x8,0x0,0x0,0x0,
0xa6,0x0,0x0,0x0,0x0,0x0,0x0,0x0,
0x38,0x0,0x0,0x0,0x0,0x0,0x0,0x0,
0x38,0x0,0x0,0x0,0x0,0x0,0x1,0x0,
0xff,0xff,0xff,0xff,0x7,0x0,0x0,0x0,
0xe7,0x1,0x90,0x0,0x0,0x0,0x0,0x0,
0x0,0x0,0x7,0x0,0x0,0x0,0x0,0x0,
0x0,0x0,0x0,0x0,0xe7,0x1,0x0,0x0,
0x1,0x0,0x0,0x0,0x2f,0xa5,0x0,0x0,
0x0,0x18,0x6,0x2,0x0,0x0,0x0,0x0,
0x44,0x0,0x0,0x0,0x8,0x0,0x0,0x0,
0xa8,0x0,0x0,0x0,0x0,0x0,0x0,0x0,
0x38,0x0,0x0,0x0,0x0,0x0,0x0,0x0,
0x38,0x0,0x0,0x0,0x0,0x0,0x1,0x0,
0xff,0xff,0xff,0xff,0x7,0x0,0x0,0x0,
0xe8,0x1,0x90,0x0,0x0,0x0,0x0,0x0,
0x0,0x0,0x7,0x0,0x0,0x0,0x0,0x0,
0x0,0x0,0x0,0x0,0xe8,0x1,0x0,0x0,
0x1,0x0,0x0,0x0,0x2f,0xa6,0x0,0x0,
0x0,0x18,0x6,0x2,0x0,0x0,0x0,0x0,
0x44,0x0,0x0,0x0,0x8,0x0,0x0,0x0,
0xaa,0x0,0x0,0x0,0x0,0x0,0x0,0x0,
0x38,0x0,0x0,0x0,0x0,0x0,0x0,0x0,
0x38,0x0,0x0,0x0,0x0,0x0,0x1,0x0,
0xff,0xff,0xff,0xff,0x7,0x0,0x0,0x0,
0xe9,0x1,0x90,0x0,0x0,0x0,0x0,0x0,
0x0,0x0,0x7,0x0,0x0,0x0,0x0,0x0,
0x0,0x0,0x0,0x0,0xe9,0x1,0x0,0x0,
0x1,0x0,0x0,0x0,0x2f,0xa7,0x0,0x0,
0x0,0x18,0x6,0x2,0x0,0x0,0x0,0x0,
0x44,0x0,0x0,0x0,0x8,0x0,0x0,0x0,
0xac,0x0,0x0,0x0,0x0,0x0,0x0,0x0,
0x38,0x0,0x0,0x0,0x0,0x0,0x0,0x0,
0x38,0x0,0x0,0x0,0x0,0x0,0x1,0x0,
0xff,0xff,0xff,0xff,0x7,0x0,0x0,0x0,
0xea,0x1,0x90,0x0,0x0,0x0,0x0,0x0,
0x0,0x0,0x7,0x0,0x0,0x0,0x0,0x0,
0x0,0x0,0x0,0x0,0xea,0x1,0x0,0x0,
0x1,0x0,0x0,0x0,0x2f,0xa8,0x0,0x0,
0x0,0x18,0x6,0x2,0x0,0x0,0x0,0x0,
0x44,0x0,0x0,0x0,0x8,0x0,0x0,0x0,
0xae,0x0,0x0,0x0,0x0,0x0,0x0,0x0,
0x38,0x0,0x0,0x0,0x0,0x0,0x0,0x0,
0x38,0x0,0x0,0x0,0x0,0x0,0x1,0x0,
0xff,0xff,0xff,0xff,0x7,0x0,0x0,0x0,
0xeb,0x1,0x90,0x0,0x0,0x0,0x0,0x0,
0x0,0x0,0x7,0x0,0x0,0x0,0x0,0x0,
0x0,0x0,0x0,0x0,0xeb,0x1,0x0,0x0,
0x1,0x0,0x0,0x0,0x2f,0xa9,0x0,0x0,
0x0,0x18,0x6,0x2,0x0,0x0,0x0,0x0,
0x44,0x0,0x0,0x0,0xd,0x0,0x0,0x0,
0xaf,0x0,0x0,0x0,0x0,0x0,0x0,0x0,
0x38,0x0,0x0,0x0,0x0,0x0,0x0,0x0,
0x38,0x0,0x0,0x0,0x0,0x0,0x1,0x0,
0xff,0xff,0xff,0xff,0x7,0x0,0x0,0x0,
0xfd,0x1,0x90,0x0,0x0,0x0,0x0,0x0,
0x0,0x0,0x7,0x0,0x0,0x0,0x0,0x0,
0x0,0x0,0x0,0x0,0xfd,0x1,0x0,0x0,
0x1,0x0,0x0,0x0,0x2f,0xaa,0x0,0x0,
0x0,0x3d,0xab,0x0,0x0,0x0,0x18,0x6,
0x2,0x0,0x0,0x0,0x0,0x0,0x0,0x0,
0x44,0x0,0x0,0x0,0x8,0x0,0x0,0x0,
0xa6,0x0,0x0,0x0,0x0,0x0,0x0,0x0,
0x38,0x0,0x0,0x0,0x0,0x0,0x0,0x0,
0x38,0x0,0x0,0x0,0x0,0x0,0x1,0x0,
0xff,0xff,0xff,0xff,0x7,0x0,0x0,0x0,
0xf8,0x1,0x90,0x0,0x0,0x0,0x0,0x0,
0x0,0x0,0x7,0x0,0x0,0x0,0x0,0x0,
0x0,0x0,0x0,0x0,0xf8,0x1,0x0,0x0,
0x1,0x0,0x0,0x0,0x2f,0xac,0x0,0x0,
0x0,0x18,0x6,0x2,0x0,0x0,0x0,0x0,
0x44,0x0,0x0,0x0,0x16,0x0,0x0,0x0,
0xae,0x0,0x0,0x0,0x0,0x0,0x0,0x0,
0x38,0x0,0x0,0x0,0x0,0x0,0x0,0x0,
0x38,0x0,0x0,0x0,0x0,0x0,0x1,0x0,
0xff,0xff,0xff,0xff,0x8,0x0,0x0,0x0,
0xf9,0x1,0x90,0x0,0x0,0x0,0x0,0x0,
0x0,0x0,0x7,0x0,0x0,0x0,0x0,0x0,
0x0,0x0,0x0,0x0,0xf9,0x1,0x0,0x0,
0x1,0x0,0x0,0x0,0x2f,0xad,0x0,0x0,
0x0,0x3d,0xae,0x0,0x0,0x0,0x18,0x7,
0x2f,0xaf,0x0,0x0,0x0,0x80,0x7,0x18,
0x6,0x2,0x0,0x0,0x0,0x0,0x0,0x0,
0x44,0x0,0x0,0x0,0x16,0x0,0x0,0x0,
0xac,0x0,0x0,0x0,0x0,0x0,0x0,0x0,
0x38,0x0,0x0,0x0,0x0,0x0,0x0,0x0,
0x38,0x0,0x0,0x0,0x0,0x0,0x1,0x0,
0xff,0xff,0xff,0xff,0x8,0x0,0x0,0x0,
0xfa,0x1,0x90,0x0,0x0,0x0,0x0,0x0,
0x0,0x0,0x7,0x0,0x0,0x0,0x0,0x0,
0x0,0x0,0x0,0x0,0xfa,0x1,0x0,0x0,
0x1,0x0,0x0,0x0,0x2f,0xb0,0x0,0x0,
0x0,0x3d,0xb1,0x0,0x0,0x0,0x18,0x7,
0x2f,0xb2,0x0,0x0,0x0,0x80,0x7,0x18,
0x6,0x2,0x0,0x0,0x0,0x0,0x0,0x0,
0x44,0x0,0x0,0x0,0x8,0x0,0x0,0x0,
0xa8,0x0,0x0,0x0,0x0,0x0,0x0,0x0,
0x38,0x0,0x0,0x0,0x0,0x0,0x0,0x0,
0x38,0x0,0x0,0x0,0x0,0x0,0x1,0x0,
0xff,0xff,0xff,0xff,0x7,0x0,0x0,0x0,
0xfb,0x1,0x90,0x0,0x0,0x0,0x0,0x0,
0x0,0x0,0x7,0x0,0x0,0x0,0x0,0x0,
0x0,0x0,0x0,0x0,0xfb,0x1,0x0,0x0,
0x1,0x0,0x0,0x0,0x2f,0xb3,0x0,0x0,
0x0,0x18,0x6,0x2,0x0,0x0,0x0,0x0,
0x44,0x0,0x0,0x0,0x8,0x0,0x0,0x0,
0xaa,0x0,0x0,0x0,0x0,0x0,0x0,0x0,
0x38,0x0,0x0,0x0,0x0,0x0,0x0,0x0,
0x38,0x0,0x0,0x0,0x0,0x0,0x1,0x0,
0xff,0xff,0xff,0xff,0x7,0x0,0x0,0x0,
0xfc,0x1,0x90,0x0,0x0,0x0,0x0,0x0,
0x0,0x0,0x7,0x0,0x0,0x0,0x0,0x0,
0x0,0x0,0x0,0x0,0xfc,0x1,0x0,0x0,
0x1,0x0,0x0,0x0,0x2f,0xb4,0x0,0x0,
0x0,0x18,0x6,0x2,0x0,0x0,0x0,0x0,
0x44,0x0,0x0,0x0,0x8,0x0,0x0,0x0,
0xa6,0x0,0x0,0x0,0x0,0x0,0x0,0x0,
0x38,0x0,0x0,0x0,0x0,0x0,0x0,0x0,
0x38,0x0,0x0,0x0,0x0,0x0,0x1,0x0,
0xff,0xff,0xff,0xff,0x7,0x0,0x0,0x0,
0x4,0x2,0x90,0x0,0x0,0x0,0x0,0x0,
0x0,0x0,0x7,0x0,0x0,0x0,0x0,0x0,
0x0,0x0,0x0,0x0,0x4,0x2,0x0,0x0,
0x1,0x0,0x0,0x0,0x2f,0xb5,0x0,0x0,
0x0,0x18,0x6,0x2,0x0,0x0,0x0,0x0,
0x44,0x0,0x0,0x0,0x16,0x0,0x0,0x0,
0xac,0x0,0x0,0x0,0x0,0x0,0x0,0x0,
0x38,0x0,0x0,0x0,0x0,0x0,0x0,0x0,
0x38,0x0,0x0,0x0,0x0,0x0,0x1,0x0,
0xff,0xff,0xff,0xff,0x8,0x0,0x0,0x0,
0x5,0x2,0x90,0x0,0x0,0x0,0x0,0x0,
0x0,0x0,0x7,0x0,0x0,0x0,0x0,0x0,
0x0,0x0,0x0,0x0,0x5,0x2,0x0,0x0,
0x1,0x0,0x0,0x0,0x2f,0xb6,0x0,0x0,
0x0,0x3d,0xb7,0x0,0x0,0x0,0x18,0x7,
0x2f,0xb8,0x0,0x0,0x0,0x80,0x7,0x18,
0x6,0x2,0x0,0x0,0x0,0x0,0x0,0x0,
0x44,0x0,0x0,0x0,0x8,0x0,0x0,0x0,
0xa8,0x0,0x0,0x0,0x0,0x0,0x0,0x0,
0x38,0x0,0x0,0x0,0x0,0x0,0x0,0x0,
0x38,0x0,0x0,0x0,0x0,0x0,0x1,0x0,
0xff,0xff,0xff,0xff,0x7,0x0,0x0,0x0,
0x7,0x2,0x90,0x0,0x0,0x0,0x0,0x0,
0x0,0x0,0x7,0x0,0x0,0x0,0x0,0x0,
0x0,0x0,0x0,0x0,0x7,0x2,0x0,0x0,
0x1,0x0,0x0,0x0,0x2f,0xb9,0x0,0x0,
0x0,0x18,0x6,0x2,0x0,0x0,0x0,0x0,
0x44,0x0,0x0,0x0,0x8,0x0,0x0,0x0,
0xaa,0x0,0x0,0x0,0x0,0x0,0x0,0x0,
0x38,0x0,0x0,0x0,0x0,0x0,0x0,0x0,
0x38,0x0,0x0,0x0,0x0,0x0,0x1,0x0,
0xff,0xff,0xff,0xff,0x7,0x0,0x0,0x0,
0x8,0x2,0x90,0x0,0x0,0x0,0x0,0x0,
0x0,0x0,0x7,0x0,0x0,0x0,0x0,0x0,
0x0,0x0,0x0,0x0,0x8,0x2,0x0,0x0,
0x1,0x0,0x0,0x0,0x2f,0xba,0x0,0x0,
0x0,0x18,0x6,0x2,0x0,0x0,0x0,0x0,
0x44,0x0,0x0,0x0,0x8,0x0,0x0,0x0,
0xae,0x0,0x0,0x0,0x0,0x0,0x0,0x0,
0x38,0x0,0x0,0x0,0x0,0x0,0x0,0x0,
0x38,0x0,0x0,0x0,0x0,0x0,0x1,0x0,
0xff,0xff,0xff,0xff,0x7,0x0,0x0,0x0,
0x9,0x2,0x90,0x0,0x0,0x0,0x0,0x0,
0x0,0x0,0x7,0x0,0x0,0x0,0x0,0x0,
0x0,0x0,0x0,0x0,0x9,0x2,0x0,0x0,
0x1,0x0,0x0,0x0,0x2f,0xbb,0x0,0x0,
0x0,0x18,0x6,0x2,0x0,0x0,0x0,0x0,
0x44,0x0,0x0,0x0,0x8,0x0,0x0,0x0,
0x82,0x0,0x0,0x0,0x0,0x0,0x0,0x0,
0x38,0x0,0x0,0x0,0x0,0x0,0x0,0x0,
0x38,0x0,0x0,0x0,0x0,0x0,0x1,0x0,
0xff,0xff,0xff,0xff,0x7,0x0,0x0,0x0,
0x18,0x2,0x50,0x1,0x0,0x0,0x0,0x0,
0x0,0x0,0x7,0x0,0x0,0x0,0x0,0x0,
0x0,0x0,0x0,0x0,0x18,0x2,0x0,0x0,
0x1,0x0,0x0,0x0,0x2f,0xbc,0x0,0x0,
0x0,0x18,0x6,0x2,0x0,0x0,0x0,0x0,
0x5c,0x0,0x0,0x0,0x63,0x0,0x0,0x0,
0xb9,0x0,0x0,0x0,0x0,0x0,0x0,0x0,
0x38,0x0,0x0,0x0,0x0,0x0,0x0,0x0,
0x38,0x0,0x0,0x0,0x0,0x0,0x3,0x0,
0xff,0xff,0xff,0xff,0xf,0x0,0x0,0x0,
0x19,0x2,0x50,0x1,0x0,0x0,0x0,0x0,
0x0,0x0,0x7,0x0,0x0,0x0,0x0,0x0,
0x0,0x0,0x0,0x0,0x19,0x2,0x0,0x0,
0x0,0x0,0x0,0x0,0x1,0x0,0x0,0x0,
0x1a,0x2,0x0,0x0,0x2,0x0,0x0,0x0,
0x5f,0x0,0x0,0x0,0x1b,0x2,0x0,0x0,
0x2,0x0,0x0,0x0,0xca,0x2f,0xbd,0x0,
0x0,0x0,0x3d,0xbe,0x0,0x0,0x0,0x18,
0x7,0x2f,0xbf,0x0,0x0,0x0,0x18,0x8,
0x14,0x31,0xd,0x2f,0xc0,0x0,0x0,0x0,
0x3d,0xc1,0x0,0x0,0x0,0x18,0xe,0x4,
0x32,0x9c,0xe,0x80,0xd,0x18,0xb,0x2f,
0xc2,0x0,0x0,0x0,0x3d,0xc3,0x0,0x0,
0x0,0x18,0xd,0x11,0xc0,0x3,0x0,0x0,
0xa2,0xd,0x18,0xc,0xad,0xc4,0x0,0x0,
0x0,0x8,0x0,0x0,0x0,0x2,0x0,0x0,
0x0,0xb,0x0,0x0,0x0,0x18,0x8,0x43,
0xc5,0x0,0x0,0x0,0x7,0x0,0x0,0x0,
0x1a,0x8,0x6,0xd4,0x16,0x6,0x2,0x0,
0x0,0x0,0x0,0x0,0x0,0x0,0x0,0x0,
0x44,0x0,0x0,0x0,0xd,0x0,0x0,0x0,
0x3f,0x0,0x0,0x0,0x0,0x0,0x0,0x0,
0x38,0x0,0x0,0x0,0x0,0x0,0x0,0x0,
0x38,0x0,0x0,0x0,0x0,0x0,0x1,0x0,
0xff,0xff,0xff,0xff,0x7,0x0,0x0,0x0,
0x21,0x2,0x0,0x2,0x0,0x0,0x0,0x0,
0x0,0x0,0x7,0x0,0x0,0x0,0x0,0x0,
0x0,0x0,0x0,0x0,0x21,0x2,0x0,0x0,
0x1,0x0,0x0,0x0,0x2f,0xc6,0x0,0x0,
0x0,0x3d,0xc7,0x0,0x0,0x0,0x18,0x6,
0x2,0x0,0x0,0x0,0x0,0x0,0x0,0x0,
0x74,0x0,0x0,0x0,0x55,0x0,0x0,0x0,
0xc5,0x0,0x0,0x0,0x0,0x0,0x0,0x0,
0x38,0x0,0x0,0x0,0x0,0x0,0x0,0x0,
0x38,0x0,0x0,0x0,0x0,0x0,0x5,0x0,
0xff,0xff,0xff,0xff,0xa,0x0,0x0,0x0,
0x2b,0x2,0x10,0x2,0x0,0x0,0x0,0x0,
0x0,0x0,0x7,0x0,0x0,0x0,0x0,0x0,
0x0,0x0,0x0,0x0,0x2b,0x2,0x0,0x0,
0x0,0x0,0x0,0x0,0x1,0x0,0x0,0x0,
0x2d,0x2,0x0,0x0,0x3,0x0,0x0,0x0,
0x22,0x0,0x0,0x0,0x2f,0x2,0x0,0x0,
0x5,0x0,0x0,0x0,0x3a,0x0,0x0,0x0,
0x30,0x2,0x0,0x0,0x6,0x0,0x0,0x0,
0x51,0x0,0x0,0x0,0x3d,0x2,0x0,0x0,
0x6,0x0,0x0,0x0,0xca,0x2f,0xc8,0x0,
0x0,0x0,0x18,0x7,0x13,0x83,0x2,0x0,
0x0,0x18,0x8,0x13,0x78,0x2,0x0,0x0,
0x18,0x9,0xe8,0x2,0x8,0x43,0xc9,0x0,
0x0,0x0,0x7,0x0,0x0,0x0,0x2f,0xca,
0x0,0x0,0x0,0x18,0x7,0xad,0xcb,0x0,
0x0,0x0,0x7,0x0,0x0,0x0,0x0,0x0,
0x0,0x0,0x0,0x0,0x0,0x0,0x2f,0xcc,
0x0,0x0,0x0,0x18,0x7,0x28,0x3e,0x18,
0x8,0x43,0xe3,0x0,0x0,0x0,0x7,0x0,
0x0,0x0,0x1a,0x8,0x6,0xd4,0x16,0x6,
0x2,0x0,0x0,0x0,0x0,0x0,0x0,0x0,
0xa4,0x0,0x0,0x0,0xdf,0x0,0x0,0x0,
0x0,0x0,0x0,0x0,0x0,0x0,0x0,0x0,
0x38,0x0,0x0,0x0,0x0,0x0,0x0,0x0,
0x38,0x0,0x0,0x0,0x0,0x0,0x9,0x0,
0xff,0xff,0xff,0xff,0x11,0x0,0x0,0x0,
0x30,0x2,0xc0,0x3,0x0,0x0,0x0,0x0,
0x0,0x0,0x8,0x0,0x0,0x0,0x0,0x0,
0x0,0x0,0x0,0x0,0x31,0x2,0x0,0x0,
0x1,0x0,0x0,0x0,0x13,0x0,0x0,0x0,
0x32,0x2,0x0,0x0,0x4,0x0,0x0,0x0,
0x56,0x0,0x0,0x0,0x33,0x2,0x0,0x0,
0x5,0x0,0x0,0x0,0x69,0x0,0x0,0x0,
0x35,0x2,0x0,0x0,0x7,0x0,0x0,0x0,
0x77,0x0,0x0,0x0,0x36,0x2,0x0,0x0,
0x7,0x0,0x0,0x0,0xa3,0x0,0x0,0x0,
0x35,0x2,0x0,0x0,0x7,0x0,0x0,0x0,
0xb6,0x0,0x0,0x0,0x37,0x2,0x0,0x0,
0x9,0x0,0x0,0x0,0xc7,0x0,0x0,0x0,
0x39,0x2,0x0,0x0,0xb,0x0,0x0,0x0,
0xdd,0x0,0x0,0x0,0x3b,0x2,0x0,0x0,
0xb,0x0,0x0,0x0,0x2f,0xcd,0x0,0x0,
0x0,0x3d,0xce,0x0,0x0,0x0,0x3d,0xcf,
0x0,0x0,0x0,0x5c,0x0,0x50,0x43,0x2f,
0xd0,0x0,0x0,0x0,0x18,0x8,0x2f,0xd1,
0x0,0x0,0x0,0x18,0xc,0x2f,0xd2,0x0,
0x0,0x0,0x3d,0xd3,0x0,0x0,0x0,0x18,
0xf,0xad,0xd4,0x0,0x0,0x0,0xc,0x0,
0x0,0x0,0x1,0x0,0x0,0x0,0xf,0x0,
0x0,0x0,0x18,0xb,0xad,0xd5,0x0,0x0,
0x0,0x8,0x0,0x0,0x0,0x1,0x0,0x0,
0x0,0xb,0x0,0x0,0x0,0x4d,0x87,0x0,
0x0,0x0,0x2f,0xd6,0x0,0x0,0x0,0x3d,
0xd7,0x0,0x0,0x0,0x3d,0xd8,0x0,0x0,
0x0,0x5c,0x1,0x50,0x74,0x2f,0xd9,0x0,
0x0,0x0,0x18,0x8,0x2f,0xda,0x0,0x0,
0x0,0x18,0xb,0x2f,0xdb,0x0,0x0,0x0,
0x18,0xd,0x2f,0xdc,0x0,0x0,0x0,0x3d,
0xdd,0x0,0x0,0x0,0x18,0x10,0xad,0xde,
0x0,0x0,0x0,0xd,0x0,0x0,0x0,0x1,
0x0,0x0,0x0,0x10,0x0,0x0,0x0,0x18,
0xd,0xea,0x1,0x1,0xd,0x18,0xc,0xad,
0xdf,0x0,0x0,0x0,0x8,0x0,0x0,0x0,
0x2,0x0,0x0,0x0,0xb,0x0,0x0,0x0,
0x18,0x7,0xad,0xe0,0x0,0x0,0x0,0x7,
0x0,0x0,0x0,0x0,0x0,0x0,0x0,0x0,
0x0,0x0,0x0,0x16,0x7,0x3d,0xe1,0x0,
0x0,0x0,0x18,0xa,0xb5,0xe2,0x0,0x0,
0x0,0x1,0x0,0x0,0x0,0xa,0x0,0x0,
0x0,0xe,0x2,0x0,0x0,0x0,0x0,0x0,
0x0,0x0,0x0,0x0,0x0,0x0,0x0,0x0,
0x5c,0x0,0x0,0x0,0x1f,0x0,0x0,0x0,
0xc5,0x0,0x0,0x0,0x0,0x0,0x0,0x0,
0x38,0x0,0x0,0x0,0x0,0x0,0x0,0x0,
0x38,0x0,0x0,0x0,0x0,0x0,0x3,0x0,
0xff,0xff,0xff,0xff,0xa,0x0,0x0,0x0,
0x42,0x2,0x10,0x2,0x0,0x0,0x0,0x0,
0x0,0x0,0x7,0x0,0x0,0x0,0x0,0x0,
0x0,0x0,0x0,0x0,0x42,0x2,0x0,0x0,
0x0,0x0,0x0,0x0,0x1,0x0,0x0,0x0,
0x43,0x2,0x0,0x0,0x2,0x0,0x0,0x0,
0x1b,0x0,0x0,0x0,0x44,0x2,0x0,0x0,
0x2,0x0,0x0,0x0,0xca,0x2f,0xe4,0x0,
0x0,0x0,0x18,0x7,0xad,0xe5,0x0,0x0,
0x0,0x7,0x0,0x0,0x0,0x0,0x0,0x0,
0x0,0x0,0x0,0x0,0x0,0x18,0x6,0xd4,
0x16,0x6,0x2,0x0,0x0,0x0,0x0,0x0,
0x50,0x0,0x0,0x0,0x26,0x0,0x0,0x0,
0xc5,0x0,0x0,0x0,0x0,0x0,0x0,0x0,
0x38,0x0,0x0,0x0,0x0,0x0,0x0,0x0,
0x38,0x0,0x0,0x0,0x0,0x0,0x2,0x0,
0xff,0xff,0xff,0xff,0xb,0x0,0x0,0x0,
0x6e,0x2,0x50,0x2,0x0,0x0,0x0,0x0,
0x0,0x0,0x7,0x0,0x0,0x0,0x0,0x0,
0x0,0x0,0x0,0x0,0x6e,0x2,0x0,0x0,
0x0,0x0,0x0,0x0,0x1,0x0,0x0,0x0,
0x6e,0x2,0x0,0x0,0x1,0x0,0x0,0x0,
0xca,0x2f,0xe6,0x0,0x0,0x0,0x18,0x7,
0x13,0x8a,0x2,0x0,0x0,0x18,0xa,0xad,
0xe7,0x0,0x0,0x0,0x7,0x0,0x0,0x0,
0x1,0x0,0x0,0x0,0xa,0x0,0x0,0x0,
0x18,0x6,0xd4,0x16,0x6,0x2,0x0,0x0,
0x50,0x0,0x0,0x0,0x26,0x0,0x0,0x0,
0xc5,0x0,0x0,0x0,0x0,0x0,0x0,0x0,
0x38,0x0,0x0,0x0,0x0,0x0,0x0,0x0,
0x38,0x0,0x0,0x0,0x0,0x0,0x2,0x0,
0xff,0xff,0xff,0xff,0xb,0x0,0x0,0x0,
0x7b,0x2,0x50,0x2,0x0,0x0,0x0,0x0,
0x0,0x0,0x7,0x0,0x0,0x0,0x0,0x0,
0x0,0x0,0x0,0x0,0x7b,0x2,0x0,0x0,
0x0,0x0,0x0,0x0,0x1,0x0,0x0,0x0,
0x7b,0x2,0x0,0x0,0x1,0x0,0x0,0x0,
0xca,0x2f,0xe8,0x0,0x0,0x0,0x18,0x7,
0x13,0x8b,0x2,0x0,0x0,0x18,0xa,0xad,
0xe9,0x0,0x0,0x0,0x7,0x0,0x0,0x0,
0x1,0x0,0x0,0x0,0xa,0x0,0x0,0x0,
0x18,0x6,0xd4,0x16,0x6,0x2,0x0,0x0,
0x50,0x0,0x0,0x0,0x26,0x0,0x0,0x0,
0xc5,0x0,0x0,0x0,0x0,0x0,0x0,0x0,
0x38,0x0,0x0,0x0,0x0,0x0,0x0,0x0,
0x38,0x0,0x0,0x0,0x0,0x0,0x2,0x0,
0xff,0xff,0xff,0xff,0xb,0x0,0x0,0x0,
0x7f,0x2,0x50,0x2,0x0,0x0,0x0,0x0,
0x0,0x0,0x7,0x0,0x0,0x0,0x0,0x0,
0x0,0x0,0x0,0x0,0x7f,0x2,0x0,0x0,
0x0,0x0,0x0,0x0,0x1,0x0,0x0,0x0,
0x7f,0x2,0x0,0x0,0x1,0x0,0x0,0x0,
0xca,0x2f,0xea,0x0,0x0,0x0,0x18,0x7,
0x13,0x8c,0x2,0x0,0x0,0x18,0xa,0xad,
0xeb,0x0,0x0,0x0,0x7,0x0,0x0,0x0,
0x1,0x0,0x0,0x0,0xa,0x0,0x0,0x0,
0x18,0x6,0xd4,0x16,0x6,0x2,0x0,0x0,
0x50,0x0,0x0,0x0,0x26,0x0,0x0,0x0,
0xc5,0x0,0x0,0x0,0x0,0x0,0x0,0x0,
0x38,0x0,0x0,0x0,0x0,0x0,0x0,0x0,
0x38,0x0,0x0,0x0,0x0,0x0,0x2,0x0,
0xff,0xff,0xff,0xff,0xb,0x0,0x0,0x0,
0x8f,0x2,0x50,0x2,0x0,0x0,0x0,0x0,
0x0,0x0,0x7,0x0,0x0,0x0,0x0,0x0,
0x0,0x0,0x0,0x0,0x8f,0x2,0x0,0x0,
0x0,0x0,0x0,0x0,0x1,0x0,0x0,0x0,
0x8f,0x2,0x0,0x0,0x1,0x0,0x0,0x0,
0xca,0x2f,0xec,0x0,0x0,0x0,0x18,0x7,
0x13,0x86,0x1,0x0,0x0,0x18,0xa,0xad,
0xed,0x0,0x0,0x0,0x7,0x0,0x0,0x0,
0x1,0x0,0x0,0x0,0xa,0x0,0x0,0x0,
0x18,0x6,0xd4,0x16,0x6,0x2,0x0,0x0,
0x50,0x0,0x0,0x0,0x2c,0x0,0x0,0x0,
0xc5,0x0,0x0,0x0,0x0,0x0,0x0,0x0,
0x38,0x0,0x0,0x0,0x0,0x0,0x0,0x0,
0x38,0x0,0x0,0x0,0x0,0x0,0x2,0x0,
0xff,0xff,0xff,0xff,0xd,0x0,0x0,0x0,
0x95,0x2,0x50,0x2,0x0,0x0,0x0,0x0,
0x0,0x0,0x7,0x0,0x0,0x0,0x0,0x0,
0x0,0x0,0x0,0x0,0x95,0x2,0x0,0x0,
0x0,0x0,0x0,0x0,0x1,0x0,0x0,0x0,
0x95,0x2,0x0,0x0,0x1,0x0,0x0,0x0,
0xca,0x2f,0xee,0x0,0x0,0x0,0x18,0x7,
0x13,0x8f,0x2,0x0,0x0,0x18,0xa,0x14,
0x33,0xb,0x14,0x34,0xc,0xad,0xef,0x0,
0x0,0x0,0x7,0x0,0x0,0x0,0x3,0x0,
0x0,0x0,0xa,0x0,0x0,0x0,0x18,0x6,
0xd4,0x16,0x6,0x2,0x0,0x0,0x0,0x0,
0x44,0x0,0x0,0x0,0xd,0x0,0x0,0x0,
0xaf,0x0,0x0,0x0,0x0,0x0,0x0,0x0,
0x38,0x0,0x0,0x0,0x0,0x0,0x0,0x0,
0x38,0x0,0x0,0x0,0x0,0x0,0x1,0x0,
0xff,0xff,0xff,0xff,0x7,0x0,0x0,0x0,
0xbc,0x2,0x90,0x1,0x0,0x0,0x0,0x0,
0x0,0x0,0x7,0x0,0x0,0x0,0x0,0x0,
0x0,0x0,0x0,0x0,0xbc,0x2,0x0,0x0,
0x1,0x0,0x0,0x0,0x2f,0xf0,0x0,0x0,
0x0,0x3d,0xf1,0x0,0x0,0x0,0x18,0x6,
0x2,0x0,0x0,0x0,0x0,0x0,0x0,0x0,
0x44,0x0,0x0,0x0,0xd,0x0,0x0,0x0,
0xea,0x0,0x0,0x0,0x0,0x0,0x0,0x0,
0x38,0x0,0x0,0x0,0x0,0x0,0x0,0x0,
0x38,0x0,0x0,0x0,0x0,0x0,0x1,0x0,
0xff,0xff,0xff,0xff,0x7,0x0,0x0,0x0,
0xbb,0x2,0x90,0x1,0x0,0x0,0x0,0x0,
0x0,0x0,0x7,0x0,0x0,0x0,0x0,0x0,
0x0,0x0,0x0,0x0,0xbb,0x2,0x0,0x0,
0x1,0x0,0x0,0x0,0x2f,0xf2,0x0,0x0,
0x0,0x3d,0xf3,0x0,0x0,0x0,0x18,0x6,
0x2,0x0,0x0,0x0,0x0,0x0,0x0,0x0,
0x5c,0x0,0x0,0x0,0x1f,0x0,0x0,0x0,
0xf2,0x0,0x0,0x0,0x0,0x0,0x0,0x0,
0x38,0x0,0x0,0x0,0x0,0x0,0x0,0x0,
0x38,0x0,0x0,0x0,0x0,0x0,0x3,0x0,
0xff,0xff,0xff,0xff,0xa,0x0,0x0,0x0,
0xc9,0x2,0x90,0x1,0x0,0x0,0x0,0x0,
0x0,0x0,0x7,0x0,0x0,0x0,0x0,0x0,
0x0,0x0,0x0,0x0,0xc9,0x2,0x0,0x0,
0x0,0x0,0x0,0x0,0x1,0x0,0x0,0x0,
0xca,0x2,0x0,0x0,0x2,0x0,0x0,0x0,
0x1b,0x0,0x0,0x0,0xcb,0x2,0x0,0x0,
0x2,0x0,0x0,0x0,0xca,0x2f,0xf4,0x0,
0x0,0x0,0x18,0x7,0xad,0xf5,0x0,0x0,
0x0,0x7,0x0,0x0,0x0,0x0,0x0,0x0,
0x0,0x0,0x0,0x0,0x0,0x18,0x6,0xd4,
0x16,0x6,0x2,0x0,0x0,0x0,0x0,0x0,
0x44,0x0,0x0,0x0,0x13,0x0,0x0,0x0,
0xaf,0x0,0x0,0x0,0x0,0x0,0x0,0x0,
0x38,0x0,0x0,0x0,0x0,0x0,0x0,0x0,
0x38,0x0,0x0,0x0,0x0,0x0,0x1,0x0,
0xff,0xff,0xff,0xff,0x7,0x0,0x0,0x0,
0xc7,0x2,0x90,0x1,0x0,0x0,0x0,0x0,
0x0,0x0,0x7,0x0,0x0,0x0,0x0,0x0,
0x0,0x0,0x0,0x0,0xc7,0x2,0x0,0x0,
0x1,0x0,0x0,0x0,0x2f,0xf6,0x0,0x0,
0x0,0x50,0x4,0x12,0x20,0x4c,0x5,0x13,
0xef,0x0,0x0,0x0,0x18,0x6,0x2,0x0,
0x0,0x0,0x0,0x0,0x0,0x0,0x0,0x0,
0x5c,0x0,0x0,0x0,0x1f,0x0,0x0,0x0,
0xf2,0x0,0x0,0x0,0x0,0x0,0x0,0x0,
0x38,0x0,0x0,0x0,0x0,0x0,0x0,0x0,
0x38,0x0,0x0,0x0,0x0,0x0,0x3,0x0,
0xff,0xff,0xff,0xff,0xa,0x0,0x0,0x0,
0xd1,0x2,0x90,0x1,0x0,0x0,0x0,0x0,
0x0,0x0,0x7,0x0,0x0,0x0,0x0,0x0,
0x0,0x0,0x0,0x0,0xd1,0x2,0x0,0x0,
0x0,0x0,0x0,0x0,0x1,0x0,0x0,0x0,
0xd2,0x2,0x0,0x0,0x2,0x0,0x0,0x0,
0x1b,0x0,0x0,0x0,0xd3,0x2,0x0,0x0,
0x2,0x0,0x0,0x0,0xca,0x2f,0xf7,0x0,
0x0,0x0,0x18,0x7,0xad,0xf8,0x0,0x0,
0x0,0x7,0x0,0x0,0x0,0x0,0x0,0x0,
0x0,0x0,0x0,0x0,0x0,0x18,0x6,0xd4,
0x16,0x6,0x2,0x0,0x0,0x0,0x0,0x0,
0x44,0x0,0x0,0x0,0x13,0x0,0x0,0x0,
0xaf,0x0,0x0,0x0,0x0,0x0,0x0,0x0,
0x38,0x0,0x0,0x0,0x0,0x0,0x0,0x0,
0x38,0x0,0x0,0x0,0x0,0x0,0x1,0x0,
0xff,0xff,0xff,0xff,0x7,0x0,0x0,0x0,
0xcf,0x2,0x90,0x1,0x0,0x0,0x0,0x0,
0x0,0x0,0x7,0x0,0x0,0x0,0x0,0x0,
0x0,0x0,0x0,0x0,0xcf,0x2,0x0,0x0,
0x1,0x0,0x0,0x0,0x2f,0xf9,0x0,0x0,
0x0,0x50,0x4,0x12,0x20,0x4c,0x5,0x13,
0xef,0x0,0x0,0x0,0x18,0x6,0x2,0x0,
0x0,0x0,0x0,0x0,0x0,0x0,0x0,0x0,
0x44,0x0,0x0,0x0,0xd,0x0,0x0,0x0,
0xaf,0x0,0x0,0x0,0x0,0x0,0x0,0x0,
0x38,0x0,0x0,0x0,0x0,0x0,0x0,0x0,
0x38,0x0,0x0,0x0,0x0,0x0,0x1,0x0,
0xff,0xff,0xff,0xff,0x7,0x0,0x0,0x0,
0xd9,0x2,0x90,0x1,0x0,0x0,0x0,0x0,
0x0,0x0,0x7,0x0,0x0,0x0,0x0,0x0,
0x0,0x0,0x0,0x0,0xd9,0x2,0x0,0x0,
0x1,0x0,0x0,0x0,0x2f,0xfa,0x0,0x0,
0x0,0x3d,0xfb,0x0,0x0,0x0,0x18,0x6,
0x2,0x0,0x0,0x0,0x0,0x0,0x0,0x0,
0x44,0x0,0x0,0x0,0xd,0x0,0x0,0x0,
0xea,0x0,0x0,0x0,0x0,0x0,0x0,0x0,
0x38,0x0,0x0,0x0,0x0,0x0,0x0,0x0,
0x38,0x0,0x0,0x0,0x0,0x0,0x1,0x0,
0xff,0xff,0xff,0xff,0x7,0x0,0x0,0x0,
0xd8,0x2,0x90,0x1,0x0,0x0,0x0,0x0,
0x0,0x0,0x7,0x0,0x0,0x0,0x0,0x0,
0x0,0x0,0x0,0x0,0xd8,0x2,0x0,0x0,
0x1,0x0,0x0,0x0,0x2f,0xfc,0x0,0x0,
0x0,0x3d,0xfd,0x0,0x0,0x0,0x18,0x6,
0x2,0x0,0x0,0x0,0x0,0x0,0x0,0x0,
0x44,0x0,0x0,0x0,0xd,0x0,0x0,0x0,
0xea,0x0,0x0,0x0,0x0,0x0,0x0,0x0,
0x38,0x0,0x0,0x0,0x0,0x0,0x0,0x0,
0x38,0x0,0x0,0x0,0x0,0x0,0x1,0x0,
0xff,0xff,0xff,0xff,0x7,0x0,0x0,0x0,
0xe3,0x2,0x90,0x1,0x0,0x0,0x0,0x0,
0x0,0x0,0x7,0x0,0x0,0x0,0x0,0x0,
0x0,0x0,0x0,0x0,0xe3,0x2,0x0,0x0,
0x1,0x0,0x0,0x0,0x2f,0xfe,0x0,0x0,
0x0,0x3d,0xff,0x0,0x0,0x0,0x18,0x6,
0x2,0x0,0x0,0x0,0x0,0x0,0x0,0x0,
0x44,0x0,0x0,0x0,0xd,0x0,0x0,0x0,
0xf7,0x0,0x0,0x0,0x0,0x0,0x0,0x0,
0x38,0x0,0x0,0x0,0x0,0x0,0x0,0x0,
0x38,0x0,0x0,0x0,0x0,0x0,0x1,0x0,
0xff,0xff,0xff,0xff,0x7,0x0,0x0,0x0,
0xe5,0x2,0x90,0x1,0x0,0x0,0x0,0x0,
0x0,0x0,0x7,0x0,0x0,0x0,0x0,0x0,
0x0,0x0,0x0,0x0,0xe5,0x2,0x0,0x0,
0x1,0x0,0x0,0x0,0x2f,0x0,0x1,0x0,
0x0,0x3d,0x1,0x1,0x0,0x0,0x18,0x6,
0x2,0x0,0x0,0x0,0x0,0x0,0x0,0x0,
0x44,0x0,0x0,0x0,0xd,0x0,0x0,0x0,
0xaf,0x0,0x0,0x0,0x0,0x0,0x0,0x0,
0x38,0x0,0x0,0x0,0x0,0x0,0x0,0x0,
0x38,0x0,0x0,0x0,0x0,0x0,0x1,0x0,
0xff,0xff,0xff,0xff,0x7,0x0,0x0,0x0,
0xa,0x3,0x50,0x1,0x0,0x0,0x0,0x0,
0x0,0x0,0x7,0x0,0x0,0x0,0x0,0x0,
0x0,0x0,0x0,0x0,0xa,0x3,0x0,0x0,
0x1,0x0,0x0,0x0,0x2f,0x2,0x1,0x0,
0x0,0x3d,0x3,0x1,0x0,0x0,0x18,0x6,
0x2,0x0,0x0,0x0,0x0,0x0,0x0,0x0,
0x44,0x0,0x0,0x0,0xd,0x0,0x0,0x0,
0x8,0x1,0x0,0x0,0x0,0x0,0x0,0x0,
0x38,0x0,0x0,0x0,0x0,0x0,0x0,0x0,
0x38,0x0,0x0,0x0,0x0,0x0,0x1,0x0,
0xff,0xff,0xff,0xff,0x7,0x0,0x0,0x0,
0x14,0x3,0x90,0x1,0x0,0x0,0x0,0x0,
0x0,0x0,0x7,0x0,0x0,0x0,0x0,0x0,
0x0,0x0,0x0,0x0,0x14,0x3,0x0,0x0,
0x1,0x0,0x0,0x0,0x2f,0x4,0x1,0x0,
0x0,0x3d,0x5,0x1,0x0,0x0,0x18,0x6,
0x2,0x0,0x0,0x0,0x0,0x0,0x0,0x0,
0x44,0x0,0x0,0x0,0x2b,0x0,0x0,0x0,
0xa,0x1,0x0,0x0,0x0,0x0,0x0,0x0,
0x38,0x0,0x0,0x0,0x0,0x0,0x0,0x0,
0x38,0x0,0x0,0x0,0x0,0x0,0x1,0x0,
0xff,0xff,0xff,0xff,0xd,0x0,0x0,0x0,
0x15,0x3,0x90,0x1,0x0,0x0,0x0,0x0,
0x0,0x0,0x7,0x0,0x0,0x0,0x0,0x0,
0x0,0x0,0x0,0x0,0x15,0x3,0x0,0x0,
0x1,0x0,0x0,0x0,0x2f,0x6,0x1,0x0,
0x0,0x18,0x7,0x2f,0x7,0x1,0x0,0x0,
0x18,0xc,0x4,0x35,0x9c,0xc,0x18,0xa,
0x14,0x36,0xb,0xad,0x8,0x1,0x0,0x0,
0x7,0x0,0x0,0x0,0x2,0x0,0x0,0x0,
0xa,0x0,0x0,0x0,0x18,0x6,0x2,0x0,
0x0,0x0,0x0,0x0,0x0,0x0,0x0,0x0,
0x50,0x0,0x0,0x0,0x1f,0x0,0x0,0x0,
0x15,0x1,0x0,0x0,0x0,0x0,0x0,0x0,
0x38,0x0,0x0,0x0,0x0,0x0,0x0,0x0,
0x38,0x0,0x0,0x0,0x0,0x0,0x2,0x0,
0xff,0xff,0xff,0xff,0xa,0x0,0x0,0x0,
0x1f,0x3,0x90,0x1,0x0,0x0,0x0,0x0,
0x0,0x0,0x7,0x0,0x0,0x0,0x0,0x0,
0x0,0x0,0x0,0x0,0x1f,0x3,0x0,0x0,
0x0,0x0,0x0,0x0,0x1,0x0,0x0,0x0,
0x1f,0x3,0x0,0x0,0x1,0x0,0x0,0x0,
0xca,0x2f,0x9,0x1,0x0,0x0,0x18,0x7,
0xad,0xa,0x1,0x0,0x0,0x7,0x0,0x0,
0x0,0x0,0x0,0x0,0x0,0x0,0x0,0x0,
0x0,0x18,0x6,0xd4,0x16,0x6,0x2,0x0,
0x44,0x0,0x0,0x0,0x8,0x0,0x0,0x0,
0xa6,0x0,0x0,0x0,0x0,0x0,0x0,0x0,
0x38,0x0,0x0,0x0,0x0,0x0,0x0,0x0,
0x38,0x0,0x0,0x0,0x0,0x0,0x1,0x0,
0xff,0xff,0xff,0xff,0x7,0x0,0x0,0x0,
0x13,0x3,0x90,0x1,0x0,0x0,0x0,0x0,
0x0,0x0,0x7,0x0,0x0,0x0,0x0,0x0,
0x0,0x0,0x0,0x0,0x13,0x3,0x0,0x0,
0x1,0x0,0x0,0x0,0x2f,0xb,0x1,0x0,
0x0,0x18,0x6,0x2,0x0,0x0,0x0,0x0,
0x44,0x0,0x0,0x0,0x30,0x0,0x0,0x0,
0xf,0x1,0x0,0x0,0x0,0x0,0x0,0x0,
0x38,0x0,0x0,0x0,0x0,0x0,0x0,0x0,
0x38,0x0,0x0,0x0,0x0,0x0,0x1,0x0,
0xff,0xff,0xff,0xff,0xd,0x0,0x0,0x0,
0x18,0x3,0x80,0x2,0x0,0x0,0x0,0x0,
0x0,0x0,0x7,0x0,0x0,0x0,0x0,0x0,
0x0,0x0,0x0,0x0,0x18,0x3,0x0,0x0,
0x1,0x0,0x0,0x0,0x2f,0xc,0x1,0x0,
0x0,0x18,0x7,0x2f,0xd,0x1,0x0,0x0,
0x3d,0xe,0x1,0x0,0x0,0x18,0xc,0x4,
0x37,0x9c,0xc,0x18,0xa,0x14,0x38,0xb,
0xad,0xf,0x1,0x0,0x0,0x7,0x0,0x0,
0x0,0x2,0x0,0x0,0x0,0xa,0x0,0x0,
0x0,0x18,0x6,0x2,0x0,0x0,0x0,0x0,
0x68,0x0,0x0,0x0,0x36,0x0,0x0,0x0,
0x13,0x1,0x0,0x0,0x0,0x0,0x0,0x0,
0x38,0x0,0x0,0x0,0x0,0x0,0x0,0x0,
0x38,0x0,0x0,0x0,0x0,0x0,0x4,0x0,
0xff,0xff,0xff,0xff,0xc,0x0,0x0,0x0,
0x1a,0x3,0xd0,0x1,0x0,0x0,0x0,0x0,
0x0,0x0,0x7,0x0,0x0,0x0,0x0,0x0,
0x0,0x0,0x0,0x0,0x1a,0x3,0x0,0x0,
0x0,0x0,0x0,0x0,0x1,0x0,0x0,0x0,
0x1b,0x3,0x0,0x0,0x2,0x0,0x0,0x0,
0x8,0x0,0x0,0x0,0x1c,0x3,0x0,0x0,
0x2,0x0,0x0,0x0,0x32,0x0,0x0,0x0,
0x1d,0x3,0x0,0x0,0x2,0x0,0x0,0x0,
0xca,0x2f,0x10,0x1,0x0,0x0,0x18,0x7,
0x2f,0x11,0x1,0x0,0x0,0x18,0x8,0x28,
0x56,0x18,0xb,0xad,0x16,0x1,0x0,0x0,
0x8,0x0,0x0,0x0,0x1,0x0,0x0,0x0,
0xb,0x0,0x0,0x0,0x18,0x8,0x43,0x17,
0x1,0x0,0x0,0x7,0x0,0x0,0x0,0x1a,
0x8,0x6,0xd4,0x16,0x6,0x2,0x0,0x0,
0x0,0x0,0x0,0x0,0x0,0x0,0x0,0x0,
0x44,0x0,0x0,0x0,0x2e,0x0,0x0,0x0,
0x0,0x0,0x0,0x0,0x0,0x0,0x0,0x0,
0x38,0x0,0x0,0x0,0x0,0x0,0x0,0x0,
0x38,0x0,0x0,0x0,0x0,0x0,0x1,0x0,
0xff,0xff,0xff,0xff,0xd,0x0,0x0,0x0,
0x1c,0x3,0x40,0x3,0x0,0x0,0x0,0x0,
0x0,0x0,0x7,0x0,0x0,0x0,0x0,0x0,
0x0,0x0,0x0,0x0,0x1c,0x3,0x0,0x0,
0x1,0x0,0x0,0x0,0x2f,0x12,0x1,0x0,
0x0,0x18,0x7,0x2f,0x13,0x1,0x0,0x0,
0x3d,0x14,0x1,0x0,0x0,0x18,0xc,0x4,
0x37,0x9c,0xc,0x18,0xa,0x14,0x38,0xb,
0xad,0x15,0x1,0x0,0x0,0x7,0x0,0x0,
0x0,0x2,0x0,0x0,0x0,0xa,0x0,0x0,
0x0,0x2,0x0,0x0,0x0,0x0,0x0,0x0,
0x44,0x0,0x0,0x0,0xd,0x0,0x0,0x0,
0x11,0x1,0x0,0x0,0x0,0x0,0x0,0x0,
0x38,0x0,0x0,0x0,0x0,0x0,0x0,0x0,
0x38,0x0,0x0,0x0,0x0,0x0,0x1,0x0,
0xff,0xff,0xff,0xff,0x7,0x0,0x0,0x0,
0x19,0x3,0xc0,0x2,0x0,0x0,0x0,0x0,
0x0,0x0,0x7,0x0,0x0,0x0,0x0,0x0,
0x0,0x0,0x0,0x0,0x19,0x3,0x0,0x0,
0x1,0x0,0x0,0x0,0x2f,0x18,0x1,0x0,
0x0,0x3d,0x19,0x1,0x0,0x0,0x18,0x6,
0x2,0x0,0x0,0x0,0x0,0x0,0x0,0x0,
0x44,0x0,0x0,0x0,0xd,0x0,0x0,0x0,
0x16,0x1,0x0,0x0,0x0,0x0,0x0,0x0,
0x38,0x0,0x0,0x0,0x0,0x0,0x0,0x0,
0x38,0x0,0x0,0x0,0x0,0x0,0x1,0x0,
0xff,0xff,0xff,0xff,0x7,0x0,0x0,0x0,
0x21,0x3,0xd0,0x1,0x0,0x0,0x0,0x0,
0x0,0x0,0x7,0x0,0x0,0x0,0x0,0x0,
0x0,0x0,0x0,0x0,0x21,0x3,0x0,0x0,
0x1,0x0,0x0,0x0,0x2f,0x1a,0x1,0x0,
0x0,0x3d,0x1b,0x1,0x0,0x0,0x18,0x6,
0x2,0x0,0x0,0x0,0x0,0x0,0x0,0x0,
0x44,0x0,0x0,0x0,0xd,0x0,0x0,0x0,
0x18,0x1,0x0,0x0,0x0,0x0,0x0,0x0,
0x38,0x0,0x0,0x0,0x0,0x0,0x0,0x0,
0x38,0x0,0x0,0x0,0x0,0x0,0x1,0x0,
0xff,0xff,0xff,0xff,0x7,0x0,0x0,0x0,
0x22,0x3,0xd0,0x1,0x0,0x0,0x0,0x0,
0x0,0x0,0x7,0x0,0x0,0x0,0x0,0x0,
0x0,0x0,0x0,0x0,0x22,0x3,0x0,0x0,
0x1,0x0,0x0,0x0,0x2f,0x1c,0x1,0x0,
0x0,0x3d,0x1d,0x1,0x0,0x0,0x18,0x6,
0x2,0x0,0x0,0x0,0x0,0x0,0x0,0x0,
0x44,0x0,0x0,0x0,0xd,0x0,0x0,0x0,
0xea,0x0,0x0,0x0,0x0,0x0,0x0,0x0,
0x38,0x0,0x0,0x0,0x0,0x0,0x0,0x0,
0x38,0x0,0x0,0x0,0x0,0x0,0x1,0x0,
0xff,0xff,0xff,0xff,0x7,0x0,0x0,0x0,
0x28,0x3,0x10,0x2,0x0,0x0,0x0,0x0,
0x0,0x0,0x7,0x0,0x0,0x0,0x0,0x0,
0x0,0x0,0x0,0x0,0x28,0x3,0x0,0x0,
0x1,0x0,0x0,0x0,0x2f,0x1e,0x1,0x0,
0x0,0x3d,0x1f,0x1,0x0,0x0,0x18,0x6,
0x2,0x0,0x0,0x0,0x0,0x0,0x0,0x0,
0x44,0x0,0x0,0x0,0x1b,0x0,0x0,0x0,
0x23,0x1,0x0,0x0,0x0,0x0,0x0,0x0,
0x38,0x0,0x0,0x0,0x0,0x0,0x0,0x0,
0x38,0x0,0x0,0x0,0x0,0x0,0x1,0x0,
0xff,0xff,0xff,0xff,0xa,0x0,0x0,0x0,
0x2e,0x3,0x10,0x2,0x0,0x0,0x0,0x0,
0x0,0x0,0x7,0x0,0x0,0x0,0x0,0x0,
0x0,0x0,0x0,0x0,0x2e,0x3,0x0,0x0,
0x1,0x0,0x0,0x0,0x13,0x99,0x2,0x0,
0x0,0x18,0x7,0x13,0x9a,0x2,0x0,0x0,
0x18,0x8,0x13,0x9b,0x2,0x0,0x0,0x18,
0x9,0xe8,0x3,0x7,0x18,0x6,0x2,0x0,
0x0,0x0,0x0,0x0,0x0,0x0,0x0,0x0,
0x44,0x0,0x0,0x0,0xd,0x0,0x0,0x0,
0xea,0x0,0x0,0x0,0x0,0x0,0x0,0x0,
0x38,0x0,0x0,0x0,0x0,0x0,0x0,0x0,
0x38,0x0,0x0,0x0,0x0,0x0,0x1,0x0,
0xff,0xff,0xff,0xff,0x7,0x0,0x0,0x0,
0x2d,0x3,0x10,0x2,0x0,0x0,0x0,0x0,
0x0,0x0,0x7,0x0,0x0,0x0,0x0,0x0,
0x0,0x0,0x0,0x0,0x2d,0x3,0x0,0x0,
0x1,0x0,0x0,0x0,0x2f,0x20,0x1,0x0,
0x0,0x3d,0x21,0x1,0x0,0x0,0x18,0x6,
0x2,0x0,0x0,0x0,0x0,0x0,0x0,0x0,
0x44,0x0,0x0,0x0,0xd,0x0,0x0,0x0,
0xea,0x0,0x0,0x0,0x0,0x0,0x0,0x0,
0x38,0x0,0x0,0x0,0x0,0x0,0x0,0x0,
0x38,0x0,0x0,0x0,0x0,0x0,0x1,0x0,
0xff,0xff,0xff,0xff,0x7,0x0,0x0,0x0,
0x33,0x3,0x10,0x2,0x0,0x0,0x0,0x0,
0x0,0x0,0x7,0x0,0x0,0x0,0x0,0x0,
0x0,0x0,0x0,0x0,0x33,0x3,0x0,0x0,
0x1,0x0,0x0,0x0,0x2f,0x22,0x1,0x0,
0x0,0x3d,0x23,0x1,0x0,0x0,0x18,0x6,
0x2,0x0,0x0,0x0,0x0,0x0,0x0,0x0,
0x44,0x0,0x0,0x0,0xd,0x0,0x0,0x0,
0x28,0x1,0x0,0x0,0x0,0x0,0x0,0x0,
0x38,0x0,0x0,0x0,0x0,0x0,0x0,0x0,
0x38,0x0,0x0,0x0,0x0,0x0,0x1,0x0,
0xff,0xff,0xff,0xff,0x7,0x0,0x0,0x0,
0x39,0x3,0x10,0x2,0x0,0x0,0x0,0x0,
0x0,0x0,0x7,0x0,0x0,0x0,0x0,0x0,
0x0,0x0,0x0,0x0,0x39,0x3,0x0,0x0,
0x1,0x0,0x0,0x0,0x2f,0x24,0x1,0x0,
0x0,0x3d,0x25,0x1,0x0,0x0,0x18,0x6,
0x2,0x0,0x0,0x0,0x0,0x0,0x0,0x0,
0x44,0x0,0x0,0x0,0xd,0x0,0x0,0x0,
0xaf,0x0,0x0,0x0,0x0,0x0,0x0,0x0,
0x38,0x0,0x0,0x0,0x0,0x0,0x0,0x0,
0x38,0x0,0x0,0x0,0x0,0x0,0x1,0x0,
0xff,0xff,0xff,0xff,0x7,0x0,0x0,0x0,
0x3a,0x3,0x10,0x2,0x0,0x0,0x0,0x0,
0x0,0x0,0x7,0x0,0x0,0x0,0x0,0x0,
0x0,0x0,0x0,0x0,0x3a,0x3,0x0,0x0,
0x1,0x0,0x0,0x0,0x2f,0x26,0x1,0x0,
0x0,0x3d,0x27,0x1,0x0,0x0,0x18,0x6,
0x2,0x0,0x0,0x0,0x0,0x0,0x0,0x0,
0x44,0x0,0x0,0x0,0xd,0x0,0x0,0x0,
0xea,0x0,0x0,0x0,0x0,0x0,0x0,0x0,
0x38,0x0,0x0,0x0,0x0,0x0,0x0,0x0,
0x38,0x0,0x0,0x0,0x0,0x0,0x1,0x0,
0xff,0xff,0xff,0xff,0x7,0x0,0x0,0x0,
0x36,0x3,0x10,0x2,0x0,0x0,0x0,0x0,
0x0,0x0,0x7,0x0,0x0,0x0,0x0,0x0,
0x0,0x0,0x0,0x0,0x36,0x3,0x0,0x0,
0x1,0x0,0x0,0x0,0x2f,0x28,0x1,0x0,
0x0,0x3d,0x29,0x1,0x0,0x0,0x18,0x6,
0x2,0x0,0x0,0x0,0x0,0x0,0x0,0x0,
0x44,0x0,0x0,0x0,0x12,0x0,0x0,0x0,
0xa8,0x0,0x0,0x0,0x0,0x0,0x0,0x0,
0x38,0x0,0x0,0x0,0x0,0x0,0x0,0x0,
0x38,0x0,0x0,0x0,0x0,0x0,0x1,0x0,
0xff,0xff,0xff,0xff,0x8,0x0,0x0,0x0,
0x3f,0x3,0x10,0x2,0x0,0x0,0x0,0x0,
0x0,0x0,0x7,0x0,0x0,0x0,0x0,0x0,
0x0,0x0,0x0,0x0,0x3f,0x3,0x0,0x0,
0x1,0x0,0x0,0x0,0x14,0x39,0x7,0x2f,
0x2a,0x1,0x0,0x0,0x3d,0x2b,0x1,0x0,
0x0,0xa2,0x7,0x18,0x6,0x2,0x0,0x0,
0x0,0x0,0x0,0x0,0x0,0x0,0x0,0x0,
0x44,0x0,0x0,0x0,0xd,0x0,0x0,0x0,
0x2d,0x1,0x0,0x0,0x0,0x0,0x0,0x0,
0x38,0x0,0x0,0x0,0x0,0x0,0x0,0x0,
0x38,0x0,0x0,0x0,0x0,0x0,0x1,0x0,
0xff,0xff,0xff,0xff,0x7,0x0,0x0,0x0,
0x43,0x3,0x50,0x2,0x0,0x0,0x0,0x0,
0x0,0x0,0x7,0x0,0x0,0x0,0x0,0x0,
0x0,0x0,0x0,0x0,0x43,0x3,0x0,0x0,
0x1,0x0,0x0,0x0,0x2f,0x2c,0x1,0x0,
0x0,0x3d,0x2d,0x1,0x0,0x0,0x18,0x6,
0x2,0x0,0x0,0x0,0x0,0x0,0x0,0x0,
0x44,0x0,0x0,0x0,0xd,0x0,0x0,0x0,
0x2d,0x1,0x0,0x0,0x0,0x0,0x0,0x0,
0x38,0x0,0x0,0x0,0x0,0x0,0x0,0x0,
0x38,0x0,0x0,0x0,0x0,0x0,0x1,0x0,
0xff,0xff,0xff,0xff,0x7,0x0,0x0,0x0,
0x4f,0x3,0x50,0x2,0x0,0x0,0x0,0x0,
0x0,0x0,0x7,0x0,0x0,0x0,0x0,0x0,
0x0,0x0,0x0,0x0,0x4f,0x3,0x0,0x0,
0x1,0x0,0x0,0x0,0x2f,0x2e,0x1,0x0,
0x0,0x3d,0x2f,0x1,0x0,0x0,0x18,0x6,
0x2,0x0,0x0,0x0,0x0,0x0,0x0,0x0,
0x44,0x0,0x0,0x0,0xd,0x0,0x0,0x0,
0xea,0x0,0x0,0x0,0x0,0x0,0x0,0x0,
0x38,0x0,0x0,0x0,0x0,0x0,0x0,0x0,
0x38,0x0,0x0,0x0,0x0,0x0,0x1,0x0,
0xff,0xff,0xff,0xff,0x7,0x0,0x0,0x0,
0x5c,0x3,0x10,0x2,0x0,0x0,0x0,0x0,
0x0,0x0,0x7,0x0,0x0,0x0,0x0,0x0,
0x0,0x0,0x0,0x0,0x5c,0x3,0x0,0x0,
0x1,0x0,0x0,0x0,0x2f,0x30,0x1,0x0,
0x0,0x3d,0x31,0x1,0x0,0x0,0x18,0x6,
0x2,0x0,0x0,0x0,0x0,0x0,0x0,0x0,
0x44,0x0,0x0,0x0,0xd,0x0,0x0,0x0,
0xea,0x0,0x0,0x0,0x0,0x0,0x0,0x0,
0x38,0x0,0x0,0x0,0x0,0x0,0x0,0x0,
0x38,0x0,0x0,0x0,0x0,0x0,0x1,0x0,
0xff,0xff,0xff,0xff,0x7,0x0,0x0,0x0,
0x62,0x3,0x10,0x2,0x0,0x0,0x0,0x0,
0x0,0x0,0x7,0x0,0x0,0x0,0x0,0x0,
0x0,0x0,0x0,0x0,0x62,0x3,0x0,0x0,
0x1,0x0,0x0,0x0,0x2f,0x32,0x1,0x0,
0x0,0x3d,0x33,0x1,0x0,0x0,0x18,0x6,
0x2,0x0,0x0,0x0,0x0,0x0,0x0,0x0,
0x44,0x0,0x0,0x0,0xd,0x0,0x0,0x0,
0xea,0x0,0x0,0x0,0x0,0x0,0x0,0x0,
0x38,0x0,0x0,0x0,0x0,0x0,0x0,0x0,
0x38,0x0,0x0,0x0,0x0,0x0,0x1,0x0,
0xff,0xff,0xff,0xff,0x7,0x0,0x0,0x0,
0x68,0x3,0x10,0x2,0x0,0x0,0x0,0x0,
0x0,0x0,0x7,0x0,0x0,0x0,0x0,0x0,
0x0,0x0,0x0,0x0,0x68,0x3,0x0,0x0,
0x1,0x0,0x0,0x0,0x2f,0x34,0x1,0x0,
0x0,0x3d,0x35,0x1,0x0,0x0,0x18,0x6,
0x2,0x0,0x0,0x0,0x0,0x0,0x0,0x0,
0x44,0x0,0x0,0x0,0xd,0x0,0x0,0x0,
0xea,0x0,0x0,0x0,0x0,0x0,0x0,0x0,
0x38,0x0,0x0,0x0,0x0,0x0,0x0,0x0,
0x38,0x0,0x0,0x0,0x0,0x0,0x1,0x0,
0xff,0xff,0xff,0xff,0x7,0x0,0x0,0x0,
0x6e,0x3,0x10,0x2,0x0,0x0,0x0,0x0,
0x0,0x0,0x7,0x0,0x0,0x0,0x0,0x0,
0x0,0x0,0x0,0x0,0x6e,0x3,0x0,0x0,
0x1,0x0,0x0,0x0,0x2f,0x36,0x1,0x0,
0x0,0x3d,0x37,0x1,0x0,0x0,0x18,0x6,
0x2,0x0,0x0,0x0,0x0,0x0,0x0,0x0,
0x44,0x0,0x0,0x0,0xd,0x0,0x0,0x0,
0xea,0x0,0x0,0x0,0x0,0x0,0x0,0x0,
0x38,0x0,0x0,0x0,0x0,0x0,0x0,0x0,
0x38,0x0,0x0,0x0,0x0,0x0,0x1,0x0,
0xff,0xff,0xff,0xff,0x7,0x0,0x0,0x0,
0x74,0x3,0x10,0x2,0x0,0x0,0x0,0x0,
0x0,0x0,0x7,0x0,0x0,0x0,0x0,0x0,
0x0,0x0,0x0,0x0,0x74,0x3,0x0,0x0,
0x1,0x0,0x0,0x0,0x2f,0x38,0x1,0x0,
0x0,0x3d,0x39,0x1,0x0,0x0,0x18,0x6,
0x2,0x0,0x0,0x0,0x0,0x0,0x0,0x0,
0x44,0x0,0x0,0x0,0xd,0x0,0x0,0x0,
0xea,0x0,0x0,0x0,0x0,0x0,0x0,0x0,
0x38,0x0,0x0,0x0,0x0,0x0,0x0,0x0,
0x38,0x0,0x0,0x0,0x0,0x0,0x1,0x0,
0xff,0xff,0xff,0xff,0x7,0x0,0x0,0x0,
0x7a,0x3,0x10,0x2,0x0,0x0,0x0,0x0,
0x0,0x0,0x7,0x0,0x0,0x0,0x0,0x0,
0x0,0x0,0x0,0x0,0x7a,0x3,0x0,0x0,
0x1,0x0,0x0,0x0,0x2f,0x3a,0x1,0x0,
0x0,0x3d,0x3b,0x1,0x0,0x0,0x18,0x6,
0x2,0x0,0x0,0x0,0x0,0x0,0x0,0x0,
0x44,0x0,0x0,0x0,0xd,0x0,0x0,0x0,
0x3f,0x1,0x0,0x0,0x0,0x0,0x0,0x0,
0x38,0x0,0x0,0x0,0x0,0x0,0x0,0x0,
0x38,0x0,0x0,0x0,0x0,0x0,0x1,0x0,
0xff,0xff,0xff,0xff,0x7,0x0,0x0,0x0,
0x7e,0x3,0x10,0x2,0x0,0x0,0x0,0x0,
0x0,0x0,0x7,0x0,0x0,0x0,0x0,0x0,
0x0,0x0,0x0,0x0,0x7e,0x3,0x0,0x0,
0x1,0x0,0x0,0x0,0x2f,0x3c,0x1,0x0,
0x0,0x3d,0x3d,0x1,0x0,0x0,0x18,0x6,
0x2,0x0,0x0,0x0,0x0,0x0,0x0,0x0,
0x44,0x0,0x0,0x0,0xd,0x0,0x0,0x0,
0xea,0x0,0x0,0x0,0x0,0x0,0x0,0x0,
0x38,0x0,0x0,0x0,0x0,0x0,0x0,0x0,
0x38,0x0,0x0,0x0,0x0,0x0,0x1,0x0,
0xff,0xff,0xff,0xff,0x7,0x0,0x0,0x0,
0x81,0x3,0x10,0x2,0x0,0x0,0x0,0x0,
0x0,0x0,0x7,0x0,0x0,0x0,0x0,0x0,
0x0,0x0,0x0,0x0,0x81,0x3,0x0,0x0,
0x1,0x0,0x0,0x0,0x2f,0x3e,0x1,0x0,
0x0,0x3d,0x3f,0x1,0x0,0x0,0x18,0x6,
0x2,0x0,0x0,0x0,0x0,0x0,0x0,0x0,
0x44,0x0,0x0,0x0,0xd,0x0,0x0,0x0,
0xea,0x0,0x0,0x0,0x0,0x0,0x0,0x0,
0x38,0x0,0x0,0x0,0x0,0x0,0x0,0x0,
0x38,0x0,0x0,0x0,0x0,0x0,0x1,0x0,
0xff,0xff,0xff,0xff,0x7,0x0,0x0,0x0,
0x86,0x3,0x10,0x2,0x0,0x0,0x0,0x0,
0x0,0x0,0x7,0x0,0x0,0x0,0x0,0x0,
0x0,0x0,0x0,0x0,0x86,0x3,0x0,0x0,
0x1,0x0,0x0,0x0,0x2f,0x40,0x1,0x0,
0x0,0x3d,0x41,0x1,0x0,0x0,0x18,0x6,
0x2,0x0,0x0,0x0,0x0,0x0,0x0,0x0,
0x44,0x0,0x0,0x0,0xd,0x0,0x0,0x0,
0xea,0x0,0x0,0x0,0x0,0x0,0x0,0x0,
0x38,0x0,0x0,0x0,0x0,0x0,0x0,0x0,
0x38,0x0,0x0,0x0,0x0,0x0,0x1,0x0,
0xff,0xff,0xff,0xff,0x7,0x0,0x0,0x0,
0x8c,0x3,0x10,0x2,0x0,0x0,0x0,0x0,
0x0,0x0,0x7,0x0,0x0,0x0,0x0,0x0,
0x0,0x0,0x0,0x0,0x8c,0x3,0x0,0x0,
0x1,0x0,0x0,0x0,0x2f,0x42,0x1,0x0,
0x0,0x3d,0x43,0x1,0x0,0x0,0x18,0x6,
0x2,0x0,0x0,0x0,0x0,0x0,0x0,0x0,
0x44,0x0,0x0,0x0,0xd,0x0,0x0,0x0,
0xaf,0x0,0x0,0x0,0x0,0x0,0x0,0x0,
0x38,0x0,0x0,0x0,0x0,0x0,0x0,0x0,
0x38,0x0,0x0,0x0,0x0,0x0,0x1,0x0,
0xff,0xff,0xff,0xff,0x7,0x0,0x0,0x0,
0x97,0x3,0x10,0x2,0x0,0x0,0x0,0x0,
0x0,0x0,0x7,0x0,0x0,0x0,0x0,0x0,
0x0,0x0,0x0,0x0,0x97,0x3,0x0,0x0,
0x1,0x0,0x0,0x0,0x2f,0x44,0x1,0x0,
0x0,0x3d,0x45,0x1,0x0,0x0,0x18,0x6,
0x2,0x0,0x0,0x0,0x0,0x0,0x0,0x0,
0x44,0x0,0x0,0x0,0xd,0x0,0x0,0x0,
0xaf,0x0,0x0,0x0,0x0,0x0,0x0,0x0,
0x38,0x0,0x0,0x0,0x0,0x0,0x0,0x0,
0x38,0x0,0x0,0x0,0x0,0x0,0x1,0x0,
0xff,0xff,0xff,0xff,0x7,0x0,0x0,0x0,
0xa1,0x3,0x10,0x2,0x0,0x0,0x0,0x0,
0x0,0x0,0x7,0x0,0x0,0x0,0x0,0x0,
0x0,0x0,0x0,0x0,0xa1,0x3,0x0,0x0,
0x1,0x0,0x0,0x0,0x2f,0x46,0x1,0x0,
0x0,0x3d,0x47,0x1,0x0,0x0,0x18,0x6,
0x2,0x0,0x0,0x0,0x0,0x0,0x0,0x0,
0x5c,0x0,0x0,0x0,0x26,0x0,0x0,0x0,
0x49,0x1,0x0,0x0,0x0,0x0,0x0,0x0,
0x38,0x0,0x0,0x0,0x0,0x0,0x0,0x0,
0x38,0x0,0x0,0x0,0x0,0x0,0x3,0x0,
0xff,0xff,0xff,0xff,0xb,0x0,0x0,0x0,
0xa7,0x3,0x10,0x2,0x0,0x0,0x0,0x0,
0x0,0x0,0x7,0x0,0x0,0x0,0x0,0x0,
0x0,0x0,0x0,0x0,0xa7,0x3,0x0,0x0,
0x0,0x0,0x0,0x0,0x1,0x0,0x0,0x0,
0xa9,0x3,0x0,0x0,0x2,0x0,0x0,0x0,
0x22,0x0,0x0,0x0,0xaa,0x3,0x0,0x0,
0x2,0x0,0x0,0x0,0xca,0x2f,0x48,0x1,
0x0,0x0,0x18,0x7,0x2f,0x49,0x1,0x0,
0x0,0x18,0xa,0xad,0x4a,0x1,0x0,0x0,
0x7,0x0,0x0,0x0,0x1,0x0,0x0,0x0,
0xa,0x0,0x0,0x0,0x18,0x6,0xd4,0x16,
0x6,0x2,0x0,0x0,0x0,0x0,0x0,0x0,
0x44,0x0,0x0,0x0,0xd,0x0,0x0,0x0,
0x16,0x1,0x0,0x0,0x0,0x0,0x0,0x0,
0x38,0x0,0x0,0x0,0x0,0x0,0x0,0x0,
0x38,0x0,0x0,0x0,0x0,0x0,0x1,0x0,
0xff,0xff,0xff,0xff,0x7,0x0,0x0,0x0,
0xb4,0x3,0xd0,0x1,0x0,0x0,0x0,0x0,
0x0,0x0,0x7,0x0,0x0,0x0,0x0,0x0,
0x0,0x0,0x0,0x0,0xb4,0x3,0x0,0x0,
0x1,0x0,0x0,0x0,0x2f,0x4b,0x1,0x0,
0x0,0x3d,0x4c,0x1,0x0,0x0,0x18,0x6,
0x2,0x0,0x0,0x0,0x0,0x0,0x0,0x0,
0x44,0x0,0x0,0x0,0xd,0x0,0x0,0x0,
0x18,0x1,0x0,0x0,0x0,0x0,0x0,0x0,
0x38,0x0,0x0,0x0,0x0,0x0,0x0,0x0,
0x38,0x0,0x0,0x0,0x0,0x0,0x1,0x0,
0xff,0xff,0xff,0xff,0x7,0x0,0x0,0x0,
0xb5,0x3,0xd0,0x1,0x0,0x0,0x0,0x0,
0x0,0x0,0x7,0x0,0x0,0x0,0x0,0x0,
0x0,0x0,0x0,0x0,0xb5,0x3,0x0,0x0,
0x1,0x0,0x0,0x0,0x2f,0x4d,0x1,0x0,
0x0,0x3d,0x4e,0x1,0x0,0x0,0x18,0x6,
0x2,0x0,0x0,0x0,0x0,0x0,0x0,0x0,
0x44,0x0,0x0,0x0,0xd,0x0,0x0,0x0,
0xea,0x0,0x0,0x0,0x0,0x0,0x0,0x0,
0x38,0x0,0x0,0x0,0x0,0x0,0x0,0x0,
0x38,0x0,0x0,0x0,0x0,0x0,0x1,0x0,
0xff,0xff,0xff,0xff,0x7,0x0,0x0,0x0,
0xb9,0x3,0x10,0x2,0x0,0x0,0x0,0x0,
0x0,0x0,0x7,0x0,0x0,0x0,0x0,0x0,
0x0,0x0,0x0,0x0,0xb9,0x3,0x0,0x0,
0x1,0x0,0x0,0x0,0x2f,0x4f,0x1,0x0,
0x0,0x3d,0x50,0x1,0x0,0x0,0x18,0x6,
0x2,0x0,0x0,0x0,0x0,0x0,0x0,0x0,
0x44,0x0,0x0,0x0,0x14,0x0,0x0,0x0,
0x51,0x1,0x0,0x0,0x0,0x0,0x0,0x0,
0x38,0x0,0x0,0x0,0x0,0x0,0x0,0x0,
0x38,0x0,0x0,0x0,0x0,0x0,0x1,0x0,
0xff,0xff,0xff,0xff,0x9,0x0,0x0,0x0,
0xbf,0x3,0x10,0x2,0x0,0x0,0x0,0x0,
0x0,0x0,0x7,0x0,0x0,0x0,0x0,0x0,
0x0,0x0,0x0,0x0,0xbf,0x3,0x0,0x0,
0x1,0x0,0x0,0x0,0x13,0xa0,0x2,0x0,
0x0,0x18,0x7,0x13,0xa1,0x2,0x0,0x0,
0x18,0x8,0xe8,0x2,0x7,0x18,0x6,0x2,
0x0,0x0,0x0,0x0,0x0,0x0,0x0,0x0,
0x74,0x0,0x0,0x0,0x7c,0x0,0x0,0x0,
0xf2,0x0,0x0,0x0,0x0,0x0,0x0,0x0,
0x38,0x0,0x0,0x0,0x0,0x0,0x0,0x0,
0x38,0x0,0x0,0x0,0x0,0x0,0x5,0x0,
0xff,0xff,0xff,0xff,0xe,0x0,0x0,0x0,
0xc0,0x3,0x10,0x2,0x0,0x0,0x0,0x0,
0x0,0x0,0x7,0x0,0x0,0x0,0x0,0x0,
0x0,0x0,0x0,0x0,0xc0,0x3,0x0,0x0,
0x0,0x0,0x0,0x0,0x1,0x0,0x0,0x0,
0xc1,0x3,0x0,0x0,0x2,0x0,0x0,0x0,
0xa,0x0,0x0,0x0,0xc2,0x3,0x0,0x0,
0x3,0x0,0x0,0x0,0x42,0x0,0x0,0x0,
0xc3,0x3,0x0,0x0,0x4,0x0,0x0,0x0,
0x78,0x0,0x0,0x0,0xc4,0x3,0x0,0x0,
0x4,0x0,0x0,0x0,0xca,0x2f,0x51,0x1,
0x0,0x0,0x5c,0x0,0x50,0x38,0x2f,0x52,
0x1,0x0,0x0,0x18,0x7,0x13,0xa2,0x2,
0x0,0x0,0x18,0xa,0x14,0x3a,0xb,0x2f,
0x53,0x1,0x0,0x0,0x3d,0x54,0x1,0x0,
0x0,0x18,0xd,0x10,0x32,0x80,0xd,0x18,
0xc,0xad,0x55,0x1,0x0,0x0,0x7,0x0,
0x0,0x0,0x3,0x0,0x0,0x0,0xa,0x0,
0x0,0x0,0x18,0x6,0x4c,0x36,0x2f,0x56,
0x1,0x0,0x0,0x18,0x7,0x13,0x8f,0x2,
0x0,0x0,0x18,0xa,0x14,0x33,0xb,0x2f,
0x57,0x1,0x0,0x0,0x3d,0x58,0x1,0x0,
0x0,0x18,0xd,0x10,0x28,0x80,0xd,0x18,
0xc,0xad,0x59,0x1,0x0,0x0,0x7,0x0,
0x0,0x0,0x3,0x0,0x0,0x0,0xa,0x0,
0x0,0x0,0x18,0x6,0xd4,0x16,0x6,0x2,
0x0,0x0,0x0,0x0,0x0,0x0,0x0,0x0,
0x50,0x0,0x0,0x0,0x26,0x0,0x0,0x0,
0xf2,0x0,0x0,0x0,0x0,0x0,0x0,0x0,
0x38,0x0,0x0,0x0,0x0,0x0,0x0,0x0,
0x38,0x0,0x0,0x0,0x0,0x0,0x2,0x0,
0xff,0xff,0xff,0xff,0xb,0x0,0x0,0x0,
0xd3,0x3,0x10,0x2,0x0,0x0,0x0,0x0,
0x0,0x0,0x7,0x0,0x0,0x0,0x0,0x0,
0x0,0x0,0x0,0x0,0xd3,0x3,0x0,0x0,
0x0,0x0,0x0,0x0,0x1,0x0,0x0,0x0,
0xd3,0x3,0x0,0x0,0x1,0x0,0x0,0x0,
0xca,0x2f,0x5a,0x1,0x0,0x0,0x18,0x7,
0x13,0x8a,0x2,0x0,0x0,0x18,0xa,0xad,
0x5b,0x1,0x0,0x0,0x7,0x0,0x0,0x0,
0x1,0x0,0x0,0x0,0xa,0x0,0x0,0x0,
0x18,0x6,0xd4,0x16,0x6,0x2,0x0,0x0,
0x50,0x0,0x0,0x0,0x26,0x0,0x0,0x0,
0xf2,0x0,0x0,0x0,0x0,0x0,0x0,0x0,
0x38,0x0,0x0,0x0,0x0,0x0,0x0,0x0,
0x38,0x0,0x0,0x0,0x0,0x0,0x2,0x0,
0xff,0xff,0xff,0xff,0xb,0x0,0x0,0x0,
0xdb,0x3,0x10,0x2,0x0,0x0,0x0,0x0,
0x0,0x0,0x7,0x0,0x0,0x0,0x0,0x0,
0x0,0x0,0x0,0x0,0xdb,0x3,0x0,0x0,
0x0,0x0,0x0,0x0,0x1,0x0,0x0,0x0,
0xdb,0x3,0x0,0x0,0x1,0x0,0x0,0x0,
0xca,0x2f,0x5c,0x1,0x0,0x0,0x18,0x7,
0x13,0xa3,0x2,0x0,0x0,0x18,0xa,0xad,
0x5d,0x1,0x0,0x0,0x7,0x0,0x0,0x0,
0x1,0x0,0x0,0x0,0xa,0x0,0x0,0x0,
0x18,0x6,0xd4,0x16,0x6,0x2,0x0,0x0,
0x44,0x0,0x0,0x0,0x37,0x0,0x0,0x0,
0x51,0x1,0x0,0x0,0x0,0x0,0x0,0x0,
0x38,0x0,0x0,0x0,0x0,0x0,0x0,0x0,
0x38,0x0,0x0,0x0,0x0,0x0,0x1,0x0,
0xff,0xff,0xff,0xff,0xe,0x0,0x0,0x0,
0xe0,0x3,0x10,0x2,0x0,0x0,0x0,0x0,
0x0,0x0,0x7,0x0,0x0,0x0,0x0,0x0,
0x0,0x0,0x0,0x0,0xe0,0x3,0x0,0x0,
0x1,0x0,0x0,0x0,0x13,0xa4,0x2,0x0,
0x0,0x18,0x7,0x13,0x53,0x1,0x0,0x0,
0x18,0x8,0x13,0xa5,0x2,0x0,0x0,0x18,
0x9,0x13,0xa6,0x2,0x0,0x0,0x18,0xa,
0x13,0xa7,0x2,0x0,0x0,0x18,0xb,0x13,
0xa8,0x2,0x0,0x0,0x18,0xc,0x13,0xa9,
0x2,0x0,0x0,0x18,0xd,0xe8,0x7,0x7,
0x18,0x6,0x2,0x0,0x0,0x0,0x0,0x0,
0x4,0x1,0x0,0x0,0x47,0x1,0x0,0x0,
0x56,0x1,0x0,0x0,0x0,0x0,0x0,0x0,
0x38,0x0,0x0,0x0,0x0,0x0,0x0,0x0,
0x38,0x0,0x0,0x0,0x0,0x0,0x11,0x0,
0xff,0xff,0xff,0xff,0xc,0x0,0x0,0x0,
0xe1,0x3,0x10,0x2,0x0,0x0,0x0,0x0,
0x0,0x0,0x7,0x0,0x0,0x0,0x0,0x0,
0x0,0x0,0x0,0x0,0xe1,0x3,0x0,0x0,
0x0,0x0,0x0,0x0,0x1,0x0,0x0,0x0,
0xe2,0x3,0x0,0x0,0x2,0x0,0x0,0x0,
0x45,0x0,0x0,0x0,0xe3,0x3,0x0,0x0,
0x3,0x0,0x0,0x0,0x66,0x0,0x0,0x0,
0xe3,0x3,0x0,0x0,0x4,0x0,0x0,0x0,
0x6b,0x0,0x0,0x0,0xe4,0x3,0x0,0x0,
0x5,0x0,0x0,0x0,0x8c,0x0,0x0,0x0,
0xe4,0x3,0x0,0x0,0x6,0x0,0x0,0x0,
0x91,0x0,0x0,0x0,0xe5,0x3,0x0,0x0,
0x7,0x0,0x0,0x0,0xb2,0x0,0x0,0x0,
0xe5,0x3,0x0,0x0,0x8,0x0,0x0,0x0,
0xb7,0x0,0x0,0x0,0xe6,0x3,0x0,0x0,
0x9,0x0,0x0,0x0,0xd8,0x0,0x0,0x0,
0xe6,0x3,0x0,0x0,0xa,0x0,0x0,0x0,
0xda,0x0,0x0,0x0,0xe7,0x3,0x0,0x0,
0xb,0x0,0x0,0x0,0xfb,0x0,0x0,0x0,
0xe7,0x3,0x0,0x0,0xc,0x0,0x0,0x0,
0xfd,0x0,0x0,0x0,0xe8,0x3,0x0,0x0,
0xd,0x0,0x0,0x0,0x1e,0x1,0x0,0x0,
0xe8,0x3,0x0,0x0,0xe,0x0,0x0,0x0,
0x20,0x1,0x0,0x0,0xe9,0x3,0x0,0x0,
0xf,0x0,0x0,0x0,0x41,0x1,0x0,0x0,
0xe9,0x3,0x0,0x0,0x10,0x0,0x0,0x0,
0x43,0x1,0x0,0x0,0xeb,0x3,0x0,0x0,
0x10,0x0,0x0,0x0,0xca,0x14,0x3b,0x6,
0x2f,0x5e,0x1,0x0,0x0,0x18,0x7,0x6,
0x6c,0x7,0x4e,0x35,0x10,0x1,0x6c,0x7,
0x4e,0x55,0x10,0x2,0x6c,0x7,0x4e,0x75,
0x10,0x3,0x6c,0x7,0x4f,0x92,0x0,0x0,
0x0,0x10,0x4,0x6c,0x7,0x4f,0xac,0x0,
0x0,0x0,0x10,0x5,0x6c,0x7,0x4f,0xc6,
0x0,0x0,0x0,0x10,0x6,0x6c,0x7,0x4f,
0xe0,0x0,0x0,0x0,0x4d,0xfe,0x0,0x0,
0x0,0x2f,0x5f,0x1,0x0,0x0,0x18,0x8,
0x13,0x8b,0x2,0x0,0x0,0x18,0xb,0xad,
0x60,0x1,0x0,0x0,0x8,0x0,0x0,0x0,
0x1,0x0,0x0,0x0,0xb,0x0,0x0,0x0,
0x18,0x6,0x4d,0xd8,0x0,0x0,0x0,0x2f,
0x61,0x1,0x0,0x0,0x18,0x8,0x13,0xa3,
0x2,0x0,0x0,0x18,0xb,0xad,0x62,0x1,
0x0,0x0,0x8,0x0,0x0,0x0,0x1,0x0,
0x0,0x0,0xb,0x0,0x0,0x0,0x18,0x6,
0x4d,0xb2,0x0,0x0,0x0,0x2f,0x63,0x1,
0x0,0x0,0x18,0x8,0x13,0x8c,0x2,0x0,
0x0,0x18,0xb,0xad,0x64,0x1,0x0,0x0,
0x8,0x0,0x0,0x0,0x1,0x0,0x0,0x0,
0xb,0x0,0x0,0x0,0x18,0x6,0x4d,0x8c,
0x0,0x0,0x0,0x2f,0x65,0x1,0x0,0x0,
0x18,0x8,0x13,0xaa,0x2,0x0,0x0,0x18,
0xb,0xad,0x66,0x1,0x0,0x0,0x8,0x0,
0x0,0x0,0x1,0x0,0x0,0x0,0xb,0x0,
0x0,0x0,0x18,0x6,0x4c,0x69,0x2f,0x67,
0x1,0x0,0x0,0x18,0x8,0x13,0xab,0x2,
0x0,0x0,0x18,0xb,0xad,0x68,0x1,0x0,
0x0,0x8,0x0,0x0,0x0,0x1,0x0,0x0,
0x0,0xb,0x0,0x0,0x0,0x18,0x6,0x4c,
0x46,0x2f,0x69,0x1,0x0,0x0,0x18,0x8,
0x13,0xac,0x2,0x0,0x0,0x18,0xb,0xad,
0x6a,0x1,0x0,0x0,0x8,0x0,0x0,0x0,
0x1,0x0,0x0,0x0,0xb,0x0,0x0,0x0,
0x18,0x6,0x4c,0x23,0x2f,0x6b,0x1,0x0,
0x0,0x18,0x8,0x13,0xad,0x2,0x0,0x0,
0x18,0xb,0xad,0x6c,0x1,0x0,0x0,0x8,
0x0,0x0,0x0,0x1,0x0,0x0,0x0,0xb,
0x0,0x0,0x0,0x18,0x6,0x4c,0x0,0xd4,
0x16,0x6,0x2,0x0,0x0,0x0,0x0,0x0,
0x50,0x0,0x0,0x0,0x26,0x0,0x0,0x0,
0xf2,0x0,0x0,0x0,0x0,0x0,0x0,0x0,
0x38,0x0,0x0,0x0,0x0,0x0,0x0,0x0,
0x38,0x0,0x0,0x0,0x0,0x0,0x2,0x0,
0xff,0xff,0xff,0xff,0xb,0x0,0x0,0x0,
0xef,0x3,0x10,0x2,0x0,0x0,0x0,0x0,
0x0,0x0,0x7,0x0,0x0,0x0,0x0,0x0,
0x0,0x0,0x0,0x0,0xef,0x3,0x0,0x0,
0x0,0x0,0x0,0x0,0x1,0x0,0x0,0x0,
0xef,0x3,0x0,0x0,0x1,0x0,0x0,0x0,
0xca,0x2f,0x6d,0x1,0x0,0x0,0x18,0x7,
0x13,0x86,0x1,0x0,0x0,0x18,0xa,0xad,
0x6e,0x1,0x0,0x0,0x7,0x0,0x0,0x0,
0x1,0x0,0x0,0x0,0xa,0x0,0x0,0x0,
0x18,0x6,0xd4,0x16,0x6,0x2,0x0,0x0,
0x44,0x0,0x0,0x0,0x1b,0x0,0x0,0x0,
0x51,0x1,0x0,0x0,0x0,0x0,0x0,0x0,
0x38,0x0,0x0,0x0,0x0,0x0,0x0,0x0,
0x38,0x0,0x0,0x0,0x0,0x0,0x1,0x0,
0xff,0xff,0xff,0xff,0xa,0x0,0x0,0x0,
0xf4,0x3,0x10,0x2,0x0,0x0,0x0,0x0,
0x0,0x0,0x7,0x0,0x0,0x0,0x0,0x0,
0x0,0x0,0x0,0x0,0xf4,0x3,0x0,0x0,
0x1,0x0,0x0,0x0,0x13,0xae,0x2,0x0,
0x0,0x18,0x7,0x13,0xaf,0x2,0x0,0x0,
0x18,0x8,0x13,0xb0,0x2,0x0,0x0,0x18,
0x9,0xe8,0x3,0x7,0x18,0x6,0x2,0x0,
0x0,0x0,0x0,0x0,0x0,0x0,0x0,0x0,
0x50,0x0,0x0,0x0,0x25,0x0,0x0,0x0,
0xf2,0x0,0x0,0x0,0x0,0x0,0x0,0x0,
0x38,0x0,0x0,0x0,0x0,0x0,0x0,0x0,
0x38,0x0,0x0,0x0,0x0,0x0,0x2,0x0,
0xff,0xff,0xff,0xff,0xc,0x0,0x0,0x0,
0xf8,0x3,0x10,0x2,0x0,0x0,0x0,0x0,
0x0,0x0,0x7,0x0,0x0,0x0,0x0,0x0,
0x0,0x0,0x0,0x0,0xf8,0x3,0x0,0x0,
0x0,0x0,0x0,0x0,0x1,0x0,0x0,0x0,
0xf8,0x3,0x0,0x0,0x1,0x0,0x0,0x0,
0xca,0x2f,0x6f,0x1,0x0,0x0,0x18,0x7,
0x14,0x3c,0xa,0x14,0x3c,0xb,0xad,0x70,
0x1,0x0,0x0,0x7,0x0,0x0,0x0,0x2,
0x0,0x0,0x0,0xa,0x0,0x0,0x0,0x18,
0x6,0xd4,0x16,0x6,0x2,0x0,0x0,0x0,
0x50,0x0,0x0,0x0,0x1f,0x0,0x0,0x0,
0xf2,0x0,0x0,0x0,0x0,0x0,0x0,0x0,
0x38,0x0,0x0,0x0,0x0,0x0,0x0,0x0,
0x38,0x0,0x0,0x0,0x0,0x0,0x2,0x0,
0xff,0xff,0xff,0xff,0xa,0x0,0x0,0x0,
0xfc,0x3,0x10,0x2,0x0,0x0,0x0,0x0,
0x0,0x0,0x7,0x0,0x0,0x0,0x0,0x0,
0x0,0x0,0x0,0x0,0xfc,0x3,0x0,0x0,
0x0,0x0,0x0,0x0,0x1,0x0,0x0,0x0,
0xfc,0x3,0x0,0x0,0x1,0x0,0x0,0x0,
0xca,0x2f,0x71,0x1,0x0,0x0,0x18,0x7,
0xad,0x72,0x1,0x0,0x0,0x7,0x0,0x0,
0x0,0x0,0x0,0x0,0x0,0x0,0x0,0x0,
0x0,0x18,0x6,0xd4,0x16,0x6,0x2,0x0,
0x50,0x0,0x0,0x0,0x26,0x0,0x0,0x0,
0xf2,0x0,0x0,0x0,0x0,0x0,0x0,0x0,
0x38,0x0,0x0,0x0,0x0,0x0,0x0,0x0,
0x38,0x0,0x0,0x0,0x0,0x0,0x2,0x0,
0xff,0xff,0xff,0xff,0xb,0x0,0x0,0x0,
0x0,0x4,0x10,0x2,0x0,0x0,0x0,0x0,
0x0,0x0,0x7,0x0,0x0,0x0,0x0,0x0,
0x0,0x0,0x0,0x0,0x0,0x4,0x0,0x0,
0x0,0x0,0x0,0x0,0x1,0x0,0x0,0x0,
0x0,0x4,0x0,0x0,0x1,0x0,0x0,0x0,
0xca,0x2f,0x73,0x1,0x0,0x0,0x18,0x7,
0x13,0xb3,0x2,0x0,0x0,0x18,0xa,0xad,
0x74,0x1,0x0,0x0,0x7,0x0,0x0,0x0,
0x1,0x0,0x0,0x0,0xa,0x0,0x0,0x0,
0x18,0x6,0xd4,0x16,0x6,0x2,0x0,0x0,
0x44,0x0,0x0,0x0,0x1b,0x0,0x0,0x0,
0x51,0x1,0x0,0x0,0x0,0x0,0x0,0x0,
0x38,0x0,0x0,0x0,0x0,0x0,0x0,0x0,
0x38,0x0,0x0,0x0,0x0,0x0,0x1,0x0,
0xff,0xff,0xff,0xff,0xa,0x0,0x0,0x0,
0x5,0x4,0x10,0x2,0x0,0x0,0x0,0x0,
0x0,0x0,0x7,0x0,0x0,0x0,0x0,0x0,
0x0,0x0,0x0,0x0,0x5,0x4,0x0,0x0,
0x1,0x0,0x0,0x0,0x13,0xa5,0x2,0x0,
0x0,0x18,0x7,0x13,0xb4,0x2,0x0,0x0,
0x18,0x8,0x13,0xb5,0x2,0x0,0x0,0x18,
0x9,0xe8,0x3,0x7,0x18,0x6,0x2,0x0,
0x0,0x0,0x0,0x0,0x0,0x0,0x0,0x0,
0xa4,0x0,0x0,0x0,0x8b,0x0,0x0,0x0,
0x56,0x1,0x0,0x0,0x0,0x0,0x0,0x0,
0x38,0x0,0x0,0x0,0x0,0x0,0x0,0x0,
0x38,0x0,0x0,0x0,0x0,0x0,0x9,0x0,
0xff,0xff,0xff,0xff,0xc,0x0,0x0,0x0,
0x6,0x4,0x10,0x2,0x0,0x0,0x0,0x0,
0x0,0x0,0x7,0x0,0x0,0x0,0x0,0x0,
0x0,0x0,0x0,0x0,0x6,0x4,0x0,0x0,
0x0,0x0,0x0,0x0,0x1,0x0,0x0,0x0,
0x7,0x4,0x0,0x0,0x2,0x0,0x0,0x0,
0x1e,0x0,0x0,0x0,0x8,0x4,0x0,0x0,
0x3,0x0,0x0,0x0,0x3f,0x0,0x0,0x0,
0x8,0x4,0x0,0x0,0x4,0x0,0x0,0x0,
0x41,0x0,0x0,0x0,0x9,0x4,0x0,0x0,
0x5,0x0,0x0,0x0,0x62,0x0,0x0,0x0,
0x9,0x4,0x0,0x0,0x6,0x0,0x0,0x0,
0x64,0x0,0x0,0x0,0xa,0x4,0x0,0x0,
0x7,0x0,0x0,0x0,0x85,0x0,0x0,0x0,
0xa,0x4,0x0,0x0,0x8,0x0,0x0,0x0,
0x87,0x0,0x0,0x0,0xc,0x4,0x0,0x0,
0x8,0x0,0x0,0x0,0xca,0x14,0x3b,0x6,
0x2f,0x75,0x1,0x0,0x0,0x18,0x7,0x6,
0x6c,0x7,0x4e,0xe,0x10,0x1,0x6c,0x7,
0x4e,0x2b,0x10,0x2,0x6c,0x7,0x4e,0x48,
0x4c,0x69,0x2f,0x76,0x1,0x0,0x0,0x18,
0x8,0x13,0x8c,0x2,0x0,0x0,0x18,0xb,
0xad,0x77,0x1,0x0,0x0,0x8,0x0,0x0,
0x0,0x1,0x0,0x0,0x0,0xb,0x0,0x0,
0x0,0x18,0x6,0x4c,0x46,0x2f,0x78,0x1,
0x0,0x0,0x18,0x8,0x13,0xb6,0x2,0x0,
0x0,0x18,0xb,0xad,0x79,0x1,0x0,0x0,
0x8,0x0,0x0,0x0,0x1,0x0,0x0,0x0,
0xb,0x0,0x0,0x0,0x18,0x6,0x4c,0x23,
0x2f,0x7a,0x1,0x0,0x0,0x18,0x8,0x13,
0xb7,0x2,0x0,0x0,0x18,0xb,0xad,0x7b,
0x1,0x0,0x0,0x8,0x0,0x0,0x0,0x1,
0x0,0x0,0x0,0xb,0x0,0x0,0x0,0x18,
0x6,0x4c,0x0,0xd4,0x16,0x6,0x2,0x0,
0x0,0x0,0x0,0x0,0x0,0x0,0x0,0x0,
0x44,0x0,0x0,0x0,0xd,0x0,0x0,0x0,
0xea,0x0,0x0,0x0,0x0,0x0,0x0,0x0,
0x38,0x0,0x0,0x0,0x0,0x0,0x0,0x0,
0x38,0x0,0x0,0x0,0x0,0x0,0x1,0x0,
0xff,0xff,0xff,0xff,0x7,0x0,0x0,0x0,
0x11,0x4,0x10,0x2,0x0,0x0,0x0,0x0,
0x0,0x0,0x7,0x0,0x0,0x0,0x0,0x0,
0x0,0x0,0x0,0x0,0x11,0x4,0x0,0x0,
0x1,0x0,0x0,0x0,0x2f,0x7c,0x1,0x0,
0x0,0x3d,0x7d,0x1,0x0,0x0,0x18,0x6,
0x2,0x0,0x0,0x0,0x0,0x0,0x0,0x0,
0x50,0x0,0x0,0x0,0x26,0x0,0x0,0x0,
0xf2,0x0,0x0,0x0,0x0,0x0,0x0,0x0,
0x38,0x0,0x0,0x0,0x0,0x0,0x0,0x0,
0x38,0x0,0x0,0x0,0x0,0x0,0x2,0x0,
0xff,0xff,0xff,0xff,0xb,0x0,0x0,0x0,
0x15,0x4,0x10,0x2,0x0,0x0,0x0,0x0,
0x0,0x0,0x7,0x0,0x0,0x0,0x0,0x0,
0x0,0x0,0x0,0x0,0x15,0x4,0x0,0x0,
0x0,0x0,0x0,0x0,0x1,0x0,0x0,0x0,
0x15,0x4,0x0,0x0,0x1,0x0,0x0,0x0,
0xca,0x2f,0x7e,0x1,0x0,0x0,0x18,0x7,
0x13,0xb9,0x2,0x0,0x0,0x18,0xa,0xad,
0x7f,0x1,0x0,0x0,0x7,0x0,0x0,0x0,
0x1,0x0,0x0,0x0,0xa,0x0,0x0,0x0,
0x18,0x6,0xd4,0x16,0x6,0x2,0x0,0x0,
0x50,0x0,0x0,0x0,0x26,0x0,0x0,0x0,
0xf2,0x0,0x0,0x0,0x0,0x0,0x0,0x0,
0x38,0x0,0x0,0x0,0x0,0x0,0x0,0x0,
0x38,0x0,0x0,0x0,0x0,0x0,0x2,0x0,
0xff,0xff,0xff,0xff,0xb,0x0,0x0,0x0,
0x19,0x4,0x10,0x2,0x0,0x0,0x0,0x0,
0x0,0x0,0x7,0x0,0x0,0x0,0x0,0x0,
0x0,0x0,0x0,0x0,0x19,0x4,0x0,0x0,
0x0,0x0,0x0,0x0,0x1,0x0,0x0,0x0,
0x19,0x4,0x0,0x0,0x1,0x0,0x0,0x0,
0xca,0x2f,0x80,0x1,0x0,0x0,0x18,0x7,
0x13,0xba,0x2,0x0,0x0,0x18,0xa,0xad,
0x81,0x1,0x0,0x0,0x7,0x0,0x0,0x0,
0x1,0x0,0x0,0x0,0xa,0x0,0x0,0x0,
0x18,0x6,0xd4,0x16,0x6,0x2,0x0,0x0,
0x44,0x0,0x0,0x0,0x1b,0x0,0x0,0x0,
0x51,0x1,0x0,0x0,0x0,0x0,0x0,0x0,
0x38,0x0,0x0,0x0,0x0,0x0,0x0,0x0,
0x38,0x0,0x0,0x0,0x0,0x0,0x1,0x0,
0xff,0xff,0xff,0xff,0xa,0x0,0x0,0x0,
0x1e,0x4,0x10,0x2,0x0,0x0,0x0,0x0,
0x0,0x0,0x7,0x0,0x0,0x0,0x0,0x0,
0x0,0x0,0x0,0x0,0x1e,0x4,0x0,0x0,
0x1,0x0,0x0,0x0,0x13,0xae,0x2,0x0,
0x0,0x18,0x7,0x13,0xaf,0x2,0x0,0x0,
0x18,0x8,0x13,0xb0,0x2,0x0,0x0,0x18,
0x9,0xe8,0x3,0x7,0x18,0x6,0x2,0x0,
0x0,0x0,0x0,0x0,0x0,0x0,0x0,0x0,
0x50,0x0,0x0,0x0,0x2d,0x0,0x0,0x0,
0xf2,0x0,0x0,0x0,0x0,0x0,0x0,0x0,
0x38,0x0,0x0,0x0,0x0,0x0,0x0,0x0,
0x38,0x0,0x0,0x0,0x0,0x0,0x2,0x0,
0xff,0xff,0xff,0xff,0xc,0x0,0x0,0x0,
0x1f,0x4,0x10,0x2,0x0,0x0,0x0,0x0,
0x0,0x0,0x7,0x0,0x0,0x0,0x0,0x0,
0x0,0x0,0x0,0x0,0x1f,0x4,0x0,0x0,
0x0,0x0,0x0,0x0,0x1,0x0,0x0,0x0,
0x1f,0x4,0x0,0x0,0x1,0x0,0x0,0x0,
0xca,0x2f,0x82,0x1,0x0,0x0,0x18,0x7,
0x13,0xbb,0x2,0x0,0x0,0x18,0xa,0x2f,
0x83,0x1,0x0,0x0,0x18,0xb,0xad,0x84,
0x1,0x0,0x0,0x7,0x0,0x0,0x0,0x2,
0x0,0x0,0x0,0xa,0x0,0x0,0x0,0x18,
0x6,0xd4,0x16,0x6,0x2,0x0,0x0,0x0,
0x50,0x0,0x0,0x0,0x26,0x0,0x0,0x0,
0xf2,0x0,0x0,0x0,0x0,0x0,0x0,0x0,
0x38,0x0,0x0,0x0,0x0,0x0,0x0,0x0,
0x38,0x0,0x0,0x0,0x0,0x0,0x2,0x0,
0xff,0xff,0xff,0xff,0xb,0x0,0x0,0x0,
0x23,0x4,0x10,0x2,0x0,0x0,0x0,0x0,
0x0,0x0,0x7,0x0,0x0,0x0,0x0,0x0,
0x0,0x0,0x0,0x0,0x23,0x4,0x0,0x0,
0x0,0x0,0x0,0x0,0x1,0x0,0x0,0x0,
0x23,0x4,0x0,0x0,0x1,0x0,0x0,0x0,
0xca,0x2f,0x85,0x1,0x0,0x0,0x18,0x7,
0x13,0xbd,0x2,0x0,0x0,0x18,0xa,0xad,
0x86,0x1,0x0,0x0,0x7,0x0,0x0,0x0,
0x1,0x0,0x0,0x0,0xa,0x0,0x0,0x0,
0x18,0x6,0xd4,0x16,0x6,0x2,0x0,0x0,
0x50,0x0,0x0,0x0,0x26,0x0,0x0,0x0,
0xf2,0x0,0x0,0x0,0x0,0x0,0x0,0x0,
0x38,0x0,0x0,0x0,0x0,0x0,0x0,0x0,
0x38,0x0,0x0,0x0,0x0,0x0,0x2,0x0,
0xff,0xff,0xff,0xff,0xb,0x0,0x0,0x0,
0x27,0x4,0x10,0x2,0x0,0x0,0x0,0x0,
0x0,0x0,0x7,0x0,0x0,0x0,0x0,0x0,
0x0,0x0,0x0,0x0,0x27,0x4,0x0,0x0,
0x0,0x0,0x0,0x0,0x1,0x0,0x0,0x0,
0x27,0x4,0x0,0x0,0x1,0x0,0x0,0x0,
0xca,0x2f,0x87,0x1,0x0,0x0,0x18,0x7,
0x13,0xbe,0x2,0x0,0x0,0x18,0xa,0xad,
0x88,0x1,0x0,0x0,0x7,0x0,0x0,0x0,
0x1,0x0,0x0,0x0,0xa,0x0,0x0,0x0,
0x18,0x6,0xd4,0x16,0x6,0x2,0x0,0x0,
0x50,0x0,0x0,0x0,0x26,0x0,0x0,0x0,
0xf2,0x0,0x0,0x0,0x0,0x0,0x0,0x0,
0x38,0x0,0x0,0x0,0x0,0x0,0x0,0x0,
0x38,0x0,0x0,0x0,0x0,0x0,0x2,0x0,
0xff,0xff,0xff,0xff,0xb,0x0,0x0,0x0,
0x2b,0x4,0x10,0x2,0x0,0x0,0x0,0x0,
0x0,0x0,0x7,0x0,0x0,0x0,0x0,0x0,
0x0,0x0,0x0,0x0,0x2b,0x4,0x0,0x0,
0x0,0x0,0x0,0x0,0x1,0x0,0x0,0x0,
0x2b,0x4,0x0,0x0,0x1,0x0,0x0,0x0,
0xca,0x2f,0x89,0x1,0x0,0x0,0x18,0x7,
0x13,0xbf,0x2,0x0,0x0,0x18,0xa,0xad,
0x8a,0x1,0x0,0x0,0x7,0x0,0x0,0x0,
0x1,0x0,0x0,0x0,0xa,0x0,0x0,0x0,
0x18,0x6,0xd4,0x16,0x6,0x2,0x0,0x0,
0x44,0x0,0x0,0x0,0xd,0x0,0x0,0x0,
0x16,0x1,0x0,0x0,0x0,0x0,0x0,0x0,
0x38,0x0,0x0,0x0,0x0,0x0,0x0,0x0,
0x38,0x0,0x0,0x0,0x0,0x0,0x1,0x0,
0xff,0xff,0xff,0xff,0x7,0x0,0x0,0x0,
0x30,0x4,0xd0,0x1,0x0,0x0,0x0,0x0,
0x0,0x0,0x7,0x0,0x0,0x0,0x0,0x0,
0x0,0x0,0x0,0x0,0x30,0x4,0x0,0x0,
0x1,0x0,0x0,0x0,0x2f,0x8b,0x1,0x0,
0x0,0x3d,0x8c,0x1,0x0,0x0,0x18,0x6,
0x2,0x0,0x0,0x0,0x0,0x0,0x0,0x0,
0x44,0x0,0x0,0x0,0xd,0x0,0x0,0x0,
0x18,0x1,0x0,0x0,0x0,0x0,0x0,0x0,
0x38,0x0,0x0,0x0,0x0,0x0,0x0,0x0,
0x38,0x0,0x0,0x0,0x0,0x0,0x1,0x0,
0xff,0xff,0xff,0xff,0x7,0x0,0x0,0x0,
0x31,0x4,0xd0,0x1,0x0,0x0,0x0,0x0,
0x0,0x0,0x7,0x0,0x0,0x0,0x0,0x0,
0x0,0x0,0x0,0x0,0x31,0x4,0x0,0x0,
0x1,0x0,0x0,0x0,0x2f,0x8d,0x1,0x0,
0x0,0x3d,0x8e,0x1,0x0,0x0,0x18,0x6,
0x2,0x0,0x0,0x0,0x0,0x0,0x0,0x0,
0x44,0x0,0x0,0x0,0xd,0x0,0x0,0x0,
0xea,0x0,0x0,0x0,0x0,0x0,0x0,0x0,
0x38,0x0,0x0,0x0,0x0,0x0,0x0,0x0,
0x38,0x0,0x0,0x0,0x0,0x0,0x1,0x0,
0xff,0xff,0xff,0xff,0x7,0x0,0x0,0x0,
0x40,0x4,0x10,0x2,0x0,0x0,0x0,0x0,
0x0,0x0,0x7,0x0,0x0,0x0,0x0,0x0,
0x0,0x0,0x0,0x0,0x40,0x4,0x0,0x0,
0x1,0x0,0x0,0x0,0x2f,0x8f,0x1,0x0,
0x0,0x3d,0x90,0x1,0x0,0x0,0x18,0x6,
0x2,0x0,0x0,0x0,0x0,0x0,0x0,0x0,
0x44,0x0,0x0,0x0,0x30,0x0,0x0,0x0,
0x51,0x1,0x0,0x0,0x0,0x0,0x0,0x0,
0x38,0x0,0x0,0x0,0x0,0x0,0x0,0x0,
0x38,0x0,0x0,0x0,0x0,0x0,0x1,0x0,
0xff,0xff,0xff,0xff,0xd,0x0,0x0,0x0,
0x45,0x4,0x10,0x2,0x0,0x0,0x0,0x0,
0x0,0x0,0x7,0x0,0x0,0x0,0x0,0x0,
0x0,0x0,0x0,0x0,0x45,0x4,0x0,0x0,
0x1,0x0,0x0,0x0,0x13,0xc0,0x2,0x0,
0x0,0x18,0x7,0x13,0xc1,0x2,0x0,0x0,
0x18,0x8,0x13,0xc2,0x2,0x0,0x0,0x18,
0x9,0x13,0xc3,0x2,0x0,0x0,0x18,0xa,
0x13,0xc4,0x2,0x0,0x0,0x18,0xb,0x13,
0xc5,0x2,0x0,0x0,0x18,0xc,0xe8,0x6,
0x7,0x18,0x6,0x2,0x0,0x0,0x0,0x0,
0x5c,0x0,0x0,0x0,0xc,0x0,0x0,0x0,
0x56,0x1,0x0,0x0,0x0,0x0,0x0,0x0,
0x38,0x0,0x0,0x0,0x0,0x0,0x0,0x0,
0x38,0x0,0x0,0x0,0x0,0x0,0x3,0x0,
0x8e,0x0,0x0,0x0,0x7,0x0,0x0,0x0,
0x46,0x4,0x10,0x2,0x0,0x0,0x0,0x0,
0x0,0x0,0x7,0x0,0x0,0x0,0x8,0x0,
0x0,0x0,0x0,0x0,0x46,0x4,0x0,0x0,
0x0,0x0,0x0,0x0,0x1,0x0,0x0,0x0,
0x46,0x4,0x0,0x0,0x1,0x0,0x0,0x0,
0x8,0x0,0x0,0x0,0x5e,0x4,0x0,0x0,
0x1,0x0,0x0,0x0,0xca,0x29,0x8e,0x0,
0x0,0x0,0x18,0x6,0xd4,0x16,0x6,0x2,
0x0,0x0,0x0,0x0,0x0,0x0,0x0,0x0,
0x5c,0x1,0x0,0x0,0x10,0x3,0x0,0x0,
0x0,0x0,0x0,0x0,0x2,0x0,0x2,0x0,
0x38,0x0,0x0,0x0,0x0,0x0,0x0,0x0,
0x48,0x0,0x0,0x0,0x0,0x0,0x17,0x0,
0xff,0xff,0xff,0xff,0x15,0x0,0x0,0x0,
0x46,0x4,0xd0,0x2,0x0,0x0,0x0,0x0,
0x0,0x0,0x9,0x0,0x0,0x0,0x0,0x0,
0x85,0x2,0x0,0x0,0x0,0x0,0x0,0x0,
0xbc,0x2,0x0,0x0,0x0,0x0,0x0,0x0,
0x0,0x0,0x0,0x0,0x47,0x4,0x0,0x0,
0x1,0x0,0x0,0x0,0x37,0x0,0x0,0x0,
0x48,0x4,0x0,0x0,0x2,0x0,0x0,0x0,
0x3c,0x0,0x0,0x0,0x4a,0x4,0x0,0x0,
0x4,0x0,0x0,0x0,0x7d,0x0,0x0,0x0,
0x4b,0x4,0x0,0x0,0x4,0x0,0x0,0x0,
0xb7,0x0,0x0,0x0,0x4a,0x4,0x0,0x0,
0x4,0x0,0x0,0x0,0xc8,0x0,0x0,0x0,
0x4c,0x4,0x0,0x0,0x5,0x0,0x0,0x0,
0xcd,0x0,0x0,0x0,0x4e,0x4,0x0,0x0,
0x7,0x0,0x0,0x0,0xe,0x1,0x0,0x0,
0x4f,0x4,0x0,0x0,0x7,0x0,0x0,0x0,
0x48,0x1,0x0,0x0,0x4e,0x4,0x0,0x0,
0x7,0x0,0x0,0x0,0x59,0x1,0x0,0x0,
0x50,0x4,0x0,0x0,0x8,0x0,0x0,0x0,
0x5e,0x1,0x0,0x0,0x52,0x4,0x0,0x0,
0xa,0x0,0x0,0x0,0x9f,0x1,0x0,0x0,
0x53,0x4,0x0,0x0,0xa,0x0,0x0,0x0,
0xd9,0x1,0x0,0x0,0x52,0x4,0x0,0x0,
0xa,0x0,0x0,0x0,0xea,0x1,0x0,0x0,
0x54,0x4,0x0,0x0,0xb,0x0,0x0,0x0,
0xef,0x1,0x0,0x0,0x56,0x4,0x0,0x0,
0xd,0x0,0x0,0x0,0x30,0x2,0x0,0x0,
0x57,0x4,0x0,0x0,0xd,0x0,0x0,0x0,
0x6a,0x2,0x0,0x0,0x56,0x4,0x0,0x0,
0xd,0x0,0x0,0x0,0x7b,0x2,0x0,0x0,
0x58,0x4,0x0,0x0,0xe,0x0,0x0,0x0,
0x80,0x2,0x0,0x0,0x5a,0x4,0x0,0x0,
0x10,0x0,0x0,0x0,0xc1,0x2,0x0,0x0,
0x5b,0x4,0x0,0x0,0x10,0x0,0x0,0x0,
0xfb,0x2,0x0,0x0,0x5a,0x4,0x0,0x0,
0x10,0x0,0x0,0x0,0xc,0x3,0x0,0x0,
0x5c,0x4,0x0,0x0,0x11,0x0,0x0,0x0,
0xe,0x3,0x0,0x0,0x5e,0x4,0x0,0x0,
0x11,0x0,0x0,0x0,0x1a,0x6,0x9,0x6,
0x6c,0x9,0x4e,0x2f,0x10,0x1,0x6c,0x9,
0x4e,0x2e,0x10,0x2,0x6c,0x9,0x4f,0xb6,
0x0,0x0,0x0,0x10,0x3,0x6c,0x9,0x4f,
0x3e,0x1,0x0,0x0,0x10,0x4,0x6c,0x9,
0x4f,0xc6,0x1,0x0,0x0,0x10,0x5,0x6c,
0x9,0x4f,0x4e,0x2,0x0,0x0,0x4d,0xd7,
0x2,0x0,0x0,0x4d,0xd2,0x2,0x0,0x0,
0x2f,0x91,0x1,0x0,0x0,0x18,0xa,0x2f,
0x92,0x1,0x0,0x0,0x18,0x11,0x14,0x3d,
0x14,0xad,0x93,0x1,0x0,0x0,0x11,0x0,
0x0,0x0,0x1,0x0,0x0,0x0,0x14,0x0,
0x0,0x0,0x18,0xd,0x2f,0x94,0x1,0x0,
0x0,0x18,0x11,0x14,0x3e,0x14,0xad,0x95,
0x1,0x0,0x0,0x11,0x0,0x0,0x0,0x1,
0x0,0x0,0x0,0x14,0x0,0x0,0x0,0x18,
0xe,0x2f,0x96,0x1,0x0,0x0,0x18,0x11,
0x14,0x3f,0x14,0xad,0x97,0x1,0x0,0x0,
0x11,0x0,0x0,0x0,0x1,0x0,0x0,0x0,
0x14,0x0,0x0,0x0,0x18,0xf,0x2f,0x98,
0x1,0x0,0x0,0x18,0x11,0x14,0x40,0x14,
0xad,0x99,0x1,0x0,0x0,0x11,0x0,0x0,
0x0,0x1,0x0,0x0,0x0,0x14,0x0,0x0,
0x0,0x18,0x10,0xad,0x9a,0x1,0x0,0x0,
0xa,0x0,0x0,0x0,0x4,0x0,0x0,0x0,
0xd,0x0,0x0,0x0,0x4d,0x41,0x2,0x0,
0x0,0x2f,0x9b,0x1,0x0,0x0,0x18,0xa,
0x2f,0x9c,0x1,0x0,0x0,0x18,0x11,0x14,
0x41,0x14,0xad,0x9d,0x1,0x0,0x0,0x11,
0x0,0x0,0x0,0x1,0x0,0x0,0x0,0x14,
0x0,0x0,0x0,0x18,0xd,0x2f,0x9e,0x1,
0x0,0x0,0x18,0x11,0x14,0x3d,0x14,0xad,
0x9f,0x1,0x0,0x0,0x11,0x0,0x0,0x0,
0x1,0x0,0x0,0x0,0x14,0x0,0x0,0x0,
0x18,0xe,0x2f,0xa0,0x1,0x0,0x0,0x18,
0x11,0x14,0x42,0x14,0xad,0xa1,0x1,0x0,
0x0,0x11,0x0,0x0,0x0,0x1,0x0,0x0,
0x0,0x14,0x0,0x0,0x0,0x18,0xf,0x2f,
0xa2,0x1,0x0,0x0,0x18,0x11,0x14,0x43,
0x14,0xad,0xa3,0x1,0x0,0x0,0x11,0x0,
0x0,0x0,0x1,0x0,0x0,0x0,0x14,0x0,
0x0,0x0,0x18,0x10,0xad,0xa4,0x1,0x0,
0x0,0xa,0x0,0x0,0x0,0x4,0x0,0x0,
0x0,0xd,0x0,0x0,0x0,0x4d,0xb0,0x1,
0x0,0x0,0x2f,0xa5,0x1,0x0,0x0,0x18,
0xa,0x2f,0xa6,0x1,0x0,0x0,0x18,0x11,
0x14,0x44,0x14,0xad,0xa7,0x1,0x0,0x0,
0x11,0x0,0x0,0x0,0x1,0x0,0x0,0x0,
0x14,0x0,0x0,0x0,0x18,0xd,0x2f,0xa8,
0x1,0x0,0x0,0x18,0x11,0x14,0x41,0x14,
0xad,0xa9,0x1,0x0,0x0,0x11,0x0,0x0,
0x0,0x1,0x0,0x0,0x0,0x14,0x0,0x0,
0x0,0x18,0xe,0x2f,0xaa,0x1,0x0,0x0,
0x18,0x11,0x14,0x45,0x14,0xad,0xab,0x1,
0x0,0x0,0x11,0x0,0x0,0x0,0x1,0x0,
0x0,0x0,0x14,0x0,0x0,0x0,0x18,0xf,
0x2f,0xac,0x1,0x0,0x0,0x18,0x11,0x14,
0x39,0x14,0xad,0xad,0x1,0x0,0x0,0x11,
0x0,0x0,0x0,0x1,0x0,0x0,0x0,0x14,
0x0,0x0,0x0,0x18,0x10,0xad,0xae,0x1,
0x0,0x0,0xa,0x0,0x0,0x0,0x4,0x0,
0x0,0x0,0xd,0x0,0x0,0x0,0x4d,0x1f,
0x1,0x0,0x0,0x2f,0xaf,0x1,0x0,0x0,
0x18,0xa,0x2f,0xb0,0x1,0x0,0x0,0x18,
0x11,0x14,0x46,0x14,0xad,0xb1,0x1,0x0,
0x0,0x11,0x0,0x0,0x0,0x1,0x0,0x0,
0x0,0x14,0x0,0x0,0x0,0x18,0xd,0x2f,
0xb2,0x1,0x0,0x0,0x18,0x11,0x14,0x44,
0x14,0xad,0xb3,0x1,0x0,0x0,0x11,0x0,
0x0,0x0,0x1,0x0,0x0,0x0,0x14,0x0,
0x0,0x0,0x18,0xe,0x2f,0xb4,0x1,0x0,
0x0,0x18,0x11,0x14,0x47,0x14,0xad,0xb5,
0x1,0x0,0x0,0x11,0x0,0x0,0x0,0x1,
0x0,0x0,0x0,0x14,0x0,0x0,0x0,0x18,
0xf,0x2f,0xb6,0x1,0x0,0x0,0x18,0x11,
0x14,0x48,0x14,0xad,0xb7,0x1,0x0,0x0,
0x11,0x0,0x0,0x0,0x1,0x0,0x0,0x0,
0x14,0x0,0x0,0x0,0x18,0x10,0xad,0xb8,
0x1,0x0,0x0,0xa,0x0,0x0,0x0,0x4,
0x0,0x0,0x0,0xd,0x0,0x0,0x0,0x4d,
0x8e,0x0,0x0,0x0,0x2f,0xb9,0x1,0x0,
0x0,0x18,0xa,0x2f,0xba,0x1,0x0,0x0,
0x18,0x11,0x14,0x49,0x14,0xad,0xbb,0x1,
0x0,0x0,0x11,0x0,0x0,0x0,0x1,0x0,
0x0,0x0,0x14,0x0,0x0,0x0,0x18,0xd,
0x2f,0xbc,0x1,0x0,0x0,0x18,0x11,0x14,
0x4a,0x14,0xad,0xbd,0x1,0x0,0x0,0x11,
0x0,0x0,0x0,0x1,0x0,0x0,0x0,0x14,
0x0,0x0,0x0,0x18,0xe,0x2f,0xbe,0x1,
0x0,0x0,0x18,0x11,0x14,0x4b,0x14,0xad,
0xbf,0x1,0x0,0x0,0x11,0x0,0x0,0x0,
0x1,0x0,0x0,0x0,0x14,0x0,0x0,0x0,
0x18,0xf,0x2f,0xc0,0x1,0x0,0x0,0x18,
0x11,0x14,0x42,0x14,0xad,0xc1,0x1,0x0,
0x0,0x11,0x0,0x0,0x0,0x1,0x0,0x0,
0x0,0x14,0x0,0x0,0x0,0x18,0x10,0xad,
0xc2,0x1,0x0,0x0,0xa,0x0,0x0,0x0,
0x4,0x0,0x0,0x0,0xd,0x0,0x0,0x0,
0x4c,0x0,0xe,0x2,0x0,0x0,0x0,0x0,
0x44,0x0,0x0,0x0,0x14,0x0,0x0,0x0,
0x23,0x1,0x0,0x0,0x0,0x0,0x0,0x0,
0x38,0x0,0x0,0x0,0x0,0x0,0x0,0x0,
0x38,0x0,0x0,0x0,0x0,0x0,0x1,0x0,
0xff,0xff,0xff,0xff,0x9,0x0,0x0,0x0,
0x6e,0x4,0x10,0x2,0x0,0x0,0x0,0x0,
0x0,0x0,0x7,0x0,0x0,0x0,0x0,0x0,
0x0,0x0,0x0,0x0,0x6e,0x4,0x0,0x0,
0x1,0x0,0x0,0x0,0x13,0xc8,0x2,0x0,
0x0,0x18,0x7,0x13,0xc9,0x2,0x0,0x0,
0x18,0x8,0xe8,0x2,0x7,0x18,0x6,0x2,
0x0,0x0,0x0,0x0,0x0,0x0,0x0,0x0,
0x74,0x0,0x0,0x0,0x5c,0x0,0x0,0x0,
0x15,0x1,0x0,0x0,0x0,0x0,0x0,0x0,
0x38,0x0,0x0,0x0,0x0,0x0,0x0,0x0,
0x38,0x0,0x0,0x0,0x0,0x0,0x5,0x0,
0xff,0xff,0xff,0xff,0xb,0x0,0x0,0x0,
0x6f,0x4,0x10,0x2,0x0,0x0,0x0,0x0,
0x0,0x0,0x7,0x0,0x0,0x0,0x0,0x0,
0x0,0x0,0x0,0x0,0x6f,0x4,0x0,0x0,
0x0,0x0,0x0,0x0,0x1,0x0,0x0,0x0,
0x70,0x4,0x0,0x0,0x2,0x0,0x0,0x0,
0xa,0x0,0x0,0x0,0x71,0x4,0x0,0x0,
0x3,0x0,0x0,0x0,0x32,0x0,0x0,0x0,
0x72,0x4,0x0,0x0,0x4,0x0,0x0,0x0,
0x58,0x0,0x0,0x0,0x73,0x4,0x0,0x0,
0x4,0x0,0x0,0x0,0xca,0x2f,0xc3,0x1,
0x0,0x0,0x5c,0x0,0x50,0x28,0x2f,0xc4,
0x1,0x0,0x0,0x18,0x7,0x2f,0xc5,0x1,
0x0,0x0,0x3d,0xc6,0x1,0x0,0x0,0x18,
0xa,0xad,0xc7,0x1,0x0,0x0,0x7,0x0,
0x0,0x0,0x1,0x0,0x0,0x0,0xa,0x0,
0x0,0x0,0x18,0x6,0x4c,0x26,0x2f,0xc8,
0x1,0x0,0x0,0x18,0x7,0x2f,0xc9,0x1,
0x0,0x0,0x3d,0xca,0x1,0x0,0x0,0x18,
0xa,0xad,0xcb,0x1,0x0,0x0,0x7,0x0,
0x0,0x0,0x1,0x0,0x0,0x0,0xa,0x0,
0x0,0x0,0x18,0x6,0xd4,0x16,0x6,0x2,
0x0,0x0,0x0,0x0,0x0,0x0,0x0,0x0,
0x44,0x0,0x0,0x0,0x13,0x0,0x0,0x0,
0x69,0x1,0x0,0x0,0x0,0x0,0x0,0x0,
0x38,0x0,0x0,0x0,0x0,0x0,0x0,0x0,
0x38,0x0,0x0,0x0,0x0,0x0,0x1,0x0,
0xff,0xff,0xff,0xff,0x8,0x0,0x0,0x0,
0x77,0x4,0x10,0x2,0x0,0x0,0x0,0x0,
0x0,0x0,0x7,0x0,0x0,0x0,0x0,0x0,
0x0,0x0,0x0,0x0,0x77,0x4,0x0,0x0,
0x1,0x0,0x0,0x0,0x2f,0xcc,0x1,0x0,
0x0,0x3d,0xcd,0x1,0x0,0x0,0x18,0x7,
0x10,0x1,0x6c,0x7,0x18,0x6,0x2,0x0,
0x0,0x0,0x0,0x0,0x0,0x0,0x0,0x0,
0x44,0x0,0x0,0x0,0x13,0x0,0x0,0x0,
0x69,0x1,0x0,0x0,0x0,0x0,0x0,0x0,
0x38,0x0,0x0,0x0,0x0,0x0,0x0,0x0,
0x38,0x0,0x0,0x0,0x0,0x0,0x1,0x0,
0xff,0xff,0xff,0xff,0x8,0x0,0x0,0x0,
0x7b,0x4,0x10,0x2,0x0,0x0,0x0,0x0,
0x0,0x0,0x7,0x0,0x0,0x0,0x0,0x0,
0x0,0x0,0x0,0x0,0x7b,0x4,0x0,0x0,
0x1,0x0,0x0,0x0,0x2f,0xce,0x1,0x0,
0x0,0x3d,0xcf,0x1,0x0,0x0,0x18,0x7,
0x10,0x1,0x6c,0x7,0x18,0x6,0x2,0x0,
0x0,0x0,0x0,0x0,0x0,0x0,0x0,0x0,
0x44,0x0,0x0,0x0,0xd,0x0,0x0,0x0,
0x28,0x1,0x0,0x0,0x0,0x0,0x0,0x0,
0x38,0x0,0x0,0x0,0x0,0x0,0x0,0x0,
0x38,0x0,0x0,0x0,0x0,0x0,0x1,0x0,
0xff,0xff,0xff,0xff,0x7,0x0,0x0,0x0,
0x80,0x4,0x10,0x2,0x0,0x0,0x0,0x0,
0x0,0x0,0x7,0x0,0x0,0x0,0x0,0x0,
0x0,0x0,0x0,0x0,0x80,0x4,0x0,0x0,
0x1,0x0,0x0,0x0,0x2f,0xd0,0x1,0x0,
0x0,0x3d,0xd1,0x1,0x0,0x0,0x18,0x6,
0x2,0x0,0x0,0x0,0x0,0x0,0x0,0x0,
0x5c,0x0,0x0,0x0,0x35,0x0,0x0,0x0,
0x74,0x1,0x0,0x0,0x0,0x0,0x0,0x0,
0x38,0x0,0x0,0x0,0x0,0x0,0x0,0x0,
0x38,0x0,0x0,0x0,0x0,0x0,0x3,0x0,
0xff,0xff,0xff,0xff,0xe,0x0,0x0,0x0,
0x84,0x4,0x10,0x2,0x0,0x0,0x0,0x0,
0x0,0x0,0x7,0x0,0x0,0x0,0x0,0x0,
0x0,0x0,0x0,0x0,0x84,0x4,0x0,0x0,
0x0,0x0,0x0,0x0,0x1,0x0,0x0,0x0,
0x85,0x4,0x0,0x0,0x2,0x0,0x0,0x0,
0x31,0x0,0x0,0x0,0x86,0x4,0x0,0x0,
0x2,0x0,0x0,0x0,0xca,0x2f,0xd2,0x1,
0x0,0x0,0x18,0x7,0x2f,0xd3,0x1,0x0,
0x0,0x18,0xd,0xb5,0xd4,0x1,0x0,0x0,
0x1,0x0,0x0,0x0,0xd,0x0,0x0,0x0,
0x18,0xa,0xad,0xd5,0x1,0x0,0x0,0x7,
0x0,0x0,0x0,0x1,0x0,0x0,0x0,0xa,
0x0,0x0,0x0,0x18,0x6,0xd4,0x16,0x6,
0x2,0x0,0x0,0x0,0x0,0x0,0x0,0x0,
0x44,0x0,0x0,0x0,0x10,0x0,0x0,0x0,
0x6c,0x1,0x0,0x0,0x0,0x0,0x0,0x0,
0x38,0x0,0x0,0x0,0x0,0x0,0x0,0x0,
0x38,0x0,0x0,0x0,0x0,0x0,0x1,0x0,
0xff,0xff,0xff,0xff,0x7,0x0,0x0,0x0,
0x7d,0x4,0x10,0x2,0x0,0x0,0x0,0x0,
0x0,0x0,0x7,0x0,0x0,0x0,0x0,0x0,
0x0,0x0,0x0,0x0,0x7d,0x4,0x0,0x0,
0x1,0x0,0x0,0x0,0x2f,0xd6,0x1,0x0,
0x0,0x50,0x4,0x10,0x3c,0x4c,0x2,0x10,
0x1e,0x18,0x6,0x2,0x0,0x0,0x0,0x0,
0x44,0x0,0x0,0x0,0xd,0x0,0x0,0x0,
0x28,0x1,0x0,0x0,0x0,0x0,0x0,0x0,
0x38,0x0,0x0,0x0,0x0,0x0,0x0,0x0,
0x38,0x0,0x0,0x0,0x0,0x0,0x1,0x0,
0xff,0xff,0xff,0xff,0x7,0x0,0x0,0x0,
0x93,0x4,0x10,0x2,0x0,0x0,0x0,0x0,
0x0,0x0,0x7,0x0,0x0,0x0,0x0,0x0,
0x0,0x0,0x0,0x0,0x93,0x4,0x0,0x0,
0x1,0x0,0x0,0x0,0x2f,0xd7,0x1,0x0,
0x0,0x3d,0xd8,0x1,0x0,0x0,0x18,0x6,
0x2,0x0,0x0,0x0,0x0,0x0,0x0,0x0,
0x44,0x0,0x0,0x0,0x10,0x0,0x0,0x0,
0x6c,0x1,0x0,0x0,0x0,0x0,0x0,0x0,
0x38,0x0,0x0,0x0,0x0,0x0,0x0,0x0,
0x38,0x0,0x0,0x0,0x0,0x0,0x1,0x0,
0xff,0xff,0xff,0xff,0x7,0x0,0x0,0x0,
0x8e,0x4,0x10,0x2,0x0,0x0,0x0,0x0,
0x0,0x0,0x7,0x0,0x0,0x0,0x0,0x0,
0x0,0x0,0x0,0x0,0x8e,0x4,0x0,0x0,
0x1,0x0,0x0,0x0,0x2f,0xd9,0x1,0x0,
0x0,0x50,0x4,0x10,0x50,0x4c,0x2,0x10,
0x28,0x18,0x6,0x2,0x0,0x0,0x0,0x0,
0x44,0x0,0x0,0x0,0xd,0x0,0x0,0x0,
0x28,0x1,0x0,0x0,0x0,0x0,0x0,0x0,
0x38,0x0,0x0,0x0,0x0,0x0,0x0,0x0,
0x38,0x0,0x0,0x0,0x0,0x0,0x1,0x0,
0xff,0xff,0xff,0xff,0x7,0x0,0x0,0x0,
0xa4,0x4,0x10,0x2,0x0,0x0,0x0,0x0,
0x0,0x0,0x7,0x0,0x0,0x0,0x0,0x0,
0x0,0x0,0x0,0x0,0xa4,0x4,0x0,0x0,
0x1,0x0,0x0,0x0,0x2f,0xda,0x1,0x0,
0x0,0x3d,0xdb,0x1,0x0,0x0,0x18,0x6,
0x2,0x0,0x0,0x0,0x0,0x0,0x0,0x0,
0x44,0x0,0x0,0x0,0x10,0x0,0x0,0x0,
0x6c,0x1,0x0,0x0,0x0,0x0,0x0,0x0,
0x38,0x0,0x0,0x0,0x0,0x0,0x0,0x0,
0x38,0x0,0x0,0x0,0x0,0x0,0x1,0x0,
0xff,0xff,0xff,0xff,0x7,0x0,0x0,0x0,
0x9f,0x4,0x10,0x2,0x0,0x0,0x0,0x0,
0x0,0x0,0x7,0x0,0x0,0x0,0x0,0x0,
0x0,0x0,0x0,0x0,0x9f,0x4,0x0,0x0,
0x1,0x0,0x0,0x0,0x2f,0xdc,0x1,0x0,
0x0,0x50,0x4,0x10,0x50,0x4c,0x2,0x10,
0x28,0x18,0x6,0x2,0x0,0x0,0x0,0x0,
0x44,0x0,0x0,0x0,0xd,0x0,0x0,0x0,
0x28,0x1,0x0,0x0,0x0,0x0,0x0,0x0,
0x38,0x0,0x0,0x0,0x0,0x0,0x0,0x0,
0x38,0x0,0x0,0x0,0x0,0x0,0x1,0x0,
0xff,0xff,0xff,0xff,0x7,0x0,0x0,0x0,
0xb2,0x4,0x10,0x2,0x0,0x0,0x0,0x0,
0x0,0x0,0x7,0x0,0x0,0x0,0x0,0x0,
0x0,0x0,0x0,0x0,0xb2,0x4,0x0,0x0,
0x1,0x0,0x0,0x0,0x2f,0xdd,0x1,0x0,
0x0,0x3d,0xde,0x1,0x0,0x0,0x18,0x6,
0x2,0x0,0x0,0x0,0x0,0x0,0x0,0x0,
0x44,0x0,0x0,0x0,0xd,0x0,0x0,0x0,
0x28,0x1,0x0,0x0,0x0,0x0,0x0,0x0,
0x38,0x0,0x0,0x0,0x0,0x0,0x0,0x0,
0x38,0x0,0x0,0x0,0x0,0x0,0x1,0x0,
0xff,0xff,0xff,0xff,0x7,0x0,0x0,0x0,
0xc0,0x4,0x10,0x2,0x0,0x0,0x0,0x0,
0x0,0x0,0x7,0x0,0x0,0x0,0x0,0x0,
0x0,0x0,0x0,0x0,0xc0,0x4,0x0,0x0,
0x1,0x0,0x0,0x0,0x2f,0xdf,0x1,0x0,
0x0,0x3d,0xe0,0x1,0x0,0x0,0x18,0x6,
0x2,0x0,0x0,0x0,0x0,0x0,0x0,0x0,
0x44,0x0,0x0,0x0,0x22,0x0,0x0,0x0,
0x23,0x1,0x0,0x0,0x0,0x0,0x0,0x0,
0x38,0x0,0x0,0x0,0x0,0x0,0x0,0x0,
0x38,0x0,0x0,0x0,0x0,0x0,0x1,0x0,
0xff,0xff,0xff,0xff,0xb,0x0,0x0,0x0,
0xcf,0x4,0x10,0x2,0x0,0x0,0x0,0x0,
0x0,0x0,0x7,0x0,0x0,0x0,0x0,0x0,
0x0,0x0,0x0,0x0,0xcf,0x4,0x0,0x0,
0x1,0x0,0x0,0x0,0x13,0xd1,0x2,0x0,
0x0,0x18,0x7,0x13,0xd2,0x2,0x0,0x0,
0x18,0x8,0x13,0xd3,0x2,0x0,0x0,0x18,
0x9,0x13,0xd4,0x2,0x0,0x0,0x18,0xa,
0xe8,0x4,0x7,0x18,0x6,0x2,0x0,0x0,
0x0,0x0,0x0,0x0,0x0,0x0,0x0,0x0,
0x44,0x0,0x0,0x0,0xd,0x0,0x0,0x0,
0x16,0x1,0x0,0x0,0x0,0x0,0x0,0x0,
0x38,0x0,0x0,0x0,0x0,0x0,0x0,0x0,
0x38,0x0,0x0,0x0,0x0,0x0,0x1,0x0,
0xff,0xff,0xff,0xff,0x7,0x0,0x0,0x0,
0xd4,0x4,0xd0,0x1,0x0,0x0,0x0,0x0,
0x0,0x0,0x7,0x0,0x0,0x0,0x0,0x0,
0x0,0x0,0x0,0x0,0xd4,0x4,0x0,0x0,
0x1,0x0,0x0,0x0,0x2f,0xe1,0x1,0x0,
0x0,0x3d,0xe2,0x1,0x0,0x0,0x18,0x6,
0x2,0x0,0x0,0x0,0x0,0x0,0x0,0x0,
0x44,0x0,0x0,0x0,0xd,0x0,0x0,0x0,
0x18,0x1,0x0,0x0,0x0,0x0,0x0,0x0,
0x38,0x0,0x0,0x0,0x0,0x0,0x0,0x0,
0x38,0x0,0x0,0x0,0x0,0x0,0x1,0x0,
0xff,0xff,0xff,0xff,0x7,0x0,0x0,0x0,
0xd5,0x4,0xd0,0x1,0x0,0x0,0x0,0x0,
0x0,0x0,0x7,0x0,0x0,0x0,0x0,0x0,
0x0,0x0,0x0,0x0,0xd5,0x4,0x0,0x0,
0x1,0x0,0x0,0x0,0x2f,0xe3,0x1,0x0,
0x0,0x3d,0xe4,0x1,0x0,0x0,0x18,0x6,
0x2,0x0,0x0,0x0,0x0,0x0,0x0,0x0,
0x44,0x0,0x0,0x0,0xd,0x0,0x0,0x0,
0x16,0x1,0x0,0x0,0x0,0x0,0x0,0x0,
0x38,0x0,0x0,0x0,0x0,0x0,0x0,0x0,
0x38,0x0,0x0,0x0,0x0,0x0,0x1,0x0,
0xff,0xff,0xff,0xff,0x7,0x0,0x0,0x0,
0xd9,0x4,0xd0,0x1,0x0,0x0,0x0,0x0,
0x0,0x0,0x7,0x0,0x0,0x0,0x0,0x0,
0x0,0x0,0x0,0x0,0xd9,0x4,0x0,0x0,
0x1,0x0,0x0,0x0,0x2f,0xe5,0x1,0x0,
0x0,0x3d,0xe6,0x1,0x0,0x0,0x18,0x6,
0x2,0x0,0x0,0x0,0x0,0x0,0x0,0x0,
0x44,0x0,0x0,0x0,0xd,0x0,0x0,0x0,
0x18,0x1,0x0,0x0,0x0,0x0,0x0,0x0,
0x38,0x0,0x0,0x0,0x0,0x0,0x0,0x0,
0x38,0x0,0x0,0x0,0x0,0x0,0x1,0x0,
0xff,0xff,0xff,0xff,0x7,0x0,0x0,0x0,
0xda,0x4,0xd0,0x1,0x0,0x0,0x0,0x0,
0x0,0x0,0x7,0x0,0x0,0x0,0x0,0x0,
0x0,0x0,0x0,0x0,0xda,0x4,0x0,0x0,
0x1,0x0,0x0,0x0,0x2f,0xe7,0x1,0x0,
0x0,0x3d,0xe8,0x1,0x0,0x0,0x18,0x6,
0x2,0x0,0x0,0x0,0x0,0x0,0x0,0x0,
0x74,0x0,0x0,0x0,0x42,0x0,0x0,0x0,
0x49,0x1,0x0,0x0,0x0,0x0,0x0,0x0,
0x38,0x0,0x0,0x0,0x0,0x0,0x0,0x0,
0x38,0x0,0x0,0x0,0x0,0x0,0x5,0x0,
0xff,0xff,0xff,0xff,0xa,0x0,0x0,0x0,
0xde,0x4,0x10,0x2,0x0,0x0,0x0,0x0,
0x0,0x0,0x7,0x0,0x0,0x0,0x0,0x0,
0x0,0x0,0x0,0x0,0xde,0x4,0x0,0x0,
0x0,0x0,0x0,0x0,0x1,0x0,0x0,0x0,
0xdf,0x4,0x0,0x0,0x2,0x0,0x0,0x0,
0x8,0x0,0x0,0x0,0xdf,0x4,0x0,0x0,
0x3,0x0,0x0,0x0,0x24,0x0,0x0,0x0,
0xe0,0x4,0x0,0x0,0x4,0x0,0x0,0x0,
0x3e,0x0,0x0,0x0,0xe1,0x4,0x0,0x0,
0x4,0x0,0x0,0x0,0xca,0x2f,0xe9,0x1,
0x0,0x0,0x50,0x1c,0x2f,0xea,0x1,0x0,
0x0,0x18,0x7,0xad,0xeb,0x1,0x0,0x0,
0x7,0x0,0x0,0x0,0x0,0x0,0x0,0x0,
0x0,0x0,0x0,0x0,0x18,0x6,0x4c,0x1a,
0x2f,0xec,0x1,0x0,0x0,0x18,0x7,0xad,
0xed,0x1,0x0,0x0,0x7,0x0,0x0,0x0,
0x0,0x0,0x0,0x0,0x0,0x0,0x0,0x0,
0x18,0x6,0xd4,0x16,0x6,0x2,0x0,0x0,
0x0,0x0,0x0,0x0,0x0,0x0,0x0,0x0,
0x80,0x0,0x0,0x0,0x7c,0x0,0x0,0x0,
0xf2,0x0,0x0,0x0,0x0,0x0,0x0,0x0,
0x38,0x0,0x0,0x0,0x0,0x0,0x0,0x0,
0x38,0x0,0x0,0x0,0x0,0x0,0x6,0x0,
0xff,0xff,0xff,0xff,0xe,0x0,0x0,0x0,
0xe5,0x4,0x10,0x2,0x0,0x0,0x0,0x0,
0x0,0x0,0x7,0x0,0x0,0x0,0x0,0x0,
0x0,0x0,0x0,0x0,0xe5,0x4,0x0,0x0,
0x0,0x0,0x0,0x0,0x1,0x0,0x0,0x0,
0xe6,0x4,0x0,0x0,0x3,0x0,0x0,0x0,
0x34,0x0,0x0,0x0,0xe7,0x4,0x0,0x0,
0x5,0x0,0x0,0x0,0x4c,0x0,0x0,0x0,
0xe8,0x4,0x0,0x0,0x7,0x0,0x0,0x0,
0x5e,0x0,0x0,0x0,0xe9,0x4,0x0,0x0,
0x8,0x0,0x0,0x0,0x78,0x0,0x0,0x0,
0xea,0x4,0x0,0x0,0x8,0x0,0x0,0x0,
0xca,0x2f,0xee,0x1,0x0,0x0,0x18,0x7,
0x2f,0xef,0x1,0x0,0x0,0x3d,0xf0,0x1,
0x0,0x0,0x18,0xd,0xb5,0xf1,0x1,0x0,
0x0,0x1,0x0,0x0,0x0,0xd,0x0,0x0,
0x0,0x18,0xa,0xad,0xf2,0x1,0x0,0x0,
0x7,0x0,0x0,0x0,0x1,0x0,0x0,0x0,
0xa,0x0,0x0,0x0,0x2f,0xf3,0x1,0x0,
0x0,0x18,0x7,0xad,0xf4,0x1,0x0,0x0,
0x7,0x0,0x0,0x0,0x0,0x0,0x0,0x0,
0x0,0x0,0x0,0x0,0x2f,0xf5,0x1,0x0,
0x0,0x18,0x7,0x12,0x0,0x43,0xf6,0x1,
0x0,0x0,0x7,0x0,0x0,0x0,0x2f,0xf7,
0x1,0x0,0x0,0x18,0x7,0x13,0xd8,0x2,
0x0,0x0,0x18,0x8,0x43,0xf8,0x1,0x0,
0x0,0x7,0x0,0x0,0x0,0x1a,0x8,0x6,
0xd4,0x16,0x6,0x2,0x0,0x0,0x0,0x0,
0x0,0x0,0x0,0x0,0x0,0x0,0x0,0x0,
0x44,0x0,0x0,0x0,0x24,0x0,0x0,0x0,
0x88,0x1,0x0,0x0,0x0,0x0,0x0,0x0,
0x38,0x0,0x0,0x0,0x0,0x0,0x0,0x0,
0x38,0x0,0x0,0x0,0x0,0x0,0x1,0x0,
0xff,0xff,0xff,0xff,0x9,0x0,0x0,0x0,
0xf0,0x4,0x90,0x2,0x0,0x0,0x0,0x0,
0x0,0x0,0x7,0x0,0x0,0x0,0x0,0x0,
0x0,0x0,0x0,0x0,0xf0,0x4,0x0,0x0,
0x1,0x0,0x0,0x0,0x2f,0xf9,0x1,0x0,
0x0,0x3d,0xfa,0x1,0x0,0x0,0x18,0x7,
0x2f,0xfb,0x1,0x0,0x0,0x9c,0x7,0x18,
0x8,0x2f,0xfc,0x1,0x0,0x0,0x3d,0xfd,
0x1,0x0,0x0,0x9e,0x8,0x18,0x6,0x2,
0x0,0x0,0x0,0x0,0x0,0x0,0x0,0x0,
0x44,0x0,0x0,0x0,0xd,0x0,0x0,0x0,
0x11,0x1,0x0,0x0,0x0,0x0,0x0,0x0,
0x38,0x0,0x0,0x0,0x0,0x0,0x0,0x0,
0x38,0x0,0x0,0x0,0x0,0x0,0x1,0x0,
0xff,0xff,0xff,0xff,0x7,0x0,0x0,0x0,
0x2,0x5,0x60,0x3,0x0,0x0,0x0,0x0,
0x0,0x0,0x7,0x0,0x0,0x0,0x0,0x0,
0x0,0x0,0x0,0x0,0x2,0x5,0x0,0x0,
0x1,0x0,0x0,0x0,0x2f,0xfe,0x1,0x0,
0x0,0x3d,0xff,0x1,0x0,0x0,0x18,0x6,
0x2,0x0,0x0,0x0,0x0,0x0,0x0,0x0,
0x44,0x0,0x0,0x0,0x8,0x0,0x0,0x0,
0x8c,0x1,0x0,0x0,0x0,0x0,0x0,0x0,
0x38,0x0,0x0,0x0,0x0,0x0,0x0,0x0,
0x38,0x0,0x0,0x0,0x0,0x0,0x1,0x0,
0xff,0xff,0xff,0xff,0x7,0x0,0x0,0x0,
0x5,0x5,0x50,0x1,0x0,0x0,0x0,0x0,
0x0,0x0,0x7,0x0,0x0,0x0,0x0,0x0,
0x0,0x0,0x0,0x0,0x5,0x5,0x0,0x0,
0x1,0x0,0x0,0x0,0x2f,0x0,0x2,0x0,
0x0,0x18,0x6,0x2,0x0,0x0,0x0,0x0,
0x44,0x0,0x0,0x0,0x8,0x0,0x0,0x0,
0xa6,0x0,0x0,0x0,0x0,0x0,0x0,0x0,
0x38,0x0,0x0,0x0,0x0,0x0,0x0,0x0,
0x38,0x0,0x0,0x0,0x0,0x0,0x1,0x0,
0xff,0xff,0xff,0xff,0x7,0x0,0x0,0x0,
0x6,0x5,0x50,0x1,0x0,0x0,0x0,0x0,
0x0,0x0,0x7,0x0,0x0,0x0,0x0,0x0,
0x0,0x0,0x0,0x0,0x6,0x5,0x0,0x0,
0x1,0x0,0x0,0x0,0x2f,0x1,0x2,0x0,
0x0,0x18,0x6,0x2,0x0,0x0,0x0,0x0,
0x44,0x0,0x0,0x0,0xd,0x0,0x0,0x0,
0xaf,0x0,0x0,0x0,0x0,0x0,0x0,0x0,
0x38,0x0,0x0,0x0,0x0,0x0,0x0,0x0,
0x38,0x0,0x0,0x0,0x0,0x0,0x1,0x0,
0xff,0xff,0xff,0xff,0x7,0x0,0x0,0x0,
0xd,0x5,0x50,0x1,0x0,0x0,0x0,0x0,
0x0,0x0,0x7,0x0,0x0,0x0,0x0,0x0,
0x0,0x0,0x0,0x0,0xd,0x5,0x0,0x0,
0x1,0x0,0x0,0x0,0x2f,0x2,0x2,0x0,
0x0,0x3d,0x3,0x2,0x0,0x0,0x18,0x6,
0x2,0x0,0x0,0x0,0x0,0x0,0x0,0x0,
0x44,0x0,0x0,0x0,0x8,0x0,0x0,0x0,
0xa6,0x0,0x0,0x0,0x0,0x0,0x0,0x0,
0x38,0x0,0x0,0x0,0x0,0x0,0x0,0x0,
0x38,0x0,0x0,0x0,0x0,0x0,0x1,0x0,
0xff,0xff,0xff,0xff,0x7,0x0,0x0,0x0,
0xe,0x5,0x50,0x1,0x0,0x0,0x0,0x0,
0x0,0x0,0x7,0x0,0x0,0x0,0x0,0x0,
0x0,0x0,0x0,0x0,0xe,0x5,0x0,0x0,
0x1,0x0,0x0,0x0,0x2f,0x4,0x2,0x0,
0x0,0x18,0x6,0x2,0x0,0x0,0x0,0x0,
0x44,0x0,0x0,0x0,0x13,0x0,0x0,0x0,
0x91,0x1,0x0,0x0,0x0,0x0,0x0,0x0,
0x38,0x0,0x0,0x0,0x0,0x0,0x0,0x0,
0x38,0x0,0x0,0x0,0x0,0x0,0x1,0x0,
0xff,0xff,0xff,0xff,0x8,0x0,0x0,0x0,
0x10,0x5,0x50,0x2,0x0,0x0,0x0,0x0,
0x0,0x0,0x7,0x0,0x0,0x0,0x0,0x0,
0x0,0x0,0x0,0x0,0x10,0x5,0x0,0x0,
0x1,0x0,0x0,0x0,0x2f,0x5,0x2,0x0,
0x0,0x3d,0x6,0x2,0x0,0x0,0x18,0x7,
0x10,0x4,0xa2,0x7,0x18,0x6,0x2,0x0,
0x0,0x0,0x0,0x0,0x0,0x0,0x0,0x0,
0x44,0x0,0x0,0x0,0x13,0x0,0x0,0x0,
0x88,0x1,0x0,0x0,0x0,0x0,0x0,0x0,
0x38,0x0,0x0,0x0,0x0,0x0,0x0,0x0,
0x38,0x0,0x0,0x0,0x0,0x0,0x1,0x0,
0xff,0xff,0xff,0xff,0x8,0x0,0x0,0x0,
0x10,0x5,0xe0,0x3,0x0,0x0,0x0,0x0,
0x0,0x0,0x7,0x0,0x0,0x0,0x0,0x0,
0x0,0x0,0x0,0x0,0x10,0x5,0x0,0x0,
0x1,0x0,0x0,0x0,0x2f,0x7,0x2,0x0,
0x0,0x3d,0x8,0x2,0x0,0x0,0x18,0x7,
0x10,0x8,0xa2,0x7,0x18,0x6,0x2,0x0,
0x0,0x0,0x0,0x0,0x0,0x0,0x0,0x0,
0x44,0x0,0x0,0x0,0x2a,0x0,0x0,0x0,
0xaf,0x0,0x0,0x0,0x0,0x0,0x0,0x0,
0x38,0x0,0x0,0x0,0x0,0x0,0x0,0x0,
0x38,0x0,0x0,0x0,0x0,0x0,0x1,0x0,
0xff,0xff,0xff,0xff,0xc,0x0,0x0,0x0,
0x12,0x5,0x90,0x1,0x0,0x0,0x0,0x0,
0x0,0x0,0x7,0x0,0x0,0x0,0x0,0x0,
0x0,0x0,0x0,0x0,0x12,0x5,0x0,0x0,
0x1,0x0,0x0,0x0,0x2f,0x9,0x2,0x0,
0x0,0x18,0x7,0x2f,0xa,0x2,0x0,0x0,
0x3d,0xb,0x2,0x0,0x0,0x18,0xa,0x14,
0x4c,0xb,0xad,0xc,0x2,0x0,0x0,0x7,
0x0,0x0,0x0,0x2,0x0,0x0,0x0,0xa,
0x0,0x0,0x0,0x18,0x6,0x2,0x0,0x0,
0x0,0x0,0x0,0x0,0x0,0x0,0x0,0x0,
0x44,0x0,0x0,0x0,0xd,0x0,0x0,0x0,
0x88,0x1,0x0,0x0,0x0,0x0,0x0,0x0,
0x38,0x0,0x0,0x0,0x0,0x0,0x0,0x0,
0x38,0x0,0x0,0x0,0x0,0x0,0x1,0x0,
0xff,0xff,0xff,0xff,0x7,0x0,0x0,0x0,
0x16,0x5,0xd0,0x1,0x0,0x0,0x0,0x0,
0x0,0x0,0x7,0x0,0x0,0x0,0x0,0x0,
0x0,0x0,0x0,0x0,0x16,0x5,0x0,0x0,
0x1,0x0,0x0,0x0,0x2f,0xd,0x2,0x0,
0x0,0x3d,0xe,0x2,0x0,0x0,0x18,0x6,
0x2,0x0,0x0,0x0,0x0,0x0,0x0,0x0,
0x44,0x0,0x0,0x0,0x8,0x0,0x0,0x0,
0xa6,0x0,0x0,0x0,0x0,0x0,0x0,0x0,
0x38,0x0,0x0,0x0,0x0,0x0,0x0,0x0,
0x38,0x0,0x0,0x0,0x0,0x0,0x1,0x0,
0xff,0xff,0xff,0xff,0x7,0x0,0x0,0x0,
0x15,0x5,0xd0,0x1,0x0,0x0,0x0,0x0,
0x0,0x0,0x7,0x0,0x0,0x0,0x0,0x0,
0x0,0x0,0x0,0x0,0x15,0x5,0x0,0x0,
0x1,0x0,0x0,0x0,0x2f,0xf,0x2,0x0,
0x0,0x18,0x6,0x2,0x0,0x0,0x0,0x0,
0x44,0x0,0x0,0x0,0x34,0x0,0x0,0x0,
0x95,0x1,0x0,0x0,0x0,0x0,0x0,0x0,
0x38,0x0,0x0,0x0,0x0,0x0,0x0,0x0,
0x38,0x0,0x0,0x0,0x0,0x0,0x1,0x0,
0xff,0xff,0xff,0xff,0x9,0x0,0x0,0x0,
0x21,0x5,0x50,0x1,0x0,0x0,0x0,0x0,
0x0,0x0,0x7,0x0,0x0,0x0,0x0,0x0,
0x0,0x0,0x0,0x0,0x21,0x5,0x0,0x0,
0x1,0x0,0x0,0x0,0x2f,0x10,0x2,0x0,
0x0,0x3d,0x11,0x2,0x0,0x0,0x18,0x7,
0x2f,0x12,0x2,0x0,0x0,0x3d,0x13,0x2,
0x0,0x0,0x3d,0x14,0x2,0x0,0x0,0x18,
0x8,0x10,0x2,0x9e,0x8,0x68,0x7,0x50,
0x7,0x13,0xf6,0x1,0x0,0x0,0x4c,0x5,
0x13,0xdb,0x2,0x0,0x0,0x18,0x6,0x2,
0x0,0x0,0x0,0x0,0x0,0x0,0x0,0x0,
0x44,0x0,0x0,0x0,0xf,0x0,0x0,0x0,
0x96,0x1,0x0,0x0,0x0,0x0,0x0,0x0,
0x38,0x0,0x0,0x0,0x0,0x0,0x0,0x0,
0x38,0x0,0x0,0x0,0x0,0x0,0x1,0x0,
0xff,0xff,0xff,0xff,0x8,0x0,0x0,0x0,
0x29,0x5,0x50,0x1,0x0,0x0,0x0,0x0,
0x0,0x0,0x7,0x0,0x0,0x0,0x0,0x0,
0x0,0x0,0x0,0x0,0x29,0x5,0x0,0x0,
0x1,0x0,0x0,0x0,0x2f,0x15,0x2,0x0,
0x0,0x78,0x18,0x7,0x10,0xa,0xa2,0x7,
0x18,0x6,0x2,0x0,0x0,0x0,0x0,0x0,
0x74,0x0,0x0,0x0,0x8a,0x0,0x0,0x0,
0xf2,0x0,0x0,0x0,0x0,0x0,0x0,0x0,
0x38,0x0,0x0,0x0,0x0,0x0,0x0,0x0,
0x38,0x0,0x0,0x0,0x0,0x0,0x5,0x0,
0xff,0xff,0xff,0xff,0xc,0x0,0x0,0x0,
0x2f,0x5,0x50,0x1,0x0,0x0,0x0,0x0,
0x0,0x0,0x7,0x0,0x0,0x0,0x0,0x0,
0x0,0x0,0x0,0x0,0x2f,0x5,0x0,0x0,
0x0,0x0,0x0,0x0,0x1,0x0,0x0,0x0,
0x30,0x5,0x0,0x0,0x2,0x0,0x0,0x0,
0x26,0x0,0x0,0x0,0x31,0x5,0x0,0x0,
0x4,0x0,0x0,0x0,0x57,0x0,0x0,0x0,
0x33,0x5,0x0,0x0,0x6,0x0,0x0,0x0,
0x86,0x0,0x0,0x0,0x35,0x5,0x0,0x0,
0x6,0x0,0x0,0x0,0xca,0x2f,0x16,0x2,
0x0,0x0,0x3d,0x17,0x2,0x0,0x0,0x18,
0x7,0x2f,0x18,0x2,0x0,0x0,0x3d,0x19,
0x2,0x0,0x0,0x3d,0x1a,0x2,0x0,0x0,
0x18,0x8,0x10,0x2,0x9e,0x8,0x68,0x7,
0x50,0x31,0x2f,0x1b,0x2,0x0,0x0,0x3d,
0x1c,0x2,0x0,0x0,0x18,0x9,0x2f,0x1d,
0x2,0x0,0x0,0x3d,0x1e,0x2,0x0,0x0,
0x3d,0x1f,0x2,0x0,0x0,0x18,0xa,0x4,
0x4d,0x9c,0xa,0x18,0xb,0x43,0x20,0x2,
0x0,0x0,0x9,0x0,0x0,0x0,0x1a,0xb,
0x6,0x4c,0x2f,0x2f,0x21,0x2,0x0,0x0,
0x3d,0x22,0x2,0x0,0x0,0x18,0x9,0x2f,
0x23,0x2,0x0,0x0,0x3d,0x24,0x2,0x0,
0x0,0x3d,0x25,0x2,0x0,0x0,0x18,0xa,
0x4,0x4e,0x9c,0xa,0x18,0xb,0x43,0x26,
0x2,0x0,0x0,0x9,0x0,0x0,0x0,0x1a,
0xb,0x6,0xd4,0x16,0x6,0x2,0x0,0x0,
0x0,0x0,0x0,0x0,0x0,0x0,0x0,0x0,
0x44,0x0,0x0,0x0,0xd,0x0,0x0,0x0,
0x18,0x1,0x0,0x0,0x0,0x0,0x0,0x0,
0x38,0x0,0x0,0x0,0x0,0x0,0x0,0x0,
0x38,0x0,0x0,0x0,0x0,0x0,0x1,0x0,
0xff,0xff,0xff,0xff,0x7,0x0,0x0,0x0,
0x28,0x5,0x50,0x1,0x0,0x0,0x0,0x0,
0x0,0x0,0x7,0x0,0x0,0x0,0x0,0x0,
0x0,0x0,0x0,0x0,0x28,0x5,0x0,0x0,
0x1,0x0,0x0,0x0,0x2f,0x27,0x2,0x0,
0x0,0x3d,0x28,0x2,0x0,0x0,0x18,0x6,
0x2,0x0,0x0,0x0,0x0,0x0,0x0,0x0,
0x44,0x0,0x0,0x0,0x12,0x0,0x0,0x0,
0x69,0x1,0x0,0x0,0x0,0x0,0x0,0x0,
0x38,0x0,0x0,0x0,0x0,0x0,0x0,0x0,
0x38,0x0,0x0,0x0,0x0,0x0,0x1,0x0,
0xff,0xff,0xff,0xff,0x8,0x0,0x0,0x0,
0x4c,0x5,0xd0,0x0,0x0,0x0,0x0,0x0,
0x0,0x0,0x7,0x0,0x0,0x0,0x0,0x0,
0x0,0x0,0x0,0x0,0x4c,0x5,0x0,0x0,
0x1,0x0,0x0,0x0,0x2f,0x29,0x2,0x0,
0x0,0x3d,0x2a,0x2,0x0,0x0,0x18,0x7,
0xa,0x60,0x7,0x18,0x6,0x2,0x0,0x0,
0x0,0x0,0x0,0x0,0x0,0x0,0x0,0x0,
0x44,0x0,0x0,0x0,0x8,0x0,0x0,0x0,
0xa6,0x0,0x0,0x0,0x0,0x0,0x0,0x0,
0x38,0x0,0x0,0x0,0x0,0x0,0x0,0x0,
0x38,0x0,0x0,0x0,0x0,0x0,0x1,0x0,
0xff,0xff,0xff,0xff,0x7,0x0,0x0,0x0,
0x4f,0x5,0x10,0x1,0x0,0x0,0x0,0x0,
0x0,0x0,0x7,0x0,0x0,0x0,0x0,0x0,
0x0,0x0,0x0,0x0,0x4f,0x5,0x0,0x0,
0x1,0x0,0x0,0x0,0x2f,0x2b,0x2,0x0,
0x0,0x18,0x6,0x2,0x0,0x0,0x0,0x0,
0x44,0x0,0x0,0x0,0xd,0x0,0x0,0x0,
0x69,0x1,0x0,0x0,0x0,0x0,0x0,0x0,
0x38,0x0,0x0,0x0,0x0,0x0,0x0,0x0,
0x38,0x0,0x0,0x0,0x0,0x0,0x1,0x0,
0xff,0xff,0xff,0xff,0x7,0x0,0x0,0x0,
0x55,0x5,0xd0,0x0,0x0,0x0,0x0,0x0,
0x0,0x0,0x7,0x0,0x0,0x0,0x0,0x0,
0x0,0x0,0x0,0x0,0x55,0x5,0x0,0x0,
0x1,0x0,0x0,0x0,0x2f,0x2c,0x2,0x0,
0x0,0x3d,0x2d,0x2,0x0,0x0,0x18,0x6,
0x2,0x0,0x0,0x0,0x0,0x0,0x0,0x0,
0x44,0x0,0x0,0x0,0xd,0x0,0x0,0x0,
0x9b,0x1,0x0,0x0,0x0,0x0,0x0,0x0,
0x38,0x0,0x0,0x0,0x0,0x0,0x0,0x0,
0x38,0x0,0x0,0x0,0x0,0x0,0x1,0x0,
0xff,0xff,0xff,0xff,0x7,0x0,0x0,0x0,
0x59,0x5,0xd0,0x0,0x0,0x0,0x0,0x0,
0x0,0x0,0x7,0x0,0x0,0x0,0x0,0x0,
0x0,0x0,0x0,0x0,0x59,0x5,0x0,0x0,
0x1,0x0,0x0,0x0,0x2f,0x2e,0x2,0x0,
0x0,0x3d,0x2f,0x2,0x0,0x0,0x18,0x6,
0x2,0x0,0x0,0x0,0x0,0x0,0x0,0x0,
0x44,0x0,0x0,0x0,0xd,0x0,0x0,0x0,
0x91,0x1,0x0,0x0,0x0,0x0,0x0,0x0,
0x38,0x0,0x0,0x0,0x0,0x0,0x0,0x0,
0x38,0x0,0x0,0x0,0x0,0x0,0x1,0x0,
0xff,0xff,0xff,0xff,0x7,0x0,0x0,0x0,
0x66,0x5,0x90,0x1,0x0,0x0,0x0,0x0,
0x0,0x0,0x7,0x0,0x0,0x0,0x0,0x0,
0x0,0x0,0x0,0x0,0x66,0x5,0x0,0x0,
0x1,0x0,0x0,0x0,0x2f,0x30,0x2,0x0,
0x0,0x3d,0x31,0x2,0x0,0x0,0x18,0x6,
0x2,0x0,0x0,0x0,0x0,0x0,0x0,0x0,
0x44,0x0,0x0,0x0,0xd,0x0,0x0,0x0,
0xa0,0x1,0x0,0x0,0x0,0x0,0x0,0x0,
0x38,0x0,0x0,0x0,0x0,0x0,0x0,0x0,
0x38,0x0,0x0,0x0,0x0,0x0,0x1,0x0,
0xff,0xff,0xff,0xff,0x7,0x0,0x0,0x0,
0x67,0x5,0x90,0x1,0x0,0x0,0x0,0x0,
0x0,0x0,0x7,0x0,0x0,0x0,0x0,0x0,
0x0,0x0,0x0,0x0,0x67,0x5,0x0,0x0,
0x1,0x0,0x0,0x0,0x2f,0x32,0x2,0x0,
0x0,0x3d,0x33,0x2,0x0,0x0,0x18,0x6,
0x2,0x0,0x0,0x0,0x0,0x0,0x0,0x0,
0x44,0x0,0x0,0x0,0x1b,0x0,0x0,0x0,
0xa4,0x1,0x0,0x0,0x0,0x0,0x0,0x0,
0x38,0x0,0x0,0x0,0x0,0x0,0x0,0x0,
0x38,0x0,0x0,0x0,0x0,0x0,0x1,0x0,
0xff,0xff,0xff,0xff,0x8,0x0,0x0,0x0,
0x72,0x5,0x10,0x2,0x0,0x0,0x0,0x0,
0x0,0x0,0x7,0x0,0x0,0x0,0x0,0x0,
0x0,0x0,0x0,0x0,0x72,0x5,0x0,0x0,
0x1,0x0,0x0,0x0,0x2f,0x34,0x2,0x0,
0x0,0x3d,0x35,0x2,0x0,0x0,0x18,0x7,
0x2f,0x36,0x2,0x0,0x0,0x3d,0x37,0x2,
0x0,0x0,0x66,0x7,0x18,0x6,0x2,0x0,
0x0,0x0,0x0,0x0,0x0,0x0,0x0,0x0,
0x44,0x0,0x0,0x0,0x8,0x0,0x0,0x0,
0x82,0x0,0x0,0x0,0x0,0x0,0x0,0x0,
0x38,0x0,0x0,0x0,0x0,0x0,0x0,0x0,
0x38,0x0,0x0,0x0,0x0,0x0,0x1,0x0,
0xff,0xff,0xff,0xff,0x7,0x0,0x0,0x0,
0x74,0x5,0x50,0x2,0x0,0x0,0x0,0x0,
0x0,0x0,0x7,0x0,0x0,0x0,0x0,0x0,
0x0,0x0,0x0,0x0,0x74,0x5,0x0,0x0,
0x1,0x0,0x0,0x0,0x2f,0x38,0x2,0x0,
0x0,0x18,0x6,0x2,0x0,0x0,0x0,0x0,
0x44,0x0,0x0,0x0,0xe,0x0,0x0,0x0,
0x96,0x1,0x0,0x0,0x0,0x0,0x0,0x0,
0x38,0x0,0x0,0x0,0x0,0x0,0x0,0x0,
0x38,0x0,0x0,0x0,0x0,0x0,0x1,0x0,
0xff,0xff,0xff,0xff,0x7,0x0,0x0,0x0,
0x75,0x5,0x50,0x2,0x0,0x0,0x0,0x0,
0x0,0x0,0x7,0x0,0x0,0x0,0x0,0x0,
0x0,0x0,0x0,0x0,0x75,0x5,0x0,0x0,
0x1,0x0,0x0,0x0,0x2f,0x39,0x2,0x0,
0x0,0x3d,0x3a,0x2,0x0,0x0,0x78,0x18,
0x6,0x2,0x0,0x0,0x0,0x0,0x0,0x0,
0x44,0x0,0x0,0x0,0x8,0x0,0x0,0x0,
0x82,0x0,0x0,0x0,0x0,0x0,0x0,0x0,
0x38,0x0,0x0,0x0,0x0,0x0,0x0,0x0,
0x38,0x0,0x0,0x0,0x0,0x0,0x1,0x0,
0xff,0xff,0xff,0xff,0x7,0x0,0x0,0x0,
0x78,0x5,0x50,0x2,0x0,0x0,0x0,0x0,
0x0,0x0,0x7,0x0,0x0,0x0,0x0,0x0,
0x0,0x0,0x0,0x0,0x78,0x5,0x0,0x0,
0x1,0x0,0x0,0x0,0x2f,0x3b,0x2,0x0,
0x0,0x18,0x6,0x2,0x0,0x0,0x0,0x0,
0x44,0x0,0x0,0x0,0x4,0x0,0x0,0x0,
0xa8,0x1,0x0,0x0,0x0,0x0,0x0,0x0,
0x38,0x0,0x0,0x0,0x0,0x0,0x0,0x0,
0x38,0x0,0x0,0x0,0x0,0x0,0x1,0x0,
0xff,0xff,0xff,0xff,0x7,0x0,0x0,0x0,
0x79,0x5,0x50,0x2,0x0,0x0,0x0,0x0,
0x0,0x0,0x7,0x0,0x0,0x0,0x0,0x0,
0x0,0x0,0x0,0x0,0x79,0x5,0x0,0x0,
0x1,0x0,0x0,0x0,0xe,0x18,0x6,0x2,
0x0,0x0,0x0,0x0,0x0,0x0,0x0,0x0,
0x44,0x0,0x0,0x0,0x1b,0x0,0x0,0x0,
0xa4,0x1,0x0,0x0,0x0,0x0,0x0,0x0,
0x38,0x0,0x0,0x0,0x0,0x0,0x0,0x0,
0x38,0x0,0x0,0x0,0x0,0x0,0x1,0x0,
0xff,0xff,0xff,0xff,0x8,0x0,0x0,0x0,
0x6b,0x5,0x10,0x2,0x0,0x0,0x0,0x0,
0x0,0x0,0x7,0x0,0x0,0x0,0x0,0x0,
0x0,0x0,0x0,0x0,0x6b,0x5,0x0,0x0,
0x1,0x0,0x0,0x0,0x2f,0x3c,0x2,0x0,
0x0,0x3d,0x3d,0x2,0x0,0x0,0x18,0x7,
0x2f,0x3e,0x2,0x0,0x0,0x3d,0x3f,0x2,
0x0,0x0,0x68,0x7,0x18,0x6,0x2,0x0,
0x0,0x0,0x0,0x0,0x0,0x0,0x0,0x0,
0x44,0x0,0x0,0x0,0x8,0x0,0x0,0x0,
0x82,0x0,0x0,0x0,0x0,0x0,0x0,0x0,
0x38,0x0,0x0,0x0,0x0,0x0,0x0,0x0,
0x38,0x0,0x0,0x0,0x0,0x0,0x1,0x0,
0xff,0xff,0xff,0xff,0x7,0x0,0x0,0x0,
0x6d,0x5,0x50,0x2,0x0,0x0,0x0,0x0,
0x0,0x0,0x7,0x0,0x0,0x0,0x0,0x0,
0x0,0x0,0x0,0x0,0x6d,0x5,0x0,0x0,
0x1,0x0,0x0,0x0,0x2f,0x40,0x2,0x0,
0x0,0x18,0x6,0x2,0x0,0x0,0x0,0x0,
0x44,0x0,0x0,0x0,0xd,0x0,0x0,0x0,
0xa8,0x1,0x0,0x0,0x0,0x0,0x0,0x0,
0x38,0x0,0x0,0x0,0x0,0x0,0x0,0x0,
0x38,0x0,0x0,0x0,0x0,0x0,0x1,0x0,
0xff,0xff,0xff,0xff,0x7,0x0,0x0,0x0,
0x6e,0x5,0x50,0x2,0x0,0x0,0x0,0x0,
0x0,0x0,0x7,0x0,0x0,0x0,0x0,0x0,
0x0,0x0,0x0,0x0,0x6e,0x5,0x0,0x0,
0x1,0x0,0x0,0x0,0x2f,0x41,0x2,0x0,
0x0,0x3d,0x42,0x2,0x0,0x0,0x18,0x6,
0x2,0x0,0x0,0x0,0x0,0x0,0x0,0x0,
0x44,0x0,0x0,0x0,0xd,0x0,0x0,0x0,
0x91,0x1,0x0,0x0,0x0,0x0,0x0,0x0,
0x38,0x0,0x0,0x0,0x0,0x0,0x0,0x0,
0x38,0x0,0x0,0x0,0x0,0x0,0x1,0x0,
0xff,0xff,0xff,0xff,0x7,0x0,0x0,0x0,
0x85,0x5,0x90,0x1,0x0,0x0,0x0,0x0,
0x0,0x0,0x7,0x0,0x0,0x0,0x0,0x0,
0x0,0x0,0x0,0x0,0x85,0x5,0x0,0x0,
0x1,0x0,0x0,0x0,0x2f,0x43,0x2,0x0,
0x0,0x3d,0x44,0x2,0x0,0x0,0x18,0x6,
0x2,0x0,0x0,0x0,0x0,0x0,0x0,0x0,
0x44,0x0,0x0,0x0,0xd,0x0,0x0,0x0,
0x88,0x1,0x0,0x0,0x0,0x0,0x0,0x0,
0x38,0x0,0x0,0x0,0x0,0x0,0x0,0x0,
0x38,0x0,0x0,0x0,0x0,0x0,0x1,0x0,
0xff,0xff,0xff,0xff,0x7,0x0,0x0,0x0,
0x86,0x5,0x90,0x1,0x0,0x0,0x0,0x0,
0x0,0x0,0x7,0x0,0x0,0x0,0x0,0x0,
0x0,0x0,0x0,0x0,0x86,0x5,0x0,0x0,
0x1,0x0,0x0,0x0,0x2f,0x45,0x2,0x0,
0x0,0x3d,0x46,0x2,0x0,0x0,0x18,0x6,
0x2,0x0,0x0,0x0,0x0,0x0,0x0,0x0,
0x44,0x0,0x0,0x0,0x12,0x0,0x0,0x0,
0x69,0x1,0x0,0x0,0x0,0x0,0x0,0x0,
0x38,0x0,0x0,0x0,0x0,0x0,0x0,0x0,
0x38,0x0,0x0,0x0,0x0,0x0,0x1,0x0,
0xff,0xff,0xff,0xff,0x8,0x0,0x0,0x0,
0x88,0x5,0x90,0x1,0x0,0x0,0x0,0x0,
0x0,0x0,0x7,0x0,0x0,0x0,0x0,0x0,
0x0,0x0,0x0,0x0,0x88,0x5,0x0,0x0,
0x1,0x0,0x0,0x0,0x2f,0x47,0x2,0x0,
0x0,0x3d,0x48,0x2,0x0,0x0,0x18,0x7,
0x6,0x64,0x7,0x18,0x6,0x2,0x0,0x0,
0x0,0x0,0x0,0x0,0x0,0x0,0x0,0x0,
0x44,0x0,0x0,0x0,0xd,0x0,0x0,0x0,
0xa8,0x1,0x0,0x0,0x0,0x0,0x0,0x0,
0x38,0x0,0x0,0x0,0x0,0x0,0x0,0x0,
0x38,0x0,0x0,0x0,0x0,0x0,0x1,0x0,
0xff,0xff,0xff,0xff,0x7,0x0,0x0,0x0,
0x84,0x5,0x90,0x1,0x0,0x0,0x0,0x0,
0x0,0x0,0x7,0x0,0x0,0x0,0x0,0x0,
0x0,0x0,0x0,0x0,0x84,0x5,0x0,0x0,
0x1,0x0,0x0,0x0,0x2f,0x49,0x2,0x0,
0x0,0x3d,0x4a,0x2,0x0,0x0,0x18,0x6,
0x2,0x0,0x0,0x0,0x0,0x0,0x0,0x0,
0x44,0x0,0x0,0x0,0x8,0x0,0x0,0x0,
0x8c,0x1,0x0,0x0,0x0,0x0,0x0,0x0,
0x38,0x0,0x0,0x0,0x0,0x0,0x0,0x0,
0x38,0x0,0x0,0x0,0x0,0x0,0x1,0x0,
0xff,0xff,0xff,0xff,0x7,0x0,0x0,0x0,
0x8d,0x5,0x90,0x1,0x0,0x0,0x0,0x0,
0x0,0x0,0x7,0x0,0x0,0x0,0x0,0x0,
0x0,0x0,0x0,0x0,0x8d,0x5,0x0,0x0,
0x1,0x0,0x0,0x0,0x2f,0x4b,0x2,0x0,
0x0,0x18,0x6,0x2,0x0,0x0,0x0,0x0,
0x44,0x0,0x0,0x0,0x8,0x0,0x0,0x0,
0xa6,0x0,0x0,0x0,0x0,0x0,0x0,0x0,
0x38,0x0,0x0,0x0,0x0,0x0,0x0,0x0,
0x38,0x0,0x0,0x0,0x0,0x0,0x1,0x0,
0xff,0xff,0xff,0xff,0x7,0x0,0x0,0x0,
0x8b,0x5,0x90,0x1,0x0,0x0,0x0,0x0,
0x0,0x0,0x7,0x0,0x0,0x0,0x0,0x0,
0x0,0x0,0x0,0x0,0x8b,0x5,0x0,0x0,
0x1,0x0,0x0,0x0,0x2f,0x4c,0x2,0x0,
0x0,0x18,0x6,0x2,0x0,0x0,0x0,0x0,
0x44,0x0,0x0,0x0,0xd,0x0,0x0,0x0,
0xb1,0x1,0x0,0x0,0x0,0x0,0x0,0x0,
0x38,0x0,0x0,0x0,0x0,0x0,0x0,0x0,
0x38,0x0,0x0,0x0,0x0,0x0,0x1,0x0,
0xff,0xff,0xff,0xff,0x7,0x0,0x0,0x0,
0x94,0x5,0x90,0x1,0x0,0x0,0x0,0x0,
0x0,0x0,0x7,0x0,0x0,0x0,0x0,0x0,
0x0,0x0,0x0,0x0,0x94,0x5,0x0,0x0,
0x1,0x0,0x0,0x0,0x2f,0x4d,0x2,0x0,
0x0,0x3d,0x4e,0x2,0x0,0x0,0x18,0x6,
0x2,0x0,0x0,0x0,0x0,0x0,0x0,0x0,
0x44,0x0,0x0,0x0,0x8,0x0,0x0,0x0,
0xb4,0x1,0x0,0x0,0x0,0x0,0x0,0x0,
0x38,0x0,0x0,0x0,0x0,0x0,0x0,0x0,
0x38,0x0,0x0,0x0,0x0,0x0,0x1,0x0,
0xff,0xff,0xff,0xff,0x7,0x0,0x0,0x0,
0x96,0x5,0x90,0x1,0x0,0x0,0x0,0x0,
0x0,0x0,0x7,0x0,0x0,0x0,0x0,0x0,
0x0,0x0,0x0,0x0,0x96,0x5,0x0,0x0,
0x1,0x0,0x0,0x0,0x2f,0x4f,0x2,0x0,
0x0,0x18,0x6,0x2,0x0,0x0,0x0,0x0,
0x44,0x0,0x0,0x0,0xd,0x0,0x0,0x0,
0xb7,0x1,0x0,0x0,0x0,0x0,0x0,0x0,
0x38,0x0,0x0,0x0,0x0,0x0,0x0,0x0,
0x38,0x0,0x0,0x0,0x0,0x0,0x1,0x0,
0xff,0xff,0xff,0xff,0x7,0x0,0x0,0x0,
0x99,0x5,0x90,0x1,0x0,0x0,0x0,0x0,
0x0,0x0,0x7,0x0,0x0,0x0,0x0,0x0,
0x0,0x0,0x0,0x0,0x99,0x5,0x0,0x0,
0x1,0x0,0x0,0x0,0x2f,0x50,0x2,0x0,
0x0,0x3d,0x51,0x2,0x0,0x0,0x18,0x6,
0x2,0x0,0x0,0x0,0x0,0x0,0x0,0x0,
0x68,0x0,0x0,0x0,0x20,0x0,0x0,0x0,
0xbd,0x1,0x0,0x0,0x0,0x0,0x0,0x0,
0x38,0x0,0x0,0x0,0x0,0x0,0x0,0x0,
0x38,0x0,0x0,0x0,0x0,0x0,0x4,0x0,
0xff,0xff,0xff,0xff,0x8,0x0,0x0,0x0,
0xa3,0x5,0x90,0x1,0x0,0x0,0x0,0x0,
0x0,0x0,0x7,0x0,0x0,0x0,0x0,0x0,
0x0,0x0,0x0,0x0,0xa3,0x5,0x0,0x0,
0x0,0x0,0x0,0x0,0x1,0x0,0x0,0x0,
0xa4,0x5,0x0,0x0,0x2,0x0,0x0,0x0,
0xd,0x0,0x0,0x0,0xa5,0x5,0x0,0x0,
0x4,0x0,0x0,0x0,0x1c,0x0,0x0,0x0,
0xa7,0x5,0x0,0x0,0x4,0x0,0x0,0x0,
0xca,0x2f,0x52,0x2,0x0,0x0,0x3d,0x53,
0x2,0x0,0x0,0x50,0xf,0x2f,0x54,0x2,
0x0,0x0,0x18,0x7,0x31,0xb5,0x1,0x0,
0x0,0x1a,0x7,0x6,0xd4,0x16,0x6,0x2,
0x0,0x0,0x0,0x0,0x0,0x0,0x0,0x0,
0x44,0x0,0x0,0x0,0xd,0x0,0x0,0x0,
0xc5,0x1,0x0,0x0,0x0,0x0,0x0,0x0,
0x38,0x0,0x0,0x0,0x0,0x0,0x0,0x0,
0x38,0x0,0x0,0x0,0x0,0x0,0x1,0x0,
0xff,0xff,0xff,0xff,0x7,0x0,0x0,0x0,
0xbc,0x5,0x90,0x1,0x0,0x0,0x0,0x0,
0x0,0x0,0x7,0x0,0x0,0x0,0x0,0x0,
0x0,0x0,0x0,0x0,0xbc,0x5,0x0,0x0,
0x1,0x0,0x0,0x0,0x2f,0x55,0x2,0x0,
0x0,0x3d,0x56,0x2,0x0,0x0,0x18,0x6,
0x2,0x0,0x0,0x0,0x0,0x0,0x0,0x0,
0x44,0x0,0x0,0x0,0x12,0x0,0x0,0x0,
0xd2,0x1,0x0,0x0,0x0,0x0,0x0,0x0,
0x38,0x0,0x0,0x0,0x0,0x0,0x0,0x0,
0x38,0x0,0x0,0x0,0x0,0x0,0x1,0x0,
0xff,0xff,0xff,0xff,0x7,0x0,0x0,0x0,
0xd3,0x5,0x90,0x1,0x0,0x0,0x0,0x0,
0x0,0x0,0x7,0x0,0x0,0x0,0x0,0x0,
0x0,0x0,0x0,0x0,0xd3,0x5,0x0,0x0,
0x1,0x0,0x0,0x0,0x2f,0x57,0x2,0x0,
0x0,0x3d,0x58,0x2,0x0,0x0,0x3d,0x59,
0x2,0x0,0x0,0x18,0x6,0x2,0x0,0x0,
0x0,0x0,0x0,0x0,0x0,0x0,0x0,0x0,
0x5c,0x0,0x0,0x0,0x52,0x0,0x0,0x0,
0xd4,0x1,0x0,0x0,0x0,0x0,0x0,0x0,
0x38,0x0,0x0,0x0,0x0,0x0,0x0,0x0,
0x38,0x0,0x0,0x0,0x0,0x0,0x3,0x0,
0xff,0xff,0xff,0xff,0xe,0x0,0x0,0x0,
0xd4,0x5,0x90,0x1,0x0,0x0,0x0,0x0,
0x0,0x0,0x7,0x0,0x0,0x0,0x0,0x0,
0x0,0x0,0x0,0x0,0xd4,0x5,0x0,0x0,
0x0,0x0,0x0,0x0,0x1,0x0,0x0,0x0,
0xd5,0x5,0x0,0x0,0x2,0x0,0x0,0x0,
0x4e,0x0,0x0,0x0,0xd6,0x5,0x0,0x0,
0x2,0x0,0x0,0x0,0xca,0x2f,0x5a,0x2,
0x0,0x0,0x18,0x7,0x2f,0x5b,0x2,0x0,
0x0,0x18,0xc,0x2f,0x5c,0x2,0x0,0x0,
0x3d,0x5d,0x2,0x0,0x0,0x9c,0xc,0x18,
0xa,0x2f,0x5e,0x2,0x0,0x0,0x18,0xc,
0x2f,0x5f,0x2,0x0,0x0,0x3d,0x60,0x2,
0x0,0x0,0x9c,0xc,0x18,0xd,0x2f,0x61,
0x2,0x0,0x0,0x80,0xd,0x18,0xb,0xad,
0x62,0x2,0x0,0x0,0x7,0x0,0x0,0x0,
0x2,0x0,0x0,0x0,0xa,0x0,0x0,0x0,
0x18,0x6,0xd4,0x16,0x6,0x2,0x0,0x0,
0x0,0x0,0x0,0x0,0x0,0x0,0x0,0x0,
0x5c,0x0,0x0,0x0,0x52,0x0,0x0,0x0,
0xd6,0x1,0x0,0x0,0x0,0x0,0x0,0x0,
0x38,0x0,0x0,0x0,0x0,0x0,0x0,0x0,
0x38,0x0,0x0,0x0,0x0,0x0,0x3,0x0,
0xff,0xff,0xff,0xff,0xe,0x0,0x0,0x0,
0xd7,0x5,0x90,0x1,0x0,0x0,0x0,0x0,
0x0,0x0,0x7,0x0,0x0,0x0,0x0,0x0,
0x0,0x0,0x0,0x0,0xd7,0x5,0x0,0x0,
0x0,0x0,0x0,0x0,0x1,0x0,0x0,0x0,
0xd8,0x5,0x0,0x0,0x2,0x0,0x0,0x0,
0x4e,0x0,0x0,0x0,0xd9,0x5,0x0,0x0,
0x2,0x0,0x0,0x0,0xca,0x2f,0x63,0x2,
0x0,0x0,0x18,0x7,0x2f,0x64,0x2,0x0,
0x0,0x18,0xc,0x2f,0x65,0x2,0x0,0x0,
0x3d,0x66,0x2,0x0,0x0,0x9c,0xc,0x18,
0xa,0x2f,0x67,0x2,0x0,0x0,0x18,0xc,
0x2f,0x68,0x2,0x0,0x0,0x3d,0x69,0x2,
0x0,0x0,0x9c,0xc,0x18,0xd,0x2f,0x6a,
0x2,0x0,0x0,0x80,0xd,0x18,0xb,0xad,
0x6b,0x2,0x0,0x0,0x7,0x0,0x0,0x0,
0x2,0x0,0x0,0x0,0xa,0x0,0x0,0x0,
0x18,0x6,0xd4,0x16,0x6,0x2,0x0,0x0,
0x0,0x0,0x0,0x0,0x0,0x0,0x0,0x0,
0x44,0x0,0x0,0x0,0x8,0x0,0x0,0x0,
0xa6,0x0,0x0,0x0,0x0,0x0,0x0,0x0,
0x38,0x0,0x0,0x0,0x0,0x0,0x0,0x0,
0x38,0x0,0x0,0x0,0x0,0x0,0x1,0x0,
0xff,0xff,0xff,0xff,0x7,0x0,0x0,0x0,
0x93,0x5,0x90,0x1,0x0,0x0,0x0,0x0,
0x0,0x0,0x7,0x0,0x0,0x0,0x0,0x0,
0x0,0x0,0x0,0x0,0x93,0x5,0x0,0x0,
0x1,0x0,0x0,0x0,0x2f,0x6c,0x2,0x0,
0x0,0x18,0x6,0x2,0x0,0x0,0x0,0x0,
0x44,0x0,0x0,0x0,0xe,0x0,0x0,0x0,
0xb8,0x1,0x0,0x0,0x0,0x0,0x0,0x0,
0x38,0x0,0x0,0x0,0x0,0x0,0x0,0x0,
0x38,0x0,0x0,0x0,0x0,0x0,0x1,0x0,
0xff,0xff,0xff,0xff,0x7,0x0,0x0,0x0,
0x9c,0x5,0xd0,0x1,0x0,0x0,0x0,0x0,
0x0,0x0,0x7,0x0,0x0,0x0,0x0,0x0,
0x0,0x0,0x0,0x0,0x9c,0x5,0x0,0x0,
0x1,0x0,0x0,0x0,0x2f,0x6d,0x2,0x0,
0x0,0x3d,0x6e,0x2,0x0,0x0,0x74,0x18,
0x6,0x2,0x0,0x0,0x0,0x0,0x0,0x0,
0x44,0x0,0x0,0x0,0x1e,0x0,0x0,0x0,
0xc1,0x1,0x0,0x0,0x0,0x0,0x0,0x0,
0x38,0x0,0x0,0x0,0x0,0x0,0x0,0x0,
0x38,0x0,0x0,0x0,0x0,0x0,0x1,0x0,
0xff,0xff,0xff,0xff,0xb,0x0,0x0,0x0,
0xac,0x5,0xd0,0x1,0x0,0x0,0x0,0x0,
0x0,0x0,0x7,0x0,0x0,0x0,0x0,0x0,
0x0,0x0,0x0,0x0,0xac,0x5,0x0,0x0,
0x1,0x0,0x0,0x0,0x2f,0x6f,0x2,0x0,
0x0,0x18,0x7,0x14,0x4f,0xa,0xad,0x70,
0x2,0x0,0x0,0x7,0x0,0x0,0x0,0x1,
0x0,0x0,0x0,0xa,0x0,0x0,0x0,0x18,
0x6,0x2,0x0,0x0,0x0,0x0,0x0,0x0,
0x5c,0x0,0x0,0x0,0xc,0x0,0x0,0x0,
0xc3,0x1,0x0,0x0,0x0,0x0,0x0,0x0,
0x38,0x0,0x0,0x0,0x0,0x0,0x0,0x0,
0x38,0x0,0x0,0x0,0x0,0x0,0x3,0x0,
0xd2,0x0,0x0,0x0,0x7,0x0,0x0,0x0,
0xad,0x5,0xd0,0x1,0x0,0x0,0x0,0x0,
0x0,0x0,0x7,0x0,0x0,0x0,0x8,0x0,
0x0,0x0,0x0,0x0,0xad,0x5,0x0,0x0,
0x0,0x0,0x0,0x0,0x1,0x0,0x0,0x0,
0xad,0x5,0x0,0x0,0x1,0x0,0x0,0x0,
0x8,0x0,0x0,0x0,0xb7,0x5,0x0,0x0,
0x1,0x0,0x0,0x0,0xca,0x29,0xd2,0x0,
0x0,0x0,0x18,0x6,0xd4,0x16,0x6,0x2,
0x0,0x0,0x0,0x0,0x0,0x0,0x0,0x0,
0xb8,0x0,0x0,0x0,0x2,0x1,0x0,0x0,
0x0,0x0,0x0,0x0,0x1,0x0,0x1,0x0,
0x38,0x0,0x0,0x0,0x0,0x0,0x0,0x0,
0x40,0x0,0x0,0x0,0x0,0x0,0xa,0x0,
0xff,0xff,0xff,0xff,0x11,0x0,0x0,0x0,
0xad,0x5,0x60,0x2,0x0,0x0,0x0,0x0,
0x0,0x0,0x8,0x0,0x0,0x0,0x0,0x0,
0x3,0x3,0x0,0x0,0x0,0x0,0x0,0x0,
0x0,0x0,0x0,0x0,0xae,0x5,0x0,0x0,
0x1,0x0,0x0,0x0,0x13,0x0,0x0,0x0,
0xaf,0x5,0x0,0x0,0x4,0x0,0x0,0x0,
0x53,0x0,0x0,0x0,0xb0,0x5,0x0,0x0,
0x6,0x0,0x0,0x0,0x72,0x0,0x0,0x0,
0xb1,0x5,0x0,0x0,0x7,0x0,0x0,0x0,
0x85,0x0,0x0,0x0,0xb2,0x5,0x0,0x0,
0xa,0x0,0x0,0x0,0xad,0x0,0x0,0x0,
0xb3,0x5,0x0,0x0,0xa,0x0,0x0,0x0,
0xc2,0x0,0x0,0x0,0xb2,0x5,0x0,0x0,
0xa,0x0,0x0,0x0,0xdc,0x0,0x0,0x0,
0xb4,0x5,0x0,0x0,0xc,0x0,0x0,0x0,
0xf6,0x0,0x0,0x0,0xb6,0x5,0x0,0x0,
0xe,0x0,0x0,0x0,0x0,0x1,0x0,0x0,
0xb7,0x5,0x0,0x0,0xe,0x0,0x0,0x0,
0x16,0x6,0x3d,0x71,0x2,0x0,0x0,0x3d,
0x72,0x2,0x0,0x0,0x18,0x8,0x6,0x64,
0x8,0x50,0x5f,0x2f,0x73,0x2,0x0,0x0,
0x18,0x9,0x2f,0x74,0x2,0x0,0x0,0x18,
0xa,0x14,0x50,0xd,0x2f,0x75,0x2,0x0,
0x0,0x3d,0x76,0x2,0x0,0x0,0x18,0xf,
0x2f,0x77,0x2,0x0,0x0,0xa2,0xf,0x18,
0xe,0xad,0x78,0x2,0x0,0x0,0xa,0x0,
0x0,0x0,0x2,0x0,0x0,0x0,0xd,0x0,
0x0,0x0,0x43,0x79,0x2,0x0,0x0,0x9,
0x0,0x0,0x0,0x2f,0x7a,0x2,0x0,0x0,
0x18,0x9,0x2f,0x7b,0x2,0x0,0x0,0x3d,
0x7c,0x2,0x0,0x0,0x43,0x7d,0x2,0x0,
0x0,0x9,0x0,0x0,0x0,0x4d,0x84,0x0,
0x0,0x0,0x16,0x6,0x3d,0x7e,0x2,0x0,
0x0,0x3d,0x7f,0x2,0x0,0x0,0x18,0x9,
0x6,0x68,0x9,0x50,0x71,0x2f,0x80,0x2,
0x0,0x0,0x18,0xa,0x2f,0x81,0x2,0x0,
0x0,0x18,0xb,0x2f,0x82,0x2,0x0,0x0,
0x3d,0x83,0x2,0x0,0x0,0x18,0x10,0x2f,
0x84,0x2,0x0,0x0,0x3d,0x85,0x2,0x0,
0x0,0xa2,0x10,0x18,0xe,0x2f,0x86,0x2,
0x0,0x0,0x3d,0x87,0x2,0x0,0x0,0x18,
0x10,0x2f,0x88,0x2,0x0,0x0,0x80,0x10,
0x18,0xf,0xad,0x89,0x2,0x0,0x0,0xb,
0x0,0x0,0x0,0x2,0x0,0x0,0x0,0xe,
0x0,0x0,0x0,0x43,0x8a,0x2,0x0,0x0,
0xa,0x0,0x0,0x0,0x2f,0x8b,0x2,0x0,
0x0,0x18,0xa,0x2f,0x8c,0x2,0x0,0x0,
0x3d,0x8d,0x2,0x0,0x0,0x43,0x8e,0x2,
0x0,0x0,0xa,0x0,0x0,0x0,0x8,0x43,
0x8f,0x2,0x0,0x0,0x6,0x0,0x0,0x0,
0xe,0x2,0x0,0x0,0x0,0x0,0x0,0x0,
0x0,0x0,0x0,0x0,0x0,0x0,0x0,0x0,
0x44,0x0,0x0,0x0,0x8,0x0,0x0,0x0,
0xa6,0x0,0x0,0x0,0x0,0x0,0x0,0x0,
0x38,0x0,0x0,0x0,0x0,0x0,0x0,0x0,
0x38,0x0,0x0,0x0,0x0,0x0,0x1,0x0,
0xff,0xff,0xff,0xff,0x7,0x0,0x0,0x0,
0xab,0x5,0xd0,0x1,0x0,0x0,0x0,0x0,
0x0,0x0,0x7,0x0,0x0,0x0,0x0,0x0,
0x0,0x0,0x0,0x0,0xab,0x5,0x0,0x0,
0x1,0x0,0x0,0x0,0x2f,0x90,0x2,0x0,
0x0,0x18,0x6,0x2,0x0,0x0,0x0,0x0,
0x44,0x0,0x0,0x0,0x1b,0x0,0x0,0x0,
0xa4,0x1,0x0,0x0,0x0,0x0,0x0,0x0,
0x38,0x0,0x0,0x0,0x0,0x0,0x0,0x0,
0x38,0x0,0x0,0x0,0x0,0x0,0x1,0x0,
0xff,0xff,0xff,0xff,0x8,0x0,0x0,0x0,
0xbf,0x5,0xd0,0x1,0x0,0x0,0x0,0x0,
0x0,0x0,0x7,0x0,0x0,0x0,0x0,0x0,
0x0,0x0,0x0,0x0,0xbf,0x5,0x0,0x0,
0x1,0x0,0x0,0x0,0x2f,0x91,0x2,0x0,
0x0,0x3d,0x92,0x2,0x0,0x0,0x18,0x7,
0x2f,0x93,0x2,0x0,0x0,0x3d,0x94,0x2,
0x0,0x0,0x64,0x7,0x18,0x6,0x2,0x0,
0x0,0x0,0x0,0x0,0x0,0x0,0x0,0x0,
0x44,0x0,0x0,0x0,0xd,0x0,0x0,0x0,
0xc8,0x1,0x0,0x0,0x0,0x0,0x0,0x0,
0x38,0x0,0x0,0x0,0x0,0x0,0x0,0x0,
0x38,0x0,0x0,0x0,0x0,0x0,0x1,0x0,
0xff,0xff,0xff,0xff,0x7,0x0,0x0,0x0,
0xc0,0x5,0xd0,0x1,0x0,0x0,0x0,0x0,
0x0,0x0,0x7,0x0,0x0,0x0,0x0,0x0,
0x0,0x0,0x0,0x0,0xc0,0x5,0x0,0x0,
0x1,0x0,0x0,0x0,0x2f,0x95,0x2,0x0,
0x0,0x3d,0x96,0x2,0x0,0x0,0x18,0x6,
0x2,0x0,0x0,0x0,0x0,0x0,0x0,0x0,
0x44,0x0,0x0,0x0,0xd,0x0,0x0,0x0,
0xcd,0x1,0x0,0x0,0x0,0x0,0x0,0x0,
0x38,0x0,0x0,0x0,0x0,0x0,0x0,0x0,
0x38,0x0,0x0,0x0,0x0,0x0,0x1,0x0,
0xff,0xff,0xff,0xff,0x7,0x0,0x0,0x0,
0xc5,0x5,0xd0,0x1,0x0,0x0,0x0,0x0,
0x0,0x0,0x7,0x0,0x0,0x0,0x0,0x0,
0x0,0x0,0x0,0x0,0xc5,0x5,0x0,0x0,
0x1,0x0,0x0,0x0,0x2f,0x97,0x2,0x0,
0x0,0x3d,0x98,0x2,0x0,0x0,0x18,0x6,
0x2,0x0,0x0,0x0,0x0,0x0,0x0,0x0,
0x44,0x0,0x0,0x0,0x1b,0x0,0x0,0x0,
0x69,0x1,0x0,0x0,0x0,0x0,0x0,0x0,
0x38,0x0,0x0,0x0,0x0,0x0,0x0,0x0,
0x38,0x0,0x0,0x0,0x0,0x0,0x1,0x0,
0xff,0xff,0xff,0xff,0x8,0x0,0x0,0x0,
0xc6,0x5,0xd0,0x1,0x0,0x0,0x0,0x0,
0x0,0x0,0x7,0x0,0x0,0x0,0x0,0x0,
0x0,0x0,0x0,0x0,0xc6,0x5,0x0,0x0,
0x1,0x0,0x0,0x0,0x2f,0x99,0x2,0x0,
0x0,0x3d,0x9a,0x2,0x0,0x0,0x18,0x7,
0x2f,0x9b,0x2,0x0,0x0,0x3d,0x9c,0x2,
0x0,0x0,0x64,0x7,0x18,0x6,0x2,0x0,
0x0,0x0,0x0,0x0,0x0,0x0,0x0,0x0,
0x44,0x0,0x0,0x0,0xd,0x0,0x0,0x0,
0xcd,0x1,0x0,0x0,0x0,0x0,0x0,0x0,
0x38,0x0,0x0,0x0,0x0,0x0,0x0,0x0,
0x38,0x0,0x0,0x0,0x0,0x0,0x1,0x0,
0xff,0xff,0xff,0xff,0x7,0x0,0x0,0x0,
0xca,0x5,0xd0,0x1,0x0,0x0,0x0,0x0,
0x0,0x0,0x7,0x0,0x0,0x0,0x0,0x0,
0x0,0x0,0x0,0x0,0xca,0x5,0x0,0x0,
0x1,0x0,0x0,0x0,0x2f,0x9d,0x2,0x0,
0x0,0x3d,0x9e,0x2,0x0,0x0,0x18,0x6,
0x2,0x0,0x0,0x0,0x0,0x0,0x0,0x0,
0x44,0x0,0x0,0x0,0x1b,0x0,0x0,0x0,
0x69,0x1,0x0,0x0,0x0,0x0,0x0,0x0,
0x38,0x0,0x0,0x0,0x0,0x0,0x0,0x0,
0x38,0x0,0x0,0x0,0x0,0x0,0x1,0x0,
0xff,0xff,0xff,0xff,0x8,0x0,0x0,0x0,
0xcb,0x5,0xd0,0x1,0x0,0x0,0x0,0x0,
0x0,0x0,0x7,0x0,0x0,0x0,0x0,0x0,
0x0,0x0,0x0,0x0,0xcb,0x5,0x0,0x0,
0x1,0x0,0x0,0x0,0x2f,0x9f,0x2,0x0,
0x0,0x3d,0xa0,0x2,0x0,0x0,0x18,0x7,
0x2f,0xa1,0x2,0x0,0x0,0x3d,0xa2,0x2,
0x0,0x0,0x64,0x7,0x18,0x6,0x2,0x0,
0x0,0x0,0x0,0x0,0x0,0x0,0x0,0x0,
0x44,0x0,0x0,0x0,0x1b,0x0,0x0,0x0,
0x91,0x1,0x0,0x0,0x0,0x0,0x0,0x0,
0x38,0x0,0x0,0x0,0x0,0x0,0x0,0x0,
0x38,0x0,0x0,0x0,0x0,0x0,0x1,0x0,
0xff,0xff,0xff,0xff,0x8,0x0,0x0,0x0,
0xdc,0x5,0xd0,0x1,0x0,0x0,0x0,0x0,
0x0,0x0,0x7,0x0,0x0,0x0,0x0,0x0,
0x0,0x0,0x0,0x0,0xdc,0x5,0x0,0x0,
0x1,0x0,0x0,0x0,0x2f,0xa3,0x2,0x0,
0x0,0x3d,0xa4,0x2,0x0,0x0,0x18,0x7,
0x2f,0xa5,0x2,0x0,0x0,0x3d,0xa6,0x2,
0x0,0x0,0x9c,0x7,0x18,0x6,0x2,0x0,
0x0,0x0,0x0,0x0,0x0,0x0,0x0,0x0,
0x44,0x0,0x0,0x0,0x1b,0x0,0x0,0x0,
0x88,0x1,0x0,0x0,0x0,0x0,0x0,0x0,
0x38,0x0,0x0,0x0,0x0,0x0,0x0,0x0,
0x38,0x0,0x0,0x0,0x0,0x0,0x1,0x0,
0xff,0xff,0xff,0xff,0x8,0x0,0x0,0x0,
0xdd,0x5,0xd0,0x1,0x0,0x0,0x0,0x0,
0x0,0x0,0x7,0x0,0x0,0x0,0x0,0x0,
0x0,0x0,0x0,0x0,0xdd,0x5,0x0,0x0,
0x1,0x0,0x0,0x0,0x2f,0xa7,0x2,0x0,
0x0,0x3d,0xa8,0x2,0x0,0x0,0x18,0x7,
0x2f,0xa9,0x2,0x0,0x0,0x3d,0xaa,0x2,
0x0,0x0,0x9c,0x7,0x18,0x6,0x2,0x0,
0x0,0x0,0x0,0x0,0x0,0x0,0x0,0x0,
0x44,0x0,0x0,0x0,0x25,0x0,0x0,0x0,
0xa8,0x1,0x0,0x0,0x0,0x0,0x0,0x0,
0x38,0x0,0x0,0x0,0x0,0x0,0x0,0x0,
0x38,0x0,0x0,0x0,0x0,0x0,0x1,0x0,
0xff,0xff,0xff,0xff,0x8,0x0,0x0,0x0,
0xde,0x5,0xd0,0x1,0x0,0x0,0x0,0x0,
0x0,0x0,0x7,0x0,0x0,0x0,0x0,0x0,
0x0,0x0,0x0,0x0,0xdf,0x5,0x0,0x0,
0x1,0x0,0x0,0x0,0x2f,0xab,0x2,0x0,
0x0,0x18,0x7,0x2f,0xac,0x2,0x0,0x0,
0x3d,0xad,0x2,0x0,0x0,0x68,0x7,0x50,
0xc,0x2f,0xae,0x2,0x0,0x0,0x3d,0xaf,
0x2,0x0,0x0,0x4c,0x1,0xe,0x18,0x6,
0x2,0x0,0x0,0x0,0x0,0x0,0x0,0x0,
0x44,0x0,0x0,0x0,0x16,0x0,0x0,0x0,
0xd2,0x1,0x0,0x0,0x0,0x0,0x0,0x0,
0x38,0x0,0x0,0x0,0x0,0x0,0x0,0x0,
0x38,0x0,0x0,0x0,0x0,0x0,0x1,0x0,
0xff,0xff,0xff,0xff,0x8,0x0,0x0,0x0,
0xec,0x5,0x10,0x2,0x0,0x0,0x0,0x0,
0x0,0x0,0x7,0x0,0x0,0x0,0x0,0x0,
0x0,0x0,0x0,0x0,0xec,0x5,0x0,0x0,
0x1,0x0,0x0,0x0,0x2f,0xb0,0x2,0x0,
0x0,0x3d,0xb1,0x2,0x0,0x0,0x18,0x7,
0x2f,0xb2,0x2,0x0,0x0,0x9c,0x7,0x18,
0x6,0x2,0x0,0x0,0x0,0x0,0x0,0x0,
0x44,0x0,0x0,0x0,0xd,0x0,0x0,0x0,
0xa0,0x1,0x0,0x0,0x0,0x0,0x0,0x0,
0x38,0x0,0x0,0x0,0x0,0x0,0x0,0x0,
0x38,0x0,0x0,0x0,0x0,0x0,0x1,0x0,
0xff,0xff,0xff,0xff,0x7,0x0,0x0,0x0,
0xf0,0x5,0x50,0x2,0x0,0x0,0x0,0x0,
0x0,0x0,0x7,0x0,0x0,0x0,0x0,0x0,
0x0,0x0,0x0,0x0,0xf0,0x5,0x0,0x0,
0x1,0x0,0x0,0x0,0x2f,0xb3,0x2,0x0,
0x0,0x3d,0xb4,0x2,0x0,0x0,0x18,0x6,
0x2,0x0,0x0,0x0,0x0,0x0,0x0,0x0,
0x44,0x0,0x0,0x0,0xd,0x0,0x0,0x0,
0xde,0x1,0x0,0x0,0x0,0x0,0x0,0x0,
0x38,0x0,0x0,0x0,0x0,0x0,0x0,0x0,
0x38,0x0,0x0,0x0,0x0,0x0,0x1,0x0,
0xff,0xff,0xff,0xff,0x7,0x0,0x0,0x0,
0xf1,0x5,0x50,0x2,0x0,0x0,0x0,0x0,
0x0,0x0,0x7,0x0,0x0,0x0,0x0,0x0,
0x0,0x0,0x0,0x0,0xf1,0x5,0x0,0x0,
0x1,0x0,0x0,0x0,0x2f,0xb5,0x2,0x0,
0x0,0x3d,0xb6,0x2,0x0,0x0,0x18,0x6,
0x2,0x0,0x0,0x0,0x0,0x0,0x0,0x0,
0x68,0x0,0x0,0x0,0x23,0x0,0x0,0x0,
0xe2,0x1,0x0,0x0,0x0,0x0,0x0,0x0,
0x38,0x0,0x0,0x0,0x0,0x0,0x0,0x0,
0x38,0x0,0x0,0x0,0x0,0x0,0x4,0x0,
0xff,0xff,0xff,0xff,0xa,0x0,0x0,0x0,
0xfe,0x5,0x90,0x1,0x0,0x0,0x0,0x0,
0x0,0x0,0x7,0x0,0x0,0x0,0x0,0x0,
0x0,0x0,0x0,0x0,0xff,0x5,0x0,0x0,
0x2,0x0,0x0,0x0,0x6,0x0,0x0,0x0,
0x0,0x6,0x0,0x0,0x4,0x0,0x0,0x0,
0x9,0x0,0x0,0x0,0x1,0x6,0x0,0x0,
0x6,0x0,0x0,0x0,0x21,0x0,0x0,0x0,
0x2,0x6,0x0,0x0,0x6,0x0,0x0,0x0,
0x6,0x31,0xe8,0x2,0x0,0x0,0x8,0x30,
0xf,0x2f,0xb7,0x2,0x0,0x0,0x18,0x7,
0xad,0xb8,0x2,0x0,0x0,0x7,0x0,0x0,
0x0,0x0,0x0,0x0,0x0,0x0,0x0,0x0,
0x0,0xe,0x2,0x0,0x0,0x0,0x0,0x0,
0x44,0x0,0x0,0x0,0x8,0x0,0x0,0x0,
0xa6,0x0,0x0,0x0,0x0,0x0,0x0,0x0,
0x38,0x0,0x0,0x0,0x0,0x0,0x0,0x0,
0x38,0x0,0x0,0x0,0x0,0x0,0x1,0x0,
0xff,0xff,0xff,0xff,0x7,0x0,0x0,0x0,
0xfd,0x5,0x90,0x1,0x0,0x0,0x0,0x0,
0x0,0x0,0x7,0x0,0x0,0x0,0x0,0x0,
0x0,0x0,0x0,0x0,0xfd,0x5,0x0,0x0,
0x1,0x0,0x0,0x0,0x2f,0xb9,0x2,0x0,
0x0,0x18,0x6,0x2,0x0,0x0,0x0,0x0,
0x44,0x0,0x0,0x0,0x8,0x0,0x0,0x0,
0x82,0x0,0x0,0x0,0x0,0x0,0x0,0x0,
0x38,0x0,0x0,0x0,0x0,0x0,0x0,0x0,
0x38,0x0,0x0,0x0,0x0,0x0,0x1,0x0,
0xff,0xff,0xff,0xff,0x7,0x0,0x0,0x0,
0x5,0x6,0xd0,0x1,0x0,0x0,0x0,0x0,
0x0,0x0,0x7,0x0,0x0,0x0,0x0,0x0,
0x0,0x0,0x0,0x0,0x5,0x6,0x0,0x0,
0x1,0x0,0x0,0x0,0x2f,0xba,0x2,0x0,
0x0,0x18,0x6,0x2,0x0,0x0,0x0,0x0,
0x44,0x0,0x0,0x0,0x8,0x0,0x0,0x0,
0x82,0x0,0x0,0x0,0x0,0x0,0x0,0x0,
0x38,0x0,0x0,0x0,0x0,0x0,0x0,0x0,
0x38,0x0,0x0,0x0,0x0,0x0,0x1,0x0,
0xff,0xff,0xff,0xff,0x7,0x0,0x0,0x0,
0xb,0x6,0xd0,0x1,0x0,0x0,0x0,0x0,
0x0,0x0,0x7,0x0,0x0,0x0,0x0,0x0,
0x0,0x0,0x0,0x0,0xb,0x6,0x0,0x0,
0x1,0x0,0x0,0x0,0x2f,0xbb,0x2,0x0,
0x0,0x18,0x6,0x2,0x0,0x0,0x0,0x0,
0x68,0x0,0x0,0x0,0x2d,0x0,0x0,0x0,
0x13,0x1,0x0,0x0,0x0,0x0,0x0,0x0,
0x38,0x0,0x0,0x0,0x0,0x0,0x0,0x0,
0x38,0x0,0x0,0x0,0x0,0x0,0x4,0x0,
0xff,0xff,0xff,0xff,0x9,0x0,0x0,0x0,
0xe,0x6,0xd0,0x1,0x0,0x0,0x0,0x0,
0x0,0x0,0x7,0x0,0x0,0x0,0x0,0x0,
0x0,0x0,0x0,0x0,0xe,0x6,0x0,0x0,
0x0,0x0,0x0,0x0,0x1,0x0,0x0,0x0,
0xf,0x6,0x0,0x0,0x3,0x0,0x0,0x0,
0x12,0x0,0x0,0x0,0x10,0x6,0x0,0x0,
0x4,0x0,0x0,0x0,0x29,0x0,0x0,0x0,
0x11,0x6,0x0,0x0,0x4,0x0,0x0,0x0,
0xca,0x2f,0xbc,0x2,0x0,0x0,0x18,0x7,
0xa,0x43,0xbd,0x2,0x0,0x0,0x7,0x0,
0x0,0x0,0x2f,0xbe,0x2,0x0,0x0,0x18,
0x7,0x10,0x1,0x18,0x8,0x43,0xbf,0x2,
0x0,0x0,0x7,0x0,0x0,0x0,0x1a,0x8,
0x6,0xd4,0x16,0x6,0x2,0x0,0x0,0x0,
0x0,0x0,0x0,0x0,0x0,0x0,0x0,0x0,
0x44,0x0,0x0,0x0,0xd,0x0,0x0,0x0,
0xe8,0x1,0x0,0x0,0x0,0x0,0x0,0x0,
0x38,0x0,0x0,0x0,0x0,0x0,0x0,0x0,
0x38,0x0,0x0,0x0,0x0,0x0,0x1,0x0,
0xff,0xff,0xff,0xff,0x7,0x0,0x0,0x0,
0x16,0x6,0xd0,0x1,0x0,0x0,0x0,0x0,
0x0,0x0,0x7,0x0,0x0,0x0,0x0,0x0,
0x0,0x0,0x0,0x0,0x16,0x6,0x0,0x0,
0x1,0x0,0x0,0x0,0x2f,0xc0,0x2,0x0,
0x0,0x3d,0xc1,0x2,0x0,0x0,0x18,0x6,
0x2,0x0,0x0,0x0,0x0,0x0,0x0,0x0,
0x5c,0x0,0x0,0x0,0xc,0x0,0x0,0x0,
0xf2,0x0,0x0,0x0,0x0,0x0,0x0,0x0,
0x38,0x0,0x0,0x0,0x0,0x0,0x0,0x0,
0x38,0x0,0x0,0x0,0x0,0x0,0x3,0x0,
0xe7,0x0,0x0,0x0,0x7,0x0,0x0,0x0,
0x18,0x6,0xd0,0x1,0x0,0x0,0x0,0x0,
0x0,0x0,0x7,0x0,0x0,0x0,0x8,0x0,
0x0,0x0,0x0,0x0,0x18,0x6,0x0,0x0,
0x0,0x0,0x0,0x0,0x1,0x0,0x0,0x0,
0x18,0x6,0x0,0x0,0x1,0x0,0x0,0x0,
0x8,0x0,0x0,0x0,0x1d,0x6,0x0,0x0,
0x1,0x0,0x0,0x0,0xca,0x29,0xe7,0x0,
0x0,0x0,0x18,0x6,0xd4,0x16,0x6,0x2,
0x0,0x0,0x0,0x0,0x0,0x0,0x0,0x0,
0x7c,0x0,0x0,0x0,0x77,0x0,0x0,0x0,
0x0,0x0,0x0,0x0,0x1,0x0,0x1,0x0,
0x38,0x0,0x0,0x0,0x0,0x0,0x0,0x0,
0x40,0x0,0x0,0x0,0x0,0x0,0x5,0x0,
0xff,0xff,0xff,0xff,0xe,0x0,0x0,0x0,
0x18,0x6,0x80,0x2,0x0,0x0,0x0,0x0,
0x0,0x0,0x9,0x0,0x0,0x0,0x0,0x0,
0x4,0x3,0x0,0x0,0x0,0x0,0x0,0x0,
0x0,0x0,0x0,0x0,0x19,0x6,0x0,0x0,
0x2,0x0,0x0,0x0,0x18,0x0,0x0,0x0,
0x1a,0x6,0x0,0x0,0x3,0x0,0x0,0x0,
0x44,0x0,0x0,0x0,0x1b,0x6,0x0,0x0,
0x5,0x0,0x0,0x0,0x68,0x0,0x0,0x0,
0x1c,0x6,0x0,0x0,0x7,0x0,0x0,0x0,
0x75,0x0,0x0,0x0,0x1d,0x6,0x0,0x0,
0x7,0x0,0x0,0x0,0x2f,0xc2,0x2,0x0,
0x0,0x18,0x9,0xad,0xc3,0x2,0x0,0x0,
0x9,0x0,0x0,0x0,0x0,0x0,0x0,0x0,
0x0,0x0,0x0,0x0,0x2f,0xc4,0x2,0x0,
0x0,0x18,0x9,0x16,0x6,0x3d,0xc5,0x2,
0x0,0x0,0x18,0xc,0x16,0x6,0x3d,0xc6,
0x2,0x0,0x0,0x18,0xd,0xad,0xc7,0x2,
0x0,0x0,0x9,0x0,0x0,0x0,0x2,0x0,
0x0,0x0,0xc,0x0,0x0,0x0,0x18,0x8,
0x2f,0xc8,0x2,0x0,0x0,0x18,0x9,0x2f,
0xc9,0x2,0x0,0x0,0x18,0xc,0x1a,0x8,
0xd,0xad,0xca,0x2,0x0,0x0,0x9,0x0,
0x0,0x0,0x2,0x0,0x0,0x0,0xc,0x0,
0x0,0x0,0x18,0x8,0xb5,0xcb,0x2,0x0,
0x0,0x1,0x0,0x0,0x0,0x8,0x0,0x0,
0x0,0xe,0x2,0x0,0x0,0x0,0x0,0x0,
0x44,0x0,0x0,0x0,0x8,0x0,0x0,0x0,
0xa6,0x0,0x0,0x0,0x0,0x0,0x0,0x0,
0x38,0x0,0x0,0x0,0x0,0x0,0x0,0x0,
0x38,0x0,0x0,0x0,0x0,0x0,0x1,0x0,
0xff,0xff,0xff,0xff,0x7,0x0,0x0,0x0,
0x15,0x6,0xd0,0x1,0x0,0x0,0x0,0x0,
0x0,0x0,0x7,0x0,0x0,0x0,0x0,0x0,
0x0,0x0,0x0,0x0,0x15,0x6,0x0,0x0,
0x1,0x0,0x0,0x0,0x2f,0xcc,0x2,0x0,
0x0,0x18,0x6,0x2,0x0,0x0,0x0,0x0,
0x44,0x0,0x0,0x0,0x15,0x0,0x0,0x0,
0xef,0x1,0x0,0x0,0x0,0x0,0x0,0x0,
0x38,0x0,0x0,0x0,0x0,0x0,0x0,0x0,
0x38,0x0,0x0,0x0,0x0,0x0,0x1,0x0,
0xff,0xff,0xff,0xff,0x7,0x0,0x0,0x0,
0x25,0x6,0xd0,0x1,0x0,0x0,0x0,0x0,
0x0,0x0,0x7,0x0,0x0,0x0,0x0,0x0,
0x0,0x0,0x0,0x0,0x25,0x6,0x0,0x0,
0x1,0x0,0x0,0x0,0x2f,0xcd,0x2,0x0,
0x0,0x3d,0xce,0x2,0x0,0x0,0x50,0x4,
0x4,0x51,0x4c,0x2,0x10,0x1,0x18,0x6,
0x2,0x0,0x0,0x0,0x0,0x0,0x0,0x0,
0x44,0x0,0x0,0x0,0xd,0x0,0x0,0x0,
0xec,0x1,0x0,0x0,0x0,0x0,0x0,0x0,
0x38,0x0,0x0,0x0,0x0,0x0,0x0,0x0,
0x38,0x0,0x0,0x0,0x0,0x0,0x1,0x0,
0xff,0xff,0xff,0xff,0x7,0x0,0x0,0x0,
0x21,0x6,0xd0,0x1,0x0,0x0,0x0,0x0,
0x0,0x0,0x7,0x0,0x0,0x0,0x0,0x0,
0x0,0x0,0x0,0x0,0x21,0x6,0x0,0x0,
0x1,0x0,0x0,0x0,0x2f,0xcf,0x2,0x0,
0x0,0x3d,0xd0,0x2,0x0,0x0,0x18,0x6,
0x2,0x0,0x0,0x0,0x0,0x0,0x0,0x0,
0x44,0x0,0x0,0x0,0xd,0x0,0x0,0x0,
0xed,0x1,0x0,0x0,0x0,0x0,0x0,0x0,
0x38,0x0,0x0,0x0,0x0,0x0,0x0,0x0,
0x38,0x0,0x0,0x0,0x0,0x0,0x1,0x0,
0xff,0xff,0xff,0xff,0x7,0x0,0x0,0x0,
0x22,0x6,0xd0,0x1,0x0,0x0,0x0,0x0,
0x0,0x0,0x7,0x0,0x0,0x0,0x0,0x0,
0x0,0x0,0x0,0x0,0x22,0x6,0x0,0x0,
0x1,0x0,0x0,0x0,0x2f,0xd1,0x2,0x0,
0x0,0x3d,0xd2,0x2,0x0,0x0,0x18,0x6,
0x2,0x0,0x0,0x0,0x0,0x0,0x0,0x0,
0x44,0x0,0x0,0x0,0x15,0x0,0x0,0x0,
0xef,0x1,0x0,0x0,0x0,0x0,0x0,0x0,
0x38,0x0,0x0,0x0,0x0,0x0,0x0,0x0,
0x38,0x0,0x0,0x0,0x0,0x0,0x1,0x0,
0xff,0xff,0xff,0xff,0x7,0x0,0x0,0x0,
0x2c,0x6,0x10,0x2,0x0,0x0,0x0,0x0,
0x0,0x0,0x7,0x0,0x0,0x0,0x0,0x0,
0x0,0x0,0x0,0x0,0x2c,0x6,0x0,0x0,
0x1,0x0,0x0,0x0,0x2f,0xd3,0x2,0x0,
0x0,0x3d,0xd4,0x2,0x0,0x0,0x50,0x4,
0x4,0x52,0x4c,0x2,0x10,0x1,0x18,0x6,
0x2,0x0,0x0,0x0,0x0,0x0,0x0,0x0,
0x44,0x0,0x0,0x0,0x8,0x0,0x0,0x0,
0x66,0x0,0x0,0x0,0x0,0x0,0x0,0x0,
0x38,0x0,0x0,0x0,0x0,0x0,0x0,0x0,
0x38,0x0,0x0,0x0,0x0,0x0,0x1,0x0,
0xff,0xff,0xff,0xff,0x7,0x0,0x0,0x0,
0x28,0x6,0x10,0x2,0x0,0x0,0x0,0x0,
0x0,0x0,0x7,0x0,0x0,0x0,0x0,0x0,
0x0,0x0,0x0,0x0,0x28,0x6,0x0,0x0,
0x1,0x0,0x0,0x0,0x2f,0xd5,0x2,0x0,
0x0,0x18,0x6,0x2,0x0,0x0,0x0,0x0,
0x44,0x0,0x0,0x0,0xd,0x0,0x0,0x0,
0xe8,0x1,0x0,0x0,0x0,0x0,0x0,0x0,
0x38,0x0,0x0,0x0,0x0,0x0,0x0,0x0,
0x38,0x0,0x0,0x0,0x0,0x0,0x1,0x0,
0xff,0xff,0xff,0xff,0x7,0x0,0x0,0x0,
0x32,0x6,0x10,0x2,0x0,0x0,0x0,0x0,
0x0,0x0,0x7,0x0,0x0,0x0,0x0,0x0,
0x0,0x0,0x0,0x0,0x32,0x6,0x0,0x0,
0x1,0x0,0x0,0x0,0x2f,0xd6,0x2,0x0,
0x0,0x3d,0xd7,0x2,0x0,0x0,0x18,0x6,
0x2,0x0,0x0,0x0,0x0,0x0,0x0,0x0,
0x5c,0x0,0x0,0x0,0x1f,0x0,0x0,0x0,
0xf2,0x0,0x0,0x0,0x0,0x0,0x0,0x0,
0x38,0x0,0x0,0x0,0x0,0x0,0x0,0x0,
0x38,0x0,0x0,0x0,0x0,0x0,0x3,0x0,
0xff,0xff,0xff,0xff,0xa,0x0,0x0,0x0,
0x33,0x6,0x10,0x2,0x0,0x0,0x0,0x0,
0x0,0x0,0x7,0x0,0x0,0x0,0x0,0x0,
0x0,0x0,0x0,0x0,0x33,0x6,0x0,0x0,
0x0,0x0,0x0,0x0,0x1,0x0,0x0,0x0,
0x34,0x6,0x0,0x0,0x2,0x0,0x0,0x0,
0x1b,0x0,0x0,0x0,0x35,0x6,0x0,0x0,
0x2,0x0,0x0,0x0,0xca,0x2f,0xd8,0x2,
0x0,0x0,0x18,0x7,0xad,0xd9,0x2,0x0,
0x0,0x7,0x0,0x0,0x0,0x0,0x0,0x0,
0x0,0x0,0x0,0x0,0x0,0x18,0x6,0xd4,
0x16,0x6,0x2,0x0,0x0,0x0,0x0,0x0,
0x44,0x0,0x0,0x0,0x8,0x0,0x0,0x0,
0xa6,0x0,0x0,0x0,0x0,0x0,0x0,0x0,
0x38,0x0,0x0,0x0,0x0,0x0,0x0,0x0,
0x38,0x0,0x0,0x0,0x0,0x0,0x1,0x0,
0xff,0xff,0xff,0xff,0x7,0x0,0x0,0x0,
0x30,0x6,0x10,0x2,0x0,0x0,0x0,0x0,
0x0,0x0,0x7,0x0,0x0,0x0,0x0,0x0,
0x0,0x0,0x0,0x0,0x30,0x6,0x0,0x0,
0x1,0x0,0x0,0x0,0x2f,0xda,0x2,0x0,
0x0,0x18,0x6,0x2,0x0,0x0,0x0,0x0,
0x44,0x0,0x0,0x0,0xe,0x0,0x0,0x0,
0x69,0x1,0x0,0x0,0x0,0x0,0x0,0x0,
0x38,0x0,0x0,0x0,0x0,0x0,0x0,0x0,
0x38,0x0,0x0,0x0,0x0,0x0,0x1,0x0,
0xff,0xff,0xff,0xff,0x7,0x0,0x0,0x0,
0x41,0x6,0x10,0x1,0x0,0x0,0x0,0x0,
0x0,0x0,0x7,0x0,0x0,0x0,0x0,0x0,
0x0,0x0,0x0,0x0,0x41,0x6,0x0,0x0,
0x1,0x0,0x0,0x0,0x2f,0xdb,0x2,0x0,
0x0,0x3d,0xdc,0x2,0x0,0x0,0x74,0x18,
0x6,0x2,0x0,0x0,0x0,0x0,0x0,0x0,
0xd4,0x0,0x0,0x0,0xcd,0x0,0x0,0x0,
0xf2,0x0,0x0,0x0,0x0,0x0,0x0,0x0,
0x38,0x0,0x0,0x0,0x0,0x0,0x0,0x0,
0x38,0x0,0x0,0x0,0x0,0x0,0xd,0x0,
0xff,0xff,0xff,0xff,0x9,0x0,0x0,0x0,
0x4e,0x6,0x90,0x1,0x0,0x0,0x0,0x0,
0x0,0x0,0x7,0x0,0x0,0x0,0x0,0x0,
0x0,0x0,0x0,0x0,0x4e,0x6,0x0,0x0,
0x0,0x0,0x0,0x0,0x1,0x0,0x0,0x0,
0x4f,0x6,0x0,0x0,0x2,0x0,0x0,0x0,
0x11,0x0,0x0,0x0,0x50,0x6,0x0,0x0,
0x5,0x0,0x0,0x0,0x22,0x0,0x0,0x0,
0x51,0x6,0x0,0x0,0x7,0x0,0x0,0x0,
0x33,0x0,0x0,0x0,0x52,0x6,0x0,0x0,
0x9,0x0,0x0,0x0,0x48,0x0,0x0,0x0,
0x53,0x6,0x0,0x0,0xb,0x0,0x0,0x0,
0x5d,0x0,0x0,0x0,0x54,0x6,0x0,0x0,
0xc,0x0,0x0,0x0,0x6e,0x0,0x0,0x0,
0x56,0x6,0x0,0x0,0xf,0x0,0x0,0x0,
0x7f,0x0,0x0,0x0,0x57,0x6,0x0,0x0,
0x11,0x0,0x0,0x0,0x90,0x0,0x0,0x0,
0x58,0x6,0x0,0x0,0x13,0x0,0x0,0x0,
0xa5,0x0,0x0,0x0,0x59,0x6,0x0,0x0,
0x15,0x0,0x0,0x0,0xba,0x0,0x0,0x0,
0x5a,0x6,0x0,0x0,0x16,0x0,0x0,0x0,
0xc9,0x0,0x0,0x0,0x5c,0x6,0x0,0x0,
0x16,0x0,0x0,0x0,0xca,0x2f,0xdd,0x2,
0x0,0x0,0x18,0x7,0x13,0xf6,0x1,0x0,
0x0,0x60,0x7,0x50,0x5d,0x2f,0xde,0x2,
0x0,0x0,0x18,0x8,0xc,0x43,0xdf,0x2,
0x0,0x0,0x8,0x0,0x0,0x0,0x2f,0xe0,
0x2,0x0,0x0,0x18,0x8,0xc,0x43,0xe1,
0x2,0x0,0x0,0x8,0x0,0x0,0x0,0x2f,
0xe2,0x2,0x0,0x0,0x18,0x8,0x2f,0xe3,
0x2,0x0,0x0,0x43,0xe4,0x2,0x0,0x0,
0x8,0x0,0x0,0x0,0x2f,0xe5,0x2,0x0,
0x0,0x18,0x8,0x2f,0xe6,0x2,0x0,0x0,
0x43,0xe7,0x2,0x0,0x0,0x8,0x0,0x0,
0x0,0x13,0xdb,0x2,0x0,0x0,0x18,0x8,
0x31,0x9f,0x0,0x0,0x0,0x1a,0x8,0x6,
0x4c,0x5b,0x2f,0xe8,0x2,0x0,0x0,0x18,
0x8,0xc,0x43,0xe9,0x2,0x0,0x0,0x8,
0x0,0x0,0x0,0x2f,0xea,0x2,0x0,0x0,
0x18,0x8,0xc,0x43,0xeb,0x2,0x0,0x0,
0x8,0x0,0x0,0x0,0x2f,0xec,0x2,0x0,
0x0,0x18,0x8,0x2f,0xed,0x2,0x0,0x0,
0x43,0xee,0x2,0x0,0x0,0x8,0x0,0x0,
0x0,0x2f,0xef,0x2,0x0,0x0,0x18,0x8,
0x2f,0xf0,0x2,0x0,0x0,0x43,0xf1,0x2,
0x0,0x0,0x8,0x0,0x0,0x0,0x13,0xf6,
0x1,0x0,0x0,0x18,0x8,0x31,0x9f,0x0,
0x0,0x0,0x1a,0x8,0x6,0xd4,0x16,0x6,
0x2,0x0,0x0,0x0,0x0,0x0,0x0,0x0,
0x44,0x0,0x0,0x0,0xd,0x0,0x0,0x0,
0x18,0x1,0x0,0x0,0x0,0x0,0x0,0x0,
0x38,0x0,0x0,0x0,0x0,0x0,0x0,0x0,
0x38,0x0,0x0,0x0,0x0,0x0,0x1,0x0,
0xff,0xff,0xff,0xff,0x7,0x0,0x0,0x0,
0x49,0x6,0x90,0x1,0x0,0x0,0x0,0x0,
0x0,0x0,0x7,0x0,0x0,0x0,0x0,0x0,
0x0,0x0,0x0,0x0,0x49,0x6,0x0,0x0,
0x1,0x0,0x0,0x0,0x2f,0xf2,0x2,0x0,
0x0,0x3d,0xf3,0x2,0x0,0x0,0x18,0x6,
0x2,0x0,0x0,0x0,0x0,0x0,0x0,0x0,
0x44,0x0,0x0,0x0,0x8,0x0,0x0,0x0,
0x69,0x1,0x0,0x0,0x0,0x0,0x0,0x0,
0x38,0x0,0x0,0x0,0x0,0x0,0x0,0x0,
0x38,0x0,0x0,0x0,0x0,0x0,0x1,0x0,
0xff,0xff,0xff,0xff,0x7,0x0,0x0,0x0,
0x4b,0x6,0x90,0x1,0x0,0x0,0x0,0x0,
0x0,0x0,0x7,0x0,0x0,0x0,0x0,0x0,
0x0,0x0,0x0,0x0,0x4b,0x6,0x0,0x0,
0x1,0x0,0x0,0x0,0x2f,0xf4,0x2,0x0,
0x0,0x18,0x6,0x2,0x0,0x0,0x0,0x0,
0x44,0x0,0x0,0x0,0xd,0x0,0x0,0x0,
0xa8,0x1,0x0,0x0,0x0,0x0,0x0,0x0,
0x38,0x0,0x0,0x0,0x0,0x0,0x0,0x0,
0x38,0x0,0x0,0x0,0x0,0x0,0x1,0x0,
0xff,0xff,0xff,0xff,0x7,0x0,0x0,0x0,
0x60,0x6,0x90,0x1,0x0,0x0,0x0,0x0,
0x0,0x0,0x7,0x0,0x0,0x0,0x0,0x0,
0x0,0x0,0x0,0x0,0x60,0x6,0x0,0x0,
0x1,0x0,0x0,0x0,0x2f,0xf5,0x2,0x0,
0x0,0x3d,0xf6,0x2,0x0,0x0,0x18,0x6,
0x2,0x0,0x0,0x0,0x0,0x0,0x0,0x0,
0x44,0x0,0x0,0x0,0xd,0x0,0x0,0x0,
0x18,0x1,0x0,0x0,0x0,0x0,0x0,0x0,
0x38,0x0,0x0,0x0,0x0,0x0,0x0,0x0,
0x38,0x0,0x0,0x0,0x0,0x0,0x1,0x0,
0xff,0xff,0xff,0xff,0x7,0x0,0x0,0x0,
0x61,0x6,0x90,0x1,0x0,0x0,0x0,0x0,
0x0,0x0,0x7,0x0,0x0,0x0,0x0,0x0,
0x0,0x0,0x0,0x0,0x61,0x6,0x0,0x0,
0x1,0x0,0x0,0x0,0x2f,0xf7,0x2,0x0,
0x0,0x3d,0xf8,0x2,0x0,0x0,0x18,0x6,
0x2,0x0,0x0,0x0,0x0,0x0,0x0,0x0,
0x74,0x0,0x0,0x0,0x46,0x0,0x0,0x0,
0xf2,0x0,0x0,0x0,0x0,0x0,0x0,0x0,
0x38,0x0,0x0,0x0,0x0,0x0,0x0,0x0,
0x38,0x0,0x0,0x0,0x0,0x0,0x5,0x0,
0xff,0xff,0xff,0xff,0x9,0x0,0x0,0x0,
0x6a,0x6,0x90,0x1,0x0,0x0,0x0,0x0,
0x0,0x0,0x7,0x0,0x0,0x0,0x0,0x0,
0x0,0x0,0x0,0x0,0x6a,0x6,0x0,0x0,
0x0,0x0,0x0,0x0,0x1,0x0,0x0,0x0,
0x6b,0x6,0x0,0x0,0x3,0x0,0x0,0x0,
0x12,0x0,0x0,0x0,0x6c,0x6,0x0,0x0,
0x5,0x0,0x0,0x0,0x2c,0x0,0x0,0x0,
0x6d,0x6,0x0,0x0,0x6,0x0,0x0,0x0,
0x42,0x0,0x0,0x0,0x6e,0x6,0x0,0x0,
0x6,0x0,0x0,0x0,0xca,0x2f,0xf9,0x2,
0x0,0x0,0x18,0x7,0x8,0x43,0xfa,0x2,
0x0,0x0,0x7,0x0,0x0,0x0,0x2f,0xfb,
0x2,0x0,0x0,0x18,0x7,0x2f,0xfc,0x2,
0x0,0x0,0x3d,0xfd,0x2,0x0,0x0,0x43,
0xfe,0x2,0x0,0x0,0x7,0x0,0x0,0x0,
0x2f,0xff,0x2,0x0,0x0,0x18,0x7,0xe,
0x18,0x8,0x43,0x0,0x3,0x0,0x0,0x7,
0x0,0x0,0x0,0x1a,0x8,0x6,0xd4,0x16,
0x6,0x2,0x0,0x0,0x0,0x0,0x0,0x0,
0x44,0x0,0x0,0x0,0xd,0x0,0x0,0x0,
0x18,0x1,0x0,0x0,0x0,0x0,0x0,0x0,
0x38,0x0,0x0,0x0,0x0,0x0,0x0,0x0,
0x38,0x0,0x0,0x0,0x0,0x0,0x1,0x0,
0xff,0xff,0xff,0xff,0x7,0x0,0x0,0x0,
0x6f,0x6,0x90,0x1,0x0,0x0,0x0,0x0,
0x0,0x0,0x7,0x0,0x0,0x0,0x0,0x0,
0x0,0x0,0x0,0x0,0x6f,0x6,0x0,0x0,
0x1,0x0,0x0,0x0,0x2f,0x1,0x3,0x0,
0x0,0x3d,0x2,0x3,0x0,0x0,0x18,0x6,
0x2,0x0,0x0,0x0,0x0,0x0,0x0,0x0,
0x44,0x0,0x0,0x0,0xd,0x0,0x0,0x0,
0xec,0x1,0x0,0x0,0x0,0x0,0x0,0x0,
0x38,0x0,0x0,0x0,0x0,0x0,0x0,0x0,
0x38,0x0,0x0,0x0,0x0,0x0,0x1,0x0,
0xff,0xff,0xff,0xff,0x7,0x0,0x0,0x0,
0x70,0x6,0x90,0x1,0x0,0x0,0x0,0x0,
0x0,0x0,0x7,0x0,0x0,0x0,0x0,0x0,
0x0,0x0,0x0,0x0,0x70,0x6,0x0,0x0,
0x1,0x0,0x0,0x0,0x2f,0x3,0x3,0x0,
0x0,0x3d,0x4,0x3,0x0,0x0,0x18,0x6,
0x2,0x0,0x0,0x0,0x0,0x0,0x0,0x0,
0x44,0x0,0x0,0x0,0x13,0x0,0x0,0x0,
0x91,0x1,0x0,0x0,0x0,0x0,0x0,0x0,
0x38,0x0,0x0,0x0,0x0,0x0,0x0,0x0,
0x38,0x0,0x0,0x0,0x0,0x0,0x1,0x0,
0xff,0xff,0xff,0xff,0x8,0x0,0x0,0x0,
0x79,0x6,0x90,0x1,0x0,0x0,0x0,0x0,
0x0,0x0,0x7,0x0,0x0,0x0,0x0,0x0,
0x0,0x0,0x0,0x0,0x79,0x6,0x0,0x0,
0x1,0x0,0x0,0x0,0x2f,0x5,0x3,0x0,
0x0,0x3d,0x6,0x3,0x0,0x0,0x18,0x7,
0x4,0x53,0x9c,0x7,0x18,0x6,0x2,0x0,
0x0,0x0,0x0,0x0,0x0,0x0,0x0,0x0,
0x44,0x0,0x0,0x0,0xd,0x0,0x0,0x0,
0xa8,0x1,0x0,0x0,0x0,0x0,0x0,0x0,
0x38,0x0,0x0,0x0,0x0,0x0,0x0,0x0,
0x38,0x0,0x0,0x0,0x0,0x0,0x1,0x0,
0xff,0xff,0xff,0xff,0x7,0x0,0x0,0x0,
0x75,0x6,0x90,0x1,0x0,0x0,0x0,0x0,
0x0,0x0,0x7,0x0,0x0,0x0,0x0,0x0,
0x0,0x0,0x0,0x0,0x75,0x6,0x0,0x0,
0x1,0x0,0x0,0x0,0x2f,0x7,0x3,0x0,
0x0,0x3d,0x8,0x3,0x0,0x0,0x18,0x6,
0x2,0x0,0x0,0x0,0x0,0x0,0x0,0x0,
0x44,0x0,0x0,0x0,0xd,0x0,0x0,0x0,
0xed,0x1,0x0,0x0,0x0,0x0,0x0,0x0,
0x38,0x0,0x0,0x0,0x0,0x0,0x0,0x0,
0x38,0x0,0x0,0x0,0x0,0x0,0x1,0x0,
0xff,0xff,0xff,0xff,0x7,0x0,0x0,0x0,
0x76,0x6,0x90,0x1,0x0,0x0,0x0,0x0,
0x0,0x0,0x7,0x0,0x0,0x0,0x0,0x0,
0x0,0x0,0x0,0x0,0x76,0x6,0x0,0x0,
0x1,0x0,0x0,0x0,0x2f,0x9,0x3,0x0,
0x0,0x3d,0xa,0x3,0x0,0x0,0x18,0x6,
0x2,0x0,0x0,0x0,0x0,0x0,0x0,0x0,
0x44,0x0,0x0,0x0,0xd,0x0,0x0,0x0,
0xaf,0x0,0x0,0x0,0x0,0x0,0x0,0x0,
0x38,0x0,0x0,0x0,0x0,0x0,0x0,0x0,
0x38,0x0,0x0,0x0,0x0,0x0,0x1,0x0,
0xff,0xff,0xff,0xff,0x7,0x0,0x0,0x0,
0x85,0x6,0x50,0x1,0x0,0x0,0x0,0x0,
0x0,0x0,0x7,0x0,0x0,0x0,0x0,0x0,
0x0,0x0,0x0,0x0,0x85,0x6,0x0,0x0,
0x1,0x0,0x0,0x0,0x2f,0xb,0x3,0x0,
0x0,0x3d,0xc,0x3,0x0,0x0,0x18,0x6,
0x2,0x0,0x0,0x0,0x0,0x0,0x0,0x0,
0x44,0x0,0x0,0x0,0x13,0x0,0x0,0x0,
0xb1,0x1,0x0,0x0,0x0,0x0,0x0,0x0,
0x38,0x0,0x0,0x0,0x0,0x0,0x0,0x0,
0x38,0x0,0x0,0x0,0x0,0x0,0x1,0x0,
0xff,0xff,0xff,0xff,0x8,0x0,0x0,0x0,
0x8c,0x6,0x90,0x1,0x0,0x0,0x0,0x0,
0x0,0x0,0x7,0x0,0x0,0x0,0x0,0x0,
0x0,0x0,0x0,0x0,0x8c,0x6,0x0,0x0,
0x1,0x0,0x0,0x0,0x2f,0xd,0x3,0x0,
0x0,0x3d,0xe,0x3,0x0,0x0,0x18,0x7,
0x10,0x4b,0x80,0x7,0x18,0x6,0x2,0x0,
0x0,0x0,0x0,0x0,0x0,0x0,0x0,0x0,
0x44,0x0,0x0,0x0,0x8,0x0,0x0,0x0,
0xa6,0x0,0x0,0x0,0x0,0x0,0x0,0x0,
0x38,0x0,0x0,0x0,0x0,0x0,0x0,0x0,
0x38,0x0,0x0,0x0,0x0,0x0,0x1,0x0,
0xff,0xff,0xff,0xff,0x7,0x0,0x0,0x0,
0x8b,0x6,0x90,0x1,0x0,0x0,0x0,0x0,
0x0,0x0,0x7,0x0,0x0,0x0,0x0,0x0,
0x0,0x0,0x0,0x0,0x8b,0x6,0x0,0x0,
0x1,0x0,0x0,0x0,0x2f,0xf,0x3,0x0,
0x0,0x18,0x6,0x2,0x0,0x0,0x0,0x0,
0x44,0x0,0x0,0x0,0x13,0x0,0x0,0x0,
0x91,0x1,0x0,0x0,0x0,0x0,0x0,0x0,
0x38,0x0,0x0,0x0,0x0,0x0,0x0,0x0,
0x38,0x0,0x0,0x0,0x0,0x0,0x1,0x0,
0xff,0xff,0xff,0xff,0x8,0x0,0x0,0x0,
0x92,0x6,0xd0,0x1,0x0,0x0,0x0,0x0,
0x0,0x0,0x7,0x0,0x0,0x0,0x0,0x0,
0x0,0x0,0x0,0x0,0x92,0x6,0x0,0x0,
0x1,0x0,0x0,0x0,0x2f,0x10,0x3,0x0,
0x0,0x3d,0x11,0x3,0x0,0x0,0x18,0x7,
0x10,0xc,0xa2,0x7,0x18,0x6,0x2,0x0,
0x0,0x0,0x0,0x0,0x0,0x0,0x0,0x0,
0x50,0x0,0x0,0x0,0x5,0x0,0x0,0x0,
0x4,0x2,0x0,0x0,0x0,0x0,0x0,0x0,
0x38,0x0,0x0,0x0,0x0,0x0,0x0,0x0,
0x38,0x0,0x0,0x0,0x0,0x0,0x2,0x0,
0xff,0xff,0xff,0xff,0x7,0x0,0x0,0x0,
0x98,0x6,0x10,0x2,0x0,0x0,0x0,0x0,
0x0,0x0,0x7,0x0,0x0,0x0,0x0,0x0,
0x0,0x0,0x0,0x0,0x98,0x6,0x0,0x0,
0x0,0x0,0x0,0x0,0x1,0x0,0x0,0x0,
0x9a,0x6,0x0,0x0,0x1,0x0,0x0,0x0,
0xca,0xd4,0x16,0x6,0x2,0x0,0x0,0x0,
0x0,0x0,0x0,0x0,0x0,0x0,0x0,0x0,
0x44,0x0,0x0,0x0,0xd,0x0,0x0,0x0,
0xaf,0x0,0x0,0x0,0x0,0x0,0x0,0x0,
0x38,0x0,0x0,0x0,0x0,0x0,0x0,0x0,
0x38,0x0,0x0,0x0,0x0,0x0,0x1,0x0,
0xff,0xff,0xff,0xff,0x7,0x0,0x0,0x0,
0xa7,0x6,0x10,0x1,0x0,0x0,0x0,0x0,
0x0,0x0,0x7,0x0,0x0,0x0,0x0,0x0,
0x0,0x0,0x0,0x0,0xa7,0x6,0x0,0x0,
0x1,0x0,0x0,0x0,0x2f,0x12,0x3,0x0,
0x0,0x3d,0x13,0x3,0x0,0x0,0x18,0x6,
0x2,0x0,0x0,0x0,0x0,0x0,0x0,0x0,
0x44,0x0,0x0,0x0,0xd,0x0,0x0,0x0,
0x91,0x1,0x0,0x0,0x0,0x0,0x0,0x0,
0x38,0x0,0x0,0x0,0x0,0x0,0x0,0x0,
0x38,0x0,0x0,0x0,0x0,0x0,0x1,0x0,
0xff,0xff,0xff,0xff,0x7,0x0,0x0,0x0,
0xaa,0x6,0x50,0x1,0x0,0x0,0x0,0x0,
0x0,0x0,0x7,0x0,0x0,0x0,0x0,0x0,
0x0,0x0,0x0,0x0,0xaa,0x6,0x0,0x0,
0x1,0x0,0x0,0x0,0x2f,0x14,0x3,0x0,
0x0,0x3d,0x15,0x3,0x0,0x0,0x18,0x6,
0x2,0x0,0x0,0x0,0x0,0x0,0x0,0x0,
0x44,0x0,0x0,0x0,0xd,0x0,0x0,0x0,
0x91,0x1,0x0,0x0,0x0,0x0,0x0,0x0,
0x38,0x0,0x0,0x0,0x0,0x0,0x0,0x0,
0x38,0x0,0x0,0x0,0x0,0x0,0x1,0x0,
0xff,0xff,0xff,0xff,0x7,0x0,0x0,0x0,
0xaf,0x6,0x10,0x1,0x0,0x0,0x0,0x0,
0x0,0x0,0x7,0x0,0x0,0x0,0x0,0x0,
0x0,0x0,0x0,0x0,0xaf,0x6,0x0,0x0,
0x1,0x0,0x0,0x0,0x2f,0x16,0x3,0x0,
0x0,0x3d,0x17,0x3,0x0,0x0,0x18,0x6,
0x2,0x0,0x0,0x0,0x0,0x0,0x0,0x0,
0x44,0x0,0x0,0x0,0x33,0x0,0x0,0x0,
0x95,0x1,0x0,0x0,0x0,0x0,0x0,0x0,
0x38,0x0,0x0,0x0,0x0,0x0,0x0,0x0,
0x38,0x0,0x0,0x0,0x0,0x0,0x1,0x0,
0xff,0xff,0xff,0xff,0xb,0x0,0x0,0x0,
0xb2,0x6,0x50,0x1,0x0,0x0,0x0,0x0,
0x0,0x0,0x7,0x0,0x0,0x0,0x0,0x0,
0x0,0x0,0x0,0x0,0xb2,0x6,0x0,0x0,
0x1,0x0,0x0,0x0,0x13,0xee,0x2,0x0,
0x0,0x18,0x7,0x2f,0x18,0x3,0x0,0x0,
0x3d,0x19,0x3,0x0,0x0,0x18,0x8,0x10,
0x1,0x80,0x8,0x80,0x7,0x18,0x9,0x13,
0xf0,0x2,0x0,0x0,0x80,0x9,0x18,0xa,
0x2f,0x1a,0x3,0x0,0x0,0x3d,0x1b,0x3,
0x0,0x0,0x80,0xa,0x18,0x6,0x2,0x0,
0x0,0x0,0x0,0x0,0x0,0x0,0x0,0x0,
0x4c,0x0,0x0,0x0,0x2a,0x0,0x0,0x0,
0xe,0x2,0x0,0x0,0x1,0x0,0x1,0x0,
0x38,0x0,0x0,0x0,0x0,0x0,0x0,0x0,
0x40,0x0,0x0,0x0,0x0,0x0,0x1,0x0,
0xff,0xff,0xff,0xff,0xe,0x0,0x0,0x0,
0xd3,0x6,0x90,0x1,0x0,0x0,0x0,0x0,
0x0,0x0,0x8,0x0,0x0,0x0,0x0,0x0,
0x9f,0x0,0x0,0x0,0x0,0x0,0x0,0x0,
0x0,0x0,0x0,0x0,0xd4,0x6,0x0,0x0,
0x1,0x0,0x0,0x0,0x2f,0x1c,0x3,0x0,
0x0,0x18,0x8,0x2f,0x1d,0x3,0x0,0x0,
0x18,0xb,0x16,0x6,0x18,0xd,0xea,0x2,
0x1,0xd,0x18,0xc,0xad,0x1e,0x3,0x0,
0x0,0x8,0x0,0x0,0x0,0x2,0x0,0x0,
0x0,0xb,0x0,0x0,0x0,0x2,0x0,0x0,
0x0,0x0,0x0,0x0,0x0,0x0,0x0,0x0,
0x44,0x0,0x0,0x0,0x8,0x0,0x0,0x0,
0x66,0x0,0x0,0x0,0x0,0x0,0x0,0x0,
0x38,0x0,0x0,0x0,0x0,0x0,0x0,0x0,
0x38,0x0,0x0,0x0,0x0,0x0,0x1,0x0,
0xff,0xff,0xff,0xff,0x7,0x0,0x0,0x0,
0xd2,0x6,0x90,0x1,0x0,0x0,0x0,0x0,
0x0,0x0,0x7,0x0,0x0,0x0,0x0,0x0,
0x0,0x0,0x0,0x0,0xd2,0x6,0x0,0x0,
0x1,0x0,0x0,0x0,0x2f,0x1f,0x3,0x0,
0x0,0x18,0x6,0x2,0x0,0x0,0x0,0x0,
0x70,0x0,0x0,0x0,0x2c,0x0,0x0,0x0,
0x11,0x2,0x0,0x0,0x1,0x0,0x1,0x0,
0x38,0x0,0x0,0x0,0x0,0x0,0x0,0x0,
0x40,0x0,0x0,0x0,0x0,0x0,0x4,0x0,
0xff,0xff,0xff,0xff,0xa,0x0,0x0,0x0,
0xdb,0x6,0x10,0x2,0x0,0x0,0x0,0x0,
0x0,0x0,0x8,0x0,0x0,0x0,0x0,0x0,
0x12,0x2,0x0,0x0,0x0,0x0,0x0,0x0,
0x0,0x0,0x0,0x0,0xdc,0x6,0x0,0x0,
0x2,0x0,0x0,0x0,0x17,0x0,0x0,0x0,
0xdd,0x6,0x0,0x0,0x3,0x0,0x0,0x0,
0x1d,0x0,0x0,0x0,0xde,0x6,0x0,0x0,
0x6,0x0,0x0,0x0,0x2a,0x0,0x0,0x0,
0xe0,0x6,0x0,0x0,0x6,0x0,0x0,0x0,
0x2f,0x20,0x3,0x0,0x0,0x18,0x8,0x1a,
0x6,0x9,0x10,0x78,0x9c,0x9,0x43,0x21,
0x3,0x0,0x0,0x8,0x0,0x0,0x0,0x10,
0x1,0x66,0x6,0x50,0xd,0xb5,0x22,0x3,
0x0,0x0,0x0,0x0,0x0,0x0,0x0,0x0,
0x0,0x0,0xe,0x2,0x0,0x0,0x0,0x0,
0x0,0x0,0x0,0x0,0x0,0x0,0x0,0x0,
0x44,0x0,0x0,0x0,0xd,0x0,0x0,0x0,
0xea,0x0,0x0,0x0,0x0,0x0,0x0,0x0,
0x38,0x0,0x0,0x0,0x0,0x0,0x0,0x0,
0x38,0x0,0x0,0x0,0x0,0x0,0x1,0x0,
0xff,0xff,0xff,0xff,0x7,0x0,0x0,0x0,
0xd9,0x6,0x10,0x2,0x0,0x0,0x0,0x0,
0x0,0x0,0x7,0x0,0x0,0x0,0x0,0x0,
0x0,0x0,0x0,0x0,0xd9,0x6,0x0,0x0,
0x1,0x0,0x0,0x0,0x2f,0x23,0x3,0x0,
0x0,0x3d,0x24,0x3,0x0,0x0,0x18,0x6,
0x2,0x0,0x0,0x0,0x0,0x0,0x0,0x0,
0x44,0x0,0x0,0x0,0xd,0x0,0x0,0x0,
0x95,0x1,0x0,0x0,0x0,0x0,0x0,0x0,
0x38,0x0,0x0,0x0,0x0,0x0,0x0,0x0,
0x38,0x0,0x0,0x0,0x0,0x0,0x1,0x0,
0xff,0xff,0xff,0xff,0x7,0x0,0x0,0x0,
0xe2,0x6,0x50,0x2,0x0,0x0,0x0,0x0,
0x0,0x0,0x7,0x0,0x0,0x0,0x0,0x0,
0x0,0x0,0x0,0x0,0xe2,0x6,0x0,0x0,
0x1,0x0,0x0,0x0,0x2f,0x25,0x3,0x0,
0x0,0x3d,0x26,0x3,0x0,0x0,0x18,0x6,
0x2,0x0,0x0,0x0,0x0,0x0,0x0,0x0,
0x44,0x0,0x0,0x0,0x3b,0x0,0x0,0x0,
0x95,0x1,0x0,0x0,0x0,0x0,0x0,0x0,
0x38,0x0,0x0,0x0,0x0,0x0,0x0,0x0,
0x38,0x0,0x0,0x0,0x0,0x0,0x1,0x0,
0xff,0xff,0xff,0xff,0xd,0x0,0x0,0x0,
0xfc,0x6,0x50,0x1,0x0,0x0,0x0,0x0,
0x0,0x0,0x7,0x0,0x0,0x0,0x0,0x0,
0x0,0x0,0x0,0x0,0xfc,0x6,0x0,0x0,
0x1,0x0,0x0,0x0,0x12,0x0,0x18,0x7,
0x2f,0x27,0x3,0x0,0x0,0x18,0x8,0x14,
0x34,0xc,0x2f,0x28,0x3,0x0,0x0,0x3d,
0x29,0x3,0x0,0x0,0x9c,0xc,0x18,0xb,
0xad,0x2a,0x3,0x0,0x0,0x8,0x0,0x0,
0x0,0x1,0x0,0x0,0x0,0xb,0x0,0x0,
0x0,0x18,0x8,0x13,0xf2,0x2,0x0,0x0,
0x80,0x8,0x80,0x7,0x18,0x6,0x2,0x0,
0x0,0x0,0x0,0x0,0x0,0x0,0x0,0x0,
0x5c,0x0,0x0,0x0,0xc,0x0,0x0,0x0,
0xf2,0x0,0x0,0x0,0x0,0x0,0x0,0x0,
0x38,0x0,0x0,0x0,0x0,0x0,0x0,0x0,
0x38,0x0,0x0,0x0,0x0,0x0,0x3,0x0,
0xd,0x1,0x0,0x0,0x7,0x0,0x0,0x0,
0xfe,0x6,0x50,0x1,0x0,0x0,0x0,0x0,
0x0,0x0,0x7,0x0,0x0,0x0,0x8,0x0,
0x0,0x0,0x0,0x0,0xfe,0x6,0x0,0x0,
0x0,0x0,0x0,0x0,0x1,0x0,0x0,0x0,
0xfe,0x6,0x0,0x0,0x1,0x0,0x0,0x0,
0x8,0x0,0x0,0x0,0x4,0x7,0x0,0x0,
0x1,0x0,0x0,0x0,0xca,0x29,0xd,0x1,
0x0,0x0,0x18,0x6,0xd4,0x16,0x6,0x2,
0x0,0x0,0x0,0x0,0x0,0x0,0x0,0x0,
0x7c,0x0,0x0,0x0,0x9b,0x0,0x0,0x0,
0x0,0x0,0x0,0x0,0x1,0x0,0x1,0x0,
0x38,0x0,0x0,0x0,0x0,0x0,0x0,0x0,
0x40,0x0,0x0,0x0,0x0,0x0,0x5,0x0,
0xff,0xff,0xff,0xff,0xf,0x0,0x0,0x0,
0xfe,0x6,0x0,0x2,0x0,0x0,0x0,0x0,
0x0,0x0,0x9,0x0,0x0,0x0,0x0,0x0,
0x4,0x3,0x0,0x0,0x0,0x0,0x0,0x0,
0x0,0x0,0x0,0x0,0xff,0x6,0x0,0x0,
0x1,0x0,0x0,0x0,0x2b,0x0,0x0,0x0,
0x0,0x7,0x0,0x0,0x3,0x0,0x0,0x0,
0x56,0x0,0x0,0x0,0x1,0x7,0x0,0x0,
0x5,0x0,0x0,0x0,0x81,0x0,0x0,0x0,
0x3,0x7,0x0,0x0,0x7,0x0,0x0,0x0,
0x99,0x0,0x0,0x0,0x4,0x7,0x0,0x0,
0x7,0x0,0x0,0x0,0x2f,0x2b,0x3,0x0,
0x0,0x3d,0x2c,0x3,0x0,0x0,0x18,0xb,
0x2f,0x2d,0x3,0x0,0x0,0x18,0xe,0x10,
0x2,0x9e,0xe,0x18,0xc,0x14,0x50,0xd,
0xb5,0x2e,0x3,0x0,0x0,0x3,0x0,0x0,
0x0,0xb,0x0,0x0,0x0,0x18,0x8,0x2f,
0x2f,0x3,0x0,0x0,0x18,0x9,0x16,0x8,
0x3d,0x30,0x3,0x0,0x0,0x18,0xa,0x2f,
0x31,0x3,0x0,0x0,0x3d,0x32,0x3,0x0,
0x0,0x18,0xb,0x10,0x2,0x9e,0xb,0xa2,
0xa,0x43,0x33,0x3,0x0,0x0,0x9,0x0,
0x0,0x0,0x2f,0x34,0x3,0x0,0x0,0x18,
0x9,0x16,0x8,0x3d,0x35,0x3,0x0,0x0,
0x18,0xa,0x2f,0x36,0x3,0x0,0x0,0x3d,
0x37,0x3,0x0,0x0,0xa2,0xa,0x18,0xb,
0x10,0xa,0xa2,0xb,0x43,0x38,0x3,0x0,
0x0,0x9,0x0,0x0,0x0,0x2f,0x39,0x3,
0x0,0x0,0x18,0x9,0xad,0x3a,0x3,0x0,
0x0,0x9,0x0,0x0,0x0,0x0,0x0,0x0,
0x0,0x0,0x0,0x0,0x0,0xe,0x2,0x0,
0x0,0x0,0x0,0x0,0x0,0x0,0x0,0x0,
0x44,0x0,0x0,0x0,0x22,0x0,0x0,0x0,
0x19,0x2,0x0,0x0,0x0,0x0,0x0,0x0,
0x38,0x0,0x0,0x0,0x0,0x0,0x0,0x0,
0x38,0x0,0x0,0x0,0x0,0x0,0x1,0x0,
0xff,0xff,0xff,0xff,0xb,0x0,0x0,0x0,
0x8,0x7,0x50,0x1,0x0,0x0,0x0,0x0,
0x0,0x0,0x7,0x0,0x0,0x0,0x0,0x0,
0x0,0x0,0x0,0x0,0x9,0x7,0x0,0x0,
0x1,0x0,0x0,0x0,0x2f,0x3b,0x3,0x0,
0x0,0x18,0x7,0x14,0x54,0x8,0x2f,0x3c,
0x3,0x0,0x0,0x9c,0x8,0x18,0x9,0x4,
0x55,0xa2,0x9,0x9c,0x7,0x18,0xa,0x4,
0x2e,0x80,0xa,0x18,0x6,0x2,0x0,0x0,
0x0,0x0,0x0,0x0,0x0,0x0,0x0,0x0,
0x44,0x0,0x0,0x0,0xa,0x0,0x0,0x0,
0x1b,0x2,0x0,0x0,0x0,0x0,0x0,0x0,
0x38,0x0,0x0,0x0,0x0,0x0,0x0,0x0,
0x38,0x0,0x0,0x0,0x0,0x0,0x1,0x0,
0xff,0xff,0xff,0xff,0x8,0x0,0x0,0x0,
0x12,0x7,0x50,0x1,0x0,0x0,0x0,0x0,
0x0,0x0,0x7,0x0,0x0,0x0,0x0,0x0,
0x0,0x0,0x0,0x0,0x12,0x7,0x0,0x0,
0x1,0x0,0x0,0x0,0x14,0x56,0x7,0x10,
0x1c,0x9e,0x7,0x18,0x6,0x2,0x0,0x0,
0x0,0x0,0x0,0x0,0x0,0x0,0x0,0x0,
0x44,0x0,0x0,0x0,0x1b,0x0,0x0,0x0,
0x91,0x1,0x0,0x0,0x0,0x0,0x0,0x0,
0x38,0x0,0x0,0x0,0x0,0x0,0x0,0x0,
0x38,0x0,0x0,0x0,0x0,0x0,0x1,0x0,
0xff,0xff,0xff,0xff,0x9,0x0,0x0,0x0,
0x1c,0x7,0x90,0x0,0x0,0x0,0x0,0x0,
0x0,0x0,0x7,0x0,0x0,0x0,0x0,0x0,
0x0,0x0,0x0,0x0,0x1c,0x7,0x0,0x0,
0x1,0x0,0x0,0x0,0x2f,0x3d,0x3,0x0,
0x0,0x3d,0x3e,0x3,0x0,0x0,0x18,0x7,
0x14,0x39,0x8,0x2f,0x3f,0x3,0x0,0x0,
0x9c,0x8,0xa2,0x7,0x18,0x6,0x2,0x0,
0x0,0x0,0x0,0x0,0x0,0x0,0x0,0x0,
0x44,0x0,0x0,0x0,0x8,0x0,0x0,0x0,
0x1e,0x2,0x0,0x0,0x0,0x0,0x0,0x0,
0x38,0x0,0x0,0x0,0x0,0x0,0x0,0x0,
0x38,0x0,0x0,0x0,0x0,0x0,0x1,0x0,
0xff,0xff,0xff,0xff,0x7,0x0,0x0,0x0,
0x1d,0x7,0x90,0x0,0x0,0x0,0x0,0x0,
0x0,0x0,0x7,0x0,0x0,0x0,0x0,0x0,
0x0,0x0,0x0,0x0,0x1d,0x7,0x0,0x0,
0x1,0x0,0x0,0x0,0x2f,0x40,0x3,0x0,
0x0,0x18,0x6,0x2,0x0,0x0,0x0,0x0,
0x44,0x0,0x0,0x0,0x8,0x0,0x0,0x0,
0x96,0x1,0x0,0x0,0x0,0x0,0x0,0x0,
0x38,0x0,0x0,0x0,0x0,0x0,0x0,0x0,
0x38,0x0,0x0,0x0,0x0,0x0,0x1,0x0,
0xff,0xff,0xff,0xff,0x7,0x0,0x0,0x0,
0x1e,0x7,0x90,0x0,0x0,0x0,0x0,0x0,
0x0,0x0,0x7,0x0,0x0,0x0,0x0,0x0,
0x0,0x0,0x0,0x0,0x1e,0x7,0x0,0x0,
0x1,0x0,0x0,0x0,0x2f,0x41,0x3,0x0,
0x0,0x18,0x6,0x2,0x0,0x0,0x0,0x0,
0x5c,0x0,0x0,0x0,0x44,0x0,0x0,0x0,
0x22,0x2,0x0,0x0,0x0,0x0,0x0,0x0,
0x38,0x0,0x0,0x0,0x0,0x0,0x0,0x0,
0x38,0x0,0x0,0x0,0x0,0x0,0x3,0x0,
0xff,0xff,0xff,0xff,0xd,0x0,0x0,0x0,
0x25,0x7,0x90,0x0,0x0,0x0,0x0,0x0,
0x0,0x0,0x7,0x0,0x0,0x0,0x0,0x0,
0x0,0x0,0x0,0x0,0x25,0x7,0x0,0x0,
0x0,0x0,0x0,0x0,0x1,0x0,0x0,0x0,
0x26,0x7,0x0,0x0,0x2,0x0,0x0,0x0,
0x40,0x0,0x0,0x0,0x27,0x7,0x0,0x0,
0x2,0x0,0x0,0x0,0xca,0x2f,0x42,0x3,
0x0,0x0,0x18,0x7,0x2f,0x43,0x3,0x0,
0x0,0x18,0x8,0x2f,0x44,0x3,0x0,0x0,
0x3d,0x45,0x3,0x0,0x0,0x18,0xc,0x10,
0x64,0x9c,0xc,0x18,0xb,0xad,0x46,0x3,
0x0,0x0,0x8,0x0,0x0,0x0,0x1,0x0,
0x0,0x0,0xb,0x0,0x0,0x0,0x18,0x8,
0x43,0x47,0x3,0x0,0x0,0x7,0x0,0x0,
0x0,0x1a,0x8,0x6,0xd4,0x16,0x6,0x2,
0x0,0x0,0x0,0x0,0x0,0x0,0x0,0x0,
0x68,0x0,0x0,0x0,0x26,0x0,0x0,0x0,
0x49,0x1,0x0,0x0,0x0,0x0,0x0,0x0,
0x38,0x0,0x0,0x0,0x0,0x0,0x0,0x0,
0x38,0x0,0x0,0x0,0x0,0x0,0x4,0x0,
0xff,0xff,0xff,0xff,0x9,0x0,0x0,0x0,
0x2e,0x7,0x10,0x1,0x0,0x0,0x0,0x0,
0x0,0x0,0x7,0x0,0x0,0x0,0x0,0x0,
0x0,0x0,0x0,0x0,0x2e,0x7,0x0,0x0,
0x0,0x0,0x0,0x0,0x1,0x0,0x0,0x0,
0x2f,0x7,0x0,0x0,0x2,0x0,0x0,0x0,
0x8,0x0,0x0,0x0,0x30,0x7,0x0,0x0,
0x4,0x0,0x0,0x0,0x22,0x0,0x0,0x0,
0x32,0x7,0x0,0x0,0x4,0x0,0x0,0x0,
0xca,0x2f,0x48,0x3,0x0,0x0,0x50,0x1a,
0x2f,0x49,0x3,0x0,0x0,0x18,0x7,0x11,
0xc8,0x0,0x0,0x0,0x18,0x8,0x43,0x4a,
0x3,0x0,0x0,0x7,0x0,0x0,0x0,0x1a,
0x8,0x6,0xd4,0x16,0x6,0x2,0x0,0x0,
0x0,0x0,0x0,0x0,0x0,0x0,0x0,0x0,
0x68,0x0,0x0,0x0,0x26,0x0,0x0,0x0,
0x49,0x1,0x0,0x0,0x0,0x0,0x0,0x0,
0x38,0x0,0x0,0x0,0x0,0x0,0x0,0x0,
0x38,0x0,0x0,0x0,0x0,0x0,0x4,0x0,
0xff,0xff,0xff,0xff,0x9,0x0,0x0,0x0,
0x36,0x7,0x10,0x1,0x0,0x0,0x0,0x0,
0x0,0x0,0x7,0x0,0x0,0x0,0x0,0x0,
0x0,0x0,0x0,0x0,0x36,0x7,0x0,0x0,
0x0,0x0,0x0,0x0,0x1,0x0,0x0,0x0,
0x37,0x7,0x0,0x0,0x2,0x0,0x0,0x0,
0x8,0x0,0x0,0x0,0x38,0x7,0x0,0x0,
0x4,0x0,0x0,0x0,0x22,0x0,0x0,0x0,
0x3a,0x7,0x0,0x0,0x4,0x0,0x0,0x0,
0xca,0x2f,0x4b,0x3,0x0,0x0,0x50,0x1a,
0x2f,0x4c,0x3,0x0,0x0,0x18,0x7,0x11,
0x82,0x0,0x0,0x0,0x18,0x8,0x43,0x4d,
0x3,0x0,0x0,0x7,0x0,0x0,0x0,0x1a,
0x8,0x6,0xd4,0x16,0x6,0x2,0x0,0x0,
0x0,0x0,0x0,0x0,0x0,0x0,0x0,0x0,
0x68,0x0,0x0,0x0,0x23,0x0,0x0,0x0,
0x49,0x1,0x0,0x0,0x0,0x0,0x0,0x0,
0x38,0x0,0x0,0x0,0x0,0x0,0x0,0x0,
0x38,0x0,0x0,0x0,0x0,0x0,0x4,0x0,
0xff,0xff,0xff,0xff,0x9,0x0,0x0,0x0,
0x3e,0x7,0x10,0x1,0x0,0x0,0x0,0x0,
0x0,0x0,0x7,0x0,0x0,0x0,0x0,0x0,
0x0,0x0,0x0,0x0,0x3e,0x7,0x0,0x0,
0x0,0x0,0x0,0x0,0x1,0x0,0x0,0x0,
0x3f,0x7,0x0,0x0,0x2,0x0,0x0,0x0,
0x8,0x0,0x0,0x0,0x40,0x7,0x0,0x0,
0x4,0x0,0x0,0x0,0x1f,0x0,0x0,0x0,
0x42,0x7,0x0,0x0,0x4,0x0,0x0,0x0,
0xca,0x2f,0x4e,0x3,0x0,0x0,0x50,0x17,
0x2f,0x4f,0x3,0x0,0x0,0x18,0x7,0x10,
0x64,0x18,0x8,0x43,0x50,0x3,0x0,0x0,
0x7,0x0,0x0,0x0,0x1a,0x8,0x6,0xd4,
0x16,0x6,0x2,0x0,0x0,0x0,0x0,0x0,
0x0,0x0,0x0,0x0,0x0,0x0,0x0,0x0,
0x68,0x0,0x0,0x0,0x23,0x0,0x0,0x0,
0x49,0x1,0x0,0x0,0x0,0x0,0x0,0x0,
0x38,0x0,0x0,0x0,0x0,0x0,0x0,0x0,
0x38,0x0,0x0,0x0,0x0,0x0,0x4,0x0,
0xff,0xff,0xff,0xff,0x9,0x0,0x0,0x0,
0x46,0x7,0x10,0x1,0x0,0x0,0x0,0x0,
0x0,0x0,0x7,0x0,0x0,0x0,0x0,0x0,
0x0,0x0,0x0,0x0,0x46,0x7,0x0,0x0,
0x0,0x0,0x0,0x0,0x1,0x0,0x0,0x0,
0x47,0x7,0x0,0x0,0x2,0x0,0x0,0x0,
0x8,0x0,0x0,0x0,0x48,0x7,0x0,0x0,
0x4,0x0,0x0,0x0,0x1f,0x0,0x0,0x0,
0x4a,0x7,0x0,0x0,0x4,0x0,0x0,0x0,
0xca,0x2f,0x51,0x3,0x0,0x0,0x50,0x17,
0x2f,0x52,0x3,0x0,0x0,0x18,0x7,0x10,
0x4b,0x18,0x8,0x43,0x53,0x3,0x0,0x0,
0x7,0x0,0x0,0x0,0x1a,0x8,0x6,0xd4,
0x16,0x6,0x2,0x0,0x0,0x0,0x0,0x0,
0x0,0x0,0x0,0x0,0x0,0x0,0x0,0x0,
0x50,0x0,0x0,0x0,0x4f,0x0,0x0,0x0,
0x32,0x2,0x0,0x0,0x0,0x0,0x0,0x0,
0x38,0x0,0x0,0x0,0x0,0x0,0x0,0x0,
0x38,0x0,0x0,0x0,0x0,0x0,0x2,0x0,
0xff,0xff,0xff,0xff,0xf,0x0,0x0,0x0,
0x58,0x7,0x10,0x1,0x0,0x0,0x0,0x0,
0x0,0x0,0x7,0x0,0x0,0x0,0x0,0x0,
0x0,0x0,0x0,0x0,0x58,0x7,0x0,0x0,
0x0,0x0,0x0,0x0,0x1,0x0,0x0,0x0,
0x59,0x7,0x0,0x0,0x1,0x0,0x0,0x0,
0xca,0x2f,0x54,0x3,0x0,0x0,0x18,0x7,
0x14,0x55,0x8,0x2f,0x55,0x3,0x0,0x0,
0x18,0x9,0x14,0x57,0xd,0x2f,0x56,0x3,
0x0,0x0,0x9c,0xd,0x18,0xe,0x4,0x58,
0xa2,0xe,0x18,0xc,0xad,0x57,0x3,0x0,
0x0,0x9,0x0,0x0,0x0,0x1,0x0,0x0,
0x0,0xc,0x0,0x0,0x0,0x80,0x8,0x18,
0x9,0x10,0xe,0x9e,0x9,0x18,0xa,0x43,
0x58,0x3,0x0,0x0,0x7,0x0,0x0,0x0,
0x1a,0xa,0x6,0xd4,0x16,0x6,0x2,0x0,
0x44,0x0,0x0,0x0,0x29,0x0,0x0,0x0,
0x4f,0x0,0x0,0x0,0x0,0x0,0x0,0x0,
0x38,0x0,0x0,0x0,0x0,0x0,0x0,0x0,
0x38,0x0,0x0,0x0,0x0,0x0,0x1,0x0,
0xff,0xff,0xff,0xff,0x9,0x0,0x0,0x0,
0x64,0x7,0x90,0x0,0x0,0x0,0x0,0x0,
0x0,0x0,0x7,0x0,0x0,0x0,0x0,0x0,
0x0,0x0,0x0,0x0,0x64,0x7,0x0,0x0,
0x1,0x0,0x0,0x0,0x2f,0x59,0x3,0x0,
0x0,0x3d,0x5a,0x3,0x0,0x0,0x18,0x7,
0x2f,0x5b,0x3,0x0,0x0,0x3d,0x5c,0x3,
0x0,0x0,0x84,0x7,0x18,0x8,0x2f,0x5d,
0x3,0x0,0x0,0x3d,0x5e,0x3,0x0,0x0,
0x84,0x8,0x18,0x6,0x2,0x0,0x0,0x0,
0x0,0x0,0x0,0x0,0x0,0x0,0x0,0x0,
0x44,0x0,0x0,0x0,0xd,0x0,0x0,0x0,
0x35,0x2,0x0,0x0,0x0,0x0,0x0,0x0,
0x38,0x0,0x0,0x0,0x0,0x0,0x0,0x0,
0x38,0x0,0x0,0x0,0x0,0x0,0x1,0x0,
0xff,0xff,0xff,0xff,0x7,0x0,0x0,0x0,
0x65,0x7,0x90,0x0,0x0,0x0,0x0,0x0,
0x0,0x0,0x7,0x0,0x0,0x0,0x0,0x0,
0x0,0x0,0x0,0x0,0x65,0x7,0x0,0x0,
0x1,0x0,0x0,0x0,0x2f,0x5f,0x3,0x0,
0x0,0x3d,0x60,0x3,0x0,0x0,0x18,0x6,
0x2,0x0,0x0,0x0,0x0,0x0,0x0,0x0,
0x44,0x0,0x0,0x0,0xd,0x0,0x0,0x0,
0x91,0x1,0x0,0x0,0x0,0x0,0x0,0x0,
0x38,0x0,0x0,0x0,0x0,0x0,0x0,0x0,
0x38,0x0,0x0,0x0,0x0,0x0,0x1,0x0,
0xff,0xff,0xff,0xff,0x7,0x0,0x0,0x0,
0x6b,0x7,0xd0,0x0,0x0,0x0,0x0,0x0,
0x0,0x0,0x7,0x0,0x0,0x0,0x0,0x0,
0x0,0x0,0x0,0x0,0x6b,0x7,0x0,0x0,
0x1,0x0,0x0,0x0,0x2f,0x61,0x3,0x0,
0x0,0x3d,0x62,0x3,0x0,0x0,0x18,0x6,
0x2,0x0,0x0,0x0,0x0,0x0,0x0,0x0,
0x44,0x0,0x0,0x0,0x8,0x0,0x0,0x0,
0x66,0x0,0x0,0x0,0x0,0x0,0x0,0x0,
0x38,0x0,0x0,0x0,0x0,0x0,0x0,0x0,
0x38,0x0,0x0,0x0,0x0,0x0,0x1,0x0,
0xff,0xff,0xff,0xff,0x7,0x0,0x0,0x0,
0x71,0x7,0x10,0x1,0x0,0x0,0x0,0x0,
0x0,0x0,0x7,0x0,0x0,0x0,0x0,0x0,
0x0,0x0,0x0,0x0,0x71,0x7,0x0,0x0,
0x1,0x0,0x0,0x0,0x2f,0x63,0x3,0x0,
0x0,0x18,0x6,0x2,0x0,0x0,0x0,0x0,
0x50,0x0,0x0,0x0,0x1f,0x0,0x0,0x0,
0x3a,0x2,0x0,0x0,0x0,0x0,0x0,0x0,
0x38,0x0,0x0,0x0,0x0,0x0,0x0,0x0,
0x38,0x0,0x0,0x0,0x0,0x0,0x2,0x0,
0xff,0xff,0xff,0xff,0xa,0x0,0x0,0x0,
0x75,0x7,0x10,0x1,0x0,0x0,0x0,0x0,
0x0,0x0,0x7,0x0,0x0,0x0,0x0,0x0,
0x0,0x0,0x0,0x0,0x75,0x7,0x0,0x0,
0x0,0x0,0x0,0x0,0x1,0x0,0x0,0x0,
0x75,0x7,0x0,0x0,0x1,0x0,0x0,0x0,
0xca,0x2f,0x64,0x3,0x0,0x0,0x18,0x7,
0xad,0x65,0x3,0x0,0x0,0x7,0x0,0x0,
0x0,0x0,0x0,0x0,0x0,0x0,0x0,0x0,
0x0,0x18,0x6,0xd4,0x16,0x6,0x2,0x0,
0x44,0x0,0x0,0x0,0x8,0x0,0x0,0x0,
0xa6,0x0,0x0,0x0,0x0,0x0,0x0,0x0,
0x38,0x0,0x0,0x0,0x0,0x0,0x0,0x0,
0x38,0x0,0x0,0x0,0x0,0x0,0x1,0x0,
0xff,0xff,0xff,0xff,0x7,0x0,0x0,0x0,
0x74,0x7,0x10,0x1,0x0,0x0,0x0,0x0,
0x0,0x0,0x7,0x0,0x0,0x0,0x0,0x0,
0x0,0x0,0x0,0x0,0x74,0x7,0x0,0x0,
0x1,0x0,0x0,0x0,0x2f,0x66,0x3,0x0,
0x0,0x18,0x6,0x2,0x0,0x0,0x0,0x0,
0x74,0x0,0x0,0x0,0x46,0x0,0x0,0x0,
0xf2,0x0,0x0,0x0,0x0,0x0,0x0,0x0,
0x38,0x0,0x0,0x0,0x0,0x0,0x0,0x0,
0x38,0x0,0x0,0x0,0x0,0x0,0x5,0x0,
0xff,0xff,0xff,0xff,0x9,0x0,0x0,0x0,
0x7c,0x7,0x10,0x1,0x0,0x0,0x0,0x0,
0x0,0x0,0x7,0x0,0x0,0x0,0x0,0x0,
0x0,0x0,0x0,0x0,0x7c,0x7,0x0,0x0,
0x0,0x0,0x0,0x0,0x1,0x0,0x0,0x0,
0x7d,0x7,0x0,0x0,0x3,0x0,0x0,0x0,
0x12,0x0,0x0,0x0,0x7e,0x7,0x0,0x0,
0x5,0x0,0x0,0x0,0x2c,0x0,0x0,0x0,
0x7f,0x7,0x0,0x0,0x6,0x0,0x0,0x0,
0x42,0x0,0x0,0x0,0x80,0x7,0x0,0x0,
0x6,0x0,0x0,0x0,0xca,0x2f,0x67,0x3,
0x0,0x0,0x18,0x7,0xa,0x43,0x68,0x3,
0x0,0x0,0x7,0x0,0x0,0x0,0x2f,0x69,
0x3,0x0,0x0,0x18,0x7,0x2f,0x6a,0x3,
0x0,0x0,0x3d,0x6b,0x3,0x0,0x0,0x43,
0x6c,0x3,0x0,0x0,0x7,0x0,0x0,0x0,
0x2f,0x6d,0x3,0x0,0x0,0x18,0x7,0xe,
0x18,0x8,0x43,0x6e,0x3,0x0,0x0,0x7,
0x0,0x0,0x0,0x1a,0x8,0x6,0xd4,0x16,
0x6,0x2,0x0,0x0,0x0,0x0,0x0,0x0,
0x44,0x0,0x0,0x0,0xd,0x0,0x0,0x0,
0x18,0x1,0x0,0x0,0x0,0x0,0x0,0x0,
0x38,0x0,0x0,0x0,0x0,0x0,0x0,0x0,
0x38,0x0,0x0,0x0,0x0,0x0,0x1,0x0,
0xff,0xff,0xff,0xff,0x7,0x0,0x0,0x0,
0x79,0x7,0x10,0x1,0x0,0x0,0x0,0x0,
0x0,0x0,0x7,0x0,0x0,0x0,0x0,0x0,
0x0,0x0,0x0,0x0,0x79,0x7,0x0,0x0,
0x1,0x0,0x0,0x0,0x2f,0x6f,0x3,0x0,
0x0,0x3d,0x70,0x3,0x0,0x0,0x18,0x6,
0x2,0x0,0x0,0x0,0x0,0x0,0x0,0x0,
0x44,0x0,0x0,0x0,0xd,0x0,0x0,0x0,
0xec,0x1,0x0,0x0,0x0,0x0,0x0,0x0,
0x38,0x0,0x0,0x0,0x0,0x0,0x0,0x0,
0x38,0x0,0x0,0x0,0x0,0x0,0x1,0x0,
0xff,0xff,0xff,0xff,0x7,0x0,0x0,0x0,
0x7a,0x7,0x10,0x1,0x0,0x0,0x0,0x0,
0x0,0x0,0x7,0x0,0x0,0x0,0x0,0x0,
0x0,0x0,0x0,0x0,0x7a,0x7,0x0,0x0,
0x1,0x0,0x0,0x0,0x2f,0x71,0x3,0x0,
0x0,0x3d,0x72,0x3,0x0,0x0,0x18,0x6,
0x2,0x0,0x0,0x0,0x0,0x0,0x0,0x0,
0x44,0x0,0x0,0x0,0xd,0x0,0x0,0x0,
0x91,0x1,0x0,0x0,0x0,0x0,0x0,0x0,
0x38,0x0,0x0,0x0,0x0,0x0,0x0,0x0,
0x38,0x0,0x0,0x0,0x0,0x0,0x1,0x0,
0xff,0xff,0xff,0xff,0x7,0x0,0x0,0x0,
0x86,0x7,0xd0,0x0,0x0,0x0,0x0,0x0,
0x0,0x0,0x7,0x0,0x0,0x0,0x0,0x0,
0x0,0x0,0x0,0x0,0x86,0x7,0x0,0x0,
0x1,0x0,0x0,0x0,0x2f,0x73,0x3,0x0,
0x0,0x3d,0x74,0x3,0x0,0x0,0x18,0x6,
0x2,0x0,0x0,0x0,0x0,0x0,0x0,0x0,
0x44,0x0,0x0,0x0,0xd,0x0,0x0,0x0,
0x1e,0x2,0x0,0x0,0x0,0x0,0x0,0x0,
0x38,0x0,0x0,0x0,0x0,0x0,0x0,0x0,
0x38,0x0,0x0,0x0,0x0,0x0,0x1,0x0,
0xff,0xff,0xff,0xff,0x7,0x0,0x0,0x0,
0x87,0x7,0xd0,0x0,0x0,0x0,0x0,0x0,
0x0,0x0,0x7,0x0,0x0,0x0,0x0,0x0,
0x0,0x0,0x0,0x0,0x87,0x7,0x0,0x0,
0x1,0x0,0x0,0x0,0x2f,0x75,0x3,0x0,
0x0,0x3d,0x76,0x3,0x0,0x0,0x18,0x6,
0x2,0x0,0x0,0x0,0x0,0x0,0x0,0x0,
0x44,0x0,0x0,0x0,0x16,0x0,0x0,0x0,
0x88,0x1,0x0,0x0,0x0,0x0,0x0,0x0,
0x38,0x0,0x0,0x0,0x0,0x0,0x0,0x0,
0x38,0x0,0x0,0x0,0x0,0x0,0x1,0x0,
0xff,0xff,0xff,0xff,0x8,0x0,0x0,0x0,
0x88,0x7,0xd0,0x0,0x0,0x0,0x0,0x0,
0x0,0x0,0x7,0x0,0x0,0x0,0x0,0x0,
0x0,0x0,0x0,0x0,0x88,0x7,0x0,0x0,
0x1,0x0,0x0,0x0,0x2f,0x77,0x3,0x0,
0x0,0x3d,0x78,0x3,0x0,0x0,0x18,0x7,
0x2f,0x79,0x3,0x0,0x0,0xa2,0x7,0x18,
0x6,0x2,0x0,0x0,0x0,0x0,0x0,0x0,
0x44,0x0,0x0,0x0,0xd,0x0,0x0,0x0,
0xb1,0x1,0x0,0x0,0x0,0x0,0x0,0x0,
0x38,0x0,0x0,0x0,0x0,0x0,0x0,0x0,
0x38,0x0,0x0,0x0,0x0,0x0,0x1,0x0,
0xff,0xff,0xff,0xff,0x7,0x0,0x0,0x0,
0x89,0x7,0xd0,0x0,0x0,0x0,0x0,0x0,
0x0,0x0,0x7,0x0,0x0,0x0,0x0,0x0,
0x0,0x0,0x0,0x0,0x89,0x7,0x0,0x0,
0x1,0x0,0x0,0x0,0x2f,0x7a,0x3,0x0,
0x0,0x3d,0x7b,0x3,0x0,0x0,0x18,0x6,
0x2,0x0,0x0,0x0,0x0,0x0,0x0,0x0,
0x44,0x0,0x0,0x0,0x13,0x0,0x0,0x0,
0x91,0x1,0x0,0x0,0x0,0x0,0x0,0x0,
0x38,0x0,0x0,0x0,0x0,0x0,0x0,0x0,
0x38,0x0,0x0,0x0,0x0,0x0,0x1,0x0,
0xff,0xff,0xff,0xff,0x8,0x0,0x0,0x0,
0x8e,0x7,0x10,0x1,0x0,0x0,0x0,0x0,
0x0,0x0,0x7,0x0,0x0,0x0,0x0,0x0,
0x0,0x0,0x0,0x0,0x8e,0x7,0x0,0x0,
0x1,0x0,0x0,0x0,0x2f,0x7c,0x3,0x0,
0x0,0x3d,0x7d,0x3,0x0,0x0,0x18,0x7,
0x10,0x6,0xa2,0x7,0x18,0x6,0x2,0x0,
0x0,0x0,0x0,0x0,0x0,0x0,0x0,0x0,
0x44,0x0,0x0,0x0,0x16,0x0,0x0,0x0,
0x96,0x1,0x0,0x0,0x0,0x0,0x0,0x0,
0x38,0x0,0x0,0x0,0x0,0x0,0x0,0x0,
0x38,0x0,0x0,0x0,0x0,0x0,0x1,0x0,
0xff,0xff,0xff,0xff,0x8,0x0,0x0,0x0,
0x9a,0x7,0xd0,0x0,0x0,0x0,0x0,0x0,
0x0,0x0,0x7,0x0,0x0,0x0,0x0,0x0,
0x0,0x0,0x0,0x0,0x9a,0x7,0x0,0x0,
0x1,0x0,0x0,0x0,0x2f,0x7e,0x3,0x0,
0x0,0x3d,0x7f,0x3,0x0,0x0,0x18,0x7,
0x2f,0x80,0x3,0x0,0x0,0xa2,0x7,0x18,
0x6,0x2,0x0,0x0,0x0,0x0,0x0,0x0,
0x44,0x0,0x0,0x0,0x16,0x0,0x0,0x0,
0x1e,0x2,0x0,0x0,0x0,0x0,0x0,0x0,
0x38,0x0,0x0,0x0,0x0,0x0,0x0,0x0,
0x38,0x0,0x0,0x0,0x0,0x0,0x1,0x0,
0xff,0xff,0xff,0xff,0x8,0x0,0x0,0x0,
0x9d,0x7,0xd0,0x0,0x0,0x0,0x0,0x0,
0x0,0x0,0x7,0x0,0x0,0x0,0x0,0x0,
0x0,0x0,0x0,0x0,0x9d,0x7,0x0,0x0,
0x1,0x0,0x0,0x0,0x2f,0x81,0x3,0x0,
0x0,0x3d,0x82,0x3,0x0,0x0,0x18,0x7,
0x2f,0x83,0x3,0x0,0x0,0xa2,0x7,0x18,
0x6,0x2,0x0,0x0,0x0,0x0,0x0,0x0,
0xb0,0x0,0x0,0x0,0xbd,0x0,0x0,0x0,
0x40,0x2,0x0,0x0,0x0,0x0,0x0,0x0,
0x38,0x0,0x0,0x0,0x0,0x0,0x0,0x0,
0x38,0x0,0x0,0x0,0x0,0x0,0xa,0x0,
0xff,0xff,0xff,0xff,0xc,0x0,0x0,0x0,
0x9e,0x7,0xd0,0x0,0x0,0x0,0x0,0x0,
0x0,0x0,0x8,0x0,0x0,0x0,0x0,0x0,
0x0,0x0,0x0,0x0,0x9e,0x7,0x0,0x0,
0x0,0x0,0x0,0x0,0x1,0x0,0x0,0x0,
0x9f,0x7,0x0,0x0,0x2,0x0,0x0,0x0,
0x17,0x0,0x0,0x0,0xa0,0x7,0x0,0x0,
0x4,0x0,0x0,0x0,0x28,0x0,0x0,0x0,
0xa1,0x7,0x0,0x0,0x6,0x0,0x0,0x0,
0x43,0x0,0x0,0x0,0xa2,0x7,0x0,0x0,
0x8,0x0,0x0,0x0,0x62,0x0,0x0,0x0,
0xa3,0x7,0x0,0x0,0xa,0x0,0x0,0x0,
0x7d,0x0,0x0,0x0,0xa4,0x7,0x0,0x0,
0xc,0x0,0x0,0x0,0x98,0x0,0x0,0x0,
0xa5,0x7,0x0,0x0,0xe,0x0,0x0,0x0,
0xa6,0x0,0x0,0x0,0xa6,0x7,0x0,0x0,
0xf,0x0,0x0,0x0,0xb9,0x0,0x0,0x0,
0xa7,0x7,0x0,0x0,0xf,0x0,0x0,0x0,
0xca,0x13,0xf7,0x2,0x0,0x0,0x18,0xa,
0xb5,0x84,0x3,0x0,0x0,0x1,0x0,0x0,
0x0,0xa,0x0,0x0,0x0,0x18,0x7,0xad,
0x85,0x3,0x0,0x0,0x7,0x0,0x0,0x0,
0x0,0x0,0x0,0x0,0x0,0x0,0x0,0x0,
0x2f,0x86,0x3,0x0,0x0,0x18,0xa,0x14,
0x50,0xb,0xad,0x87,0x3,0x0,0x0,0x7,
0x0,0x0,0x0,0x2,0x0,0x0,0x0,0xa,
0x0,0x0,0x0,0x2f,0x88,0x3,0x0,0x0,
0x18,0xa,0x2f,0x89,0x3,0x0,0x0,0x18,
0xb,0xad,0x8a,0x3,0x0,0x0,0x7,0x0,
0x0,0x0,0x2,0x0,0x0,0x0,0xa,0x0,
0x0,0x0,0x14,0x50,0xa,0x2f,0x8b,0x3,
0x0,0x0,0x18,0xb,0xad,0x8c,0x3,0x0,
0x0,0x7,0x0,0x0,0x0,0x2,0x0,0x0,
0x0,0xa,0x0,0x0,0x0,0x2f,0x8d,0x3,
0x0,0x0,0x18,0xa,0x14,0x50,0xb,0xad,
0x8e,0x3,0x0,0x0,0x7,0x0,0x0,0x0,
0x2,0x0,0x0,0x0,0xa,0x0,0x0,0x0,
0x13,0x37,0x2,0x0,0x0,0x43,0x8f,0x3,
0x0,0x0,0x7,0x0,0x0,0x0,0xad,0x90,
0x3,0x0,0x0,0x7,0x0,0x0,0x0,0x0,
0x0,0x0,0x0,0x0,0x0,0x0,0x0,0x18,
0x6,0xd4,0x16,0x6,0x2,0x0,0x0,0x0,
0x0,0x0,0x0,0x0,0x0,0x0,0x0,0x0,
0x5c,0x0,0x0,0x0,0x39,0x0,0x0,0x0,
0x3a,0x2,0x0,0x0,0x0,0x0,0x0,0x0,
0x38,0x0,0x0,0x0,0x0,0x0,0x0,0x0,
0x38,0x0,0x0,0x0,0x0,0x0,0x3,0x0,
0xff,0xff,0xff,0xff,0xc,0x0,0x0,0x0,
0xab,0x7,0x10,0x1,0x0,0x0,0x0,0x0,
0x0,0x0,0x7,0x0,0x0,0x0,0x0,0x0,
0x0,0x0,0x0,0x0,0xab,0x7,0x0,0x0,
0x0,0x0,0x0,0x0,0x1,0x0,0x0,0x0,
0xac,0x7,0x0,0x0,0x2,0x0,0x0,0x0,
0x35,0x0,0x0,0x0,0xad,0x7,0x0,0x0,
0x2,0x0,0x0,0x0,0xca,0x2f,0x91,0x3,
0x0,0x0,0x18,0x7,0x2f,0x92,0x3,0x0,
0x0,0x3d,0x93,0x3,0x0,0x0,0x18,0xb,
0x2f,0x94,0x3,0x0,0x0,0x3d,0x95,0x3,
0x0,0x0,0x84,0xb,0x18,0xa,0xad,0x96,
0x3,0x0,0x0,0x7,0x0,0x0,0x0,0x1,
0x0,0x0,0x0,0xa,0x0,0x0,0x0,0x18,
0x6,0xd4,0x16,0x6,0x2,0x0,0x0,0x0,
0x0,0x0,0x0,0x0,0x0,0x0,0x0,0x0,
0x44,0x0,0x0,0x0,0x8,0x0,0x0,0x0,
0xa6,0x0,0x0,0x0,0x0,0x0,0x0,0x0,
0x38,0x0,0x0,0x0,0x0,0x0,0x0,0x0,
0x38,0x0,0x0,0x0,0x0,0x0,0x1,0x0,
0xff,0xff,0xff,0xff,0x7,0x0,0x0,0x0,
0xaa,0x7,0x10,0x1,0x0,0x0,0x0,0x0,
0x0,0x0,0x7,0x0,0x0,0x0,0x0,0x0,
0x0,0x0,0x0,0x0,0xaa,0x7,0x0,0x0,
0x1,0x0,0x0,0x0,0x2f,0x97,0x3,0x0,
0x0,0x18,0x6,0x2,0x0,0x0,0x0,0x0,
0x44,0x0,0x0,0x0,0x8,0x0,0x0,0x0,
0xa6,0x0,0x0,0x0,0x0,0x0,0x0,0x0,
0x38,0x0,0x0,0x0,0x0,0x0,0x0,0x0,
0x38,0x0,0x0,0x0,0x0,0x0,0x1,0x0,
0xff,0xff,0xff,0xff,0x7,0x0,0x0,0x0,
0xb2,0x7,0xd0,0x0,0x0,0x0,0x0,0x0,
0x0,0x0,0x7,0x0,0x0,0x0,0x0,0x0,
0x0,0x0,0x0,0x0,0xb2,0x7,0x0,0x0,
0x1,0x0,0x0,0x0,0x2f,0x98,0x3,0x0,
0x0,0x18,0x6,0x2,0x0,0x0,0x0,0x0,
0x44,0x0,0x0,0x0,0xd,0x0,0x0,0x0,
0x35,0x2,0x0,0x0,0x0,0x0,0x0,0x0,
0x38,0x0,0x0,0x0,0x0,0x0,0x0,0x0,
0x38,0x0,0x0,0x0,0x0,0x0,0x1,0x0,
0xff,0xff,0xff,0xff,0x7,0x0,0x0,0x0,
0xd5,0x7,0xd0,0x0,0x0,0x0,0x0,0x0,
0x0,0x0,0x7,0x0,0x0,0x0,0x0,0x0,
0x0,0x0,0x0,0x0,0xd5,0x7,0x0,0x0,
0x1,0x0,0x0,0x0,0x2f,0x99,0x3,0x0,
0x0,0x3d,0x9a,0x3,0x0,0x0,0x18,0x6,
0x2,0x0,0x0,0x0,0x0,0x0,0x0,0x0,
0x0,0x0,0x0,0x0,0x10,0x0,0x0,0x0,
0x0,0x0,0x0,0x0,0x0,0x0,0x0,0x0,
0x1,0x0,0x0,0x0,0x10,0x0,0x0,0x0,
0x1,0x0,0x0,0x0,0x0,0x0,0x0,0x0,
0x5b,0x2,0x0,0x0,0x0,0x0,0x0,0x0,
0x1,0x0,0x0,0x0,0x10,0x0,0x0,0x0,
0x0,0x0,0x0,0x0,0x0,0x0,0x0,0x0,
0x1,0x3,0x0,0x0,0x0,0x0,0x0,0x0,
0x0,0x0,0x0,0x0,0x10,0x0,0x0,0x0,
0x0,0x0,0x0,0x0,0x0,0x0,0x0,0x0,
0x0,0x0,0x0,0x0,0x10,0x0,0x0,0x0,
0x0,0x0,0x0,0x0,0x0,0x0,0x0,0x0,
0x0,0x0,0x0,0x0,0x10,0x0,0x0,0x0,
0x0,0x0,0x0,0x0,0x0,0x0,0x0,0x0,
0x0,0x0,0x0,0x0,0x10,0x0,0x0,0x0,
0x0,0x0,0x0,0x0,0x0,0x0,0x0,0x0,
0x0,0x0,0x0,0x0,0x10,0x0,0x0,0x0,
0x0,0x0,0x0,0x0,0x0,0x0,0x0,0x0,
0x0,0x0,0x0,0x0,0x10,0x0,0x0,0x0,
0x0,0x0,0x0,0x0,0x0,0x0,0x0,0x0,
0x0,0x0,0x0,0x0,0x10,0x0,0x0,0x0,
0x0,0x0,0x0,0x0,0x0,0x0,0x0,0x0,
0x0,0x0,0x0,0x0,0x10,0x0,0x0,0x0,
0x0,0x0,0x0,0x0,0x0,0x0,0x0,0x0,
0x0,0x0,0x0,0x0,0x10,0x0,0x0,0x0,
0x0,0x0,0x0,0x0,0x0,0x0,0x0,0x0,
0x0,0x0,0x0,0x0,0x10,0x0,0x0,0x0,
0x0,0x0,0x0,0x0,0x0,0x0,0x0,0x0,
0x0,0x0,0x0,0x0,0x10,0x0,0x0,0x0,
0x0,0x0,0x0,0x0,0x0,0x0,0x0,0x0,
0x0,0x0,0x0,0x0,0x10,0x0,0x0,0x0,
0x0,0x0,0x0,0x0,0x0,0x0,0x0,0x0,
0x0,0x0,0x0,0x0,0x10,0x0,0x0,0x0,
0x0,0x0,0x0,0x0,0x0,0x0,0x0,0x0,
0x0,0x0,0x0,0x0,0x10,0x0,0x0,0x0,
0x0,0x0,0x0,0x0,0x0,0x0,0x0,0x0,
0x0,0x0,0x0,0x0,0x10,0x0,0x0,0x0,
0x0,0x0,0x0,0x0,0x0,0x0,0x0,0x0,
0x0,0x0,0x0,0x0,0x10,0x0,0x0,0x0,
0x0,0x0,0x0,0x0,0x0,0x0,0x0,0x0,
0x0,0x0,0x0,0x0,0x10,0x0,0x0,0x0,
0x0,0x0,0x0,0x0,0x0,0x0,0x0,0x0,
0x0,0x0,0x0,0x0,0x10,0x0,0x0,0x0,
0x0,0x0,0x0,0x0,0x0,0x0,0x0,0x0,
0x0,0x0,0x0,0x0,0x10,0x0,0x0,0x0,
0x0,0x0,0x0,0x0,0x0,0x0,0x0,0x0,
0x0,0x0,0x0,0x0,0x10,0x0,0x0,0x0,
0x0,0x0,0x0,0x0,0x0,0x0,0x0,0x0,
0x0,0x0,0x0,0x0,0x10,0x0,0x0,0x0,
0x0,0x0,0x0,0x0,0x0,0x0,0x0,0x0,
0x0,0x0,0x0,0x0,0x10,0x0,0x0,0x0,
0x0,0x0,0x0,0x0,0x0,0x0,0x0,0x0,
0x0,0x0,0x0,0x0,0x10,0x0,0x0,0x0,
0x0,0x0,0x0,0x0,0x0,0x0,0x0,0x0,
0x0,0x0,0x0,0x0,0x10,0x0,0x0,0x0,
0x0,0x0,0x0,0x0,0x0,0x0,0x0,0x0,
0x0,0x0,0x0,0x0,0x10,0x0,0x0,0x0,
0x0,0x0,0x0,0x0,0x0,0x0,0x0,0x0,
0x0,0x0,0x0,0x0,0x10,0x0,0x0,0x0,
0x0,0x0,0x0,0x0,0x0,0x0,0x0,0x0,
0x0,0x0,0x0,0x0,0x10,0x0,0x0,0x0,
0x0,0x0,0x0,0x0,0x0,0x0,0x0,0x0,
0x0,0x0,0x0,0x0,0x10,0x0,0x0,0x0,
0x0,0x0,0x0,0x0,0x0,0x0,0x0,0x0,
0x0,0x0,0x0,0x0,0x10,0x0,0x0,0x0,
0x0,0x0,0x0,0x0,0x0,0x0,0x0,0x0,
0x0,0x0,0x0,0x0,0x10,0x0,0x0,0x0,
0x0,0x0,0x0,0x0,0x0,0x0,0x0,0x0,
0x0,0x0,0x0,0x0,0x10,0x0,0x0,0x0,
0x0,0x0,0x0,0x0,0x0,0x0,0x0,0x0,
0x0,0x0,0x0,0x0,0x10,0x0,0x0,0x0,
0x0,0x0,0x0,0x0,0x0,0x0,0x0,0x0,
0x0,0x0,0x0,0x0,0x10,0x0,0x0,0x0,
0x0,0x0,0x0,0x0,0x0,0x0,0x0,0x0,
0x0,0x0,0x0,0x0,0x10,0x0,0x0,0x0,
0x0,0x0,0x0,0x0,0x0,0x0,0x0,0x0,
0x0,0x0,0x0,0x0,0x10,0x0,0x0,0x0,
0x0,0x0,0x0,0x0,0x0,0x0,0x0,0x0,
0x0,0x0,0x0,0x0,0x10,0x0,0x0,0x0,
0x0,0x0,0x0,0x0,0x0,0x0,0x0,0x0,
0x0,0x0,0x0,0x0,0x10,0x0,0x0,0x0,
0x0,0x0,0x0,0x0,0x0,0x0,0x0,0x0,
0x0,0x0,0x0,0x0,0x10,0x0,0x0,0x0,
0x0,0x0,0x0,0x0,0x0,0x0,0x0,0x0,
0x0,0x0,0x0,0x0,0x10,0x0,0x0,0x0,
0x0,0x0,0x0,0x0,0x0,0x0,0x0,0x0,
0x0,0x0,0x0,0x0,0x10,0x0,0x0,0x0,
0x0,0x0,0x0,0x0,0x0,0x0,0x0,0x0,
0x0,0x0,0x0,0x0,0x10,0x0,0x0,0x0,
0x0,0x0,0x0,0x0,0x0,0x0,0x0,0x0,
0x0,0x0,0x0,0x0,0x10,0x0,0x0,0x0,
0x0,0x0,0x0,0x0,0x0,0x0,0x0,0x0,
0x0,0x0,0x0,0x0,0x10,0x0,0x0,0x0,
0x0,0x0,0x0,0x0,0x0,0x0,0x0,0x0,
0x0,0x0,0x0,0x0,0x10,0x0,0x0,0x0,
0x0,0x0,0x0,0x0,0x0,0x0,0x0,0x0,
0x0,0x0,0x0,0x0,0x10,0x0,0x0,0x0,
0x0,0x0,0x0,0x0,0x0,0x0,0x0,0x0,
0x0,0x0,0x0,0x0,0x10,0x0,0x0,0x0,
0x0,0x0,0x0,0x0,0x0,0x0,0x0,0x0,
0x0,0x0,0x0,0x0,0x10,0x0,0x0,0x0,
0x0,0x0,0x0,0x0,0x0,0x0,0x0,0x0,
0x0,0x0,0x0,0x0,0x10,0x0,0x0,0x0,
0x0,0x0,0x0,0x0,0x0,0x0,0x0,0x0,
0x0,0x0,0x0,0x0,0x10,0x0,0x0,0x0,
0x0,0x0,0x0,0x0,0x0,0x0,0x0,0x0,
0x0,0x0,0x0,0x0,0x10,0x0,0x0,0x0,
0x0,0x0,0x0,0x0,0x0,0x0,0x0,0x0,
0x0,0x0,0x0,0x0,0x10,0x0,0x0,0x0,
0x0,0x0,0x0,0x0,0x0,0x0,0x0,0x0,
0x0,0x0,0x0,0x0,0x10,0x0,0x0,0x0,
0x0,0x0,0x0,0x0,0x0,0x0,0x0,0x0,
0x0,0x0,0x0,0x0,0x10,0x0,0x0,0x0,
0x0,0x0,0x0,0x0,0x0,0x0,0x0,0x0,
0x0,0x0,0x0,0x0,0x10,0x0,0x0,0x0,
0x0,0x0,0x0,0x0,0x0,0x0,0x0,0x0,
0x0,0x0,0x0,0x0,0x10,0x0,0x0,0x0,
0x0,0x0,0x0,0x0,0x0,0x0,0x0,0x0,
0x0,0x0,0x0,0x0,0x10,0x0,0x0,0x0,
0x0,0x0,0x0,0x0,0x0,0x0,0x0,0x0,
0x0,0x0,0x0,0x0,0x10,0x0,0x0,0x0,
0x0,0x0,0x0,0x0,0x0,0x0,0x0,0x0,
0x0,0x0,0x0,0x0,0x10,0x0,0x0,0x0,
0x0,0x0,0x0,0x0,0x0,0x0,0x0,0x0,
0x0,0x0,0x0,0x0,0x10,0x0,0x0,0x0,
0x0,0x0,0x0,0x0,0x0,0x0,0x0,0x0,
0x0,0x0,0x0,0x0,0x10,0x0,0x0,0x0,
0x0,0x0,0x0,0x0,0x0,0x0,0x0,0x0,
0xa8,0xb1,0x0,0x0,0xb0,0xb1,0x0,0x0,
0xc8,0xb1,0x0,0x0,0xf0,0xb1,0x0,0x0,
0x28,0xb2,0x0,0x0,0x40,0xb2,0x0,0x0,
0x78,0xb2,0x0,0x0,0xb8,0xb2,0x0,0x0,
0xd0,0xb2,0x0,0x0,0xf8,0xb2,0x0,0x0,
0x20,0xb3,0x0,0x0,0x40,0xb3,0x0,0x0,
0x58,0xb3,0x0,0x0,0x70,0xb3,0x0,0x0,
0x80,0xb3,0x0,0x0,0x98,0xb3,0x0,0x0,
0xb0,0xb3,0x0,0x0,0xc0,0xb3,0x0,0x0,
0xd8,0xb3,0x0,0x0,0xf0,0xb3,0x0,0x0,
0x18,0xb4,0x0,0x0,0x58,0xb4,0x0,0x0,
0x70,0xb4,0x0,0x0,0x80,0xb4,0x0,0x0,
0xa8,0xb4,0x0,0x0,0xc8,0xb4,0x0,0x0,
0xe0,0xb4,0x0,0x0,0xf0,0xb4,0x0,0x0,
0x0,0xb5,0x0,0x0,0x10,0xb5,0x0,0x0,
0x20,0xb5,0x0,0x0,0x38,0xb5,0x0,0x0,
0x48,0xb5,0x0,0x0,0x58,0xb5,0x0,0x0,
0x70,0xb5,0x0,0x0,0x88,0xb5,0x0,0x0,
0xa0,0xb5,0x0,0x0,0xc0,0xb5,0x0,0x0,
0xd8,0xb5,0x0,0x0,0xf8,0xb5,0x0,0x0,
0x10,0xb6,0x0,0x0,0x20,0xb6,0x0,0x0,
0x38,0xb6,0x0,0x0,0x48,0xb6,0x0,0x0,
0x60,0xb6,0x0,0x0,0x80,0xb6,0x0,0x0,
0x98,0xb6,0x0,0x0,0xc0,0xb6,0x0,0x0,
0xd8,0xb6,0x0,0x0,0xf8,0xb6,0x0,0x0,
0x18,0xb7,0x0,0x0,0x30,0xb7,0x0,0x0,
0x48,0xb7,0x0,0x0,0x60,0xb7,0x0,0x0,
0x78,0xb7,0x0,0x0,0x90,0xb7,0x0,0x0,
0xa8,0xb7,0x0,0x0,0xc0,0xb7,0x0,0x0,
0xd8,0xb7,0x0,0x0,0xf0,0xb7,0x0,0x0,
0x8,0xb8,0x0,0x0,0x28,0xb8,0x0,0x0,
0x60,0xb8,0x0,0x0,0x80,0xb8,0x0,0x0,
0xb8,0xb8,0x0,0x0,0xd0,0xb8,0x0,0x0,
0x8,0xb9,0x0,0x0,0x38,0xb9,0x0,0x0,
0x60,0xb9,0x0,0x0,0xa8,0xb9,0x0,0x0,
0xc0,0xb9,0x0,0x0,0xf8,0xb9,0x0,0x0,
0x30,0xba,0x0,0x0,0x88,0xba,0x0,0x0,
0xa0,0xba,0x0,0x0,0xc0,0xba,0x0,0x0,
0x0,0xbb,0x0,0x0,0x20,0xbb,0x0,0x0,
0x30,0xbb,0x0,0x0,0x40,0xbb,0x0,0x0,
0x70,0xbb,0x0,0x0,0x88,0xbb,0x0,0x0,
0xc0,0xbb,0x0,0x0,0xe8,0xbb,0x0,0x0,
0x0,0xbc,0x0,0x0,0x28,0xbc,0x0,0x0,
0x48,0xbc,0x0,0x0,0x60,0xbc,0x0,0x0,
0x78,0xbc,0x0,0x0,0x90,0xbc,0x0,0x0,
0xb8,0xbc,0x0,0x0,0xd8,0xbc,0x0,0x0,
0xf0,0xbc,0x0,0x0,0x10,0xbd,0x0,0x0,
0x20,0xbd,0x0,0x0,0x40,0xbd,0x0,0x0,
0x60,0xbd,0x0,0x0,0x80,0xbd,0x0,0x0,
0x98,0xbd,0x0,0x0,0xb0,0xbd,0x0,0x0,
0xd8,0xbd,0x0,0x0,0xf0,0xbd,0x0,0x0,
0x8,0xbe,0x0,0x0,0x40,0xbe,0x0,0x0,
0x50,0xbe,0x0,0x0,0x70,0xbe,0x0,0x0,
0xb0,0xbe,0x0,0x0,0xc8,0xbe,0x0,0x0,
0xe0,0xbe,0x0,0x0,0x0,0xbf,0x0,0x0,
0x28,0xbf,0x0,0x0,0x48,0xbf,0x0,0x0,
0x60,0xbf,0x0,0x0,0x88,0xbf,0x0,0x0,
0xb0,0xbf,0x0,0x0,0xc8,0xbf,0x0,0x0,
0xe0,0xbf,0x0,0x0,0xf8,0xbf,0x0,0x0,
0x10,0xc0,0x0,0x0,0x28,0xc0,0x0,0x0,
0x58,0xc0,0x0,0x0,0x80,0xc0,0x0,0x0,
0x90,0xc0,0x0,0x0,0xa8,0xc0,0x0,0x0,
0xe0,0xc0,0x0,0x0,0x0,0xc1,0x0,0x0,
0x40,0xc1,0x0,0x0,0x60,0xc1,0x0,0x0,
0x98,0xc1,0x0,0x0,0xb8,0xc1,0x0,0x0,
0xd0,0xc1,0x0,0x0,0x0,0xc2,0x0,0x0,
0x30,0xc2,0x0,0x0,0x60,0xc2,0x0,0x0,
0x70,0xc2,0x0,0x0,0x90,0xc2,0x0,0x0,
0xb8,0xc2,0x0,0x0,0xd8,0xc2,0x0,0x0,
0xe8,0xc2,0x0,0x0,0x10,0xc3,0x0,0x0,
0x40,0xc3,0x0,0x0,0x60,0xc3,0x0,0x0,
0x98,0xc3,0x0,0x0,0xb0,0xc3,0x0,0x0,
0xc0,0xc3,0x0,0x0,0xf0,0xc3,0x0,0x0,
0x10,0xc4,0x0,0x0,0x20,0xc4,0x0,0x0,
0x50,0xc4,0x0,0x0,0x70,0xc4,0x0,0x0,
0x80,0xc4,0x0,0x0,0xa0,0xc4,0x0,0x0,
0xd0,0xc4,0x0,0x0,0xe8,0xc4,0x0,0x0,
0x18,0xc5,0x0,0x0,0x30,0xc5,0x0,0x0,
0x50,0xc5,0x0,0x0,0x80,0xc5,0x0,0x0,
0x98,0xc5,0x0,0x0,0xb8,0xc5,0x0,0x0,
0xc8,0xc5,0x0,0x0,0xf8,0xc5,0x0,0x0,
0x8,0xc6,0x0,0x0,0x30,0xc6,0x0,0x0,
0x58,0xc6,0x0,0x0,0x70,0xc6,0x0,0x0,
0x80,0xc6,0x0,0x0,0xb0,0xc6,0x0,0x0,
0xd0,0xc6,0x0,0x0,0x8,0xc7,0x0,0x0,
0x28,0xc7,0x0,0x0,0x68,0xc7,0x0,0x0,
0x80,0xc7,0x0,0x0,0xb8,0xc7,0x0,0x0,
0xd8,0xc7,0x0,0x0,0x18,0xc8,0x0,0x0,
0x48,0xc8,0x0,0x0,0x58,0xc8,0x0,0x0,
0x60,0xc8,0x0,0x0,0x78,0xc8,0x0,0x0,
0x90,0xc8,0x0,0x0,0xb0,0xc8,0x0,0x0,
0xc8,0xc8,0x0,0x0,0xe0,0xc8,0x0,0x0,
0x0,0xc9,0x0,0x0,0x28,0xc9,0x0,0x0,
0x68,0xc9,0x0,0x0,0x80,0xc9,0x0,0x0,
0x98,0xc9,0x0,0x0,0xb0,0xc9,0x0,0x0,
0xc8,0xc9,0x0,0x0,0xe0,0xc9,0x0,0x0,
0x10,0xca,0x0,0x0,0x28,0xca,0x0,0x0,
0x40,0xca,0x0,0x0,0x70,0xca,0x0,0x0,
0x88,0xca,0x0,0x0,0xa8,0xca,0x0,0x0,
0xe8,0xca,0x0,0x0,0x20,0xcb,0x0,0x0,
0x38,0xcb,0x0,0x0,0x58,0xcb,0x0,0x0,
0x78,0xcb,0x0,0x0,0x98,0xcb,0x0,0x0,
0xd0,0xcb,0x0,0x0,0xe8,0xcb,0x0,0x0,
0x0,0xcc,0x0,0x0,0x38,0xcc,0x0,0x0,
0x50,0xcc,0x0,0x0,0x88,0xcc,0x0,0x0,
0xa0,0xcc,0x0,0x0,0xd0,0xcc,0x0,0x0,
0xe8,0xcc,0x0,0x0,0x8,0xcd,0x0,0x0,
0x20,0xcd,0x0,0x0,0x50,0xcd,0x0,0x0,
0x68,0xcd,0x0,0x0,0x90,0xcd,0x0,0x0,
0xb8,0xcd,0x0,0x0,0xe0,0xcd,0x0,0x0,
0x8,0xce,0x0,0x0,0x28,0xce,0x0,0x0,
0x48,0xce,0x0,0x0,0x68,0xce,0x0,0x0,
0x80,0xce,0x0,0x0,0xa0,0xce,0x0,0x0,
0xc8,0xce,0x0,0x0,0xe8,0xce,0x0,0x0,
0x10,0xcf,0x0,0x0,0x30,0xcf,0x0,0x0,
0x60,0xcf,0x0,0x0,0x88,0xcf,0x0,0x0,
0xa0,0xcf,0x0,0x0,0xb8,0xcf,0x0,0x0,
0xd0,0xcf,0x0,0x0,0x8,0xd0,0x0,0x0,
0x28,0xd0,0x0,0x0,0x38,0xd0,0x0,0x0,
0x50,0xd0,0x0,0x0,0x88,0xd0,0x0,0x0,
0xa8,0xd0,0x0,0x0,0xe0,0xd0,0x0,0x0,
0xf8,0xd0,0x0,0x0,0x30,0xd1,0x0,0x0,
0x68,0xd1,0x0,0x0,0x80,0xd1,0x0,0x0,
0x98,0xd1,0x0,0x0,0xb8,0xd1,0x0,0x0,
0xe8,0xd1,0x0,0x0,0x0,0xd2,0x0,0x0,
0x10,0xd2,0x0,0x0,0x30,0xd2,0x0,0x0,
0x50,0xd2,0x0,0x0,0x60,0xd2,0x0,0x0,
0x70,0xd2,0x0,0x0,0x80,0xd2,0x0,0x0,
0x90,0xd2,0x0,0x0,0xa0,0xd2,0x0,0x0,
0xb8,0xd2,0x0,0x0,0xd8,0xd2,0x0,0x0,
0xf0,0xd2,0x0,0x0,0x8,0xd3,0x0,0x0,
0x28,0xd3,0x0,0x0,0x48,0xd3,0x0,0x0,
0x68,0xd3,0x0,0x0,0xa8,0xd3,0x0,0x0,
0xd0,0xd3,0x0,0x0,0x18,0xd4,0x0,0x0,
0x40,0xd4,0x0,0x0,0x58,0xd4,0x0,0x0,
0x68,0xd4,0x0,0x0,0x78,0xd4,0x0,0x0,
0xa0,0xd4,0x0,0x0,0xb8,0xd4,0x0,0x0,
0xe8,0xd4,0x0,0x0,0x8,0xd5,0x0,0x0,
0x40,0xd5,0x0,0x0,0x70,0xd5,0x0,0x0,
0xc0,0xd5,0x0,0x0,0xf8,0xd5,0x0,0x0,
0x20,0xd6,0x0,0x0,0x60,0xd6,0x0,0x0,
0x70,0xd6,0x0,0x0,0x90,0xd6,0x0,0x0,
0xa0,0xd6,0x0,0x0,0xb0,0xd6,0x0,0x0,
0xc0,0xd6,0x0,0x0,0xd8,0xd6,0x0,0x0,
0xf0,0xd6,0x0,0x0,0x18,0xd7,0x0,0x0,
0x38,0xd7,0x0,0x0,0x48,0xd7,0x0,0x0,
0x78,0xd7,0x0,0x0,0x88,0xd7,0x0,0x0,
0xb0,0xd7,0x0,0x0,0xd8,0xd7,0x0,0x0,
0x8,0xd8,0x0,0x0,0x58,0xd8,0x0,0x0,
0x78,0xd8,0x0,0x0,0x98,0xd8,0x0,0x0,
0xa8,0xd8,0x0,0x0,0xc8,0xd8,0x0,0x0,
0x0,0xd9,0x0,0x0,0x18,0xd9,0x0,0x0,
0x28,0xd9,0x0,0x0,0x40,0xd9,0x0,0x0,
0x50,0xd9,0x0,0x0,0x68,0xd9,0x0,0x0,
0x88,0xd9,0x0,0x0,0xa0,0xd9,0x0,0x0,
0xb0,0xd9,0x0,0x0,0xd8,0xd9,0x0,0x0,
0xe0,0xd9,0x0,0x0,0xe8,0xd9,0x0,0x0,
0x0,0xda,0x0,0x0,0x8,0xda,0x0,0x0,
0x20,0xda,0x0,0x0,0x38,0xda,0x0,0x0,
0x50,0xda,0x0,0x0,0x60,0xda,0x0,0x0,
0x90,0xda,0x0,0x0,0xa0,0xda,0x0,0x0,
0xc0,0xda,0x0,0x0,0xd0,0xda,0x0,0x0,
0xf0,0xda,0x0,0x0,0x0,0xdb,0x0,0x0,
0x18,0xdb,0x0,0x0,0x28,0xdb,0x0,0x0,
0x40,0xdb,0x0,0x0,0x68,0xdb,0x0,0x0,
0xb0,0xdb,0x0,0x0,0xe0,0xdb,0x0,0x0,
0xf0,0xdb,0x0,0x0,0x8,0xdc,0x0,0x0,
0x28,0xdc,0x0,0x0,0x38,0xdc,0x0,0x0,
0x58,0xdc,0x0,0x0,0x70,0xdc,0x0,0x0,
0xa8,0xdc,0x0,0x0,0xb8,0xdc,0x0,0x0,
0xc8,0xdc,0x0,0x0,0xd8,0xdc,0x0,0x0,
0xf8,0xdc,0x0,0x0,0x30,0xdd,0x0,0x0,
0x40,0xdd,0x0,0x0,0x50,0xdd,0x0,0x0,
0x60,0xdd,0x0,0x0,0x70,0xdd,0x0,0x0,
0x88,0xdd,0x0,0x0,0x98,0xdd,0x0,0x0,
0xa8,0xdd,0x0,0x0,0xb8,0xdd,0x0,0x0,
0xc8,0xdd,0x0,0x0,0xd8,0xdd,0x0,0x0,
0xe8,0xdd,0x0,0x0,0xf8,0xdd,0x0,0x0,
0x8,0xde,0x0,0x0,0x18,0xde,0x0,0x0,
0x28,0xde,0x0,0x0,0x40,0xde,0x0,0x0,
0x70,0xde,0x0,0x0,0x80,0xde,0x0,0x0,
0xb8,0xde,0x0,0x0,0xd0,0xde,0x0,0x0,
0xf0,0xde,0x0,0x0,0x30,0xdf,0x0,0x0,
0x50,0xdf,0x0,0x0,0x70,0xdf,0x0,0x0,
0x90,0xdf,0x0,0x0,0xa8,0xdf,0x0,0x0,
0xb8,0xdf,0x0,0x0,0xd0,0xdf,0x0,0x0,
0xf0,0xdf,0x0,0x0,0x30,0xe0,0x0,0x0,
0x40,0xe0,0x0,0x0,0x60,0xe0,0x0,0x0,
0x88,0xe0,0x0,0x0,0x98,0xe0,0x0,0x0,
0xa8,0xe0,0x0,0x0,0xd0,0xe0,0x0,0x0,
0xe0,0xe0,0x0,0x0,0x8,0xe1,0x0,0x0,
0x18,0xe1,0x0,0x0,0x48,0xe1,0x0,0x0,
0x58,0xe1,0x0,0x0,0x90,0xe1,0x0,0x0,
0xa0,0xe1,0x0,0x0,0xb8,0xe1,0x0,0x0,
0xd0,0xe1,0x0,0x0,0xe0,0xe1,0x0,0x0,
0xf8,0xe1,0x0,0x0,0x8,0xe2,0x0,0x0,
0x18,0xe2,0x0,0x0,0x48,0xe2,0x0,0x0,
0x60,0xe2,0x0,0x0,0x70,0xe2,0x0,0x0,
0x88,0xe2,0x0,0x0,0xb8,0xe2,0x0,0x0,
0xe0,0xe2,0x0,0x0,0xf8,0xe2,0x0,0x0,
0x18,0xe3,0x0,0x0,0x20,0xe3,0x0,0x0,
0x50,0xe3,0x0,0x0,0x70,0xe3,0x0,0x0,
0x90,0xe3,0x0,0x0,0xb0,0xe3,0x0,0x0,
0xe0,0xe3,0x0,0x0,0x8,0xe4,0x0,0x0,
0x20,0xe4,0x0,0x0,0x50,0xe4,0x0,0x0,
0x78,0xe4,0x0,0x0,0x98,0xe4,0x0,0x0,
0xd8,0xe4,0x0,0x0,0x0,0xe5,0x0,0x0,
0x20,0xe5,0x0,0x0,0x38,0xe5,0x0,0x0,
0x50,0xe5,0x0,0x0,0x80,0xe5,0x0,0x0,
0x98,0xe5,0x0,0x0,0xa8,0xe5,0x0,0x0,
0xb8,0xe5,0x0,0x0,0xe8,0xe5,0x0,0x0,
0x10,0xe6,0x0,0x0,0x30,0xe6,0x0,0x0,
0x58,0xe6,0x0,0x0,0xa0,0xe6,0x0,0x0,
0xb8,0xe6,0x0,0x0,0xd0,0xe6,0x0,0x0,
0xe8,0xe6,0x0,0x0,0x0,0xe7,0x0,0x0,
0x28,0xe7,0x0,0x0,0x40,0xe7,0x0,0x0,
0x50,0xe7,0x0,0x0,0x70,0xe7,0x0,0x0,
0xb0,0xe7,0x0,0x0,0xc0,0xe7,0x0,0x0,
0xd8,0xe7,0x0,0x0,0x10,0xe8,0x0,0x0,
0x30,0xe8,0x0,0x0,0x58,0xe8,0x0,0x0,
0xa0,0xe8,0x0,0x0,0xd8,0xe8,0x0,0x0,
0x0,0xe9,0x0,0x0,0x18,0xe9,0x0,0x0,
0x30,0xe9,0x0,0x0,0x58,0xe9,0x0,0x0,
0xa0,0xe9,0x0,0x0,0xb8,0xe9,0x0,0x0,
0xd0,0xe9,0x0,0x0,0xf0,0xe9,0x0,0x0,
0x28,0xea,0x0,0x0,0x40,0xea,0x0,0x0,
0x78,0xea,0x0,0x0,0xa8,0xea,0x0,0x0,
0xf0,0xea,0x0,0x0,0x8,0xeb,0x0,0x0,
0x18,0xeb,0x0,0x0,0x48,0xeb,0x0,0x0,
0x68,0xeb,0x0,0x0,0x80,0xeb,0x0,0x0,
0xa0,0xeb,0x0,0x0,0xb8,0xeb,0x0,0x0,
0xe8,0xeb,0x0,0x0,0x8,0xec,0x0,0x0,
0x28,0xec,0x0,0x0,0x40,0xec,0x0,0x0,
0x58,0xec,0x0,0x0,0x90,0xec,0x0,0x0,
0xb8,0xec,0x0,0x0,0x0,0xed,0x0,0x0,
0x28,0xed,0x0,0x0,0x70,0xed,0x0,0x0,
0x98,0xed,0x0,0x0,0xb8,0xed,0x0,0x0,
0xd8,0xed,0x0,0x0,0x0,0xee,0x0,0x0,
0x10,0xee,0x0,0x0,0x28,0xee,0x0,0x0,
0x40,0xee,0x0,0x0,0x70,0xee,0x0,0x0,
0x88,0xee,0x0,0x0,0xa8,0xee,0x0,0x0,
0xc0,0xee,0x0,0x0,0xd0,0xee,0x0,0x0,
0xf8,0xee,0x0,0x0,0x10,0xef,0x0,0x0,
0x28,0xef,0x0,0x0,0x48,0xef,0x0,0x0,
0x68,0xef,0x0,0x0,0xa8,0xef,0x0,0x0,
0xd0,0xef,0x0,0x0,0xf8,0xef,0x0,0x0,
0x8,0xf0,0x0,0x0,0x38,0xf0,0x0,0x0,
0x68,0xf0,0x0,0x0,0x78,0xf0,0x0,0x0,
0xa8,0xf0,0x0,0x0,0xc0,0xf0,0x0,0x0,
0xd8,0xf0,0x0,0x0,0xf0,0xf0,0x0,0x0,
0x10,0xf1,0x0,0x0,0x38,0xf1,0x0,0x0,
0x58,0xf1,0x0,0x0,0x60,0xf1,0x0,0x0,
0x78,0xf1,0x0,0x0,0x88,0xf1,0x0,0x0,
0x98,0xf1,0x0,0x0,0xb0,0xf1,0x0,0x0,
0xc0,0xf1,0x0,0x0,0xc8,0xf1,0x0,0x0,
0xe0,0xf1,0x0,0x0,0x0,0xf2,0x0,0x0,
0x18,0xf2,0x0,0x0,0x38,0xf2,0x0,0x0,
0x60,0xf2,0x0,0x0,0x80,0xf2,0x0,0x0,
0xb8,0xf2,0x0,0x0,0x10,0xf3,0x0,0x0,
0x20,0xf3,0x0,0x0,0x38,0xf3,0x0,0x0,
0x60,0xf3,0x0,0x0,0x78,0xf3,0x0,0x0,
0x98,0xf3,0x0,0x0,0xb8,0xf3,0x0,0x0,
0xd8,0xf3,0x0,0x0,0xe8,0xf3,0x0,0x0,
0x0,0xf4,0x0,0x0,0x18,0xf4,0x0,0x0,
0x30,0xf4,0x0,0x0,0x40,0xf4,0x0,0x0,
0x60,0xf4,0x0,0x0,0x78,0xf4,0x0,0x0,
0x98,0xf4,0x0,0x0,0xb0,0xf4,0x0,0x0,
0xc8,0xf4,0x0,0x0,0xe0,0xf4,0x0,0x0,
0x8,0xf5,0x0,0x0,0x20,0xf5,0x0,0x0,
0x50,0xf5,0x0,0x0,0x68,0xf5,0x0,0x0,
0x98,0xf5,0x0,0x0,0xc8,0xf5,0x0,0x0,
0xe8,0xf5,0x0,0x0,0x10,0xf6,0x0,0x0,
0x20,0xf6,0x0,0x0,0x48,0xf6,0x0,0x0,
0x60,0xf6,0x0,0x0,0x98,0xf6,0x0,0x0,
0xa8,0xf6,0x0,0x0,0xc8,0xf6,0x0,0x0,
0xd8,0xf6,0x0,0x0,0xe8,0xf6,0x0,0x0,
0xf8,0xf6,0x0,0x0,0x8,0xf7,0x0,0x0,
0x18,0xf7,0x0,0x0,0x28,0xf7,0x0,0x0,
0x50,0xf7,0x0,0x0,0x78,0xf7,0x0,0x0,
0x88,0xf7,0x0,0x0,0xa0,0xf7,0x0,0x0,
0xa8,0xf7,0x0,0x0,0xc0,0xf7,0x0,0x0,
0xe8,0xf7,0x0,0x0,0x28,0xf8,0x0,0x0,
0x50,0xf8,0x0,0x0,0x68,0xf8,0x0,0x0,
0xa0,0xf8,0x0,0x0,0xc0,0xf8,0x0,0x0,
0xd8,0xf8,0x0,0x0,0xe8,0xf8,0x0,0x0,
0x10,0xf9,0x0,0x0,0x58,0xf9,0x0,0x0,
0x60,0xf9,0x0,0x0,0x88,0xf9,0x0,0x0,
0xb0,0xf9,0x0,0x0,0xc8,0xf9,0x0,0x0,
0xe0,0xf9,0x0,0x0,0x18,0xfa,0x0,0x0,
0x40,0xfa,0x0,0x0,0x70,0xfa,0x0,0x0,
0xa0,0xfa,0x0,0x0,0xc8,0xfa,0x0,0x0,
0xf0,0xfa,0x0,0x0,0x20,0xfb,0x0,0x0,
0x50,0xfb,0x0,0x0,0x88,0xfb,0x0,0x0,
0xa8,0xfb,0x0,0x0,0xc8,0xfb,0x0,0x0,
0xe0,0xfb,0x0,0x0,0xf8,0xfb,0x0,0x0,
0x10,0xfc,0x0,0x0,0x30,0xfc,0x0,0x0,
0x40,0xfc,0x0,0x0,0x70,0xfc,0x0,0x0,
0xa8,0xfc,0x0,0x0,0xb8,0xfc,0x0,0x0,
0xd0,0xfc,0x0,0x0,0xe0,0xfc,0x0,0x0,
0x20,0xfd,0x0,0x0,0x48,0xfd,0x0,0x0,
0xd0,0xfd,0x0,0x0,0xe0,0xfd,0x0,0x0,
0xf8,0xfd,0x0,0x0,0x10,0xfe,0x0,0x0,
0x18,0xfe,0x0,0x0,0x30,0xfe,0x0,0x0,
0x50,0xfe,0x0,0x0,0x60,0xfe,0x0,0x0,
0x80,0xfe,0x0,0x0,0x98,0xfe,0x0,0x0,
0xb8,0xfe,0x0,0x0,0xd0,0xfe,0x0,0x0,
0xf8,0xfe,0x0,0x0,0x10,0xff,0x0,0x0,
0x38,0xff,0x0,0x0,0x60,0xff,0x0,0x0,
0x70,0xff,0x0,0x0,0x80,0xff,0x0,0x0,
0xa0,0xff,0x0,0x0,0xb8,0xff,0x0,0x0,
0xd0,0xff,0x0,0x0,0x10,0x0,0x1,0x0,
0x48,0x0,0x1,0x0,0x60,0x0,0x1,0x0,
0x80,0x0,0x1,0x0,0x98,0x0,0x1,0x0,
0xb0,0x0,0x1,0x0,0xc8,0x0,0x1,0x0,
0xe8,0x0,0x1,0x0,0x0,0x1,0x1,0x0,
0x18,0x1,0x1,0x0,0x38,0x1,0x1,0x0,
0x50,0x1,0x1,0x0,0x80,0x1,0x1,0x0,
0x98,0x1,0x1,0x0,0xb8,0x1,0x1,0x0,
0xe0,0x1,0x1,0x0,0x0,0x2,0x1,0x0,
0x10,0x2,0x1,0x0,0x30,0x2,0x1,0x0,
0x50,0x2,0x1,0x0,0x70,0x2,0x1,0x0,
0x80,0x2,0x1,0x0,0x90,0x2,0x1,0x0,
0xd0,0x2,0x1,0x0,0x0,0x3,0x1,0x0,
0x10,0x3,0x1,0x0,0x38,0x3,0x1,0x0,
0x58,0x3,0x1,0x0,0x70,0x3,0x1,0x0,
0xa0,0x3,0x1,0x0,0xb8,0x3,0x1,0x0,
0xd0,0x3,0x1,0x0,0xe8,0x3,0x1,0x0,
0x8,0x4,0x1,0x0,0x38,0x4,0x1,0x0,
0x48,0x4,0x1,0x0,0x68,0x4,0x1,0x0,
0x88,0x4,0x1,0x0,0xa8,0x4,0x1,0x0,
0xc8,0x4,0x1,0x0,0xd8,0x4,0x1,0x0,
0xe8,0x4,0x1,0x0,0x0,0x5,0x1,0x0,
0x18,0x5,0x1,0x0,0x30,0x5,0x1,0x0,
0x40,0x5,0x1,0x0,0x50,0x5,0x1,0x0,
0x60,0x5,0x1,0x0,0x80,0x5,0x1,0x0,
0x98,0x5,0x1,0x0,0xb0,0x5,0x1,0x0,
0xd8,0x5,0x1,0x0,0xe8,0x5,0x1,0x0,
0xf8,0x5,0x1,0x0,0x8,0x6,0x1,0x0,
0x20,0x6,0x1,0x0,0x30,0x6,0x1,0x0,
0x40,0x6,0x1,0x0,0x50,0x6,0x1,0x0,
0x60,0x6,0x1,0x0,0x70,0x6,0x1,0x0,
0x80,0x6,0x1,0x0,0x98,0x6,0x1,0x0,
0xa8,0x6,0x1,0x0,0xb8,0x6,0x1,0x0,
0xd0,0x6,0x1,0x0,0xe0,0x6,0x1,0x0,
0xf0,0x6,0x1,0x0,0x0,0x7,0x1,0x0,
0x20,0x7,0x1,0x0,0x58,0x7,0x1,0x0,
0x68,0x7,0x1,0x0,0x78,0x7,0x1,0x0,
0x88,0x7,0x1,0x0,0xa0,0x7,0x1,0x0,
0xb0,0x7,0x1,0x0,0xd0,0x7,0x1,0x0,
0xe0,0x7,0x1,0x0,0xf0,0x7,0x1,0x0,
0x0,0x8,0x1,0x0,0x10,0x8,0x1,0x0,
0x28,0x8,0x1,0x0,0x38,0x8,0x1,0x0,
0x48,0x8,0x1,0x0,0x60,0x8,0x1,0x0,
0x78,0x8,0x1,0x0,0x90,0x8,0x1,0x0,
0xa8,0x8,0x1,0x0,0xc0,0x8,0x1,0x0,
0xd8,0x8,0x1,0x0,0xf0,0x8,0x1,0x0,
0x8,0x9,0x1,0x0,0x18,0x9,0x1,0x0,
0x28,0x9,0x1,0x0,0x68,0x9,0x1,0x0,
0x88,0x9,0x1,0x0,0xa8,0x9,0x1,0x0,
0xc0,0x9,0x1,0x0,0x0,0xa,0x1,0x0,
0x18,0xa,0x1,0x0,0x28,0xa,0x1,0x0,
0x38,0xa,0x1,0x0,0x48,0xa,0x1,0x0,
0x58,0xa,0x1,0x0,0x68,0xa,0x1,0x0,
0x88,0xa,0x1,0x0,0xb0,0xa,0x1,0x0,
0xc8,0xa,0x1,0x0,0x8,0xb,0x1,0x0,
0x28,0xb,0x1,0x0,0x40,0xb,0x1,0x0,
0x48,0xb,0x1,0x0,0x70,0xb,0x1,0x0,
0x90,0xb,0x1,0x0,0xa8,0xb,0x1,0x0,
0xc0,0xb,0x1,0x0,0xd8,0xb,0x1,0x0,
0xf0,0xb,0x1,0x0,0x10,0xc,0x1,0x0,
0x28,0xc,0x1,0x0,0x50,0xc,0x1,0x0,
0x70,0xc,0x1,0x0,0x88,0xc,0x1,0x0,
0xa0,0xc,0x1,0x0,0xb8,0xc,0x1,0x0,
0xd8,0xc,0x1,0x0,0xe8,0xc,0x1,0x0,
0x0,0xd,0x1,0x0,0x20,0xd,0x1,0x0,
0x38,0xd,0x1,0x0,0x48,0xd,0x1,0x0,
0x70,0xd,0x1,0x0,0x78,0xd,0x1,0x0,
0x88,0xd,0x1,0x0,0x98,0xd,0x1,0x0,
0xa8,0xd,0x1,0x0,0xe0,0xd,0x1,0x0,
0xf8,0xd,0x1,0x0,0x20,0xe,0x1,0x0,
0x30,0xe,0x1,0x0,0x50,0xe,0x1,0x0,
0x68,0xe,0x1,0x0,0x80,0xe,0x1,0x0,
0x98,0xe,0x1,0x0,0xb0,0xe,0x1,0x0,
0xd8,0xe,0x1,0x0,0xf0,0xe,0x1,0x0,
0x10,0xf,0x1,0x0,0x38,0xf,0x1,0x0,
0x48,0xf,0x1,0x0,0x58,0xf,0x1,0x0,
0x68,0xf,0x1,0x0,0x0,0x0,0x0,0x0,
0x0,0x0,0x0,0x0,0x0,0x0,0x0,0x0,
0x7,0x0,0x0,0x0,0x51,0x0,0x74,0x0,
0x51,0x0,0x75,0x0,0x69,0x0,0x63,0x0,
0x6b,0x0,0x0,0x0,0x0,0x0,0x0,0x0,
0xf,0x0,0x0,0x0,0x51,0x0,0x74,0x0,
0x51,0x0,0x75,0x0,0x69,0x0,0x63,0x0,
0x6b,0x0,0x2e,0x0,0x4c,0x0,0x61,0x0,
0x79,0x0,0x6f,0x0,0x75,0x0,0x74,0x0,
0x73,0x0,0x0,0x0,0x0,0x0,0x0,0x0,
0x19,0x0,0x0,0x0,0x51,0x0,0x74,0x0,
0x51,0x0,0x75,0x0,0x69,0x0,0x63,0x0,
0x6b,0x0,0x2e,0x0,0x43,0x0,0x6f,0x0,
0x6e,0x0,0x74,0x0,0x72,0x0,0x6f,0x0,
0x6c,0x0,0x73,0x0,0x2e,0x0,0x4d,0x0,
0x61,0x0,0x74,0x0,0x65,0x0,0x72,0x0,
0x69,0x0,0x61,0x0,0x6c,0x0,0x0,0x0,
0x7,0x0,0x0,0x0,0x57,0x0,0x69,0x0,
0x6e,0x0,0x64,0x0,0x6f,0x0,0x77,0x0,
0x73,0x0,0x0,0x0,0x0,0x0,0x0,0x0,
0x18,0x0,0x0,0x0,0x51,0x0,0x74,0x0,
0x51,0x0,0x75,0x0,0x69,0x0,0x63,0x0,
0x6b,0x0,0x2e,0x0,0x43,0x0,0x6f,0x0,
0x6e,0x0,0x74,0x0,0x72,0x0,0x6f,0x0,
0x6c,0x0,0x73,0x0,0x2e,0x0,0x57,0x0,
0x69,0x0,0x6e,0x0,0x64,0x0,0x6f,0x0,
0x77,0x0,0x73,0x0,0x0,0x0,0x0,0x0,
0x1a,0x0,0x0,0x0,0x51,0x0,0x74,0x0,
0x35,0x0,0x43,0x0,0x6f,0x0,0x6d,0x0,
0x70,0x0,0x61,0x0,0x74,0x0,0x2e,0x0,
0x47,0x0,0x72,0x0,0x61,0x0,0x70,0x0,
0x68,0x0,0x69,0x0,0x63,0x0,0x61,0x0,
0x6c,0x0,0x45,0x0,0x66,0x0,0x66,0x0,
0x65,0x0,0x63,0x0,0x74,0x0,0x73,0x0,
0x0,0x0,0x0,0x0,0x0,0x0,0x0,0x0,
0x7,0x0,0x0,0x0,0x44,0x0,0x69,0x0,
0x61,0x0,0x6c,0x0,0x6f,0x0,0x67,0x0,
0x73,0x0,0x0,0x0,0x0,0x0,0x0,0x0,
0xf,0x0,0x0,0x0,0x51,0x0,0x74,0x0,
0x51,0x0,0x75,0x0,0x69,0x0,0x63,0x0,
0x6b,0x0,0x2e,0x0,0x44,0x0,0x69,0x0,
0x61,0x0,0x6c,0x0,0x6f,0x0,0x67,0x0,
0x73,0x0,0x0,0x0,0x0,0x0,0x0,0x0,
0xf,0x0,0x0,0x0,0x51,0x0,0x74,0x0,
0x51,0x0,0x75,0x0,0x69,0x0,0x63,0x0,
0x6b,0x0,0x2e,0x0,0x45,0x0,0x66,0x0,
0x66,0x0,0x65,0x0,0x63,0x0,0x74,0x0,
0x73,0x0,0x0,0x0,0x0,0x0,0x0,0x0,
0xa,0x0,0x0,0x0,0x63,0x0,0x6f,0x0,
0x6d,0x0,0x2e,0x0,0x63,0x0,0x75,0x0,
0x73,0x0,0x74,0x0,0x6f,0x0,0x6d,0x0,
0x0,0x0,0x0,0x0,0x0,0x0,0x0,0x0,
0x6,0x0,0x0,0x0,0x57,0x0,0x69,0x0,
0x6e,0x0,0x64,0x0,0x6f,0x0,0x77,0x0,
0x0,0x0,0x0,0x0,0x0,0x0,0x0,0x0,
0x6,0x0,0x0,0x0,0x77,0x0,0x69,0x0,
0x6e,0x0,0x64,0x0,0x6f,0x0,0x77,0x0,
0x0,0x0,0x0,0x0,0x0,0x0,0x0,0x0,
0x5,0x0,0x0,0x0,0x77,0x0,0x69,0x0,
0x64,0x0,0x74,0x0,0x68,0x0,0x0,0x0,
0x6,0x0,0x0,0x0,0x68,0x0,0x65,0x0,
0x69,0x0,0x67,0x0,0x68,0x0,0x74,0x0,
0x0,0x0,0x0,0x0,0x0,0x0,0x0,0x0,
0x7,0x0,0x0,0x0,0x76,0x0,0x69,0x0,
0x73,0x0,0x69,0x0,0x62,0x0,0x6c,0x0,
0x65,0x0,0x0,0x0,0x0,0x0,0x0,0x0,
0x5,0x0,0x0,0x0,0x74,0x0,0x69,0x0,
0x74,0x0,0x6c,0x0,0x65,0x0,0x0,0x0,
0x8,0x0,0x0,0x0,0xd6,0x55,0x37,0x8c,
0x87,0x65,0x63,0x68,0x16,0x7f,0x91,0x8f,
0x6f,0x8f,0xf6,0x4e,0x0,0x0,0x0,0x0,
0x9,0x0,0x0,0x0,0x63,0x0,0x79,0x0,
0x63,0x0,0x61,0x0,0x70,0x0,0x74,0x0,
0x69,0x0,0x6f,0x0,0x6e,0x0,0x0,0x0,
0xe,0x0,0x0,0x0,0x77,0x0,0x69,0x0,
0x6e,0x0,0x64,0x0,0x6f,0x0,0x77,0x0,
0x53,0x0,0x68,0x0,0x61,0x0,0x64,0x0,
0x6f,0x0,0x77,0x0,0x42,0x0,0x57,0x0,
0x0,0x0,0x0,0x0,0x0,0x0,0x0,0x0,
0x1d,0x0,0x0,0x0,0x65,0x0,0x78,0x0,
0x70,0x0,0x72,0x0,0x65,0x0,0x73,0x0,
0x73,0x0,0x69,0x0,0x6f,0x0,0x6e,0x0,
0x20,0x0,0x66,0x0,0x6f,0x0,0x72,0x0,
0x20,0x0,0x77,0x0,0x69,0x0,0x6e,0x0,
0x64,0x0,0x6f,0x0,0x77,0x0,0x53,0x0,
0x68,0x0,0x61,0x0,0x64,0x0,0x6f,0x0,
0x77,0x0,0x42,0x0,0x57,0x0,0x0,0x0,
0x8,0x0,0x0,0x0,0x68,0x0,0x6f,0x0,
0x72,0x0,0x52,0x0,0x75,0x0,0x6c,0x0,
0x65,0x0,0x72,0x0,0x0,0x0,0x0,0x0,
0x5,0x0,0x0,0x0,0x74,0x0,0x68,0x0,
0x65,0x0,0x6d,0x0,0x65,0x0,0x0,0x0,
0x10,0x0,0x0,0x0,0x61,0x0,0x6c,0x0,
0x69,0x0,0x61,0x0,0x73,0x0,0x5f,0x0,
0x73,0x0,0x6f,0x0,0x75,0x0,0x70,0x0,
0x6c,0x0,0x65,0x0,0x45,0x0,0x64,0x0,
0x69,0x0,0x74,0x0,0x0,0x0,0x0,0x0,
0xa,0x0,0x0,0x0,0x73,0x0,0x6f,0x0,
0x75,0x0,0x70,0x0,0x6c,0x0,0x65,0x0,
0x45,0x0,0x64,0x0,0x69,0x0,0x74,0x0,
0x0,0x0,0x0,0x0,0x0,0x0,0x0,0x0,
0x8,0x0,0x0,0x0,0x51,0x0,0x74,0x0,
0x4f,0x0,0x62,0x0,0x6a,0x0,0x65,0x0,
0x63,0x0,0x74,0x0,0x0,0x0,0x0,0x0,
0x5,0x0,0x0,0x0,0x63,0x0,0x6f,0x0,
0x6c,0x0,0x6f,0x0,0x72,0x0,0x0,0x0,
0x2,0x0,0x0,0x0,0x66,0x0,0x67,0x0,
0x0,0x0,0x0,0x0,0x0,0x0,0x0,0x0,
0x5,0x0,0x0,0x0,0x62,0x0,0x6c,0x0,
0x61,0x0,0x63,0x0,0x6b,0x0,0x0,0x0,
0x2,0x0,0x0,0x0,0x62,0x0,0x67,0x0,
0x0,0x0,0x0,0x0,0x0,0x0,0x0,0x0,
0x7,0x0,0x0,0x0,0x23,0x0,0x45,0x0,
0x42,0x0,0x45,0x0,0x42,0x0,0x45,0x0,
0x42,0x0,0x0,0x0,0x0,0x0,0x0,0x0,
0x3,0x0,0x0,0x0,0x62,0x0,0x61,0x0,
0x72,0x0,0x0,0x0,0x0,0x0,0x0,0x0,
0x5,0x0,0x0,0x0,0x77,0x0,0x68,0x0,
0x69,0x0,0x74,0x0,0x65,0x0,0x0,0x0,
0x9,0x0,0x0,0x0,0x73,0x0,0x70,0x0,
0x6c,0x0,0x69,0x0,0x74,0x0,0x4c,0x0,
0x69,0x0,0x6e,0x0,0x65,0x0,0x0,0x0,
0x7,0x0,0x0,0x0,0x23,0x0,0x41,0x0,
0x38,0x0,0x41,0x0,0x38,0x0,0x41,0x0,
0x38,0x0,0x0,0x0,0x0,0x0,0x0,0x0,
0x7,0x0,0x0,0x0,0x70,0x0,0x61,0x0,
0x67,0x0,0x65,0x0,0x5f,0x0,0x62,0x0,
0x67,0x0,0x0,0x0,0x0,0x0,0x0,0x0,
0xb,0x0,0x0,0x0,0x61,0x0,0x63,0x0,
0x63,0x0,0x65,0x0,0x6e,0x0,0x74,0x0,
0x5f,0x0,0x64,0x0,0x61,0x0,0x72,0x0,
0x6b,0x0,0x0,0x0,0x0,0x0,0x0,0x0,
0x7,0x0,0x0,0x0,0x23,0x0,0x31,0x0,
0x38,0x0,0x32,0x0,0x30,0x0,0x41,0x0,
0x38,0x0,0x0,0x0,0x0,0x0,0x0,0x0,
0xc,0x0,0x0,0x0,0x61,0x0,0x63,0x0,
0x63,0x0,0x65,0x0,0x6e,0x0,0x74,0x0,
0x5f,0x0,0x6c,0x0,0x69,0x0,0x67,0x0,
0x68,0x0,0x74,0x0,0x0,0x0,0x0,0x0,
0x7,0x0,0x0,0x0,0x23,0x0,0x33,0x0,
0x43,0x0,0x38,0x0,0x37,0x0,0x36,0x0,
0x31,0x0,0x0,0x0,0x0,0x0,0x0,0x0,
0x5,0x0,0x0,0x0,0x68,0x0,0x6f,0x0,
0x76,0x0,0x65,0x0,0x72,0x0,0x0,0x0,
0x7,0x0,0x0,0x0,0x23,0x0,0x45,0x0,
0x44,0x0,0x45,0x0,0x44,0x0,0x45,0x0,
0x44,0x0,0x0,0x0,0x0,0x0,0x0,0x0,
0x5,0x0,0x0,0x0,0x70,0x0,0x72,0x0,
0x65,0x0,0x73,0x0,0x73,0x0,0x0,0x0,
0x7,0x0,0x0,0x0,0x23,0x0,0x43,0x0,
0x37,0x0,0x43,0x0,0x37,0x0,0x43,0x0,
0x37,0x0,0x0,0x0,0x0,0x0,0x0,0x0,
0xb,0x0,0x0,0x0,0x62,0x0,0x6f,0x0,
0x74,0x0,0x74,0x0,0x6f,0x0,0x6d,0x0,
0x5f,0x0,0x70,0x0,0x61,0x0,0x6e,0x0,
0x65,0x0,0x0,0x0,0x0,0x0,0x0,0x0,
0x8,0x0,0x0,0x0,0x42,0x0,0x65,0x0,
0x68,0x0,0x61,0x0,0x76,0x0,0x69,0x0,
0x6f,0x0,0x72,0x0,0x0,0x0,0x0,0x0,
0xe,0x0,0x0,0x0,0x43,0x0,0x6f,0x0,
0x6c,0x0,0x6f,0x0,0x72,0x0,0x41,0x0,
0x6e,0x0,0x69,0x0,0x6d,0x0,0x61,0x0,
0x74,0x0,0x69,0x0,0x6f,0x0,0x6e,0x0,
0x0,0x0,0x0,0x0,0x0,0x0,0x0,0x0,
0x8,0x0,0x0,0x0,0x64,0x0,0x75,0x0,
0x72,0x0,0x61,0x0,0x74,0x0,0x69,0x0,
0x6f,0x0,0x6e,0x0,0x0,0x0,0x0,0x0,
0xb,0x0,0x0,0x0,0x74,0x0,0x68,0x0,
0x65,0x0,0x6d,0x0,0x65,0x0,0x5f,0x0,
0x6c,0x0,0x69,0x0,0x67,0x0,0x68,0x0,
0x74,0x0,0x0,0x0,0x0,0x0,0x0,0x0,
0xa,0x0,0x0,0x0,0x74,0x0,0x68,0x0,
0x65,0x0,0x6d,0x0,0x65,0x0,0x5f,0x0,
0x64,0x0,0x61,0x0,0x72,0x0,0x6b,0x0,
0x0,0x0,0x0,0x0,0x0,0x0,0x0,0x0,
0x7,0x0,0x0,0x0,0x23,0x0,0x33,0x0,
0x33,0x0,0x33,0x0,0x33,0x0,0x33,0x0,
0x33,0x0,0x0,0x0,0x0,0x0,0x0,0x0,
0x7,0x0,0x0,0x0,0x23,0x0,0x31,0x0,
0x34,0x0,0x31,0x0,0x34,0x0,0x31,0x0,
0x34,0x0,0x0,0x0,0x0,0x0,0x0,0x0,
0x7,0x0,0x0,0x0,0x23,0x0,0x36,0x0,
0x36,0x0,0x36,0x0,0x36,0x0,0x36,0x0,
0x36,0x0,0x0,0x0,0x0,0x0,0x0,0x0,
0x7,0x0,0x0,0x0,0x23,0x0,0x39,0x0,
0x46,0x0,0x42,0x0,0x30,0x0,0x39,0x0,
0x44,0x0,0x0,0x0,0x0,0x0,0x0,0x0,
0x7,0x0,0x0,0x0,0x23,0x0,0x43,0x0,
0x32,0x0,0x39,0x0,0x46,0x0,0x36,0x0,
0x45,0x0,0x0,0x0,0x0,0x0,0x0,0x0,
0x7,0x0,0x0,0x0,0x23,0x0,0x41,0x0,
0x42,0x0,0x36,0x0,0x33,0x0,0x34,0x0,
0x30,0x0,0x0,0x0,0x0,0x0,0x0,0x0,
0x7,0x0,0x0,0x0,0x23,0x0,0x32,0x0,
0x36,0x0,0x32,0x0,0x36,0x0,0x32,0x0,
0x36,0x0,0x0,0x0,0x0,0x0,0x0,0x0,
0x7,0x0,0x0,0x0,0x23,0x0,0x33,0x0,
0x38,0x0,0x33,0x0,0x38,0x0,0x33,0x0,
0x38,0x0,0x0,0x0,0x0,0x0,0x0,0x0,
0x7,0x0,0x0,0x0,0x23,0x0,0x30,0x0,
0x30,0x0,0x30,0x0,0x30,0x0,0x30,0x0,
0x30,0x0,0x0,0x0,0x0,0x0,0x0,0x0,
0x8,0x0,0x0,0x0,0x4d,0x0,0x61,0x0,
0x74,0x0,0x65,0x0,0x72,0x0,0x69,0x0,
0x61,0x0,0x6c,0x0,0x0,0x0,0x0,0x0,
0xa,0x0,0x0,0x0,0x66,0x0,0x6f,0x0,
0x72,0x0,0x65,0x0,0x67,0x0,0x72,0x0,
0x6f,0x0,0x75,0x0,0x6e,0x0,0x64,0x0,
0x0,0x0,0x0,0x0,0x0,0x0,0x0,0x0,
0x19,0x0,0x0,0x0,0x65,0x0,0x78,0x0,
0x70,0x0,0x72,0x0,0x65,0x0,0x73,0x0,
0x73,0x0,0x69,0x0,0x6f,0x0,0x6e,0x0,
0x20,0x0,0x66,0x0,0x6f,0x0,0x72,0x0,
0x20,0x0,0x66,0x0,0x6f,0x0,0x72,0x0,
0x65,0x0,0x67,0x0,0x72,0x0,0x6f,0x0,
0x75,0x0,0x6e,0x0,0x64,0x0,0x0,0x0,
0xa,0x0,0x0,0x0,0x62,0x0,0x61,0x0,
0x63,0x0,0x6b,0x0,0x67,0x0,0x72,0x0,
0x6f,0x0,0x75,0x0,0x6e,0x0,0x64,0x0,
0x0,0x0,0x0,0x0,0x0,0x0,0x0,0x0,
0x19,0x0,0x0,0x0,0x65,0x0,0x78,0x0,
0x70,0x0,0x72,0x0,0x65,0x0,0x73,0x0,
0x73,0x0,0x69,0x0,0x6f,0x0,0x6e,0x0,
0x20,0x0,0x66,0x0,0x6f,0x0,0x72,0x0,
0x20,0x0,0x62,0x0,0x61,0x0,0x63,0x0,
0x6b,0x0,0x67,0x0,0x72,0x0,0x6f,0x0,
0x75,0x0,0x6e,0x0,0x64,0x0,0x0,0x0,
0x7,0x0,0x0,0x0,0x70,0x0,0x72,0x0,
0x69,0x0,0x6d,0x0,0x61,0x0,0x72,0x0,
0x79,0x0,0x0,0x0,0x0,0x0,0x0,0x0,
0x16,0x0,0x0,0x0,0x65,0x0,0x78,0x0,
0x70,0x0,0x72,0x0,0x65,0x0,0x73,0x0,
0x73,0x0,0x69,0x0,0x6f,0x0,0x6e,0x0,
0x20,0x0,0x66,0x0,0x6f,0x0,0x72,0x0,
0x20,0x0,0x70,0x0,0x72,0x0,0x69,0x0,
0x6d,0x0,0x61,0x0,0x72,0x0,0x79,0x0,
0x0,0x0,0x0,0x0,0x0,0x0,0x0,0x0,
0x14,0x0,0x0,0x0,0x65,0x0,0x78,0x0,
0x70,0x0,0x72,0x0,0x65,0x0,0x73,0x0,
0x73,0x0,0x69,0x0,0x6f,0x0,0x6e,0x0,
0x20,0x0,0x66,0x0,0x6f,0x0,0x72,0x0,
0x20,0x0,0x74,0x0,0x68,0x0,0x65,0x0,
0x6d,0x0,0x65,0x0,0x0,0x0,0x0,0x0,
0x10,0x0,0x0,0x0,0x69,0x0,0x73,0x0,
0x50,0x0,0x72,0x0,0x6f,0x0,0x74,0x0,
0x65,0x0,0x63,0x0,0x74,0x0,0x45,0x0,
0x79,0x0,0x65,0x0,0x4d,0x0,0x6f,0x0,
0x64,0x0,0x65,0x0,0x0,0x0,0x0,0x0,
0x1f,0x0,0x0,0x0,0x65,0x0,0x78,0x0,
0x70,0x0,0x72,0x0,0x65,0x0,0x73,0x0,
0x73,0x0,0x69,0x0,0x6f,0x0,0x6e,0x0,
0x20,0x0,0x66,0x0,0x6f,0x0,0x72,0x0,
0x20,0x0,0x69,0x0,0x73,0x0,0x50,0x0,
0x72,0x0,0x6f,0x0,0x74,0x0,0x65,0x0,
0x63,0x0,0x74,0x0,0x45,0x0,0x79,0x0,
0x65,0x0,0x4d,0x0,0x6f,0x0,0x64,0x0,
0x65,0x0,0x0,0x0,0x0,0x0,0x0,0x0,
0x8,0x0,0x0,0x0,0x64,0x0,0x61,0x0,
0x72,0x0,0x6b,0x0,0x4d,0x0,0x6f,0x0,
0x64,0x0,0x65,0x0,0x0,0x0,0x0,0x0,
0x17,0x0,0x0,0x0,0x65,0x0,0x78,0x0,
0x70,0x0,0x72,0x0,0x65,0x0,0x73,0x0,
0x73,0x0,0x69,0x0,0x6f,0x0,0x6e,0x0,
0x20,0x0,0x66,0x0,0x6f,0x0,0x72,0x0,
0x20,0x0,0x64,0x0,0x61,0x0,0x72,0x0,
0x6b,0x0,0x4d,0x0,0x6f,0x0,0x64,0x0,
0x65,0x0,0x0,0x0,0x0,0x0,0x0,0x0,
0x19,0x0,0x0,0x0,0x6f,0x0,0x6e,0x0,
0x49,0x0,0x73,0x0,0x50,0x0,0x72,0x0,
0x6f,0x0,0x74,0x0,0x65,0x0,0x63,0x0,
0x74,0x0,0x45,0x0,0x79,0x0,0x65,0x0,
0x4d,0x0,0x6f,0x0,0x64,0x0,0x65,0x0,
0x43,0x0,0x68,0x0,0x61,0x0,0x6e,0x0,
0x67,0x0,0x65,0x0,0x64,0x0,0x0,0x0,
0x28,0x0,0x0,0x0,0x65,0x0,0x78,0x0,
0x70,0x0,0x72,0x0,0x65,0x0,0x73,0x0,
0x73,0x0,0x69,0x0,0x6f,0x0,0x6e,0x0,
0x20,0x0,0x66,0x0,0x6f,0x0,0x72,0x0,
0x20,0x0,0x6f,0x0,0x6e,0x0,0x49,0x0,
0x73,0x0,0x50,0x0,0x72,0x0,0x6f,0x0,
0x74,0x0,0x65,0x0,0x63,0x0,0x74,0x0,
0x45,0x0,0x79,0x0,0x65,0x0,0x4d,0x0,
0x6f,0x0,0x64,0x0,0x65,0x0,0x43,0x0,
0x68,0x0,0x61,0x0,0x6e,0x0,0x67,0x0,
0x65,0x0,0x64,0x0,0x0,0x0,0x0,0x0,
0x9,0x0,0x0,0x0,0x43,0x0,0x6f,0x0,
0x6d,0x0,0x70,0x0,0x6f,0x0,0x6e,0x0,
0x65,0x0,0x6e,0x0,0x74,0x0,0x0,0x0,
0xb,0x0,0x0,0x0,0x6f,0x0,0x6e,0x0,
0x43,0x0,0x6f,0x0,0x6d,0x0,0x70,0x0,
0x6c,0x0,0x65,0x0,0x74,0x0,0x65,0x0,
0x64,0x0,0x0,0x0,0x0,0x0,0x0,0x0,
0x1a,0x0,0x0,0x0,0x65,0x0,0x78,0x0,
0x70,0x0,0x72,0x0,0x65,0x0,0x73,0x0,
0x73,0x0,0x69,0x0,0x6f,0x0,0x6e,0x0,
0x20,0x0,0x66,0x0,0x6f,0x0,0x72,0x0,
0x20,0x0,0x6f,0x0,0x6e,0x0,0x43,0x0,
0x6f,0x0,0x6d,0x0,0x70,0x0,0x6c,0x0,
0x65,0x0,0x74,0x0,0x65,0x0,0x64,0x0,
0x0,0x0,0x0,0x0,0x0,0x0,0x0,0x0,
0xc,0x0,0x0,0x0,0x53,0x0,0x65,0x0,
0x6c,0x0,0x65,0x0,0x63,0x0,0x74,0x0,
0x69,0x0,0x6f,0x0,0x6e,0x0,0x4f,0x0,
0x62,0x0,0x6a,0x0,0x0,0x0,0x0,0x0,
0x3,0x0,0x0,0x0,0x73,0x0,0x70,0x0,
0x70,0x0,0x0,0x0,0x0,0x0,0x0,0x0,
0x5,0x0,0x0,0x0,0x66,0x0,0x6c,0x0,
0x61,0x0,0x67,0x0,0x73,0x0,0x0,0x0,
0x14,0x0,0x0,0x0,0x65,0x0,0x78,0x0,
0x70,0x0,0x72,0x0,0x65,0x0,0x73,0x0,
0x73,0x0,0x69,0x0,0x6f,0x0,0x6e,0x0,
0x20,0x0,0x66,0x0,0x6f,0x0,0x72,0x0,
0x20,0x0,0x66,0x0,0x6c,0x0,0x61,0x0,
0x67,0x0,0x73,0x0,0x0,0x0,0x0,0x0,
0x6,0x0,0x0,0x0,0x64,0x0,0x6f,0x0,
0x51,0x0,0x75,0x0,0x69,0x0,0x74,0x0,
0x0,0x0,0x0,0x0,0x0,0x0,0x0,0x0,
0x18,0x0,0x0,0x0,0x6f,0x0,0x70,0x0,
0x65,0x0,0x6e,0x0,0x5f,0x0,0x64,0x0,
0x69,0x0,0x61,0x0,0x6c,0x0,0x6f,0x0,
0x67,0x0,0x5f,0x0,0x73,0x0,0x65,0x0,
0x74,0x0,0x4a,0x0,0x41,0x0,0x56,0x0,
0x41,0x0,0x5f,0x0,0x48,0x0,0x4f,0x0,
0x4d,0x0,0x45,0x0,0x0,0x0,0x0,0x0,
0xf,0x0,0x0,0x0,0x73,0x0,0x68,0x0,
0x6f,0x0,0x77,0x0,0x43,0x0,0x68,0x0,
0x6f,0x0,0x6f,0x0,0x73,0x0,0x65,0x0,
0x42,0x0,0x6f,0x0,0x61,0x0,0x72,0x0,
0x64,0x0,0x0,0x0,0x0,0x0,0x0,0x0,
0x9,0x0,0x0,0x0,0x70,0x0,0x61,0x0,
0x72,0x0,0x65,0x0,0x6e,0x0,0x74,0x0,
0x5f,0x0,0x69,0x0,0x64,0x0,0x0,0x0,
0xf,0x0,0x0,0x0,0x61,0x0,0x6e,0x0,
0x63,0x0,0x68,0x0,0x6f,0x0,0x72,0x0,
0x5f,0x0,0x70,0x0,0x6f,0x0,0x73,0x0,
0x69,0x0,0x74,0x0,0x69,0x0,0x6f,0x0,
0x6e,0x0,0x0,0x0,0x0,0x0,0x0,0x0,
0xa,0x0,0x0,0x0,0x61,0x0,0x6e,0x0,
0x63,0x0,0x68,0x0,0x6f,0x0,0x72,0x0,
0x5f,0x0,0x64,0x0,0x69,0x0,0x72,0x0,
0x0,0x0,0x0,0x0,0x0,0x0,0x0,0x0,
0x8,0x0,0x0,0x0,0x71,0x0,0x75,0x0,
0x65,0x0,0x73,0x0,0x74,0x0,0x69,0x0,
0x6f,0x0,0x6e,0x0,0x0,0x0,0x0,0x0,
0x7,0x0,0x0,0x0,0x6f,0x0,0x70,0x0,
0x74,0x0,0x69,0x0,0x6f,0x0,0x6e,0x0,
0x73,0x0,0x0,0x0,0x0,0x0,0x0,0x0,
0x8,0x0,0x0,0x0,0x63,0x0,0x61,0x0,
0x6c,0x0,0x6c,0x0,0x62,0x0,0x61,0x0,
0x63,0x0,0x6b,0x0,0x0,0x0,0x0,0x0,
0xf,0x0,0x0,0x0,0x68,0x0,0x69,0x0,
0x64,0x0,0x65,0x0,0x43,0x0,0x68,0x0,
0x6f,0x0,0x6f,0x0,0x73,0x0,0x65,0x0,
0x42,0x0,0x6f,0x0,0x61,0x0,0x72,0x0,
0x64,0x0,0x0,0x0,0x0,0x0,0x0,0x0,
0xd,0x0,0x0,0x0,0x63,0x0,0x68,0x0,
0x61,0x0,0x6e,0x0,0x67,0x0,0x65,0x0,
0x56,0x0,0x69,0x0,0x65,0x0,0x77,0x0,
0x54,0x0,0x6f,0x0,0x70,0x0,0x0,0x0,
0x8,0x0,0x0,0x0,0x76,0x0,0x69,0x0,
0x65,0x0,0x77,0x0,0x5f,0x0,0x74,0x0,
0x6f,0x0,0x70,0x0,0x0,0x0,0x0,0x0,
0xb,0x0,0x0,0x0,0x67,0x0,0x65,0x0,
0x6e,0x0,0x65,0x0,0x72,0x0,0x61,0x0,
0x74,0x0,0x65,0x0,0x4f,0x0,0x62,0x0,
0x6a,0x0,0x0,0x0,0x0,0x0,0x0,0x0,
0x4,0x0,0x0,0x0,0x74,0x0,0x79,0x0,
0x70,0x0,0x65,0x0,0x0,0x0,0x0,0x0,
0xa,0x0,0x0,0x0,0x61,0x0,0x70,0x0,
0x70,0x0,0x65,0x0,0x6e,0x0,0x64,0x0,
0x50,0x0,0x61,0x0,0x67,0x0,0x65,0x0,
0x0,0x0,0x0,0x0,0x0,0x0,0x0,0x0,
0xd,0x0,0x0,0x0,0x67,0x0,0x65,0x0,
0x74,0x0,0x53,0x0,0x65,0x0,0x6c,0x0,
0x65,0x0,0x63,0x0,0x74,0x0,0x65,0x0,
0x64,0x0,0x49,0x0,0x44,0x0,0x0,0x0,
0xa,0x0,0x0,0x0,0x70,0x0,0x72,0x0,
0x65,0x0,0x6c,0x0,0x6f,0x0,0x61,0x0,
0x64,0x0,0x50,0x0,0x44,0x0,0x46,0x0,
0x0,0x0,0x0,0x0,0x0,0x0,0x0,0x0,
0x8,0x0,0x0,0x0,0x66,0x0,0x69,0x0,
0x6c,0x0,0x65,0x0,0x6e,0x0,0x61,0x0,
0x6d,0x0,0x65,0x0,0x0,0x0,0x0,0x0,
0x6,0x0,0x0,0x0,0x44,0x0,0x69,0x0,
0x61,0x0,0x6c,0x0,0x6f,0x0,0x67,0x0,
0x0,0x0,0x0,0x0,0x0,0x0,0x0,0x0,
0xe,0x0,0x0,0x0,0x64,0x0,0x69,0x0,
0x61,0x0,0x6c,0x0,0x6f,0x0,0x67,0x0,
0x5f,0x0,0x6c,0x0,0x6f,0x0,0x61,0x0,
0x64,0x0,0x69,0x0,0x6e,0x0,0x67,0x0,
0x0,0x0,0x0,0x0,0x0,0x0,0x0,0x0,
0x7,0x0,0x0,0x0,0x61,0x0,0x6e,0x0,
0x63,0x0,0x68,0x0,0x6f,0x0,0x72,0x0,
0x73,0x0,0x0,0x0,0x0,0x0,0x0,0x0,
0x8,0x0,0x0,0x0,0x63,0x0,0x65,0x0,
0x6e,0x0,0x74,0x0,0x65,0x0,0x72,0x0,
0x49,0x0,0x6e,0x0,0x0,0x0,0x0,0x0,
0x17,0x0,0x0,0x0,0x65,0x0,0x78,0x0,
0x70,0x0,0x72,0x0,0x65,0x0,0x73,0x0,
0x73,0x0,0x69,0x0,0x6f,0x0,0x6e,0x0,
0x20,0x0,0x66,0x0,0x6f,0x0,0x72,0x0,
0x20,0x0,0x63,0x0,0x65,0x0,0x6e,0x0,
0x74,0x0,0x65,0x0,0x72,0x0,0x49,0x0,
0x6e,0x0,0x0,0x0,0x0,0x0,0x0,0x0,
0x4,0x0,0x0,0x0,0xa0,0x52,0x7d,0x8f,
0xdb,0x8f,0xa6,0x5e,0x0,0x0,0x0,0x0,
0xb,0x0,0x0,0x0,0x63,0x0,0x6c,0x0,
0x6f,0x0,0x73,0x0,0x65,0x0,0x50,0x0,
0x6f,0x0,0x6c,0x0,0x69,0x0,0x63,0x0,
0x79,0x0,0x0,0x0,0x0,0x0,0x0,0x0,
0x1a,0x0,0x0,0x0,0x65,0x0,0x78,0x0,
0x70,0x0,0x72,0x0,0x65,0x0,0x73,0x0,
0x73,0x0,0x69,0x0,0x6f,0x0,0x6e,0x0,
0x20,0x0,0x66,0x0,0x6f,0x0,0x72,0x0,
0x20,0x0,0x63,0x0,0x6c,0x0,0x6f,0x0,
0x73,0x0,0x65,0x0,0x50,0x0,0x6f,0x0,
0x6c,0x0,0x69,0x0,0x63,0x0,0x79,0x0,
0x0,0x0,0x0,0x0,0x0,0x0,0x0,0x0,
0x9,0x0,0x0,0x0,0x52,0x0,0x65,0x0,
0x63,0x0,0x74,0x0,0x61,0x0,0x6e,0x0,
0x67,0x0,0x6c,0x0,0x65,0x0,0x0,0x0,
0x6,0x0,0x0,0x0,0x72,0x0,0x61,0x0,
0x64,0x0,0x69,0x0,0x75,0x0,0x73,0x0,
0x0,0x0,0x0,0x0,0x0,0x0,0x0,0x0,
0xc,0x0,0x0,0x0,0x43,0x0,0x6f,0x0,
0x6c,0x0,0x75,0x0,0x6d,0x0,0x6e,0x0,
0x4c,0x0,0x61,0x0,0x79,0x0,0x6f,0x0,
0x75,0x0,0x74,0x0,0x0,0x0,0x0,0x0,
0x10,0x0,0x0,0x0,0x52,0x0,0x65,0x0,
0x63,0x0,0x74,0x0,0x73,0x0,0x50,0x0,
0x72,0x0,0x6f,0x0,0x67,0x0,0x72,0x0,
0x65,0x0,0x73,0x0,0x73,0x0,0x42,0x0,
0x61,0x0,0x72,0x0,0x0,0x0,0x0,0x0,
0xb,0x0,0x0,0x0,0x6c,0x0,0x6f,0x0,
0x61,0x0,0x64,0x0,0x69,0x0,0x6e,0x0,
0x67,0x0,0x5f,0x0,0x62,0x0,0x61,0x0,
0x72,0x0,0x0,0x0,0x0,0x0,0x0,0x0,
0x6,0x0,0x0,0x0,0x4c,0x0,0x61,0x0,
0x79,0x0,0x6f,0x0,0x75,0x0,0x74,0x0,
0x0,0x0,0x0,0x0,0x0,0x0,0x0,0x0,
0xf,0x0,0x0,0x0,0x70,0x0,0x72,0x0,
0x65,0x0,0x66,0x0,0x65,0x0,0x72,0x0,
0x72,0x0,0x65,0x0,0x64,0x0,0x48,0x0,
0x65,0x0,0x69,0x0,0x67,0x0,0x68,0x0,
0x74,0x0,0x0,0x0,0x0,0x0,0x0,0x0,
0xe,0x0,0x0,0x0,0x70,0x0,0x72,0x0,
0x65,0x0,0x66,0x0,0x65,0x0,0x72,0x0,
0x72,0x0,0x65,0x0,0x64,0x0,0x57,0x0,
0x69,0x0,0x64,0x0,0x74,0x0,0x68,0x0,
0x0,0x0,0x0,0x0,0x0,0x0,0x0,0x0,
0x7,0x0,0x0,0x0,0x6e,0x0,0x75,0x0,
0x6d,0x0,0x52,0x0,0x65,0x0,0x63,0x0,
0x74,0x0,0x0,0x0,0x0,0x0,0x0,0x0,
0x6,0x0,0x0,0x0,0x61,0x0,0x63,0x0,
0x63,0x0,0x65,0x0,0x6e,0x0,0x74,0x0,
0x0,0x0,0x0,0x0,0x0,0x0,0x0,0x0,
0x7,0x0,0x0,0x0,0x23,0x0,0x31,0x0,
0x39,0x0,0x36,0x0,0x43,0x0,0x44,0x0,
0x39,0x0,0x0,0x0,0x0,0x0,0x0,0x0,
0x7,0x0,0x0,0x0,0x61,0x0,0x63,0x0,
0x63,0x0,0x65,0x0,0x6e,0x0,0x74,0x0,
0x32,0x0,0x0,0x0,0x0,0x0,0x0,0x0,
0x7,0x0,0x0,0x0,0x23,0x0,0x44,0x0,
0x30,0x0,0x46,0x0,0x46,0x0,0x45,0x0,
0x42,0x0,0x0,0x0,0x0,0x0,0x0,0x0,
0x12,0x0,0x0,0x0,0x44,0x0,0x69,0x0,
0x61,0x0,0x6c,0x0,0x6f,0x0,0x67,0x0,
0x73,0x0,0x2e,0x0,0x46,0x0,0x69,0x0,
0x6c,0x0,0x65,0x0,0x44,0x0,0x69,0x0,
0x61,0x0,0x6c,0x0,0x6f,0x0,0x67,0x0,
0x0,0x0,0x0,0x0,0x0,0x0,0x0,0x0,
0xe,0x0,0x0,0x0,0x64,0x0,0x69,0x0,
0x61,0x0,0x6c,0x0,0x6f,0x0,0x67,0x0,
0x5f,0x0,0x73,0x0,0x61,0x0,0x76,0x0,
0x65,0x0,0x50,0x0,0x64,0x0,0x66,0x0,
0x0,0x0,0x0,0x0,0x0,0x0,0x0,0x0,
0x5,0x0,0x0,0x0,0xdd,0x4f,0x58,0x5b,
0x50,0x0,0x44,0x0,0x46,0x0,0x0,0x0,
0x8,0x0,0x0,0x0,0x66,0x0,0x69,0x0,
0x6c,0x0,0x65,0x0,0x4d,0x0,0x6f,0x0,
0x64,0x0,0x65,0x0,0x0,0x0,0x0,0x0,
0x17,0x0,0x0,0x0,0x65,0x0,0x78,0x0,
0x70,0x0,0x72,0x0,0x65,0x0,0x73,0x0,
0x73,0x0,0x69,0x0,0x6f,0x0,0x6e,0x0,
0x20,0x0,0x66,0x0,0x6f,0x0,0x72,0x0,
0x20,0x0,0x66,0x0,0x69,0x0,0x6c,0x0,
0x65,0x0,0x4d,0x0,0x6f,0x0,0x64,0x0,
0x65,0x0,0x0,0x0,0x0,0x0,0x0,0x0,
0xb,0x0,0x0,0x0,0x6e,0x0,0x61,0x0,
0x6d,0x0,0x65,0x0,0x46,0x0,0x69,0x0,
0x6c,0x0,0x74,0x0,0x65,0x0,0x72,0x0,
0x73,0x0,0x0,0x0,0x0,0x0,0x0,0x0,
0x1a,0x0,0x0,0x0,0x65,0x0,0x78,0x0,
0x70,0x0,0x72,0x0,0x65,0x0,0x73,0x0,
0x73,0x0,0x69,0x0,0x6f,0x0,0x6e,0x0,
0x20,0x0,0x66,0x0,0x6f,0x0,0x72,0x0,
0x20,0x0,0x6e,0x0,0x61,0x0,0x6d,0x0,
0x65,0x0,0x46,0x0,0x69,0x0,0x6c,0x0,
0x74,0x0,0x65,0x0,0x72,0x0,0x73,0x0,
0x0,0x0,0x0,0x0,0x0,0x0,0x0,0x0,
0xa,0x0,0x0,0x0,0x6f,0x0,0x6e,0x0,
0x41,0x0,0x63,0x0,0x63,0x0,0x65,0x0,
0x70,0x0,0x74,0x0,0x65,0x0,0x64,0x0,
0x0,0x0,0x0,0x0,0x0,0x0,0x0,0x0,
0x19,0x0,0x0,0x0,0x65,0x0,0x78,0x0,
0x70,0x0,0x72,0x0,0x65,0x0,0x73,0x0,
0x73,0x0,0x69,0x0,0x6f,0x0,0x6e,0x0,
0x20,0x0,0x66,0x0,0x6f,0x0,0x72,0x0,
0x20,0x0,0x6f,0x0,0x6e,0x0,0x41,0x0,
0x63,0x0,0x63,0x0,0x65,0x0,0x70,0x0,
0x74,0x0,0x65,0x0,0x64,0x0,0x0,0x0,
0xb,0x0,0x0,0x0,0x43,0x0,0x6f,0x0,
0x6e,0x0,0x6e,0x0,0x65,0x0,0x63,0x0,
0x74,0x0,0x69,0x0,0x6f,0x0,0x6e,0x0,
0x73,0x0,0x0,0x0,0x0,0x0,0x0,0x0,
0x6,0x0,0x0,0x0,0x74,0x0,0x61,0x0,
0x72,0x0,0x67,0x0,0x65,0x0,0x74,0x0,
0x0,0x0,0x0,0x0,0x0,0x0,0x0,0x0,
0x15,0x0,0x0,0x0,0x65,0x0,0x78,0x0,
0x70,0x0,0x72,0x0,0x65,0x0,0x73,0x0,
0x73,0x0,0x69,0x0,0x6f,0x0,0x6e,0x0,
0x20,0x0,0x66,0x0,0x6f,0x0,0x72,0x0,
0x20,0x0,0x74,0x0,0x61,0x0,0x72,0x0,
0x67,0x0,0x65,0x0,0x74,0x0,0x0,0x0,
0x13,0x0,0x0,0x0,0x6f,0x0,0x6e,0x0,
0x42,0x0,0x65,0x0,0x67,0x0,0x69,0x0,
0x6e,0x0,0x4c,0x0,0x6f,0x0,0x61,0x0,
0x64,0x0,0x44,0x0,0x6f,0x0,0x63,0x0,
0x75,0x0,0x6d,0x0,0x65,0x0,0x6e,0x0,
0x74,0x0,0x0,0x0,0x0,0x0,0x0,0x0,
0x12,0x0,0x0,0x0,0x6f,0x0,0x6e,0x0,
0x46,0x0,0x69,0x0,0x6c,0x0,0x65,0x0,
0x4c,0x0,0x6f,0x0,0x61,0x0,0x64,0x0,
0x50,0x0,0x72,0x0,0x6f,0x0,0x67,0x0,
0x72,0x0,0x65,0x0,0x73,0x0,0x73,0x0,
0x0,0x0,0x0,0x0,0x0,0x0,0x0,0x0,
0x2,0x0,0x0,0x0,0x70,0x0,0x67,0x0,
0x0,0x0,0x0,0x0,0x0,0x0,0x0,0x0,
0xc,0x0,0x0,0x0,0x6f,0x0,0x6e,0x0,
0x46,0x0,0x69,0x0,0x6c,0x0,0x65,0x0,
0x4c,0x0,0x6f,0x0,0x61,0x0,0x64,0x0,
0x65,0x0,0x64,0x0,0x0,0x0,0x0,0x0,
0x10,0x0,0x0,0x0,0x6f,0x0,0x6e,0x0,
0x42,0x0,0x65,0x0,0x67,0x0,0x69,0x0,
0x6e,0x0,0x53,0x0,0x65,0x0,0x6c,0x0,
0x65,0x0,0x63,0x0,0x74,0x0,0x69,0x0,
0x6f,0x0,0x6e,0x0,0x0,0x0,0x0,0x0,
0xa,0x0,0x0,0x0,0x6f,0x0,0x6e,0x0,
0x45,0x0,0x72,0x0,0x72,0x0,0x6f,0x0,
0x72,0x0,0x4d,0x0,0x73,0x0,0x67,0x0,
0x0,0x0,0x0,0x0,0x0,0x0,0x0,0x0,
0x3,0x0,0x0,0x0,0x6d,0x0,0x73,0x0,
0x67,0x0,0x0,0x0,0x0,0x0,0x0,0x0,
0x11,0x0,0x0,0x0,0x63,0x0,0x70,0x0,
0x5f,0x0,0x73,0x0,0x65,0x0,0x6c,0x0,
0x65,0x0,0x63,0x0,0x74,0x0,0x69,0x0,
0x6f,0x0,0x6e,0x0,0x5f,0x0,0x70,0x0,
0x61,0x0,0x6e,0x0,0x65,0x0,0x0,0x0,
0x15,0x0,0x0,0x0,0x53,0x0,0x65,0x0,
0x6c,0x0,0x65,0x0,0x63,0x0,0x74,0x0,
0x69,0x0,0x6f,0x0,0x6e,0x0,0x50,0x0,
0x72,0x0,0x6f,0x0,0x70,0x0,0x65,0x0,
0x72,0x0,0x74,0x0,0x79,0x0,0x47,0x0,
0x72,0x0,0x69,0x0,0x64,0x0,0x0,0x0,
0xb,0x0,0x0,0x0,0x4d,0x0,0x79,0x0,
0x46,0x0,0x75,0x0,0x6e,0x0,0x63,0x0,
0x74,0x0,0x69,0x0,0x6f,0x0,0x6e,0x0,
0x73,0x0,0x0,0x0,0x0,0x0,0x0,0x0,
0x19,0x0,0x0,0x0,0x65,0x0,0x78,0x0,
0x70,0x0,0x72,0x0,0x65,0x0,0x73,0x0,
0x73,0x0,0x69,0x0,0x6f,0x0,0x6e,0x0,
0x20,0x0,0x66,0x0,0x6f,0x0,0x72,0x0,
0x20,0x0,0x73,0x0,0x6f,0x0,0x75,0x0,
0x70,0x0,0x6c,0x0,0x65,0x0,0x45,0x0,
0x64,0x0,0x69,0x0,0x74,0x0,0x0,0x0,
0x7,0x0,0x0,0x0,0x63,0x0,0x70,0x0,
0x5f,0x0,0x6d,0x0,0x65,0x0,0x6e,0x0,
0x75,0x0,0x0,0x0,0x0,0x0,0x0,0x0,
0x4,0x0,0x0,0x0,0x4d,0x0,0x65,0x0,
0x6e,0x0,0x75,0x0,0x0,0x0,0x0,0x0,
0x13,0x0,0x0,0x0,0x44,0x0,0x69,0x0,
0x61,0x0,0x6c,0x0,0x6f,0x0,0x67,0x0,
0x73,0x0,0x2e,0x0,0x43,0x0,0x6f,0x0,
0x6c,0x0,0x6f,0x0,0x72,0x0,0x44,0x0,
0x69,0x0,0x61,0x0,0x6c,0x0,0x6f,0x0,
0x67,0x0,0x0,0x0,0x0,0x0,0x0,0x0,
0xc,0x0,0x0,0x0,0x63,0x0,0x6f,0x0,
0x6c,0x0,0x6f,0x0,0x72,0x0,0x5f,0x0,
0x64,0x0,0x69,0x0,0x61,0x0,0x6c,0x0,
0x6f,0x0,0x67,0x0,0x0,0x0,0x0,0x0,
0x4,0x0,0x0,0x0,0x9,0x90,0xe9,0x62,
0x9c,0x98,0x72,0x82,0x0,0x0,0x0,0x0,
0x12,0x0,0x0,0x0,0x44,0x0,0x69,0x0,
0x61,0x0,0x6c,0x0,0x6f,0x0,0x67,0x0,
0x73,0x0,0x2e,0x0,0x46,0x0,0x6f,0x0,
0x6e,0x0,0x74,0x0,0x44,0x0,0x69,0x0,
0x61,0x0,0x6c,0x0,0x6f,0x0,0x67,0x0,
0x0,0x0,0x0,0x0,0x0,0x0,0x0,0x0,
0xb,0x0,0x0,0x0,0x66,0x0,0x6f,0x0,
0x6e,0x0,0x74,0x0,0x5f,0x0,0x64,0x0,
0x69,0x0,0x61,0x0,0x6c,0x0,0x6f,0x0,
0x67,0x0,0x0,0x0,0x0,0x0,0x0,0x0,
0x4,0x0,0x0,0x0,0x9,0x90,0xe9,0x62,
0x57,0x5b,0x53,0x4f,0x0,0x0,0x0,0x0,
0xb,0x0,0x0,0x0,0x66,0x0,0x69,0x0,
0x6c,0x0,0x65,0x0,0x5f,0x0,0x64,0x0,
0x69,0x0,0x61,0x0,0x6c,0x0,0x6f,0x0,
0x67,0x0,0x0,0x0,0x0,0x0,0x0,0x0,
0x13,0x0,0x0,0x0,0x64,0x0,0x69,0x0,
0x61,0x0,0x6c,0x0,0x6f,0x0,0x67,0x0,
0x5f,0x0,0x6f,0x0,0x62,0x0,0x6a,0x0,
0x43,0x0,0x6f,0x0,0x6e,0x0,0x74,0x0,
0x61,0x0,0x69,0x0,0x6e,0x0,0x65,0x0,
0x72,0x0,0x0,0x0,0x0,0x0,0x0,0x0,
0x6,0x0,0x0,0x0,0x70,0x0,0x61,0x0,
0x72,0x0,0x65,0x0,0x6e,0x0,0x74,0x0,
0x0,0x0,0x0,0x0,0x0,0x0,0x0,0x0,
0x15,0x0,0x0,0x0,0x65,0x0,0x78,0x0,
0x70,0x0,0x72,0x0,0x65,0x0,0x73,0x0,
0x73,0x0,0x69,0x0,0x6f,0x0,0x6e,0x0,
0x20,0x0,0x66,0x0,0x6f,0x0,0x72,0x0,
0x20,0x0,0x70,0x0,0x61,0x0,0x72,0x0,
0x65,0x0,0x6e,0x0,0x74,0x0,0x0,0x0,
0x6,0x0,0x0,0x0,0xd2,0x63,0x65,0x51,
0x1a,0x95,0x9a,0x5b,0x43,0x51,0x20,0x7d,
0x0,0x0,0x0,0x0,0x0,0x0,0x0,0x0,
0xc,0x0,0x0,0x0,0x4f,0x0,0x62,0x0,
0x6a,0x0,0x43,0x0,0x6f,0x0,0x6e,0x0,
0x74,0x0,0x61,0x0,0x69,0x0,0x6e,0x0,
0x65,0x0,0x72,0x0,0x0,0x0,0x0,0x0,
0x15,0x0,0x0,0x0,0x44,0x0,0x69,0x0,
0x61,0x0,0x6c,0x0,0x6f,0x0,0x67,0x0,
0x73,0x0,0x2e,0x0,0x4d,0x0,0x65,0x0,
0x73,0x0,0x73,0x0,0x61,0x0,0x67,0x0,
0x65,0x0,0x44,0x0,0x69,0x0,0x61,0x0,
0x6c,0x0,0x6f,0x0,0x67,0x0,0x0,0x0,
0x9,0x0,0x0,0x0,0x6d,0x0,0x73,0x0,
0x67,0x0,0x44,0x0,0x69,0x0,0x61,0x0,
0x6c,0x0,0x6f,0x0,0x67,0x0,0x0,0x0,
0xa,0x0,0x0,0x0,0x6d,0x0,0x65,0x0,
0x73,0x0,0x73,0x0,0x61,0x0,0x67,0x0,
0x65,0x0,0x42,0x0,0x6f,0x0,0x78,0x0,
0x0,0x0,0x0,0x0,0x0,0x0,0x0,0x0,
0x4,0x0,0x0,0x0,0x74,0x0,0x65,0x0,
0x78,0x0,0x74,0x0,0x0,0x0,0x0,0x0,
0x15,0x0,0x0,0x0,0x75,0x0,0x70,0x0,
0x64,0x0,0x61,0x0,0x74,0x0,0x65,0x0,
0x4f,0x0,0x62,0x0,0x6a,0x0,0x50,0x0,
0x72,0x0,0x6f,0x0,0x70,0x0,0x65,0x0,
0x72,0x0,0x74,0x0,0x79,0x0,0x50,0x0,
0x61,0x0,0x6e,0x0,0x65,0x0,0x0,0x0,
0x3,0x0,0x0,0x0,0x6f,0x0,0x62,0x0,
0x6a,0x0,0x0,0x0,0x0,0x0,0x0,0x0,
0xf,0x0,0x0,0x0,0x73,0x0,0x65,0x0,
0x74,0x0,0x50,0x0,0x72,0x0,0x6f,0x0,
0x70,0x0,0x65,0x0,0x72,0x0,0x74,0x0,
0x79,0x0,0x50,0x0,0x61,0x0,0x6e,0x0,
0x65,0x0,0x0,0x0,0x0,0x0,0x0,0x0,
0xf,0x0,0x0,0x0,0x73,0x0,0x6f,0x0,
0x75,0x0,0x72,0x0,0x63,0x0,0x65,0x0,
0x43,0x0,0x6f,0x0,0x6d,0x0,0x70,0x0,
0x6f,0x0,0x6e,0x0,0x65,0x0,0x6e,0x0,
0x74,0x0,0x0,0x0,0x0,0x0,0x0,0x0,
0x9,0x0,0x0,0x0,0x66,0x0,0x69,0x0,
0x6c,0x0,0x6c,0x0,0x5f,0x0,0x72,0x0,
0x65,0x0,0x63,0x0,0x74,0x0,0x0,0x0,
0x4,0x0,0x0,0x0,0x66,0x0,0x69,0x0,
0x6c,0x0,0x6c,0x0,0x0,0x0,0x0,0x0,
0x13,0x0,0x0,0x0,0x65,0x0,0x78,0x0,
0x70,0x0,0x72,0x0,0x65,0x0,0x73,0x0,
0x73,0x0,0x69,0x0,0x6f,0x0,0x6e,0x0,
0x20,0x0,0x66,0x0,0x6f,0x0,0x72,0x0,
0x20,0x0,0x66,0x0,0x69,0x0,0x6c,0x0,
0x6c,0x0,0x0,0x0,0x0,0x0,0x0,0x0,
0xa,0x0,0x0,0x0,0x6c,0x0,0x65,0x0,
0x66,0x0,0x74,0x0,0x4d,0x0,0x61,0x0,
0x72,0x0,0x67,0x0,0x69,0x0,0x6e,0x0,
0x0,0x0,0x0,0x0,0x0,0x0,0x0,0x0,
0x19,0x0,0x0,0x0,0x65,0x0,0x78,0x0,
0x70,0x0,0x72,0x0,0x65,0x0,0x73,0x0,
0x73,0x0,0x69,0x0,0x6f,0x0,0x6e,0x0,
0x20,0x0,0x66,0x0,0x6f,0x0,0x72,0x0,
0x20,0x0,0x6c,0x0,0x65,0x0,0x66,0x0,
0x74,0x0,0x4d,0x0,0x61,0x0,0x72,0x0,
0x67,0x0,0x69,0x0,0x6e,0x0,0x0,0x0,
0xb,0x0,0x0,0x0,0x72,0x0,0x69,0x0,
0x67,0x0,0x68,0x0,0x74,0x0,0x4d,0x0,
0x61,0x0,0x72,0x0,0x67,0x0,0x69,0x0,
0x6e,0x0,0x0,0x0,0x0,0x0,0x0,0x0,
0x1a,0x0,0x0,0x0,0x65,0x0,0x78,0x0,
0x70,0x0,0x72,0x0,0x65,0x0,0x73,0x0,
0x73,0x0,0x69,0x0,0x6f,0x0,0x6e,0x0,
0x20,0x0,0x66,0x0,0x6f,0x0,0x72,0x0,
0x20,0x0,0x72,0x0,0x69,0x0,0x67,0x0,
0x68,0x0,0x74,0x0,0x4d,0x0,0x61,0x0,
0x72,0x0,0x67,0x0,0x69,0x0,0x6e,0x0,
0x0,0x0,0x0,0x0,0x0,0x0,0x0,0x0,
0x9,0x0,0x0,0x0,0x74,0x0,0x6f,0x0,
0x70,0x0,0x4d,0x0,0x61,0x0,0x72,0x0,
0x67,0x0,0x69,0x0,0x6e,0x0,0x0,0x0,
0x18,0x0,0x0,0x0,0x65,0x0,0x78,0x0,
0x70,0x0,0x72,0x0,0x65,0x0,0x73,0x0,
0x73,0x0,0x69,0x0,0x6f,0x0,0x6e,0x0,
0x20,0x0,0x66,0x0,0x6f,0x0,0x72,0x0,
0x20,0x0,0x74,0x0,0x6f,0x0,0x70,0x0,
0x4d,0x0,0x61,0x0,0x72,0x0,0x67,0x0,
0x69,0x0,0x6e,0x0,0x0,0x0,0x0,0x0,
0xc,0x0,0x0,0x0,0x62,0x0,0x6f,0x0,
0x74,0x0,0x74,0x0,0x6f,0x0,0x6d,0x0,
0x4d,0x0,0x61,0x0,0x72,0x0,0x67,0x0,
0x69,0x0,0x6e,0x0,0x0,0x0,0x0,0x0,
0x1b,0x0,0x0,0x0,0x65,0x0,0x78,0x0,
0x70,0x0,0x72,0x0,0x65,0x0,0x73,0x0,
0x73,0x0,0x69,0x0,0x6f,0x0,0x6e,0x0,
0x20,0x0,0x66,0x0,0x6f,0x0,0x72,0x0,
0x20,0x0,0x62,0x0,0x6f,0x0,0x74,0x0,
0x74,0x0,0x6f,0x0,0x6d,0x0,0x4d,0x0,
0x61,0x0,0x72,0x0,0x67,0x0,0x69,0x0,
0x6e,0x0,0x0,0x0,0x0,0x0,0x0,0x0,
0x14,0x0,0x0,0x0,0x65,0x0,0x78,0x0,
0x70,0x0,0x72,0x0,0x65,0x0,0x73,0x0,
0x73,0x0,0x69,0x0,0x6f,0x0,0x6e,0x0,
0x20,0x0,0x66,0x0,0x6f,0x0,0x72,0x0,
0x20,0x0,0x63,0x0,0x6f,0x0,0x6c,0x0,
0x6f,0x0,0x72,0x0,0x0,0x0,0x0,0x0,
0x4,0x0,0x0,0x0,0x76,0x0,0x69,0x0,
0x65,0x0,0x77,0x0,0x0,0x0,0x0,0x0,
0x1,0x0,0x0,0x0,0x79,0x0,0x0,0x0,
0x7,0x0,0x0,0x0,0x73,0x0,0x70,0x0,
0x61,0x0,0x63,0x0,0x69,0x0,0x6e,0x0,
0x67,0x0,0x0,0x0,0x0,0x0,0x0,0x0,
0x9,0x0,0x0,0x0,0x53,0x0,0x70,0x0,
0x6c,0x0,0x69,0x0,0x74,0x0,0x56,0x0,
0x69,0x0,0x65,0x0,0x77,0x0,0x0,0x0,
0xd,0x0,0x0,0x0,0x74,0x0,0x6f,0x0,
0x74,0x0,0x61,0x0,0x6c,0x0,0x5f,0x0,
0x6d,0x0,0x65,0x0,0x6e,0x0,0x75,0x0,
0x42,0x0,0x61,0x0,0x72,0x0,0x0,0x0,
0x9,0x0,0x0,0x0,0x66,0x0,0x69,0x0,
0x6c,0x0,0x6c,0x0,0x57,0x0,0x69,0x0,
0x64,0x0,0x74,0x0,0x68,0x0,0x0,0x0,
0x8,0x0,0x0,0x0,0x6c,0x0,0x65,0x0,
0x66,0x0,0x74,0x0,0x52,0x0,0x65,0x0,
0x63,0x0,0x74,0x0,0x0,0x0,0x0,0x0,
0xa,0x0,0x0,0x0,0x66,0x0,0x69,0x0,
0x6c,0x0,0x6c,0x0,0x48,0x0,0x65,0x0,
0x69,0x0,0x67,0x0,0x68,0x0,0x74,0x0,
0x0,0x0,0x0,0x0,0x0,0x0,0x0,0x0,
0xe,0x0,0x0,0x0,0x6f,0x0,0x6e,0x0,
0x57,0x0,0x69,0x0,0x64,0x0,0x74,0x0,
0x68,0x0,0x43,0x0,0x68,0x0,0x61,0x0,
0x6e,0x0,0x67,0x0,0x65,0x0,0x64,0x0,
0x0,0x0,0x0,0x0,0x0,0x0,0x0,0x0,
0x1d,0x0,0x0,0x0,0x65,0x0,0x78,0x0,
0x70,0x0,0x72,0x0,0x65,0x0,0x73,0x0,
0x73,0x0,0x69,0x0,0x6f,0x0,0x6e,0x0,
0x20,0x0,0x66,0x0,0x6f,0x0,0x72,0x0,
0x20,0x0,0x6f,0x0,0x6e,0x0,0x57,0x0,
0x69,0x0,0x64,0x0,0x74,0x0,0x68,0x0,
0x43,0x0,0x68,0x0,0x61,0x0,0x6e,0x0,
0x67,0x0,0x65,0x0,0x64,0x0,0x0,0x0,
0x9,0x0,0x0,0x0,0x52,0x0,0x6f,0x0,
0x77,0x0,0x4c,0x0,0x61,0x0,0x79,0x0,
0x6f,0x0,0x75,0x0,0x74,0x0,0x0,0x0,
0x7,0x0,0x0,0x0,0x4d,0x0,0x65,0x0,
0x6e,0x0,0x75,0x0,0x42,0x0,0x61,0x0,
0x72,0x0,0x0,0x0,0x0,0x0,0x0,0x0,
0x7,0x0,0x0,0x0,0x6d,0x0,0x65,0x0,
0x6e,0x0,0x75,0x0,0x42,0x0,0x61,0x0,
0x72,0x0,0x0,0x0,0x0,0x0,0x0,0x0,
0x6,0x0,0x0,0x0,0x87,0x65,0xf6,0x4e,
0x28,0x0,0x26,0x0,0x46,0x0,0x29,0x0,
0x0,0x0,0x0,0x0,0x0,0x0,0x0,0x0,
0x6,0x0,0x0,0x0,0x41,0x0,0x63,0x0,
0x74,0x0,0x69,0x0,0x6f,0x0,0x6e,0x0,
0x0,0x0,0x0,0x0,0x0,0x0,0x0,0x0,
0x15,0x0,0x0,0x0,0xb0,0x65,0xfa,0x5e,
0x28,0x0,0x26,0x0,0x4e,0x0,0x29,0x0,
0x20,0x0,0x20,0x0,0x20,0x0,0x20,0x0,
0x20,0x0,0x20,0x0,0x20,0x0,0x20,0x0,
0x20,0x0,0x43,0x0,0x74,0x0,0x72,0x0,
0x6c,0x0,0x2b,0x0,0x4e,0x0,0x0,0x0,
0x8,0x0,0x0,0x0,0x73,0x0,0x68,0x0,
0x6f,0x0,0x72,0x0,0x74,0x0,0x63,0x0,
0x75,0x0,0x74,0x0,0x0,0x0,0x0,0x0,
0x6,0x0,0x0,0x0,0x43,0x0,0x74,0x0,
0x72,0x0,0x6c,0x0,0x2b,0x0,0x4e,0x0,
0x0,0x0,0x0,0x0,0x0,0x0,0x0,0x0,
0x15,0x0,0x0,0x0,0x53,0x62,0x0,0x5f,
0x28,0x0,0x26,0x0,0x4f,0x0,0x29,0x0,
0x20,0x0,0x20,0x0,0x20,0x0,0x20,0x0,
0x20,0x0,0x20,0x0,0x20,0x0,0x20,0x0,
0x20,0x0,0x43,0x0,0x74,0x0,0x72,0x0,
0x6c,0x0,0x2b,0x0,0x4f,0x0,0x0,0x0,
0x6,0x0,0x0,0x0,0x43,0x0,0x74,0x0,
0x72,0x0,0x6c,0x0,0x2b,0x0,0x4f,0x0,
0x0,0x0,0x0,0x0,0x0,0x0,0x0,0x0,
0xb,0x0,0x0,0x0,0x6f,0x0,0x6e,0x0,
0x54,0x0,0x72,0x0,0x69,0x0,0x67,0x0,
0x67,0x0,0x65,0x0,0x72,0x0,0x65,0x0,
0x64,0x0,0x0,0x0,0x0,0x0,0x0,0x0,
0x1a,0x0,0x0,0x0,0x65,0x0,0x78,0x0,
0x70,0x0,0x72,0x0,0x65,0x0,0x73,0x0,
0x73,0x0,0x69,0x0,0x6f,0x0,0x6e,0x0,
0x20,0x0,0x66,0x0,0x6f,0x0,0x72,0x0,
0x20,0x0,0x6f,0x0,0x6e,0x0,0x54,0x0,
0x72,0x0,0x69,0x0,0x67,0x0,0x67,0x0,
0x65,0x0,0x72,0x0,0x65,0x0,0x64,0x0,
0x0,0x0,0x0,0x0,0x0,0x0,0x0,0x0,
0x16,0x0,0x0,0x0,0xdd,0x4f,0x58,0x5b,
0x28,0x0,0x26,0x0,0x53,0x0,0x29,0x0,
0x20,0x0,0x20,0x0,0x20,0x0,0x20,0x0,
0x20,0x0,0x20,0x0,0x20,0x0,0x20,0x0,
0x20,0x0,0x20,0x0,0x43,0x0,0x74,0x0,
0x72,0x0,0x6c,0x0,0x2b,0x0,0x53,0x0,
0x0,0x0,0x0,0x0,0x0,0x0,0x0,0x0,
0x6,0x0,0x0,0x0,0x43,0x0,0x74,0x0,
0x72,0x0,0x6c,0x0,0x2b,0x0,0x53,0x0,
0x0,0x0,0x0,0x0,0x0,0x0,0x0,0x0,
0xa,0x0,0x0,0x0,0x93,0x8f,0xfa,0x51,
0x3a,0x4e,0x50,0x0,0x44,0x0,0x46,0x0,
0x28,0x0,0x26,0x0,0x54,0x0,0x29,0x0,
0x0,0x0,0x0,0x0,0x0,0x0,0x0,0x0,
0xa,0x0,0x0,0x0,0x96,0x99,0x9,0x90,
0x79,0x98,0x2e,0x0,0x2e,0x0,0x2e,0x0,
0x28,0x0,0x26,0x0,0x50,0x0,0x29,0x0,
0x0,0x0,0x0,0x0,0x0,0x0,0x0,0x0,
0xd,0x0,0x0,0x0,0x4d,0x0,0x65,0x0,
0x6e,0x0,0x75,0x0,0x53,0x0,0x65,0x0,
0x70,0x0,0x61,0x0,0x72,0x0,0x61,0x0,
0x74,0x0,0x6f,0x0,0x72,0x0,0x0,0x0,
0x17,0x0,0x0,0x0,0x0,0x90,0xfa,0x51,
0x28,0x0,0x26,0x0,0x45,0x0,0x29,0x0,
0x20,0x0,0x20,0x0,0x20,0x0,0x20,0x0,
0x20,0x0,0x20,0x0,0x20,0x0,0x20,0x0,
0x20,0x0,0x43,0x0,0x74,0x0,0x72,0x0,
0x6c,0x0,0x2b,0x0,0x45,0x0,0x53,0x0,
0x43,0x0,0x0,0x0,0x0,0x0,0x0,0x0,
0x8,0x0,0x0,0x0,0x43,0x0,0x74,0x0,
0x72,0x0,0x6c,0x0,0x2b,0x0,0x45,0x0,
0x73,0x0,0x63,0x0,0x0,0x0,0x0,0x0,
0x6,0x0,0x0,0x0,0x16,0x7f,0x91,0x8f,
0x28,0x0,0x26,0x0,0x45,0x0,0x29,0x0,
0x0,0x0,0x0,0x0,0x0,0x0,0x0,0x0,
0x18,0x0,0x0,0x0,0xa4,0x64,0x0,0x95,
0x28,0x0,0x26,0x0,0x5a,0x0,0x29,0x0,
0x20,0x0,0x20,0x0,0x20,0x0,0x20,0x0,
0x20,0x0,0x20,0x0,0x20,0x0,0x20,0x0,
0x20,0x0,0x20,0x0,0x20,0x0,0x20,0x0,
0x43,0x0,0x74,0x0,0x72,0x0,0x6c,0x0,
0x2b,0x0,0x5a,0x0,0x0,0x0,0x0,0x0,
0x6,0x0,0x0,0x0,0x43,0x0,0x74,0x0,
0x72,0x0,0x6c,0x0,0x2b,0x0,0x5a,0x0,
0x0,0x0,0x0,0x0,0x0,0x0,0x0,0x0,
0x18,0x0,0x0,0x0,0xcd,0x91,0x5a,0x50,
0x28,0x0,0x26,0x0,0x59,0x0,0x29,0x0,
0x20,0x0,0x20,0x0,0x20,0x0,0x20,0x0,
0x20,0x0,0x20,0x0,0x20,0x0,0x20,0x0,
0x20,0x0,0x20,0x0,0x20,0x0,0x20,0x0,
0x43,0x0,0x74,0x0,0x72,0x0,0x6c,0x0,
0x2b,0x0,0x59,0x0,0x0,0x0,0x0,0x0,
0x6,0x0,0x0,0x0,0x43,0x0,0x74,0x0,
0x72,0x0,0x6c,0x0,0x2b,0x0,0x59,0x0,
0x0,0x0,0x0,0x0,0x0,0x0,0x0,0x0,
0x13,0x0,0x0,0x0,0xe5,0x67,0x7e,0x62,
0x2f,0x0,0xff,0x66,0x62,0x63,0x28,0x0,
0x26,0x0,0x46,0x0,0x29,0x0,0x20,0x0,
0x20,0x0,0x20,0x0,0x20,0x0,0x43,0x0,
0x74,0x0,0x72,0x0,0x6c,0x0,0x2b,0x0,
0x46,0x0,0x0,0x0,0x0,0x0,0x0,0x0,
0x6,0x0,0x0,0x0,0x43,0x0,0x74,0x0,
0x72,0x0,0x6c,0x0,0x2b,0x0,0x46,0x0,
0x0,0x0,0x0,0x0,0x0,0x0,0x0,0x0,
0xc,0x0,0x0,0x0,0x16,0x7f,0x91,0x8f,
0x68,0x56,0xbe,0x8b,0x6e,0x7f,0x2e,0x0,
0x2e,0x0,0x2e,0x0,0x28,0x0,0x26,0x0,
0x53,0x0,0x29,0x0,0x0,0x0,0x0,0x0,
0x6,0x0,0x0,0x0,0xd2,0x63,0x65,0x51,
0x28,0x0,0x26,0x0,0x49,0x0,0x29,0x0,
0x0,0x0,0x0,0x0,0x0,0x0,0x0,0x0,
0x14,0x0,0x0,0x0,0x1a,0x95,0x9a,0x5b,
0x43,0x51,0x20,0x7d,0x28,0x0,0x26,0x0,
0x41,0x0,0x6e,0x0,0x63,0x0,0x68,0x0,
0x6f,0x0,0x72,0x0,0x45,0x0,0x6c,0x0,
0x65,0x0,0x6d,0x0,0x65,0x0,0x6e,0x0,
0x74,0x0,0x29,0x0,0x0,0x0,0x0,0x0,
0x8,0x0,0x0,0x0,0x4d,0x0,0x65,0x0,
0x6e,0x0,0x75,0x0,0x49,0x0,0x74,0x0,
0x65,0x0,0x6d,0x0,0x0,0x0,0x0,0x0,
0xe,0x0,0x0,0x0,0x41,0x6d,0x87,0x65,
0x2c,0x67,0x28,0x0,0x26,0x0,0x54,0x0,
0x65,0x0,0x78,0x0,0x74,0x0,0x45,0x0,
0x64,0x0,0x69,0x0,0x74,0x0,0x29,0x0,
0x0,0x0,0x0,0x0,0x0,0x0,0x0,0x0,
0x11,0x0,0x0,0x0,0x60,0x53,0x4d,0x4f,
0x87,0x65,0x2c,0x67,0x28,0x0,0x50,0x0,
0x48,0x0,0x2d,0x0,0x54,0x0,0x65,0x0,
0x78,0x0,0x74,0x0,0x45,0x0,0x64,0x0,
0x69,0x0,0x74,0x0,0x29,0x0,0x0,0x0,
0x11,0x0,0x0,0x0,0x68,0x0,0x74,0x0,
0x6d,0x0,0x6c,0x0,0x46,0x68,0x28,0x0,
0x26,0x0,0x48,0x0,0x74,0x0,0x6d,0x0,
0x6c,0x0,0x2d,0x0,0x45,0x0,0x64,0x0,
0x69,0x0,0x74,0x0,0x29,0x0,0x0,0x0,
0xe,0x0,0x0,0x0,0x41,0x6d,0xe9,0x77,
0x62,0x5f,0x28,0x0,0x26,0x0,0x46,0x0,
0x6c,0x0,0x6f,0x0,0x77,0x0,0x52,0x0,
0x65,0x0,0x63,0x0,0x74,0x0,0x29,0x0,
0x0,0x0,0x0,0x0,0x0,0x0,0x0,0x0,
0xd,0x0,0x0,0x0,0x60,0x53,0x4d,0x4f,
0xe9,0x77,0x62,0x5f,0x28,0x0,0x50,0x0,
0x48,0x0,0x2d,0x0,0x52,0x0,0x65,0x0,
0x63,0x0,0x74,0x0,0x29,0x0,0x0,0x0,
0xc,0x0,0x0,0x0,0x60,0x53,0x4d,0x4f,
0x62,0x63,0x4c,0x88,0x28,0x0,0x26,0x0,
0x42,0x0,0x72,0x0,0x65,0x0,0x61,0x0,
0x6b,0x0,0x29,0x0,0x0,0x0,0x0,0x0,
0xa,0x0,0x0,0x0,0x62,0x5f,0xb6,0x72,
0x28,0x0,0x26,0x0,0x53,0x0,0x68,0x0,
0x61,0x0,0x70,0x0,0x65,0x0,0x29,0x0,
0x0,0x0,0x0,0x0,0x0,0x0,0x0,0x0,
0x9,0x0,0x0,0x0,0xe9,0x77,0x62,0x5f,
0x28,0x0,0x26,0x0,0x52,0x0,0x65,0x0,
0x63,0x0,0x74,0x0,0x29,0x0,0x0,0x0,
0xb,0x0,0x0,0x0,0x6,0x57,0x62,0x5f,
0x28,0x0,0x26,0x0,0x43,0x0,0x69,0x0,
0x72,0x0,0x63,0x0,0x6c,0x0,0x65,0x0,
0x29,0x0,0x0,0x0,0x0,0x0,0x0,0x0,
0xe,0x0,0x0,0x0,0x9,0x4e,0xd2,0x89,
0x62,0x5f,0x28,0x0,0x26,0x0,0x54,0x0,
0x72,0x0,0x69,0x0,0x61,0x0,0x6e,0x0,
0x67,0x0,0x6c,0x0,0x65,0x0,0x29,0x0,
0x0,0x0,0x0,0x0,0x0,0x0,0x0,0x0,
0xa,0x0,0x0,0x0,0xfe,0x56,0x47,0x72,
0x28,0x0,0x26,0x0,0x49,0x0,0x6d,0x0,
0x61,0x0,0x67,0x0,0x65,0x0,0x29,0x0,
0x0,0x0,0x0,0x0,0x0,0x0,0x0,0x0,
0xe,0x0,0x0,0x0,0x82,0x57,0xf4,0x76,
0x7,0x68,0xbf,0x7e,0x28,0x0,0x26,0x0,
0x56,0x0,0x65,0x0,0x72,0x0,0x4c,0x0,
0x69,0x0,0x6e,0x0,0x65,0x0,0x29,0x0,
0x0,0x0,0x0,0x0,0x0,0x0,0x0,0x0,
0xd,0x0,0x0,0x0,0x34,0x6c,0x73,0x5e,
0x7,0x68,0xbf,0x7e,0x28,0x0,0x48,0x0,
0x6f,0x0,0x72,0x0,0x4c,0x0,0x69,0x0,
0x6e,0x0,0x65,0x0,0x29,0x0,0x0,0x0,
0x12,0x0,0x0,0x0,0xea,0x81,0x31,0x75,
0x43,0x51,0x20,0x7d,0x28,0x0,0x26,0x0,
0x46,0x0,0x72,0x0,0x65,0x0,0x65,0x0,
0x45,0x0,0x6c,0x0,0x65,0x0,0x6d,0x0,
0x65,0x0,0x6e,0x0,0x74,0x0,0x29,0x0,
0x0,0x0,0x0,0x0,0x0,0x0,0x0,0x0,
0xe,0x0,0x0,0x0,0x87,0x65,0x2c,0x67,
0x46,0x68,0x28,0x0,0x26,0x0,0x54,0x0,
0x65,0x0,0x78,0x0,0x74,0x0,0x45,0x0,
0x64,0x0,0x69,0x0,0x74,0x0,0x29,0x0,
0x0,0x0,0x0,0x0,0x0,0x0,0x0,0x0,
0x6,0x0,0x0,0x0,0x2e,0x5e,0xa9,0x52,
0x28,0x0,0x26,0x0,0x48,0x0,0x29,0x0,
0x0,0x0,0x0,0x0,0x0,0x0,0x0,0x0,
0x9,0x0,0x0,0x0,0x73,0x51,0x8e,0x4e,
0x2e,0x0,0x2e,0x0,0x2e,0x0,0x28,0x0,
0x26,0x0,0x41,0x0,0x29,0x0,0x0,0x0,
0x9,0x0,0x0,0x0,0x61,0x0,0x6c,0x0,
0x69,0x0,0x67,0x0,0x6e,0x0,0x6d,0x0,
0x65,0x0,0x6e,0x0,0x74,0x0,0x0,0x0,
0x18,0x0,0x0,0x0,0x65,0x0,0x78,0x0,
0x70,0x0,0x72,0x0,0x65,0x0,0x73,0x0,
0x73,0x0,0x69,0x0,0x6f,0x0,0x6e,0x0,
0x20,0x0,0x66,0x0,0x6f,0x0,0x72,0x0,
0x20,0x0,0x61,0x0,0x6c,0x0,0x69,0x0,
0x67,0x0,0x6e,0x0,0x6d,0x0,0x65,0x0,
0x6e,0x0,0x74,0x0,0x0,0x0,0x0,0x0,
0xa,0x0,0x0,0x0,0x54,0x0,0x6f,0x0,
0x6f,0x0,0x6c,0x0,0x42,0x0,0x75,0x0,
0x74,0x0,0x74,0x0,0x6f,0x0,0x6e,0x0,
0x0,0x0,0x0,0x0,0x0,0x0,0x0,0x0,
0x4,0x0,0x0,0x0,0x69,0x0,0x63,0x0,
0x6f,0x0,0x6e,0x0,0x0,0x0,0x0,0x0,
0x6,0x0,0x0,0x0,0x73,0x0,0x6f,0x0,
0x75,0x0,0x72,0x0,0x63,0x0,0x65,0x0,
0x0,0x0,0x0,0x0,0x0,0x0,0x0,0x0,
0x18,0x0,0x0,0x0,0x71,0x0,0x72,0x0,
0x63,0x0,0x3a,0x0,0x2f,0x0,0x69,0x0,
0x6d,0x0,0x61,0x0,0x67,0x0,0x65,0x0,
0x2f,0x0,0x69,0x0,0x63,0x0,0x6f,0x0,
0x6e,0x0,0x5f,0x0,0x73,0x0,0x61,0x0,
0x76,0x0,0x65,0x0,0x2e,0x0,0x70,0x0,
0x6e,0x0,0x67,0x0,0x0,0x0,0x0,0x0,
0xb,0x0,0x0,0x0,0x74,0x0,0x72,0x0,
0x61,0x0,0x6e,0x0,0x73,0x0,0x70,0x0,
0x61,0x0,0x72,0x0,0x65,0x0,0x6e,0x0,
0x74,0x0,0x0,0x0,0x0,0x0,0x0,0x0,
0x18,0x0,0x0,0x0,0x71,0x0,0x72,0x0,
0x63,0x0,0x3a,0x0,0x2f,0x0,0x69,0x0,
0x6d,0x0,0x61,0x0,0x67,0x0,0x65,0x0,
0x2f,0x0,0x69,0x0,0x63,0x0,0x6f,0x0,
0x6e,0x0,0x5f,0x0,0x75,0x0,0x6e,0x0,
0x64,0x0,0x6f,0x0,0x2e,0x0,0x70,0x0,
0x6e,0x0,0x67,0x0,0x0,0x0,0x0,0x0,
0x9,0x0,0x0,0x0,0x6f,0x0,0x6e,0x0,
0x43,0x0,0x6c,0x0,0x69,0x0,0x63,0x0,
0x6b,0x0,0x65,0x0,0x64,0x0,0x0,0x0,
0x18,0x0,0x0,0x0,0x65,0x0,0x78,0x0,
0x70,0x0,0x72,0x0,0x65,0x0,0x73,0x0,
0x73,0x0,0x69,0x0,0x6f,0x0,0x6e,0x0,
0x20,0x0,0x66,0x0,0x6f,0x0,0x72,0x0,
0x20,0x0,0x6f,0x0,0x6e,0x0,0x43,0x0,
0x6c,0x0,0x69,0x0,0x63,0x0,0x6b,0x0,
0x65,0x0,0x64,0x0,0x0,0x0,0x0,0x0,
0x18,0x0,0x0,0x0,0x71,0x0,0x72,0x0,
0x63,0x0,0x3a,0x0,0x2f,0x0,0x69,0x0,
0x6d,0x0,0x61,0x0,0x67,0x0,0x65,0x0,
0x2f,0x0,0x69,0x0,0x63,0x0,0x6f,0x0,
0x6e,0x0,0x5f,0x0,0x72,0x0,0x65,0x0,
0x64,0x0,0x6f,0x0,0x2e,0x0,0x70,0x0,
0x6e,0x0,0x67,0x0,0x0,0x0,0x0,0x0,
0x6,0x0,0x0,0x0,0x54,0x0,0x61,0x0,
0x62,0x0,0x42,0x0,0x61,0x0,0x72,0x0,
0x0,0x0,0x0,0x0,0x0,0x0,0x0,0x0,
0x6,0x0,0x0,0x0,0x74,0x0,0x61,0x0,
0x62,0x0,0x42,0x0,0x61,0x0,0x72,0x0,
0x0,0x0,0x0,0x0,0x0,0x0,0x0,0x0,
0xc,0x0,0x0,0x0,0x6d,0x0,0x61,0x0,
0x78,0x0,0x69,0x0,0x6d,0x0,0x75,0x0,
0x6d,0x0,0x57,0x0,0x69,0x0,0x64,0x0,
0x74,0x0,0x68,0x0,0x0,0x0,0x0,0x0,
0x15,0x0,0x0,0x0,0x65,0x0,0x78,0x0,
0x70,0x0,0x72,0x0,0x65,0x0,0x73,0x0,
0x73,0x0,0x69,0x0,0x6f,0x0,0x6e,0x0,
0x20,0x0,0x66,0x0,0x6f,0x0,0x72,0x0,
0x20,0x0,0x61,0x0,0x63,0x0,0x63,0x0,
0x65,0x0,0x6e,0x0,0x74,0x0,0x0,0x0,
0x9,0x0,0x0,0x0,0x54,0x0,0x61,0x0,
0x62,0x0,0x42,0x0,0x75,0x0,0x74,0x0,
0x74,0x0,0x6f,0x0,0x6e,0x0,0x0,0x0,
0x2,0x0,0x0,0x0,0x0,0x5f,0xcb,0x59,
0x0,0x0,0x0,0x0,0x0,0x0,0x0,0x0,
0xb,0x0,0x0,0x0,0x6c,0x0,0x65,0x0,
0x66,0x0,0x74,0x0,0x50,0x0,0x61,0x0,
0x64,0x0,0x64,0x0,0x69,0x0,0x6e,0x0,
0x67,0x0,0x0,0x0,0x0,0x0,0x0,0x0,
0xc,0x0,0x0,0x0,0x72,0x0,0x69,0x0,
0x67,0x0,0x68,0x0,0x74,0x0,0x50,0x0,
0x61,0x0,0x64,0x0,0x64,0x0,0x69,0x0,
0x6e,0x0,0x67,0x0,0x0,0x0,0x0,0x0,
0x2,0x0,0x0,0x0,0xd2,0x63,0x65,0x51,
0x0,0x0,0x0,0x0,0x0,0x0,0x0,0x0,
0x2,0x0,0x0,0x0,0x75,0x98,0x62,0x97,
0x0,0x0,0x0,0x0,0x0,0x0,0x0,0x0,
0x2,0x0,0x0,0x0,0xc6,0x89,0xfe,0x56,
0x0,0x0,0x0,0x0,0x0,0x0,0x0,0x0,
0x2,0x0,0x0,0x0,0xe5,0x5d,0x77,0x51,
0x0,0x0,0x0,0x0,0x0,0x0,0x0,0x0,
0x5,0x0,0x0,0x0,0x6c,0x0,0x61,0x0,
0x79,0x0,0x65,0x0,0x72,0x0,0x0,0x0,
0x7,0x0,0x0,0x0,0x65,0x0,0x6e,0x0,
0x61,0x0,0x62,0x0,0x6c,0x0,0x65,0x0,
0x64,0x0,0x0,0x0,0x0,0x0,0x0,0x0,
0xa,0x0,0x0,0x0,0x44,0x0,0x72,0x0,
0x6f,0x0,0x70,0x0,0x53,0x0,0x68,0x0,
0x61,0x0,0x64,0x0,0x6f,0x0,0x77,0x0,
0x0,0x0,0x0,0x0,0x0,0x0,0x0,0x0,
0x9,0x0,0x0,0x0,0x23,0x0,0x35,0x0,
0x30,0x0,0x30,0x0,0x30,0x0,0x30,0x0,
0x30,0x0,0x30,0x0,0x30,0x0,0x0,0x0,
0x6,0x0,0x0,0x0,0x65,0x0,0x66,0x0,
0x66,0x0,0x65,0x0,0x63,0x0,0x74,0x0,
0x0,0x0,0x0,0x0,0x0,0x0,0x0,0x0,
0xb,0x0,0x0,0x0,0x53,0x0,0x74,0x0,
0x61,0x0,0x63,0x0,0x6b,0x0,0x4c,0x0,
0x61,0x0,0x79,0x0,0x6f,0x0,0x75,0x0,
0x74,0x0,0x0,0x0,0x0,0x0,0x0,0x0,
0xa,0x0,0x0,0x0,0x74,0x0,0x6f,0x0,
0x6f,0x0,0x6c,0x0,0x42,0x0,0x61,0x0,
0x72,0x0,0x5f,0x0,0x32,0x0,0x6c,0x0,
0x0,0x0,0x0,0x0,0x0,0x0,0x0,0x0,
0xc,0x0,0x0,0x0,0x63,0x0,0x75,0x0,
0x72,0x0,0x72,0x0,0x65,0x0,0x6e,0x0,
0x74,0x0,0x49,0x0,0x6e,0x0,0x64,0x0,
0x65,0x0,0x78,0x0,0x0,0x0,0x0,0x0,
0x1b,0x0,0x0,0x0,0x65,0x0,0x78,0x0,
0x70,0x0,0x72,0x0,0x65,0x0,0x73,0x0,
0x73,0x0,0x69,0x0,0x6f,0x0,0x6e,0x0,
0x20,0x0,0x66,0x0,0x6f,0x0,0x72,0x0,
0x20,0x0,0x63,0x0,0x75,0x0,0x72,0x0,
0x72,0x0,0x65,0x0,0x6e,0x0,0x74,0x0,
0x49,0x0,0x6e,0x0,0x64,0x0,0x65,0x0,
0x78,0x0,0x0,0x0,0x0,0x0,0x0,0x0,
0xf,0x0,0x0,0x0,0x64,0x0,0x79,0x0,
0x6e,0x0,0x61,0x0,0x6d,0x0,0x69,0x0,
0x63,0x0,0x5f,0x0,0x73,0x0,0x70,0x0,
0x61,0x0,0x63,0x0,0x69,0x0,0x6e,0x0,
0x67,0x0,0x0,0x0,0x0,0x0,0x0,0x0,
0x1e,0x0,0x0,0x0,0x65,0x0,0x78,0x0,
0x70,0x0,0x72,0x0,0x65,0x0,0x73,0x0,
0x73,0x0,0x69,0x0,0x6f,0x0,0x6e,0x0,
0x20,0x0,0x66,0x0,0x6f,0x0,0x72,0x0,
0x20,0x0,0x64,0x0,0x79,0x0,0x6e,0x0,
0x61,0x0,0x6d,0x0,0x69,0x0,0x63,0x0,
0x5f,0x0,0x73,0x0,0x70,0x0,0x61,0x0,
0x63,0x0,0x69,0x0,0x6e,0x0,0x67,0x0,
0x0,0x0,0x0,0x0,0x0,0x0,0x0,0x0,
0xf,0x0,0x0,0x0,0x4e,0x0,0x75,0x0,
0x6d,0x0,0x62,0x0,0x65,0x0,0x72,0x0,
0x41,0x0,0x6e,0x0,0x69,0x0,0x6d,0x0,
0x61,0x0,0x74,0x0,0x69,0x0,0x6f,0x0,
0x6e,0x0,0x0,0x0,0x0,0x0,0x0,0x0,
0x8,0x0,0x0,0x0,0x61,0x0,0x6e,0x0,
0x69,0x0,0x5f,0x0,0x30,0x0,0x30,0x0,
0x30,0x0,0x31,0x0,0x0,0x0,0x0,0x0,
0x4,0x0,0x0,0x0,0x66,0x0,0x72,0x0,
0x6f,0x0,0x6d,0x0,0x0,0x0,0x0,0x0,
0x2,0x0,0x0,0x0,0x74,0x0,0x6f,0x0,
0x0,0x0,0x0,0x0,0x0,0x0,0x0,0x0,
0x11,0x0,0x0,0x0,0x65,0x0,0x78,0x0,
0x70,0x0,0x72,0x0,0x65,0x0,0x73,0x0,
0x73,0x0,0x69,0x0,0x6f,0x0,0x6e,0x0,
0x20,0x0,0x66,0x0,0x6f,0x0,0x72,0x0,
0x20,0x0,0x74,0x0,0x6f,0x0,0x0,0x0,
0x6,0x0,0x0,0x0,0x65,0x0,0x61,0x0,
0x73,0x0,0x69,0x0,0x6e,0x0,0x67,0x0,
0x0,0x0,0x0,0x0,0x0,0x0,0x0,0x0,
0x13,0x0,0x0,0x0,0x65,0x0,0x78,0x0,
0x70,0x0,0x72,0x0,0x65,0x0,0x73,0x0,
0x73,0x0,0x69,0x0,0x6f,0x0,0x6e,0x0,
0x20,0x0,0x66,0x0,0x6f,0x0,0x72,0x0,
0x20,0x0,0x74,0x0,0x79,0x0,0x70,0x0,
0x65,0x0,0x0,0x0,0x0,0x0,0x0,0x0,
0xa,0x0,0x0,0x0,0x6f,0x0,0x6e,0x0,
0x46,0x0,0x69,0x0,0x6e,0x0,0x69,0x0,
0x73,0x0,0x68,0x0,0x65,0x0,0x64,0x0,
0x0,0x0,0x0,0x0,0x0,0x0,0x0,0x0,
0x19,0x0,0x0,0x0,0x65,0x0,0x78,0x0,
0x70,0x0,0x72,0x0,0x65,0x0,0x73,0x0,
0x73,0x0,0x69,0x0,0x6f,0x0,0x6e,0x0,
0x20,0x0,0x66,0x0,0x6f,0x0,0x72,0x0,
0x20,0x0,0x6f,0x0,0x6e,0x0,0x46,0x0,
0x69,0x0,0x6e,0x0,0x69,0x0,0x73,0x0,
0x68,0x0,0x65,0x0,0x64,0x0,0x0,0x0,
0x15,0x0,0x0,0x0,0x6f,0x0,0x6e,0x0,
0x43,0x0,0x75,0x0,0x72,0x0,0x72,0x0,
0x65,0x0,0x6e,0x0,0x74,0x0,0x49,0x0,
0x6e,0x0,0x64,0x0,0x65,0x0,0x78,0x0,
0x43,0x0,0x68,0x0,0x61,0x0,0x6e,0x0,
0x67,0x0,0x65,0x0,0x64,0x0,0x0,0x0,
0x24,0x0,0x0,0x0,0x65,0x0,0x78,0x0,
0x70,0x0,0x72,0x0,0x65,0x0,0x73,0x0,
0x73,0x0,0x69,0x0,0x6f,0x0,0x6e,0x0,
0x20,0x0,0x66,0x0,0x6f,0x0,0x72,0x0,
0x20,0x0,0x6f,0x0,0x6e,0x0,0x43,0x0,
0x75,0x0,0x72,0x0,0x72,0x0,0x65,0x0,
0x6e,0x0,0x74,0x0,0x49,0x0,0x6e,0x0,
0x64,0x0,0x65,0x0,0x78,0x0,0x43,0x0,
0x68,0x0,0x61,0x0,0x6e,0x0,0x67,0x0,
0x65,0x0,0x64,0x0,0x0,0x0,0x0,0x0,
0x16,0x0,0x0,0x0,0x65,0x0,0x78,0x0,
0x70,0x0,0x72,0x0,0x65,0x0,0x73,0x0,
0x73,0x0,0x69,0x0,0x6f,0x0,0x6e,0x0,
0x20,0x0,0x66,0x0,0x6f,0x0,0x72,0x0,
0x20,0x0,0x73,0x0,0x70,0x0,0x61,0x0,
0x63,0x0,0x69,0x0,0x6e,0x0,0x67,0x0,
0x0,0x0,0x0,0x0,0x0,0x0,0x0,0x0,
0xe,0x0,0x0,0x0,0x76,0x0,0x65,0x0,
0x72,0x0,0x74,0x0,0x69,0x0,0x63,0x0,
0x61,0x0,0x6c,0x0,0x43,0x0,0x65,0x0,
0x6e,0x0,0x74,0x0,0x65,0x0,0x72,0x0,
0x0,0x0,0x0,0x0,0x0,0x0,0x0,0x0,
0x1d,0x0,0x0,0x0,0x65,0x0,0x78,0x0,
0x70,0x0,0x72,0x0,0x65,0x0,0x73,0x0,
0x73,0x0,0x69,0x0,0x6f,0x0,0x6e,0x0,
0x20,0x0,0x66,0x0,0x6f,0x0,0x72,0x0,
0x20,0x0,0x76,0x0,0x65,0x0,0x72,0x0,
0x74,0x0,0x69,0x0,0x63,0x0,0x61,0x0,
0x6c,0x0,0x43,0x0,0x65,0x0,0x6e,0x0,
0x74,0x0,0x65,0x0,0x72,0x0,0x0,0x0,
0x4,0x0,0x0,0x0,0x49,0x0,0x74,0x0,
0x65,0x0,0x6d,0x0,0x0,0x0,0x0,0x0,
0xd,0x0,0x0,0x0,0x69,0x0,0x6d,0x0,
0x70,0x0,0x6c,0x0,0x69,0x0,0x63,0x0,
0x69,0x0,0x74,0x0,0x57,0x0,0x69,0x0,
0x64,0x0,0x74,0x0,0x68,0x0,0x0,0x0,
0x4,0x0,0x0,0x0,0x54,0x0,0x65,0x0,
0x78,0x0,0x74,0x0,0x0,0x0,0x0,0x0,
0x2,0x0,0x0,0x0,0x57,0x5b,0x53,0x4f,
0x0,0x0,0x0,0x0,0x0,0x0,0x0,0x0,
0x4,0x0,0x0,0x0,0x66,0x0,0x6f,0x0,
0x6e,0x0,0x74,0x0,0x0,0x0,0x0,0x0,
0x9,0x0,0x0,0x0,0x70,0x0,0x69,0x0,
0x78,0x0,0x65,0x0,0x6c,0x0,0x53,0x0,
0x69,0x0,0x7a,0x0,0x65,0x0,0x0,0x0,
0x7,0x0,0x0,0x0,0x23,0x0,0x39,0x0,
0x34,0x0,0x39,0x0,0x34,0x0,0x39,0x0,
0x34,0x0,0x0,0x0,0x0,0x0,0x0,0x0,
0x10,0x0,0x0,0x0,0x57,0x0,0x69,0x0,
0x6e,0x0,0x64,0x0,0x6f,0x0,0x77,0x0,
0x73,0x0,0x2e,0x0,0x43,0x0,0x6f,0x0,
0x6d,0x0,0x62,0x0,0x6f,0x0,0x42,0x0,
0x6f,0x0,0x78,0x0,0x0,0x0,0x0,0x0,
0xa,0x0,0x0,0x0,0x63,0x0,0x6f,0x0,
0x6d,0x0,0x62,0x0,0x6f,0x0,0x5f,0x0,
0x66,0x0,0x6f,0x0,0x6e,0x0,0x74,0x0,
0x0,0x0,0x0,0x0,0x0,0x0,0x0,0x0,
0x5,0x0,0x0,0x0,0x6d,0x0,0x6f,0x0,
0x64,0x0,0x65,0x0,0x6c,0x0,0x0,0x0,
0x14,0x0,0x0,0x0,0x65,0x0,0x78,0x0,
0x70,0x0,0x72,0x0,0x65,0x0,0x73,0x0,
0x73,0x0,0x69,0x0,0x6f,0x0,0x6e,0x0,
0x20,0x0,0x66,0x0,0x6f,0x0,0x72,0x0,
0x20,0x0,0x6d,0x0,0x6f,0x0,0x64,0x0,
0x65,0x0,0x6c,0x0,0x0,0x0,0x0,0x0,
0x2,0x0,0x0,0x0,0x57,0x5b,0xf7,0x53,
0x0,0x0,0x0,0x0,0x0,0x0,0x0,0x0,
0x11,0x0,0x0,0x0,0x57,0x0,0x69,0x0,
0x6e,0x0,0x64,0x0,0x6f,0x0,0x77,0x0,
0x73,0x0,0x2e,0x0,0x54,0x0,0x65,0x0,
0x78,0x0,0x74,0x0,0x46,0x0,0x69,0x0,
0x65,0x0,0x6c,0x0,0x64,0x0,0x0,0x0,
0xf,0x0,0x0,0x0,0x70,0x0,0x6c,0x0,
0x61,0x0,0x63,0x0,0x65,0x0,0x68,0x0,
0x6f,0x0,0x6c,0x0,0x64,0x0,0x65,0x0,
0x72,0x0,0x54,0x0,0x65,0x0,0x78,0x0,
0x74,0x0,0x0,0x0,0x0,0x0,0x0,0x0,
0x13,0x0,0x0,0x0,0x68,0x0,0x6f,0x0,
0x72,0x0,0x69,0x0,0x7a,0x0,0x6f,0x0,
0x6e,0x0,0x74,0x0,0x61,0x0,0x6c,0x0,
0x41,0x0,0x6c,0x0,0x69,0x0,0x67,0x0,
0x6e,0x0,0x6d,0x0,0x65,0x0,0x6e,0x0,
0x74,0x0,0x0,0x0,0x0,0x0,0x0,0x0,
0x22,0x0,0x0,0x0,0x65,0x0,0x78,0x0,
0x70,0x0,0x72,0x0,0x65,0x0,0x73,0x0,
0x73,0x0,0x69,0x0,0x6f,0x0,0x6e,0x0,
0x20,0x0,0x66,0x0,0x6f,0x0,0x72,0x0,
0x20,0x0,0x68,0x0,0x6f,0x0,0x72,0x0,
0x69,0x0,0x7a,0x0,0x6f,0x0,0x6e,0x0,
0x74,0x0,0x61,0x0,0x6c,0x0,0x41,0x0,
0x6c,0x0,0x69,0x0,0x67,0x0,0x6e,0x0,
0x6d,0x0,0x65,0x0,0x6e,0x0,0x74,0x0,
0x0,0x0,0x0,0x0,0x0,0x0,0x0,0x0,
0xa,0x0,0x0,0x0,0x52,0x0,0x65,0x0,
0x63,0x0,0x74,0x0,0x42,0x0,0x75,0x0,
0x74,0x0,0x74,0x0,0x6f,0x0,0x6e,0x0,
0x0,0x0,0x0,0x0,0x0,0x0,0x0,0x0,
0xd,0x0,0x0,0x0,0x41,0x0,0x3c,0x0,
0x73,0x0,0x75,0x0,0x70,0x0,0x3e,0x0,
0x2b,0x0,0x3c,0x0,0x2f,0x0,0x73,0x0,
0x75,0x0,0x70,0x0,0x3e,0x0,0x0,0x0,
0x5,0x0,0x0,0x0,0x6c,0x0,0x61,0x0,
0x62,0x0,0x65,0x0,0x6c,0x0,0x0,0x0,
0xa,0x0,0x0,0x0,0x74,0x0,0x65,0x0,
0x78,0x0,0x74,0x0,0x46,0x0,0x6f,0x0,
0x72,0x0,0x6d,0x0,0x61,0x0,0x74,0x0,
0x0,0x0,0x0,0x0,0x0,0x0,0x0,0x0,
0x19,0x0,0x0,0x0,0x65,0x0,0x78,0x0,
0x70,0x0,0x72,0x0,0x65,0x0,0x73,0x0,
0x73,0x0,0x69,0x0,0x6f,0x0,0x6e,0x0,
0x20,0x0,0x66,0x0,0x6f,0x0,0x72,0x0,
0x20,0x0,0x74,0x0,0x65,0x0,0x78,0x0,
0x74,0x0,0x46,0x0,0x6f,0x0,0x72,0x0,
0x6d,0x0,0x61,0x0,0x74,0x0,0x0,0x0,
0x7,0x0,0x0,0x0,0x23,0x0,0x32,0x0,
0x32,0x0,0x34,0x0,0x37,0x0,0x32,0x0,
0x36,0x0,0x0,0x0,0x0,0x0,0x0,0x0,
0x4,0x0,0x0,0x0,0x62,0x0,0x6f,0x0,
0x6c,0x0,0x64,0x0,0x0,0x0,0x0,0x0,
0x6,0x0,0x0,0x0,0x62,0x0,0x6f,0x0,
0x72,0x0,0x64,0x0,0x65,0x0,0x72,0x0,
0x0,0x0,0x0,0x0,0x0,0x0,0x0,0x0,
0x4,0x0,0x0,0x0,0x67,0x0,0x72,0x0,
0x65,0x0,0x79,0x0,0x0,0x0,0x0,0x0,
0x7,0x0,0x0,0x0,0x23,0x0,0x46,0x0,
0x32,0x0,0x46,0x0,0x32,0x0,0x46,0x0,
0x32,0x0,0x0,0x0,0x0,0x0,0x0,0x0,
0xd,0x0,0x0,0x0,0x41,0x0,0x3c,0x0,
0x73,0x0,0x75,0x0,0x70,0x0,0x3e,0x0,
0x2d,0x0,0x3c,0x0,0x2f,0x0,0x73,0x0,
0x75,0x0,0x70,0x0,0x3e,0x0,0x0,0x0,
0x7,0x0,0x0,0x0,0x23,0x0,0x34,0x0,
0x37,0x0,0x32,0x0,0x31,0x0,0x32,0x0,
0x32,0x0,0x0,0x0,0x0,0x0,0x0,0x0,
0x4,0x0,0x0,0x0,0x57,0x5b,0x53,0x4f,
0x5e,0x5c,0x27,0x60,0x0,0x0,0x0,0x0,
0xe,0x0,0x0,0x0,0x53,0x0,0x65,0x0,
0x6c,0x0,0x65,0x0,0x63,0x0,0x74,0x0,
0x65,0x0,0x64,0x0,0x42,0x0,0x75,0x0,
0x74,0x0,0x74,0x0,0x6f,0x0,0x6e,0x0,
0x0,0x0,0x0,0x0,0x0,0x0,0x0,0x0,
0x1,0x0,0x0,0x0,0x42,0x0,0x0,0x0,
0x1,0x0,0x0,0x0,0x41,0x0,0x0,0x0,
0x6,0x0,0x0,0x0,0x69,0x0,0x74,0x0,
0x61,0x0,0x6c,0x0,0x69,0x0,0x63,0x0,
0x0,0x0,0x0,0x0,0x0,0x0,0x0,0x0,
0x1,0x0,0x0,0x0,0x55,0x0,0x0,0x0,
0x9,0x0,0x0,0x0,0x75,0x0,0x6e,0x0,
0x64,0x0,0x65,0x0,0x72,0x0,0x6c,0x0,
0x69,0x0,0x6e,0x0,0x65,0x0,0x0,0x0,
0x8,0x0,0x0,0x0,0x6f,0x0,0x76,0x0,
0x65,0x0,0x72,0x0,0x6c,0x0,0x69,0x0,
0x6e,0x0,0x65,0x0,0x0,0x0,0x0,0x0,
0x9,0x0,0x0,0x0,0x73,0x0,0x74,0x0,
0x72,0x0,0x69,0x0,0x6b,0x0,0x65,0x0,
0x6f,0x0,0x75,0x0,0x74,0x0,0x0,0x0,
0x5,0x0,0x0,0x0,0x73,0x0,0x74,0x0,
0x79,0x0,0x6c,0x0,0x65,0x0,0x0,0x0,
0x14,0x0,0x0,0x0,0x65,0x0,0x78,0x0,
0x70,0x0,0x72,0x0,0x65,0x0,0x73,0x0,
0x73,0x0,0x69,0x0,0x6f,0x0,0x6e,0x0,
0x20,0x0,0x66,0x0,0x6f,0x0,0x72,0x0,
0x20,0x0,0x73,0x0,0x74,0x0,0x79,0x0,
0x6c,0x0,0x65,0x0,0x0,0x0,0x0,0x0,
0x2,0x0,0x0,0x0,0x4d,0x52,0x6f,0x66,
0x0,0x0,0x0,0x0,0x0,0x0,0x0,0x0,
0xd,0x0,0x0,0x0,0x43,0x0,0x6f,0x0,
0x6c,0x0,0x6f,0x0,0x72,0x0,0x53,0x0,
0x65,0x0,0x6c,0x0,0x65,0x0,0x63,0x0,
0x74,0x0,0x6f,0x0,0x72,0x0,0x0,0x0,
0x2,0x0,0x0,0x0,0xcc,0x80,0x6f,0x66,
0x0,0x0,0x0,0x0,0x0,0x0,0x0,0x0,
0xc,0x0,0x0,0x0,0x4d,0x0,0x79,0x0,
0x54,0x0,0x6f,0x0,0x6f,0x0,0x6c,0x0,
0x42,0x0,0x75,0x0,0x74,0x0,0x74,0x0,
0x6f,0x0,0x6e,0x0,0x0,0x0,0x0,0x0,
0x5,0x0,0x0,0x0,0xe5,0x67,0x7e,0x62,
0x2f,0x0,0xff,0x66,0x62,0x63,0x0,0x0,
0x8,0x0,0x0,0x0,0x43,0x0,0x68,0x0,
0x65,0x0,0x63,0x0,0x6b,0x0,0x42,0x0,
0x6f,0x0,0x78,0x0,0x0,0x0,0x0,0x0,
0x3,0x0,0x0,0x0,0x85,0x8f,0xa9,0x52,
0xbf,0x7e,0x0,0x0,0x0,0x0,0x0,0x0,
0x7,0x0,0x0,0x0,0x63,0x0,0x68,0x0,
0x65,0x0,0x63,0x0,0x6b,0x0,0x65,0x0,
0x64,0x0,0x0,0x0,0x0,0x0,0x0,0x0,
0x10,0x0,0x0,0x0,0x6f,0x0,0x6e,0x0,
0x43,0x0,0x68,0x0,0x65,0x0,0x63,0x0,
0x6b,0x0,0x65,0x0,0x64,0x0,0x43,0x0,
0x68,0x0,0x61,0x0,0x6e,0x0,0x67,0x0,
0x65,0x0,0x64,0x0,0x0,0x0,0x0,0x0,
0x1f,0x0,0x0,0x0,0x65,0x0,0x78,0x0,
0x70,0x0,0x72,0x0,0x65,0x0,0x73,0x0,
0x73,0x0,0x69,0x0,0x6f,0x0,0x6e,0x0,
0x20,0x0,0x66,0x0,0x6f,0x0,0x72,0x0,
0x20,0x0,0x6f,0x0,0x6e,0x0,0x43,0x0,
0x68,0x0,0x65,0x0,0x63,0x0,0x6b,0x0,
0x65,0x0,0x64,0x0,0x43,0x0,0x68,0x0,
0x61,0x0,0x6e,0x0,0x67,0x0,0x65,0x0,
0x64,0x0,0x0,0x0,0x0,0x0,0x0,0x0,
0x14,0x0,0x0,0x0,0x63,0x0,0x68,0x0,
0x65,0x0,0x63,0x0,0x6b,0x0,0x62,0x0,
0x6f,0x0,0x78,0x0,0x5f,0x0,0x70,0x0,
0x72,0x0,0x6f,0x0,0x74,0x0,0x65,0x0,
0x63,0x0,0x74,0x0,0x5f,0x0,0x65,0x0,
0x79,0x0,0x65,0x0,0x0,0x0,0x0,0x0,
0x4,0x0,0x0,0x0,0xa4,0x62,0x3c,0x77,
0x21,0x6a,0xf,0x5f,0x0,0x0,0x0,0x0,
0x6,0x0,0x0,0x0,0x41,0x0,0x6e,0x0,
0x63,0x0,0x68,0x0,0x6f,0x0,0x72,0x0,
0x0,0x0,0x0,0x0,0x0,0x0,0x0,0x0,
0xd,0x0,0x0,0x0,0x41,0x0,0x64,0x0,
0x64,0x0,0x54,0x0,0x6f,0x0,0x6f,0x0,
0x6c,0x0,0x42,0x0,0x75,0x0,0x74,0x0,
0x74,0x0,0x6f,0x0,0x6e,0x0,0x0,0x0,
0x2,0x0,0x0,0x0,0x7,0x68,0xbf,0x7e,
0x0,0x0,0x0,0x0,0x0,0x0,0x0,0x0,
0xa,0x0,0x0,0x0,0x65,0x0,0x6e,0x0,
0x61,0x0,0x62,0x0,0x6c,0x0,0x65,0x0,
0x4c,0x0,0x69,0x0,0x73,0x0,0x74,0x0,
0x0,0x0,0x0,0x0,0x0,0x0,0x0,0x0,
0x8,0x0,0x0,0x0,0x6c,0x0,0x69,0x0,
0x73,0x0,0x74,0x0,0x54,0x0,0x65,0x0,
0x78,0x0,0x74,0x0,0x0,0x0,0x0,0x0,
0x17,0x0,0x0,0x0,0x65,0x0,0x78,0x0,
0x70,0x0,0x72,0x0,0x65,0x0,0x73,0x0,
0x73,0x0,0x69,0x0,0x6f,0x0,0x6e,0x0,
0x20,0x0,0x66,0x0,0x6f,0x0,0x72,0x0,
0x20,0x0,0x6c,0x0,0x69,0x0,0x73,0x0,
0x74,0x0,0x54,0x0,0x65,0x0,0x78,0x0,
0x74,0x0,0x0,0x0,0x0,0x0,0x0,0x0,
0x2,0x0,0x0,0x0,0x87,0x65,0x2c,0x67,
0x0,0x0,0x0,0x0,0x0,0x0,0x0,0x0,
0x2,0x0,0x0,0x0,0xb5,0x6b,0x3d,0x84,
0x0,0x0,0x0,0x0,0x0,0x0,0x0,0x0,
0x3,0x0,0x0,0x0,0x60,0x53,0x4d,0x4f,
0x26,0x7b,0x0,0x0,0x0,0x0,0x0,0x0,
0xa,0x0,0x0,0x0,0x6f,0x0,0x6e,0x0,
0x53,0x0,0x65,0x0,0x6c,0x0,0x65,0x0,
0x63,0x0,0x74,0x0,0x65,0x0,0x64,0x0,
0x0,0x0,0x0,0x0,0x0,0x0,0x0,0x0,
0x19,0x0,0x0,0x0,0x65,0x0,0x78,0x0,
0x70,0x0,0x72,0x0,0x65,0x0,0x73,0x0,
0x73,0x0,0x69,0x0,0x6f,0x0,0x6e,0x0,
0x20,0x0,0x66,0x0,0x6f,0x0,0x72,0x0,
0x20,0x0,0x6f,0x0,0x6e,0x0,0x53,0x0,
0x65,0x0,0x6c,0x0,0x65,0x0,0x63,0x0,
0x74,0x0,0x65,0x0,0x64,0x0,0x0,0x0,
0x2,0x0,0x0,0x0,0xfe,0x56,0x47,0x72,
0x0,0x0,0x0,0x0,0x0,0x0,0x0,0x0,
0x2,0x0,0x0,0x0,0x62,0x5f,0xb6,0x72,
0x0,0x0,0x0,0x0,0x0,0x0,0x0,0x0,
0x2,0x0,0x0,0x0,0x68,0x88,0x3c,0x68,
0x0,0x0,0x0,0x0,0x0,0x0,0x0,0x0,
0x3,0x0,0x0,0x0,0xc5,0x88,0x70,0x99,
0x46,0x68,0x0,0x0,0x0,0x0,0x0,0x0,
0x7,0x0,0x0,0x0,0x4c,0x0,0x61,0x0,
0x74,0x0,0x65,0x0,0x78,0x0,0x6c,0x51,
0xf,0x5f,0x0,0x0,0x0,0x0,0x0,0x0,
0x4,0x0,0x0,0x0,0xf4,0x66,0x1a,0x59,
0x2e,0x0,0x2e,0x0,0x0,0x0,0x0,0x0,
0x4,0x0,0x0,0x0,0x46,0x0,0x72,0x0,
0x65,0x0,0x65,0x0,0x0,0x0,0x0,0x0,
0x4,0x0,0x0,0x0,0xea,0x81,0x31,0x75,
0x7,0x68,0xbf,0x7e,0x0,0x0,0x0,0x0,
0x3,0x0,0x0,0x0,0xcc,0x80,0x6f,0x66,
0x46,0x68,0x0,0x0,0x0,0x0,0x0,0x0,
0x3,0x0,0x0,0x0,0x87,0x65,0x63,0x68,
0x57,0x57,0x0,0x0,0x0,0x0,0x0,0x0,
0x4,0x0,0x0,0x0,0x20,0x52,0x64,0x96,
0x75,0x98,0x62,0x97,0x0,0x0,0x0,0x0,
0x2,0x0,0x0,0x0,0xb0,0x65,0xfa,0x5e,
0x0,0x0,0x0,0x0,0x0,0x0,0x0,0x0,
0x4,0x0,0x0,0x0,0xb0,0x65,0xfa,0x5e,
0x75,0x98,0x62,0x97,0x0,0x0,0x0,0x0,
0x2,0x0,0x0,0x0,0x3,0x5e,0x40,0x5c,
0x0,0x0,0x0,0x0,0x0,0x0,0x0,0x0,
0x2,0x0,0x0,0x0,0xce,0x98,0x3c,0x68,
0x0,0x0,0x0,0x0,0x0,0x0,0x0,0x0,
0x8,0x0,0x0,0x0,0x43,0x0,0x6f,0x0,
0x6d,0x0,0x62,0x0,0x6f,0x0,0x42,0x0,
0x6f,0x0,0x78,0x0,0x0,0x0,0x0,0x0,
0x12,0x0,0x0,0x0,0x63,0x0,0x6f,0x0,
0x6d,0x0,0x62,0x0,0x6f,0x0,0x62,0x0,
0x6f,0x0,0x78,0x0,0x5f,0x0,0x70,0x0,
0x61,0x0,0x67,0x0,0x65,0x0,0x53,0x0,
0x74,0x0,0x79,0x0,0x6c,0x0,0x65,0x0,
0x0,0x0,0x0,0x0,0x0,0x0,0x0,0x0,
0x3,0x0,0x0,0x0,0xf,0x68,0x70,0x65,
0x3a,0x0,0x0,0x0,0x0,0x0,0x0,0x0,
0x16,0x0,0x0,0x0,0x65,0x0,0x78,0x0,
0x70,0x0,0x72,0x0,0x65,0x0,0x73,0x0,
0x73,0x0,0x69,0x0,0x6f,0x0,0x6e,0x0,
0x20,0x0,0x66,0x0,0x6f,0x0,0x72,0x0,
0x20,0x0,0x76,0x0,0x69,0x0,0x73,0x0,
0x69,0x0,0x62,0x0,0x6c,0x0,0x65,0x0,
0x0,0x0,0x0,0x0,0x0,0x0,0x0,0x0,
0x9,0x0,0x0,0x0,0x54,0x0,0x65,0x0,
0x78,0x0,0x74,0x0,0x46,0x0,0x69,0x0,
0x65,0x0,0x6c,0x0,0x64,0x0,0x0,0x0,
0xc,0x0,0x0,0x0,0x74,0x0,0x66,0x0,
0x5f,0x0,0x63,0x0,0x6f,0x0,0x6c,0x0,
0x75,0x0,0x6d,0x0,0x6e,0x0,0x4e,0x0,
0x75,0x0,0x6d,0x0,0x0,0x0,0x0,0x0,
0x1d,0x0,0x0,0x0,0x65,0x0,0x78,0x0,
0x70,0x0,0x72,0x0,0x65,0x0,0x73,0x0,
0x73,0x0,0x69,0x0,0x6f,0x0,0x6e,0x0,
0x20,0x0,0x66,0x0,0x6f,0x0,0x72,0x0,
0x20,0x0,0x70,0x0,0x72,0x0,0x65,0x0,
0x66,0x0,0x65,0x0,0x72,0x0,0x72,0x0,
0x65,0x0,0x64,0x0,0x57,0x0,0x69,0x0,
0x64,0x0,0x74,0x0,0x68,0x0,0x0,0x0,
0xa,0x0,0x0,0x0,0x74,0x0,0x6f,0x0,
0x70,0x0,0x50,0x0,0x61,0x0,0x64,0x0,
0x64,0x0,0x69,0x0,0x6e,0x0,0x67,0x0,
0x0,0x0,0x0,0x0,0x0,0x0,0x0,0x0,
0xd,0x0,0x0,0x0,0x62,0x0,0x6f,0x0,
0x74,0x0,0x74,0x0,0x6f,0x0,0x6d,0x0,
0x50,0x0,0x61,0x0,0x64,0x0,0x64,0x0,
0x69,0x0,0x6e,0x0,0x67,0x0,0x0,0x0,
0xc,0x0,0x0,0x0,0x49,0x0,0x6e,0x0,
0x74,0x0,0x56,0x0,0x61,0x0,0x6c,0x0,
0x69,0x0,0x64,0x0,0x61,0x0,0x74,0x0,
0x6f,0x0,0x72,0x0,0x0,0x0,0x0,0x0,
0x6,0x0,0x0,0x0,0x62,0x0,0x6f,0x0,
0x74,0x0,0x74,0x0,0x6f,0x0,0x6d,0x0,
0x0,0x0,0x0,0x0,0x0,0x0,0x0,0x0,
0x3,0x0,0x0,0x0,0x74,0x0,0x6f,0x0,
0x70,0x0,0x0,0x0,0x0,0x0,0x0,0x0,
0x9,0x0,0x0,0x0,0x76,0x0,0x61,0x0,
0x6c,0x0,0x69,0x0,0x64,0x0,0x61,0x0,
0x74,0x0,0x6f,0x0,0x72,0x0,0x0,0x0,
0xd,0x0,0x0,0x0,0x6f,0x0,0x6e,0x0,
0x54,0x0,0x65,0x0,0x78,0x0,0x74,0x0,
0x43,0x0,0x68,0x0,0x61,0x0,0x6e,0x0,
0x67,0x0,0x65,0x0,0x64,0x0,0x0,0x0,
0x1c,0x0,0x0,0x0,0x65,0x0,0x78,0x0,
0x70,0x0,0x72,0x0,0x65,0x0,0x73,0x0,
0x73,0x0,0x69,0x0,0x6f,0x0,0x6e,0x0,
0x20,0x0,0x66,0x0,0x6f,0x0,0x72,0x0,
0x20,0x0,0x6f,0x0,0x6e,0x0,0x54,0x0,
0x65,0x0,0x78,0x0,0x74,0x0,0x43,0x0,
0x68,0x0,0x61,0x0,0x6e,0x0,0x67,0x0,
0x65,0x0,0x64,0x0,0x0,0x0,0x0,0x0,
0x3,0x0,0x0,0x0,0x75,0x98,0xbd,0x5b,
0x3a,0x0,0x0,0x0,0x0,0x0,0x0,0x0,
0xd,0x0,0x0,0x0,0x74,0x0,0x66,0x0,
0x5f,0x0,0x70,0x0,0x61,0x0,0x67,0x0,
0x65,0x0,0x5f,0x0,0x77,0x0,0x69,0x0,
0x64,0x0,0x74,0x0,0x68,0x0,0x0,0x0,
0xf,0x0,0x0,0x0,0x44,0x0,0x6f,0x0,
0x75,0x0,0x62,0x0,0x6c,0x0,0x65,0x0,
0x56,0x0,0x61,0x0,0x6c,0x0,0x69,0x0,
0x64,0x0,0x61,0x0,0x74,0x0,0x6f,0x0,
0x72,0x0,0x0,0x0,0x0,0x0,0x0,0x0,
0x2,0x0,0x0,0x0,0x63,0x0,0x6d,0x0,
0x0,0x0,0x0,0x0,0x0,0x0,0x0,0x0,
0x3,0x0,0x0,0x0,0x75,0x98,0xd8,0x9a,
0x3a,0x0,0x0,0x0,0x0,0x0,0x0,0x0,
0xe,0x0,0x0,0x0,0x74,0x0,0x66,0x0,
0x5f,0x0,0x70,0x0,0x61,0x0,0x67,0x0,
0x65,0x0,0x5f,0x0,0x68,0x0,0x65,0x0,
0x69,0x0,0x67,0x0,0x68,0x0,0x74,0x0,
0x0,0x0,0x0,0x0,0x0,0x0,0x0,0x0,
0x5,0x0,0x0,0x0,0x75,0x98,0xa,0x4e,
0xb9,0x8f,0xdd,0x8d,0x3a,0x0,0x0,0x0,
0x11,0x0,0x0,0x0,0x74,0x0,0x66,0x0,
0x5f,0x0,0x70,0x0,0x61,0x0,0x67,0x0,
0x65,0x0,0x5f,0x0,0x74,0x0,0x6f,0x0,
0x70,0x0,0x4d,0x0,0x61,0x0,0x72,0x0,
0x67,0x0,0x69,0x0,0x6e,0x0,0x0,0x0,
0x5,0x0,0x0,0x0,0x75,0x98,0xb,0x4e,
0xb9,0x8f,0xdd,0x8d,0x3a,0x0,0x0,0x0,
0x14,0x0,0x0,0x0,0x74,0x0,0x66,0x0,
0x5f,0x0,0x70,0x0,0x61,0x0,0x67,0x0,
0x65,0x0,0x5f,0x0,0x62,0x0,0x6f,0x0,
0x74,0x0,0x74,0x0,0x6f,0x0,0x6d,0x0,
0x4d,0x0,0x61,0x0,0x72,0x0,0x67,0x0,
0x69,0x0,0x6e,0x0,0x0,0x0,0x0,0x0,
0x4,0x0,0x0,0x0,0x75,0x98,0x62,0x97,
0xcb,0x65,0x6c,0x8f,0x0,0x0,0x0,0x0,
0x16,0x0,0x0,0x0,0x63,0x0,0x6f,0x0,
0x6d,0x0,0x62,0x0,0x6f,0x0,0x62,0x0,
0x6f,0x0,0x78,0x0,0x5f,0x0,0x70,0x0,
0x61,0x0,0x67,0x0,0x65,0x0,0x5f,0x0,
0x72,0x0,0x6f,0x0,0x74,0x0,0x61,0x0,
0x74,0x0,0x69,0x0,0x6f,0x0,0x6e,0x0,
0x0,0x0,0x0,0x0,0x0,0x0,0x0,0x0,
0x2,0x0,0x0,0x0,0x9a,0x5b,0x3c,0x68,
0x0,0x0,0x0,0x0,0x0,0x0,0x0,0x0,
0x7,0x0,0x0,0x0,0x23,0x0,0x30,0x0,
0x42,0x0,0x33,0x0,0x33,0x0,0x36,0x0,
0x33,0x0,0x0,0x0,0x0,0x0,0x0,0x0,
0x6,0x0,0x0,0x0,0x42,0x0,0x75,0x0,
0x74,0x0,0x74,0x0,0x6f,0x0,0x6e,0x0,
0x0,0x0,0x0,0x0,0x0,0x0,0x0,0x0,
0x4,0x0,0x0,0x0,0x4b,0x6d,0xd5,0x8b,
0x2d,0x0,0x31,0x0,0x0,0x0,0x0,0x0,
0x6,0x0,0x0,0x0,0x64,0x0,0x5f,0x0,
0x74,0x0,0x65,0x0,0x73,0x0,0x74,0x0,
0x0,0x0,0x0,0x0,0x0,0x0,0x0,0x0,
0x5,0x0,0x0,0x0,0x49,0x0,0x6d,0x0,
0x61,0x0,0x67,0x0,0x65,0x0,0x0,0x0,
0x3,0x0,0x0,0x0,0x69,0x0,0x6d,0x0,
0x67,0x0,0x0,0x0,0x0,0x0,0x0,0x0,
0x15,0x0,0x0,0x0,0x65,0x0,0x78,0x0,
0x70,0x0,0x72,0x0,0x65,0x0,0x73,0x0,
0x73,0x0,0x69,0x0,0x6f,0x0,0x6e,0x0,
0x20,0x0,0x66,0x0,0x6f,0x0,0x72,0x0,
0x20,0x0,0x68,0x0,0x65,0x0,0x69,0x0,
0x67,0x0,0x68,0x0,0x74,0x0,0x0,0x0,
0x7,0x0,0x0,0x0,0x74,0x0,0x66,0x0,
0x5f,0x0,0x74,0x0,0x65,0x0,0x73,0x0,
0x74,0x0,0x0,0x0,0x0,0x0,0x0,0x0,
0x4,0x0,0x0,0x0,0x4b,0x6d,0xd5,0x8b,
0xc2,0x53,0x70,0x65,0x0,0x0,0x0,0x0,
0x9,0x0,0x0,0x0,0x72,0x0,0x69,0x0,
0x67,0x0,0x68,0x0,0x74,0x0,0x52,0x0,
0x65,0x0,0x63,0x0,0x74,0x0,0x0,0x0,
0x15,0x0,0x0,0x0,0x65,0x0,0x78,0x0,
0x70,0x0,0x72,0x0,0x65,0x0,0x73,0x0,
0x73,0x0,0x69,0x0,0x6f,0x0,0x6e,0x0,
0x20,0x0,0x66,0x0,0x6f,0x0,0x72,0x0,
0x20,0x0,0x73,0x0,0x6f,0x0,0x75,0x0,
0x72,0x0,0x63,0x0,0x65,0x0,0x0,0x0,
0x10,0x0,0x0,0x0,0x68,0x0,0x6f,0x0,
0x72,0x0,0x69,0x0,0x7a,0x0,0x6f,0x0,
0x6e,0x0,0x74,0x0,0x61,0x0,0x6c,0x0,
0x4f,0x0,0x66,0x0,0x66,0x0,0x73,0x0,
0x65,0x0,0x74,0x0,0x0,0x0,0x0,0x0,
0x9,0x0,0x0,0x0,0x23,0x0,0x38,0x0,
0x30,0x0,0x30,0x0,0x30,0x0,0x30,0x0,
0x30,0x0,0x30,0x0,0x30,0x0,0x0,0x0,
0xa,0x0,0x0,0x0,0x72,0x0,0x65,0x0,
0x63,0x0,0x74,0x0,0x5f,0x0,0x72,0x0,
0x69,0x0,0x67,0x0,0x68,0x0,0x74,0x0,
0x0,0x0,0x0,0x0,0x0,0x0,0x0,0x0,
0x1,0x0,0x0,0x0,0x78,0x0,0x0,0x0,
0x14,0x0,0x0,0x0,0x65,0x0,0x78,0x0,
0x70,0x0,0x72,0x0,0x65,0x0,0x73,0x0,
0x73,0x0,0x69,0x0,0x6f,0x0,0x6e,0x0,
0x20,0x0,0x66,0x0,0x6f,0x0,0x72,0x0,
0x20,0x0,0x77,0x0,0x69,0x0,0x64,0x0,
0x74,0x0,0x68,0x0,0x0,0x0,0x0,0x0,
0xc,0x0,0x0,0x0,0x52,0x0,0x69,0x0,
0x67,0x0,0x68,0x0,0x74,0x0,0x54,0x0,
0x6f,0x0,0x6f,0x0,0x6c,0x0,0x42,0x0,
0x61,0x0,0x72,0x0,0x0,0x0,0x0,0x0,
0xc,0x0,0x0,0x0,0x72,0x0,0x69,0x0,
0x67,0x0,0x68,0x0,0x74,0x0,0x54,0x0,
0x6f,0x0,0x6f,0x0,0x6c,0x0,0x42,0x0,
0x61,0x0,0x72,0x0,0x0,0x0,0x0,0x0,
0xc,0x0,0x0,0x0,0x53,0x0,0x71,0x0,
0x75,0x0,0x61,0x0,0x72,0x0,0x65,0x0,
0x42,0x0,0x75,0x0,0x74,0x0,0x74,0x0,
0x6f,0x0,0x6e,0x0,0x0,0x0,0x0,0x0,
0x13,0x0,0x0,0x0,0x65,0x0,0x78,0x0,
0x70,0x0,0x72,0x0,0x65,0x0,0x73,0x0,
0x73,0x0,0x69,0x0,0x6f,0x0,0x6e,0x0,
0x20,0x0,0x66,0x0,0x6f,0x0,0x72,0x0,
0x20,0x0,0x74,0x0,0x65,0x0,0x78,0x0,
0x74,0x0,0x0,0x0,0x0,0x0,0x0,0x0,
0x10,0x0,0x0,0x0,0x65,0x0,0x78,0x0,
0x70,0x0,0x72,0x0,0x65,0x0,0x73,0x0,
0x73,0x0,0x69,0x0,0x6f,0x0,0x6e,0x0,
0x20,0x0,0x66,0x0,0x6f,0x0,0x72,0x0,
0x20,0x0,0x78,0x0,0x0,0x0,0x0,0x0,
0x6,0x0,0x0,0x0,0x4c,0x0,0x6f,0x0,
0x61,0x0,0x64,0x0,0x65,0x0,0x72,0x0,
0x0,0x0,0x0,0x0,0x0,0x0,0x0,0x0,
0x14,0x0,0x0,0x0,0x6c,0x0,0x6f,0x0,
0x61,0x0,0x64,0x0,0x65,0x0,0x72,0x0,
0x5f,0x0,0x6f,0x0,0x74,0x0,0x68,0x0,
0x65,0x0,0x72,0x0,0x44,0x0,0x6f,0x0,
0x63,0x0,0x75,0x0,0x6d,0x0,0x65,0x0,
0x6e,0x0,0x74,0x0,0x0,0x0,0x0,0x0,
0xe,0x0,0x0,0x0,0x6d,0x0,0x61,0x0,
0x69,0x0,0x6e,0x0,0x5f,0x0,0x73,0x0,
0x70,0x0,0x6c,0x0,0x69,0x0,0x74,0x0,
0x56,0x0,0x69,0x0,0x65,0x0,0x77,0x0,
0x0,0x0,0x0,0x0,0x0,0x0,0x0,0x0,
0xb,0x0,0x0,0x0,0x6f,0x0,0x72,0x0,
0x69,0x0,0x65,0x0,0x6e,0x0,0x74,0x0,
0x61,0x0,0x74,0x0,0x69,0x0,0x6f,0x0,
0x6e,0x0,0x0,0x0,0x0,0x0,0x0,0x0,
0x1a,0x0,0x0,0x0,0x65,0x0,0x78,0x0,
0x70,0x0,0x72,0x0,0x65,0x0,0x73,0x0,
0x73,0x0,0x69,0x0,0x6f,0x0,0x6e,0x0,
0x20,0x0,0x66,0x0,0x6f,0x0,0x72,0x0,
0x20,0x0,0x6f,0x0,0x72,0x0,0x69,0x0,
0x65,0x0,0x6e,0x0,0x74,0x0,0x61,0x0,
0x74,0x0,0x69,0x0,0x6f,0x0,0x6e,0x0,
0x0,0x0,0x0,0x0,0x0,0x0,0x0,0x0,
0xe,0x0,0x0,0x0,0x6d,0x0,0x61,0x0,
0x69,0x0,0x6e,0x0,0x5f,0x0,0x70,0x0,
0x61,0x0,0x67,0x0,0x65,0x0,0x5f,0x0,
0x61,0x0,0x72,0x0,0x65,0x0,0x61,0x0,
0x0,0x0,0x0,0x0,0x0,0x0,0x0,0x0,
0xc,0x0,0x0,0x0,0x68,0x0,0x6f,0x0,
0x72,0x0,0x52,0x0,0x75,0x0,0x6c,0x0,
0x65,0x0,0x72,0x0,0x5f,0x0,0x62,0x0,
0x6f,0x0,0x78,0x0,0x0,0x0,0x0,0x0,
0x8,0x0,0x0,0x0,0x48,0x0,0x6f,0x0,
0x72,0x0,0x52,0x0,0x75,0x0,0x6c,0x0,
0x65,0x0,0x72,0x0,0x0,0x0,0x0,0x0,
0x6,0x0,0x0,0x0,0x78,0x0,0x53,0x0,
0x63,0x0,0x61,0x0,0x6c,0x0,0x65,0x0,
0x0,0x0,0x0,0x0,0x0,0x0,0x0,0x0,
0x15,0x0,0x0,0x0,0x65,0x0,0x78,0x0,
0x70,0x0,0x72,0x0,0x65,0x0,0x73,0x0,
0x73,0x0,0x69,0x0,0x6f,0x0,0x6e,0x0,
0x20,0x0,0x66,0x0,0x6f,0x0,0x72,0x0,
0x20,0x0,0x78,0x0,0x53,0x0,0x63,0x0,
0x61,0x0,0x6c,0x0,0x65,0x0,0x0,0x0,
0x6,0x0,0x0,0x0,0x73,0x0,0x74,0x0,
0x61,0x0,0x74,0x0,0x65,0x0,0x73,0x0,
0x0,0x0,0x0,0x0,0x0,0x0,0x0,0x0,
0x5,0x0,0x0,0x0,0x53,0x0,0x74,0x0,
0x61,0x0,0x74,0x0,0x65,0x0,0x0,0x0,
0x4,0x0,0x0,0x0,0x77,0x0,0x68,0x0,
0x65,0x0,0x6e,0x0,0x0,0x0,0x0,0x0,
0x13,0x0,0x0,0x0,0x65,0x0,0x78,0x0,
0x70,0x0,0x72,0x0,0x65,0x0,0x73,0x0,
0x73,0x0,0x69,0x0,0x6f,0x0,0x6e,0x0,
0x20,0x0,0x66,0x0,0x6f,0x0,0x72,0x0,
0x20,0x0,0x77,0x0,0x68,0x0,0x65,0x0,
0x6e,0x0,0x0,0x0,0x0,0x0,0x0,0x0,
0xf,0x0,0x0,0x0,0x50,0x0,0x72,0x0,
0x6f,0x0,0x70,0x0,0x65,0x0,0x72,0x0,
0x74,0x0,0x79,0x0,0x43,0x0,0x68,0x0,
0x61,0x0,0x6e,0x0,0x67,0x0,0x65,0x0,
0x73,0x0,0x0,0x0,0x0,0x0,0x0,0x0,
0xd,0x0,0x0,0x0,0x41,0x0,0x6e,0x0,
0x63,0x0,0x68,0x0,0x6f,0x0,0x72,0x0,
0x43,0x0,0x68,0x0,0x61,0x0,0x6e,0x0,
0x67,0x0,0x65,0x0,0x73,0x0,0x0,0x0,
0x10,0x0,0x0,0x0,0x68,0x0,0x6f,0x0,
0x72,0x0,0x69,0x0,0x7a,0x0,0x6f,0x0,
0x6e,0x0,0x74,0x0,0x61,0x0,0x6c,0x0,
0x43,0x0,0x65,0x0,0x6e,0x0,0x74,0x0,
0x65,0x0,0x72,0x0,0x0,0x0,0x0,0x0,
0x1f,0x0,0x0,0x0,0x65,0x0,0x78,0x0,
0x70,0x0,0x72,0x0,0x65,0x0,0x73,0x0,
0x73,0x0,0x69,0x0,0x6f,0x0,0x6e,0x0,
0x20,0x0,0x66,0x0,0x6f,0x0,0x72,0x0,
0x20,0x0,0x68,0x0,0x6f,0x0,0x72,0x0,
0x69,0x0,0x7a,0x0,0x6f,0x0,0x6e,0x0,
0x74,0x0,0x61,0x0,0x6c,0x0,0x43,0x0,
0x65,0x0,0x6e,0x0,0x74,0x0,0x65,0x0,
0x72,0x0,0x0,0x0,0x0,0x0,0x0,0x0,
0x9,0x0,0x0,0x0,0x75,0x0,0x6e,0x0,
0x64,0x0,0x65,0x0,0x66,0x0,0x69,0x0,
0x6e,0x0,0x65,0x0,0x64,0x0,0x0,0x0,
0x6,0x0,0x0,0x0,0x62,0x0,0x67,0x0,
0x5f,0x0,0x30,0x0,0x30,0x0,0x31,0x0,
0x0,0x0,0x0,0x0,0x0,0x0,0x0,0x0,
0x9,0x0,0x0,0x0,0x23,0x0,0x35,0x0,
0x30,0x0,0x66,0x0,0x66,0x0,0x66,0x0,
0x66,0x0,0x66,0x0,0x66,0x0,0x0,0x0,
0x9,0x0,0x0,0x0,0x23,0x0,0x38,0x0,
0x30,0x0,0x32,0x0,0x30,0x0,0x32,0x0,
0x30,0x0,0x32,0x0,0x30,0x0,0x0,0x0,
0xe,0x0,0x0,0x0,0x76,0x0,0x65,0x0,
0x72,0x0,0x74,0x0,0x69,0x0,0x63,0x0,
0x61,0x0,0x6c,0x0,0x4f,0x0,0x66,0x0,
0x66,0x0,0x73,0x0,0x65,0x0,0x74,0x0,
0x0,0x0,0x0,0x0,0x0,0x0,0x0,0x0,
0x9,0x0,0x0,0x0,0x46,0x0,0x6c,0x0,
0x69,0x0,0x63,0x0,0x6b,0x0,0x61,0x0,
0x62,0x0,0x6c,0x0,0x65,0x0,0x0,0x0,
0x5,0x0,0x0,0x0,0x73,0x0,0x63,0x0,
0x76,0x0,0x31,0x0,0x31,0x0,0x0,0x0,
0xd,0x0,0x0,0x0,0x63,0x0,0x6f,0x0,
0x6e,0x0,0x74,0x0,0x65,0x0,0x6e,0x0,
0x74,0x0,0x48,0x0,0x65,0x0,0x69,0x0,
0x67,0x0,0x68,0x0,0x74,0x0,0x0,0x0,
0x1c,0x0,0x0,0x0,0x65,0x0,0x78,0x0,
0x70,0x0,0x72,0x0,0x65,0x0,0x73,0x0,
0x73,0x0,0x69,0x0,0x6f,0x0,0x6e,0x0,
0x20,0x0,0x66,0x0,0x6f,0x0,0x72,0x0,
0x20,0x0,0x63,0x0,0x6f,0x0,0x6e,0x0,
0x74,0x0,0x65,0x0,0x6e,0x0,0x74,0x0,
0x48,0x0,0x65,0x0,0x69,0x0,0x67,0x0,
0x68,0x0,0x74,0x0,0x0,0x0,0x0,0x0,
0x4,0x0,0x0,0x0,0x63,0x0,0x6c,0x0,
0x69,0x0,0x70,0x0,0x0,0x0,0x0,0x0,
0x8,0x0,0x0,0x0,0x73,0x0,0x63,0x0,
0x72,0x0,0x6f,0x0,0x6c,0x0,0x6c,0x0,
0x5f,0x0,0x78,0x0,0x0,0x0,0x0,0x0,
0x17,0x0,0x0,0x0,0x65,0x0,0x78,0x0,
0x70,0x0,0x72,0x0,0x65,0x0,0x73,0x0,
0x73,0x0,0x69,0x0,0x6f,0x0,0x6e,0x0,
0x20,0x0,0x66,0x0,0x6f,0x0,0x72,0x0,
0x20,0x0,0x73,0x0,0x63,0x0,0x72,0x0,
0x6f,0x0,0x6c,0x0,0x6c,0x0,0x5f,0x0,
0x78,0x0,0x0,0x0,0x0,0x0,0x0,0x0,
0xb,0x0,0x0,0x0,0x74,0x0,0x6f,0x0,
0x5f,0x0,0x63,0x0,0x6f,0x0,0x6e,0x0,
0x74,0x0,0x65,0x0,0x6e,0x0,0x74,0x0,
0x59,0x0,0x0,0x0,0x0,0x0,0x0,0x0,
0xf,0x0,0x0,0x0,0x61,0x0,0x63,0x0,
0x63,0x0,0x65,0x0,0x70,0x0,0x74,0x0,
0x65,0x0,0x64,0x0,0x42,0x0,0x75,0x0,
0x74,0x0,0x74,0x0,0x6f,0x0,0x6e,0x0,
0x73,0x0,0x0,0x0,0x0,0x0,0x0,0x0,
0x1e,0x0,0x0,0x0,0x65,0x0,0x78,0x0,
0x70,0x0,0x72,0x0,0x65,0x0,0x73,0x0,
0x73,0x0,0x69,0x0,0x6f,0x0,0x6e,0x0,
0x20,0x0,0x66,0x0,0x6f,0x0,0x72,0x0,
0x20,0x0,0x61,0x0,0x63,0x0,0x63,0x0,
0x65,0x0,0x70,0x0,0x74,0x0,0x65,0x0,
0x64,0x0,0x42,0x0,0x75,0x0,0x74,0x0,
0x74,0x0,0x6f,0x0,0x6e,0x0,0x73,0x0,
0x0,0x0,0x0,0x0,0x0,0x0,0x0,0x0,
0x16,0x0,0x0,0x0,0x65,0x0,0x78,0x0,
0x70,0x0,0x72,0x0,0x65,0x0,0x73,0x0,
0x73,0x0,0x69,0x0,0x6f,0x0,0x6e,0x0,
0x20,0x0,0x66,0x0,0x6f,0x0,0x72,0x0,
0x20,0x0,0x65,0x0,0x6e,0x0,0x61,0x0,
0x62,0x0,0x6c,0x0,0x65,0x0,0x64,0x0,
0x0,0x0,0x0,0x0,0x0,0x0,0x0,0x0,
0x11,0x0,0x0,0x0,0x53,0x0,0x6d,0x0,
0x6f,0x0,0x6f,0x0,0x74,0x0,0x68,0x0,
0x65,0x0,0x64,0x0,0x41,0x0,0x6e,0x0,
0x69,0x0,0x6d,0x0,0x61,0x0,0x74,0x0,
0x69,0x0,0x6f,0x0,0x6e,0x0,0x0,0x0,
0x8,0x0,0x0,0x0,0x76,0x0,0x65,0x0,
0x6c,0x0,0x6f,0x0,0x63,0x0,0x69,0x0,
0x74,0x0,0x79,0x0,0x0,0x0,0x0,0x0,
0x8,0x0,0x0,0x0,0x63,0x0,0x6f,0x0,
0x6e,0x0,0x74,0x0,0x65,0x0,0x6e,0x0,
0x74,0x0,0x59,0x0,0x0,0x0,0x0,0x0,
0x11,0x0,0x0,0x0,0x6f,0x0,0x6e,0x0,
0x43,0x0,0x6f,0x0,0x6e,0x0,0x74,0x0,
0x65,0x0,0x6e,0x0,0x74,0x0,0x59,0x0,
0x43,0x0,0x68,0x0,0x61,0x0,0x6e,0x0,
0x67,0x0,0x65,0x0,0x64,0x0,0x0,0x0,
0x20,0x0,0x0,0x0,0x65,0x0,0x78,0x0,
0x70,0x0,0x72,0x0,0x65,0x0,0x73,0x0,
0x73,0x0,0x69,0x0,0x6f,0x0,0x6e,0x0,
0x20,0x0,0x66,0x0,0x6f,0x0,0x72,0x0,
0x20,0x0,0x6f,0x0,0x6e,0x0,0x43,0x0,
0x6f,0x0,0x6e,0x0,0x74,0x0,0x65,0x0,
0x6e,0x0,0x74,0x0,0x59,0x0,0x43,0x0,
0x68,0x0,0x61,0x0,0x6e,0x0,0x67,0x0,
0x65,0x0,0x64,0x0,0x0,0x0,0x0,0x0,
0x9,0x0,0x0,0x0,0x4d,0x0,0x6f,0x0,
0x75,0x0,0x73,0x0,0x65,0x0,0x41,0x0,
0x72,0x0,0x65,0x0,0x61,0x0,0x0,0x0,
0x9,0x0,0x0,0x0,0x6d,0x0,0x61,0x0,
0x72,0x0,0x65,0x0,0x61,0x0,0x5f,0x0,
0x73,0x0,0x63,0x0,0x76,0x0,0x0,0x0,
0xa,0x0,0x0,0x0,0x73,0x0,0x63,0x0,
0x72,0x0,0x6f,0x0,0x6c,0x0,0x6c,0x0,
0x53,0x0,0x74,0x0,0x65,0x0,0x70,0x0,
0x0,0x0,0x0,0x0,0x0,0x0,0x0,0x0,
0x19,0x0,0x0,0x0,0x65,0x0,0x78,0x0,
0x70,0x0,0x72,0x0,0x65,0x0,0x73,0x0,
0x73,0x0,0x69,0x0,0x6f,0x0,0x6e,0x0,
0x20,0x0,0x66,0x0,0x6f,0x0,0x72,0x0,
0x20,0x0,0x73,0x0,0x63,0x0,0x72,0x0,
0x6f,0x0,0x6c,0x0,0x6c,0x0,0x53,0x0,
0x74,0x0,0x65,0x0,0x70,0x0,0x0,0x0,
0x7,0x0,0x0,0x0,0x6f,0x0,0x6e,0x0,
0x57,0x0,0x68,0x0,0x65,0x0,0x65,0x0,
0x6c,0x0,0x0,0x0,0x0,0x0,0x0,0x0,
0x16,0x0,0x0,0x0,0x65,0x0,0x78,0x0,
0x70,0x0,0x72,0x0,0x65,0x0,0x73,0x0,
0x73,0x0,0x69,0x0,0x6f,0x0,0x6e,0x0,
0x20,0x0,0x66,0x0,0x6f,0x0,0x72,0x0,
0x20,0x0,0x6f,0x0,0x6e,0x0,0x57,0x0,
0x68,0x0,0x65,0x0,0x65,0x0,0x6c,0x0,
0x0,0x0,0x0,0x0,0x0,0x0,0x0,0x0,
0x12,0x0,0x0,0x0,0x66,0x0,0x6c,0x0,
0x69,0x0,0x63,0x0,0x6b,0x0,0x61,0x0,
0x62,0x0,0x6c,0x0,0x65,0x0,0x44,0x0,
0x69,0x0,0x72,0x0,0x65,0x0,0x63,0x0,
0x74,0x0,0x69,0x0,0x6f,0x0,0x6e,0x0,
0x0,0x0,0x0,0x0,0x0,0x0,0x0,0x0,
0x21,0x0,0x0,0x0,0x65,0x0,0x78,0x0,
0x70,0x0,0x72,0x0,0x65,0x0,0x73,0x0,
0x73,0x0,0x69,0x0,0x6f,0x0,0x6e,0x0,
0x20,0x0,0x66,0x0,0x6f,0x0,0x72,0x0,
0x20,0x0,0x66,0x0,0x6c,0x0,0x69,0x0,
0x63,0x0,0x6b,0x0,0x61,0x0,0x62,0x0,
0x6c,0x0,0x65,0x0,0x44,0x0,0x69,0x0,
0x72,0x0,0x65,0x0,0x63,0x0,0x74,0x0,
0x69,0x0,0x6f,0x0,0x6e,0x0,0x0,0x0,
0x7,0x0,0x0,0x0,0x42,0x0,0x69,0x0,
0x6e,0x0,0x64,0x0,0x69,0x0,0x6e,0x0,
0x67,0x0,0x0,0x0,0x0,0x0,0x0,0x0,
0x5,0x0,0x0,0x0,0x76,0x0,0x61,0x0,
0x6c,0x0,0x75,0x0,0x65,0x0,0x0,0x0,
0x14,0x0,0x0,0x0,0x65,0x0,0x78,0x0,
0x70,0x0,0x72,0x0,0x65,0x0,0x73,0x0,
0x73,0x0,0x69,0x0,0x6f,0x0,0x6e,0x0,
0x20,0x0,0x66,0x0,0x6f,0x0,0x72,0x0,
0x20,0x0,0x76,0x0,0x61,0x0,0x6c,0x0,
0x75,0x0,0x65,0x0,0x0,0x0,0x0,0x0,
0xc,0x0,0x0,0x0,0x63,0x0,0x6f,0x0,
0x6e,0x0,0x74,0x0,0x65,0x0,0x6e,0x0,
0x74,0x0,0x57,0x0,0x69,0x0,0x64,0x0,
0x74,0x0,0x68,0x0,0x0,0x0,0x0,0x0,
0x9,0x0,0x0,0x0,0x53,0x0,0x63,0x0,
0x72,0x0,0x6f,0x0,0x6c,0x0,0x6c,0x0,
0x42,0x0,0x61,0x0,0x72,0x0,0x0,0x0,
0xc,0x0,0x0,0x0,0x73,0x0,0x63,0x0,
0x72,0x0,0x6f,0x0,0x6c,0x0,0x6c,0x0,
0x62,0x0,0x61,0x0,0x72,0x0,0x5f,0x0,
0x68,0x0,0x31,0x0,0x0,0x0,0x0,0x0,
0x6,0x0,0x0,0x0,0x70,0x0,0x6f,0x0,
0x6c,0x0,0x69,0x0,0x63,0x0,0x79,0x0,
0x0,0x0,0x0,0x0,0x0,0x0,0x0,0x0,
0x15,0x0,0x0,0x0,0x65,0x0,0x78,0x0,
0x70,0x0,0x72,0x0,0x65,0x0,0x73,0x0,
0x73,0x0,0x69,0x0,0x6f,0x0,0x6e,0x0,
0x20,0x0,0x66,0x0,0x6f,0x0,0x72,0x0,
0x20,0x0,0x70,0x0,0x6f,0x0,0x6c,0x0,
0x69,0x0,0x63,0x0,0x79,0x0,0x0,0x0,
0xa,0x0,0x0,0x0,0x68,0x0,0x6f,0x0,
0x72,0x0,0x69,0x0,0x7a,0x0,0x6f,0x0,
0x6e,0x0,0x74,0x0,0x61,0x0,0x6c,0x0,
0x0,0x0,0x0,0x0,0x0,0x0,0x0,0x0,
0xc,0x0,0x0,0x0,0x73,0x0,0x63,0x0,
0x72,0x0,0x6f,0x0,0x6c,0x0,0x6c,0x0,
0x62,0x0,0x61,0x0,0x72,0x0,0x5f,0x0,
0x76,0x0,0x31,0x0,0x0,0x0,0x0,0x0,
0x8,0x0,0x0,0x0,0x76,0x0,0x65,0x0,
0x72,0x0,0x74,0x0,0x69,0x0,0x63,0x0,
0x61,0x0,0x6c,0x0,0x0,0x0,0x0,0x0,
0x8,0x0,0x0,0x0,0x73,0x0,0x63,0x0,
0x72,0x0,0x6f,0x0,0x6c,0x0,0x6c,0x0,
0x5f,0x0,0x79,0x0,0x0,0x0,0x0,0x0,
0x17,0x0,0x0,0x0,0x65,0x0,0x78,0x0,
0x70,0x0,0x72,0x0,0x65,0x0,0x73,0x0,
0x73,0x0,0x69,0x0,0x6f,0x0,0x6e,0x0,
0x20,0x0,0x66,0x0,0x6f,0x0,0x72,0x0,
0x20,0x0,0x73,0x0,0x63,0x0,0x72,0x0,
0x6f,0x0,0x6c,0x0,0x6c,0x0,0x5f,0x0,
0x79,0x0,0x0,0x0,0x0,0x0,0x0,0x0,
0xf,0x0,0x0,0x0,0x6f,0x0,0x6e,0x0,
0x48,0x0,0x65,0x0,0x69,0x0,0x67,0x0,
0x68,0x0,0x74,0x0,0x43,0x0,0x68,0x0,
0x61,0x0,0x6e,0x0,0x67,0x0,0x65,0x0,
0x64,0x0,0x0,0x0,0x0,0x0,0x0,0x0,
0x1e,0x0,0x0,0x0,0x65,0x0,0x78,0x0,
0x70,0x0,0x72,0x0,0x65,0x0,0x73,0x0,
0x73,0x0,0x69,0x0,0x6f,0x0,0x6e,0x0,
0x20,0x0,0x66,0x0,0x6f,0x0,0x72,0x0,
0x20,0x0,0x6f,0x0,0x6e,0x0,0x48,0x0,
0x65,0x0,0x69,0x0,0x67,0x0,0x68,0x0,
0x74,0x0,0x43,0x0,0x68,0x0,0x61,0x0,
0x6e,0x0,0x67,0x0,0x65,0x0,0x64,0x0,
0x0,0x0,0x0,0x0,0x0,0x0,0x0,0x0,
0x11,0x0,0x0,0x0,0x6f,0x0,0x6e,0x0,
0x53,0x0,0x63,0x0,0x72,0x0,0x6f,0x0,
0x6c,0x0,0x6c,0x0,0x5f,0x0,0x79,0x0,
0x43,0x0,0x68,0x0,0x61,0x0,0x6e,0x0,
0x67,0x0,0x65,0x0,0x64,0x0,0x0,0x0,
0x20,0x0,0x0,0x0,0x65,0x0,0x78,0x0,
0x70,0x0,0x72,0x0,0x65,0x0,0x73,0x0,
0x73,0x0,0x69,0x0,0x6f,0x0,0x6e,0x0,
0x20,0x0,0x66,0x0,0x6f,0x0,0x72,0x0,
0x20,0x0,0x6f,0x0,0x6e,0x0,0x53,0x0,
0x63,0x0,0x72,0x0,0x6f,0x0,0x6c,0x0,
0x6c,0x0,0x5f,0x0,0x79,0x0,0x43,0x0,
0x68,0x0,0x61,0x0,0x6e,0x0,0x67,0x0,
0x65,0x0,0x64,0x0,0x0,0x0,0x0,0x0,
0x10,0x0,0x0,0x0,0x73,0x0,0x6f,0x0,
0x75,0x0,0x70,0x0,0x6c,0x0,0x65,0x0,
0x45,0x0,0x64,0x0,0x69,0x0,0x74,0x0,
0x5f,0x0,0x63,0x0,0x6f,0x0,0x76,0x0,
0x65,0x0,0x72,0x0,0x0,0x0,0x0,0x0,
0xa,0x0,0x0,0x0,0x53,0x0,0x6f,0x0,
0x75,0x0,0x70,0x0,0x6c,0x0,0x65,0x0,
0x45,0x0,0x64,0x0,0x69,0x0,0x74,0x0,
0x0,0x0,0x0,0x0,0x0,0x0,0x0,0x0,
0xa,0x0,0x0,0x0,0x6f,0x0,0x62,0x0,
0x6a,0x0,0x65,0x0,0x63,0x0,0x74,0x0,
0x4e,0x0,0x61,0x0,0x6d,0x0,0x65,0x0,
0x0,0x0,0x0,0x0,0x0,0x0,0x0,0x0,
0xe,0x0,0x0,0x0,0x71,0x0,0x6d,0x0,
0x6c,0x0,0x5f,0x0,0x73,0x0,0x6f,0x0,
0x75,0x0,0x70,0x0,0x6c,0x0,0x65,0x0,
0x45,0x0,0x64,0x0,0x69,0x0,0x74,0x0,
0x0,0x0,0x0,0x0,0x0,0x0,0x0,0x0,
0x5,0x0,0x0,0x0,0x53,0x0,0x63,0x0,
0x61,0x0,0x6c,0x0,0x65,0x0,0x0,0x0,
0x6,0x0,0x0,0x0,0x6f,0x0,0x72,0x0,
0x69,0x0,0x67,0x0,0x69,0x0,0x6e,0x0,
0x0,0x0,0x0,0x0,0x0,0x0,0x0,0x0,
0x6,0x0,0x0,0x0,0x79,0x0,0x53,0x0,
0x63,0x0,0x61,0x0,0x6c,0x0,0x65,0x0,
0x0,0x0,0x0,0x0,0x0,0x0,0x0,0x0,
0x15,0x0,0x0,0x0,0x65,0x0,0x78,0x0,
0x70,0x0,0x72,0x0,0x65,0x0,0x73,0x0,
0x73,0x0,0x69,0x0,0x6f,0x0,0x6e,0x0,
0x20,0x0,0x66,0x0,0x6f,0x0,0x72,0x0,
0x20,0x0,0x79,0x0,0x53,0x0,0x63,0x0,
0x61,0x0,0x6c,0x0,0x65,0x0,0x0,0x0,
0x9,0x0,0x0,0x0,0x74,0x0,0x72,0x0,
0x61,0x0,0x6e,0x0,0x73,0x0,0x66,0x0,
0x6f,0x0,0x72,0x0,0x6d,0x0,0x0,0x0,
0xa,0x0,0x0,0x0,0x67,0x0,0x72,0x0,
0x65,0x0,0x79,0x0,0x5f,0x0,0x63,0x0,
0x6f,0x0,0x76,0x0,0x65,0x0,0x72,0x0,
0x0,0x0,0x0,0x0,0x0,0x0,0x0,0x0,
0x9,0x0,0x0,0x0,0x23,0x0,0x35,0x0,
0x30,0x0,0x38,0x0,0x37,0x0,0x38,0x0,
0x37,0x0,0x38,0x0,0x37,0x0,0x0,0x0,
0x4,0x0,0x0,0x0,0x73,0x0,0x68,0x0,
0x6f,0x0,0x77,0x0,0x0,0x0,0x0,0x0,
0xf,0x0,0x0,0x0,0x4f,0x0,0x70,0x0,
0x61,0x0,0x63,0x0,0x69,0x0,0x74,0x0,
0x79,0x0,0x41,0x0,0x6e,0x0,0x69,0x0,
0x6d,0x0,0x61,0x0,0x74,0x0,0x6f,0x0,
0x72,0x0,0x0,0x0,0x0,0x0,0x0,0x0,
0x7,0x0,0x0,0x0,0x61,0x0,0x6e,0x0,
0x69,0x0,0x5f,0x0,0x30,0x0,0x30,0x0,
0x34,0x0,0x0,0x0,0x0,0x0,0x0,0x0,
0x7,0x0,0x0,0x0,0x61,0x0,0x6e,0x0,
0x69,0x0,0x5f,0x0,0x30,0x0,0x30,0x0,
0x33,0x0,0x0,0x0,0x0,0x0,0x0,0x0,
0xb,0x0,0x0,0x0,0x6d,0x0,0x61,0x0,
0x72,0x0,0x65,0x0,0x61,0x0,0x5f,0x0,
0x63,0x0,0x6f,0x0,0x76,0x0,0x65,0x0,
0x72,0x0,0x0,0x0,0x0,0x0,0x0,0x0,
0xb,0x0,0x0,0x0,0x63,0x0,0x75,0x0,
0x72,0x0,0x73,0x0,0x6f,0x0,0x72,0x0,
0x53,0x0,0x68,0x0,0x61,0x0,0x70,0x0,
0x65,0x0,0x0,0x0,0x0,0x0,0x0,0x0,
0x1a,0x0,0x0,0x0,0x65,0x0,0x78,0x0,
0x70,0x0,0x72,0x0,0x65,0x0,0x73,0x0,
0x73,0x0,0x69,0x0,0x6f,0x0,0x6e,0x0,
0x20,0x0,0x66,0x0,0x6f,0x0,0x72,0x0,
0x20,0x0,0x63,0x0,0x75,0x0,0x72,0x0,
0x73,0x0,0x6f,0x0,0x72,0x0,0x53,0x0,
0x68,0x0,0x61,0x0,0x70,0x0,0x65,0x0,
0x0,0x0,0x0,0x0,0x0,0x0,0x0,0x0,
0x10,0x0,0x0,0x0,0x63,0x0,0x61,0x0,
0x6c,0x0,0x6c,0x0,0x62,0x0,0x61,0x0,
0x63,0x0,0x6b,0x0,0x5f,0x0,0x63,0x0,
0x6c,0x0,0x69,0x0,0x63,0x0,0x6b,0x0,
0x65,0x0,0x64,0x0,0x0,0x0,0x0,0x0,
0x11,0x0,0x0,0x0,0x63,0x0,0x61,0x0,
0x6c,0x0,0x63,0x0,0x65,0x0,0x6c,0x0,
0x5f,0x0,0x63,0x0,0x6f,0x0,0x76,0x0,
0x65,0x0,0x72,0x0,0x5f,0x0,0x61,0x0,
0x72,0x0,0x65,0x0,0x61,0x0,0x0,0x0,
0x5,0x0,0x0,0x0,0x72,0x0,0x69,0x0,
0x67,0x0,0x68,0x0,0x74,0x0,0x0,0x0,
0x14,0x0,0x0,0x0,0x65,0x0,0x78,0x0,
0x70,0x0,0x72,0x0,0x65,0x0,0x73,0x0,
0x73,0x0,0x69,0x0,0x6f,0x0,0x6e,0x0,
0x20,0x0,0x66,0x0,0x6f,0x0,0x72,0x0,
0x20,0x0,0x72,0x0,0x69,0x0,0x67,0x0,
0x68,0x0,0x74,0x0,0x0,0x0,0x0,0x0,
0x15,0x0,0x0,0x0,0x65,0x0,0x78,0x0,
0x70,0x0,0x72,0x0,0x65,0x0,0x73,0x0,
0x73,0x0,0x69,0x0,0x6f,0x0,0x6e,0x0,
0x20,0x0,0x66,0x0,0x6f,0x0,0x72,0x0,
0x20,0x0,0x62,0x0,0x6f,0x0,0x74,0x0,
0x74,0x0,0x6f,0x0,0x6d,0x0,0x0,0x0,
0x5,0x0,0x0,0x0,0x73,0x0,0x63,0x0,
0x61,0x0,0x6c,0x0,0x65,0x0,0x0,0x0,
0x14,0x0,0x0,0x0,0x65,0x0,0x78,0x0,
0x70,0x0,0x72,0x0,0x65,0x0,0x73,0x0,
0x73,0x0,0x69,0x0,0x6f,0x0,0x6e,0x0,
0x20,0x0,0x66,0x0,0x6f,0x0,0x72,0x0,
0x20,0x0,0x73,0x0,0x63,0x0,0x61,0x0,
0x6c,0x0,0x65,0x0,0x0,0x0,0x0,0x0,
0x9,0x0,0x0,0x0,0x23,0x0,0x42,0x0,
0x42,0x0,0x46,0x0,0x30,0x0,0x34,0x0,
0x46,0x0,0x35,0x0,0x32,0x0,0x0,0x0,
0x7,0x0,0x0,0x0,0xd6,0x53,0x88,0x6d,
0x28,0x0,0x45,0x0,0x73,0x0,0x63,0x0,
0x29,0x0,0x0,0x0,0x0,0x0,0x0,0x0,
0x9,0x0,0x0,0x0,0x6d,0x0,0x61,0x0,
0x72,0x0,0x65,0x0,0x61,0x0,0x5f,0x0,
0x30,0x0,0x30,0x0,0x32,0x0,0x0,0x0,
0xc,0x0,0x0,0x0,0x68,0x0,0x6f,0x0,
0x76,0x0,0x65,0x0,0x72,0x0,0x45,0x0,
0x6e,0x0,0x61,0x0,0x62,0x0,0x6c,0x0,
0x65,0x0,0x64,0x0,0x0,0x0,0x0,0x0,
0x11,0x0,0x0,0x0,0x70,0x0,0x61,0x0,
0x67,0x0,0x65,0x0,0x5f,0x0,0x70,0x0,
0x72,0x0,0x6f,0x0,0x70,0x0,0x65,0x0,
0x72,0x0,0x74,0x0,0x79,0x0,0x50,0x0,
0x61,0x0,0x6e,0x0,0x65,0x0,0x0,0x0,
0xa,0x0,0x0,0x0,0x68,0x0,0x65,0x0,
0x61,0x0,0x64,0x0,0x65,0x0,0x72,0x0,
0x5f,0x0,0x30,0x0,0x30,0x0,0x31,0x0,
0x0,0x0,0x0,0x0,0x0,0x0,0x0,0x0,
0x1,0x0,0x0,0x0,0x3c,0x0,0x0,0x0,
0x7,0x0,0x0,0x0,0x54,0x0,0x6f,0x0,
0x6f,0x0,0x6c,0x0,0x54,0x0,0x69,0x0,
0x70,0x0,0x0,0x0,0x0,0x0,0x0,0x0,
0x5,0x0,0x0,0x0,0xfb,0x79,0xa8,0x52,
0xe5,0x8b,0x62,0x97,0x7f,0x67,0x0,0x0,
0x5,0x0,0x0,0x0,0x64,0x0,0x65,0x0,
0x6c,0x0,0x61,0x0,0x79,0x0,0x0,0x0,
0x8,0x0,0x0,0x0,0x74,0x0,0x65,0x0,
0x78,0x0,0x74,0x0,0x5f,0x0,0x30,0x0,
0x30,0x0,0x31,0x0,0x0,0x0,0x0,0x0,
0x5,0x0,0x0,0x0,0x56,0x27,0x5e,0x5c,
0x27,0x60,0x62,0x97,0x7f,0x67,0x0,0x0,
0x1,0x0,0x0,0x0,0xbf,0x29,0x0,0x0,
0x8,0x0,0x0,0x0,0x72,0x0,0x65,0x0,
0x63,0x0,0x74,0x0,0x5f,0x0,0x30,0x0,
0x30,0x0,0x31,0x0,0x0,0x0,0x0,0x0,
0xd,0x0,0x0,0x0,0x62,0x0,0x67,0x0,
0x5f,0x0,0x72,0x0,0x69,0x0,0x67,0x0,
0x68,0x0,0x74,0x0,0x5f,0x0,0x70,0x0,
0x61,0x0,0x6e,0x0,0x65,0x0,0x0,0x0,
0x7,0x0,0x0,0x0,0x23,0x0,0x39,0x0,
0x36,0x0,0x39,0x0,0x36,0x0,0x39,0x0,
0x36,0x0,0x0,0x0,0x0,0x0,0x0,0x0,
0xa,0x0,0x0,0x0,0x53,0x0,0x63,0x0,
0x72,0x0,0x6f,0x0,0x6c,0x0,0x6c,0x0,
0x56,0x0,0x69,0x0,0x65,0x0,0x77,0x0,
0x0,0x0,0x0,0x0,0x0,0x0,0x0,0x0,
0xf,0x0,0x0,0x0,0x70,0x0,0x61,0x0,
0x6e,0x0,0x65,0x0,0x5f,0x0,0x63,0x0,
0x6f,0x0,0x75,0x0,0x6c,0x0,0x6d,0x0,
0x6e,0x0,0x5f,0x0,0x30,0x0,0x30,0x0,
0x31,0x0,0x0,0x0,0x0,0x0,0x0,0x0,
0xd,0x0,0x0,0x0,0x70,0x0,0x61,0x0,
0x6e,0x0,0x65,0x0,0x5f,0x0,0x70,0x0,
0x72,0x0,0x6f,0x0,0x70,0x0,0x65,0x0,
0x72,0x0,0x74,0x0,0x79,0x0,0x0,0x0,
0x18,0x0,0x0,0x0,0x6f,0x0,0x6e,0x0,
0x53,0x0,0x6f,0x0,0x75,0x0,0x72,0x0,
0x63,0x0,0x65,0x0,0x43,0x0,0x6f,0x0,
0x6d,0x0,0x70,0x0,0x6f,0x0,0x6e,0x0,
0x65,0x0,0x6e,0x0,0x74,0x0,0x43,0x0,
0x68,0x0,0x61,0x0,0x6e,0x0,0x67,0x0,
0x65,0x0,0x64,0x0,0x0,0x0,0x0,0x0,
0x27,0x0,0x0,0x0,0x65,0x0,0x78,0x0,
0x70,0x0,0x72,0x0,0x65,0x0,0x73,0x0,
0x73,0x0,0x69,0x0,0x6f,0x0,0x6e,0x0,
0x20,0x0,0x66,0x0,0x6f,0x0,0x72,0x0,
0x20,0x0,0x6f,0x0,0x6e,0x0,0x53,0x0,
0x6f,0x0,0x75,0x0,0x72,0x0,0x63,0x0,
0x65,0x0,0x43,0x0,0x6f,0x0,0x6d,0x0,
0x70,0x0,0x6f,0x0,0x6e,0x0,0x65,0x0,
0x6e,0x0,0x74,0x0,0x43,0x0,0x68,0x0,
0x61,0x0,0x6e,0x0,0x67,0x0,0x65,0x0,
0x64,0x0,0x0,0x0,0x0,0x0,0x0,0x0,
0x4,0x0,0x0,0x0,0x50,0x0,0x61,0x0,
0x6e,0x0,0x65,0x0,0x0,0x0,0x0,0x0,
0x7,0x0,0x0,0x0,0x23,0x0,0x39,0x0,
0x39,0x0,0x39,0x0,0x39,0x0,0x39,0x0,
0x39,0x0,0x0,0x0,0x0,0x0,0x0,0x0,
0xe,0x0,0x0,0x0,0x69,0x0,0x6d,0x0,
0x70,0x0,0x6c,0x0,0x69,0x0,0x63,0x0,
0x69,0x0,0x74,0x0,0x48,0x0,0x65,0x0,
0x69,0x0,0x67,0x0,0x68,0x0,0x74,0x0,
0x0,0x0,0x0,0x0,0x0,0x0,0x0,0x0,
0x7,0x0,0x0,0x0,0x23,0x0,0x39,0x0,
0x30,0x0,0x39,0x0,0x30,0x0,0x39,0x0,
0x30,0x0,0x0,0x0,0x0,0x0,0x0,0x0,
0xa,0x0,0x0,0x0,0x74,0x0,0x69,0x0,
0x70,0x0,0x5f,0x0,0x73,0x0,0x74,0x0,
0x61,0x0,0x74,0x0,0x75,0x0,0x73,0x0,
0x0,0x0,0x0,0x0,0x0,0x0,0x0,0x0,
0xd,0x0,0x0,0x0,0x53,0x0,0x6f,0x0,
0x75,0x0,0x70,0x0,0x6c,0x0,0x65,0x0,
0x16,0x7f,0x91,0x8f,0x68,0x56,0x20,0x0,
0x31,0x0,0x2e,0x0,0x30,0x0,0x0,0x0,
0xb,0x0,0x0,0x0,0x74,0x0,0x69,0x0,
0x70,0x0,0x5f,0x0,0x73,0x0,0x74,0x0,
0x61,0x0,0x74,0x0,0x75,0x0,0x73,0x0,
0x32,0x0,0x0,0x0,0x0,0x0,0x0,0x0,
0x4,0x0,0x0,0x0,0x16,0x7f,0x91,0x8f,
0x21,0x6a,0xf,0x5f,0x0,0x0,0x0,0x0,
0x8,0x0,0x0,0x0,0x74,0x0,0x61,0x0,
0x73,0x0,0x6b,0x0,0x5f,0x0,0x72,0x0,
0x6f,0x0,0x77,0x0,0x0,0x0,0x0,0x0,
0x7,0x0,0x0,0x0,0x61,0x0,0x64,0x0,
0x64,0x0,0x54,0x0,0x61,0x0,0x73,0x0,
0x6b,0x0,0x0,0x0,0x0,0x0,0x0,0x0,
0x7,0x0,0x0,0x0,0x63,0x0,0x70,0x0,
0x5f,0x0,0x74,0x0,0x61,0x0,0x73,0x0,
0x6b,0x0,0x0,0x0,0x0,0x0,0x0,0x0,
0x2,0x0,0x0,0x0,0xfb,0x4e,0xa1,0x52,
0x0,0x0,0x0,0x0,0x0,0x0,0x0,0x0,
0xb,0x0,0x0,0x0,0x73,0x0,0x65,0x0,
0x74,0x0,0x50,0x0,0x72,0x0,0x6f,0x0,
0x67,0x0,0x72,0x0,0x65,0x0,0x73,0x0,
0x73,0x0,0x0,0x0,0x0,0x0,0x0,0x0,
0x8,0x0,0x0,0x0,0x70,0x0,0x72,0x0,
0x6f,0x0,0x67,0x0,0x72,0x0,0x65,0x0,
0x73,0x0,0x73,0x0,0x0,0x0,0x0,0x0,
0xd,0x0,0x0,0x0,0x70,0x0,0x72,0x0,
0x6f,0x0,0x67,0x0,0x72,0x0,0x65,0x0,
0x73,0x0,0x73,0x0,0x5f,0x0,0x72,0x0,
0x65,0x0,0x63,0x0,0x74,0x0,0x0,0x0,
0x7,0x0,0x0,0x0,0x23,0x0,0x33,0x0,
0x46,0x0,0x42,0x0,0x38,0x0,0x33,0x0,
0x43,0x0,0x0,0x0,0x0,0x0,0x0,0x0,
0x9,0x0,0x0,0x0,0x23,0x0,0x30,0x0,
0x30,0x0,0x30,0x0,0x30,0x0,0x30,0x0,
0x30,0x0,0x30,0x0,0x30,0x0,0x0,0x0,
0x6,0x0,0x0,0x0,0x53,0x0,0x6c,0x0,
0x69,0x0,0x64,0x0,0x65,0x0,0x72,0x0,
0x0,0x0,0x0,0x0,0x0,0x0,0x0,0x0,
0x11,0x0,0x0,0x0,0x76,0x0,0x69,0x0,
0x65,0x0,0x77,0x0,0x5f,0x0,0x73,0x0,
0x63,0x0,0x61,0x0,0x6c,0x0,0x65,0x0,
0x5f,0x0,0x73,0x0,0x6c,0x0,0x69,0x0,
0x64,0x0,0x65,0x0,0x72,0x0,0x0,0x0,
0x6,0x0,0x0,0x0,0x76,0x0,0x61,0x0,
0x6c,0x0,0x75,0x0,0x65,0x0,0x32,0x0,
0x0,0x0,0x0,0x0,0x0,0x0,0x0,0x0,
0x15,0x0,0x0,0x0,0x65,0x0,0x78,0x0,
0x70,0x0,0x72,0x0,0x65,0x0,0x73,0x0,
0x73,0x0,0x69,0x0,0x6f,0x0,0x6e,0x0,
0x20,0x0,0x66,0x0,0x6f,0x0,0x72,0x0,
0x20,0x0,0x76,0x0,0x61,0x0,0x6c,0x0,
0x75,0x0,0x65,0x0,0x32,0x0,0x0,0x0,
0x7,0x0,0x0,0x0,0x23,0x0,0x32,0x0,
0x36,0x0,0x38,0x0,0x46,0x0,0x34,0x0,
0x46,0x0,0x0,0x0,0x0,0x0,0x0,0x0,
0x13,0x0,0x0,0x0,0x65,0x0,0x78,0x0,
0x70,0x0,0x72,0x0,0x65,0x0,0x73,0x0,
0x73,0x0,0x69,0x0,0x6f,0x0,0x6e,0x0,
0x20,0x0,0x66,0x0,0x6f,0x0,0x72,0x0,
0x20,0x0,0x66,0x0,0x72,0x0,0x6f,0x0,
0x6d,0x0,0x0,0x0,0x0,0x0,0x0,0x0,
0x12,0x0,0x0,0x0,0x4d,0x0,0x61,0x0,
0x69,0x0,0x6e,0x0,0x57,0x0,0x69,0x0,
0x6e,0x0,0x64,0x0,0x6f,0x0,0x77,0x0,
0x54,0x0,0x69,0x0,0x74,0x0,0x6c,0x0,
0x65,0x0,0x42,0x0,0x61,0x0,0x72,0x0,
0x0,0x0,0x0,0x0,0x0,0x0,0x0,0x0,
0xd,0x0,0x0,0x0,0x6d,0x0,0x61,0x0,
0x69,0x0,0x6e,0x0,0x5f,0x0,0x74,0x0,
0x69,0x0,0x74,0x0,0x6c,0x0,0x65,0x0,
0x42,0x0,0x61,0x0,0x72,0x0,0x0,0x0,
0x10,0x0,0x0,0x0,0x65,0x0,0x78,0x0,
0x70,0x0,0x72,0x0,0x65,0x0,0x73,0x0,
0x73,0x0,0x69,0x0,0x6f,0x0,0x6e,0x0,
0x20,0x0,0x66,0x0,0x6f,0x0,0x72,0x0,
0x20,0x0,0x79,0x0,0x0,0x0,0x0,0x0,
0x5,0x0,0x0,0x0,0x50,0x0,0x6f,0x0,
0x70,0x0,0x75,0x0,0x70,0x0,0x0,0x0,
0x11,0x0,0x0,0x0,0x70,0x0,0x6f,0x0,
0x70,0x0,0x75,0x0,0x70,0x0,0x5f,0x0,
0x73,0x0,0x65,0x0,0x6c,0x0,0x65,0x0,
0x63,0x0,0x74,0x0,0x53,0x0,0x63,0x0,
0x61,0x0,0x6c,0x0,0x65,0x0,0x0,0x0,
0x8,0x0,0x0,0x0,0x6f,0x0,0x6e,0x0,
0x4f,0x0,0x70,0x0,0x65,0x0,0x6e,0x0,
0x65,0x0,0x64,0x0,0x0,0x0,0x0,0x0,
0x17,0x0,0x0,0x0,0x65,0x0,0x78,0x0,
0x70,0x0,0x72,0x0,0x65,0x0,0x73,0x0,
0x73,0x0,0x69,0x0,0x6f,0x0,0x6e,0x0,
0x20,0x0,0x66,0x0,0x6f,0x0,0x72,0x0,
0x20,0x0,0x6f,0x0,0x6e,0x0,0x4f,0x0,
0x70,0x0,0x65,0x0,0x6e,0x0,0x65,0x0,
0x64,0x0,0x0,0x0,0x0,0x0,0x0,0x0,
0x4,0x0,0x0,0x0,0x3e,0x66,0x3a,0x79,
0xd4,0x6b,0x8b,0x4f,0x0,0x0,0x0,0x0,
0xb,0x0,0x0,0x0,0x52,0x0,0x61,0x0,
0x64,0x0,0x69,0x0,0x6f,0x0,0x42,0x0,
0x75,0x0,0x74,0x0,0x74,0x0,0x6f,0x0,
0x6e,0x0,0x0,0x0,0x0,0x0,0x0,0x0,
0x4,0x0,0x0,0x0,0x32,0x0,0x30,0x0,
0x30,0x0,0x25,0x0,0x0,0x0,0x0,0x0,
0x4,0x0,0x0,0x0,0x31,0x0,0x33,0x0,
0x30,0x0,0x25,0x0,0x0,0x0,0x0,0x0,
0x4,0x0,0x0,0x0,0x31,0x0,0x30,0x0,
0x30,0x0,0x25,0x0,0x0,0x0,0x0,0x0,
0x3,0x0,0x0,0x0,0x37,0x0,0x35,0x0,
0x25,0x0,0x0,0x0,0x0,0x0,0x0,0x0,
0x2,0x0,0x0,0x0,0x75,0x98,0xbd,0x5b,
0x0,0x0,0x0,0x0,0x0,0x0,0x0,0x0,
0x3,0x0,0x0,0x0,0xea,0x81,0x9a,0x5b,
0x49,0x4e,0x0,0x0,0x0,0x0,0x0,0x0,
0xf,0x0,0x0,0x0,0x4d,0x0,0x79,0x0,
0x44,0x0,0x6f,0x0,0x75,0x0,0x62,0x0,
0x6c,0x0,0x65,0x0,0x53,0x0,0x70,0x0,
0x69,0x0,0x6e,0x0,0x42,0x0,0x6f,0x0,
0x78,0x0,0x0,0x0,0x0,0x0,0x0,0x0,
0x11,0x0,0x0,0x0,0x73,0x0,0x70,0x0,
0x69,0x0,0x6e,0x0,0x62,0x0,0x6f,0x0,
0x78,0x0,0x5f,0x0,0x30,0x0,0x30,0x0,
0x31,0x0,0x5f,0x0,0x73,0x0,0x63,0x0,
0x61,0x0,0x6c,0x0,0x65,0x0,0x0,0x0,
0x4,0x0,0x0,0x0,0x73,0x0,0x74,0x0,
0x65,0x0,0x70,0x0,0x0,0x0,0x0,0x0,
0x6,0x0,0x0,0x0,0x73,0x0,0x75,0x0,
0x66,0x0,0x66,0x0,0x69,0x0,0x78,0x0,
0x0,0x0,0x0,0x0,0x0,0x0,0x0,0x0,
0x1,0x0,0x0,0x0,0x25,0x0,0x0,0x0,
0x9,0x0,0x0,0x0,0x70,0x0,0x72,0x0,
0x65,0x0,0x63,0x0,0x69,0x0,0x73,0x0,
0x69,0x0,0x6f,0x0,0x6e,0x0,0x0,0x0,
0xe,0x0,0x0,0x0,0x6f,0x0,0x6e,0x0,
0x56,0x0,0x61,0x0,0x6c,0x0,0x75,0x0,
0x65,0x0,0x43,0x0,0x68,0x0,0x61,0x0,
0x6e,0x0,0x67,0x0,0x65,0x0,0x64,0x0,
0x0,0x0,0x0,0x0,0x0,0x0,0x0,0x0,
0x1d,0x0,0x0,0x0,0x65,0x0,0x78,0x0,
0x70,0x0,0x72,0x0,0x65,0x0,0x73,0x0,
0x73,0x0,0x69,0x0,0x6f,0x0,0x6e,0x0,
0x20,0x0,0x66,0x0,0x6f,0x0,0x72,0x0,
0x20,0x0,0x6f,0x0,0x6e,0x0,0x56,0x0,
0x61,0x0,0x6c,0x0,0x75,0x0,0x65,0x0,
0x43,0x0,0x68,0x0,0x61,0x0,0x6e,0x0,
0x67,0x0,0x65,0x0,0x64,0x0,0x0,0x0,
0xf,0x0,0x0,0x0,0x70,0x0,0x72,0x0,
0x6f,0x0,0x70,0x0,0x65,0x0,0x72,0x0,
0x74,0x0,0x79,0x0,0x5f,0x0,0x77,0x0,
0x69,0x0,0x6e,0x0,0x64,0x0,0x6f,0x0,
0x77,0x0,0x0,0x0,0x0,0x0,0x0,0x0,
0x8,0x0,0x0,0x0,0x6d,0x0,0x6f,0x0,
0x64,0x0,0x61,0x0,0x6c,0x0,0x69,0x0,
0x74,0x0,0x79,0x0,0x0,0x0,0x0,0x0,
0x17,0x0,0x0,0x0,0x65,0x0,0x78,0x0,
0x70,0x0,0x72,0x0,0x65,0x0,0x73,0x0,
0x73,0x0,0x69,0x0,0x6f,0x0,0x6e,0x0,
0x20,0x0,0x66,0x0,0x6f,0x0,0x72,0x0,
0x20,0x0,0x6d,0x0,0x6f,0x0,0x64,0x0,
0x61,0x0,0x6c,0x0,0x69,0x0,0x74,0x0,
0x79,0x0,0x0,0x0,0x0,0x0,0x0,0x0,
0xa,0x0,0x0,0x0,0x74,0x0,0x69,0x0,
0x74,0x0,0x6c,0x0,0x65,0x0,0x5f,0x0,
0x30,0x0,0x30,0x0,0x30,0x0,0x32,0x0,
0x0,0x0,0x0,0x0,0x0,0x0,0x0,0x0,
0x7,0x0,0x0,0x0,0x23,0x0,0x31,0x0,
0x36,0x0,0x33,0x0,0x33,0x0,0x31,0x0,
0x36,0x0,0x0,0x0,0x0,0x0,0x0,0x0,
0x4,0x0,0x0,0x0,0x5e,0x5c,0x27,0x60,
0x62,0x97,0x7f,0x67,0x0,0x0,0x0,0x0,
0x11,0x0,0x0,0x0,0x6f,0x0,0x6e,0x0,
0x50,0x0,0x6f,0x0,0x73,0x0,0x69,0x0,
0x74,0x0,0x69,0x0,0x6f,0x0,0x6e,0x0,
0x43,0x0,0x68,0x0,0x61,0x0,0x6e,0x0,
0x67,0x0,0x65,0x0,0x64,0x0,0x0,0x0,
0x20,0x0,0x0,0x0,0x65,0x0,0x78,0x0,
0x70,0x0,0x72,0x0,0x65,0x0,0x73,0x0,
0x73,0x0,0x69,0x0,0x6f,0x0,0x6e,0x0,
0x20,0x0,0x66,0x0,0x6f,0x0,0x72,0x0,
0x20,0x0,0x6f,0x0,0x6e,0x0,0x50,0x0,
0x6f,0x0,0x73,0x0,0x69,0x0,0x74,0x0,
0x69,0x0,0x6f,0x0,0x6e,0x0,0x43,0x0,
0x68,0x0,0x61,0x0,0x6e,0x0,0x67,0x0,
0x65,0x0,0x64,0x0,0x0,0x0,0x0,0x0,
0x1,0x0,0x0,0x0,0xd7,0x0,0x0,0x0,
0xf,0x0,0x0,0x0,0x70,0x0,0x61,0x0,
0x6e,0x0,0x65,0x0,0x5f,0x0,0x63,0x0,
0x6f,0x0,0x75,0x0,0x6c,0x0,0x6d,0x0,
0x6e,0x0,0x5f,0x0,0x30,0x0,0x30,0x0,
0x32,0x0,0x0,0x0,0x0,0x0,0x0,0x0,
0xe,0x0,0x0,0x0,0x70,0x0,0x61,0x0,
0x6e,0x0,0x65,0x0,0x5f,0x0,0x70,0x0,
0x72,0x0,0x6f,0x0,0x70,0x0,0x65,0x0,
0x72,0x0,0x74,0x0,0x79,0x0,0x32,0x0,
0x0,0x0,0x0,0x0,0x0,0x0,0x0,0x0,
0x6,0x0,0x0,0x0,0x43,0x0,0x61,0x0,
0x6e,0x0,0x76,0x0,0x61,0x0,0x73,0x0,
0x0,0x0,0x0,0x0,0x0,0x0,0x0,0x0,
0x7,0x0,0x0,0x0,0x6f,0x0,0x6e,0x0,
0x50,0x0,0x61,0x0,0x69,0x0,0x6e,0x0,
0x74,0x0,0x0,0x0,0x0,0x0,0x0,0x0,
0x16,0x0,0x0,0x0,0x65,0x0,0x78,0x0,
0x70,0x0,0x72,0x0,0x65,0x0,0x73,0x0,
0x73,0x0,0x69,0x0,0x6f,0x0,0x6e,0x0,
0x20,0x0,0x66,0x0,0x6f,0x0,0x72,0x0,
0x20,0x0,0x6f,0x0,0x6e,0x0,0x50,0x0,
0x61,0x0,0x69,0x0,0x6e,0x0,0x74,0x0,
0x0,0x0,0x0,0x0,0x0,0x0,0x0,0x0,
0xf,0x0,0x0,0x0,0x6d,0x0,0x61,0x0,
0x72,0x0,0x65,0x0,0x61,0x0,0x5f,0x0,
0x31,0x0,0x31,0x0,0x68,0x0,0x61,0x0,
0x6e,0x0,0x64,0x0,0x6c,0x0,0x65,0x0,
0x72,0x0,0x0,0x0,0x0,0x0,0x0,0x0,
0x12,0x0,0x0,0x0,0x62,0x0,0x6f,0x0,
0x72,0x0,0x64,0x0,0x65,0x0,0x72,0x0,
0x44,0x0,0x72,0x0,0x61,0x0,0x67,0x0,
0x49,0x0,0x6e,0x0,0x69,0x0,0x74,0x0,
0x69,0x0,0x61,0x0,0x6c,0x0,0x58,0x0,
0x0,0x0,0x0,0x0,0x0,0x0,0x0,0x0,
0x12,0x0,0x0,0x0,0x62,0x0,0x6f,0x0,
0x72,0x0,0x64,0x0,0x65,0x0,0x72,0x0,
0x44,0x0,0x72,0x0,0x61,0x0,0x67,0x0,
0x49,0x0,0x6e,0x0,0x69,0x0,0x74,0x0,
0x69,0x0,0x61,0x0,0x6c,0x0,0x59,0x0,
0x0,0x0,0x0,0x0,0x0,0x0,0x0,0x0,
0xe,0x0,0x0,0x0,0x69,0x0,0x6e,0x0,
0x69,0x0,0x74,0x0,0x69,0x0,0x61,0x0,
0x6c,0x0,0x57,0x0,0x69,0x0,0x6e,0x0,
0x64,0x0,0x6f,0x0,0x77,0x0,0x58,0x0,
0x0,0x0,0x0,0x0,0x0,0x0,0x0,0x0,
0xe,0x0,0x0,0x0,0x69,0x0,0x6e,0x0,
0x69,0x0,0x74,0x0,0x69,0x0,0x61,0x0,
0x6c,0x0,0x57,0x0,0x69,0x0,0x6e,0x0,
0x64,0x0,0x6f,0x0,0x77,0x0,0x59,0x0,
0x0,0x0,0x0,0x0,0x0,0x0,0x0,0x0,
0x12,0x0,0x0,0x0,0x69,0x0,0x6e,0x0,
0x69,0x0,0x74,0x0,0x69,0x0,0x61,0x0,
0x6c,0x0,0x57,0x0,0x69,0x0,0x6e,0x0,
0x64,0x0,0x6f,0x0,0x77,0x0,0x57,0x0,
0x69,0x0,0x64,0x0,0x74,0x0,0x68,0x0,
0x0,0x0,0x0,0x0,0x0,0x0,0x0,0x0,
0x13,0x0,0x0,0x0,0x69,0x0,0x6e,0x0,
0x69,0x0,0x74,0x0,0x69,0x0,0x61,0x0,
0x6c,0x0,0x57,0x0,0x69,0x0,0x6e,0x0,
0x64,0x0,0x6f,0x0,0x77,0x0,0x48,0x0,
0x65,0x0,0x69,0x0,0x67,0x0,0x68,0x0,
0x74,0x0,0x0,0x0,0x0,0x0,0x0,0x0,
0x17,0x0,0x0,0x0,0x63,0x0,0x70,0x0,
0x5f,0x0,0x70,0x0,0x64,0x0,0x66,0x0,
0x4c,0x0,0x6f,0x0,0x61,0x0,0x64,0x0,
0x48,0x0,0x65,0x0,0x6c,0x0,0x70,0x0,
0x65,0x0,0x72,0x0,0x5f,0x0,0x77,0x0,
0x69,0x0,0x6e,0x0,0x64,0x0,0x6f,0x0,
0x77,0x0,0x0,0x0,0x0,0x0,0x0,0x0,
0xd,0x0,0x0,0x0,0x50,0x0,0x64,0x0,
0x66,0x0,0x4c,0x0,0x6f,0x0,0x61,0x0,
0x64,0x0,0x48,0x0,0x65,0x0,0x6c,0x0,
0x70,0x0,0x65,0x0,0x72,0x0,0x0,0x0,
0xa,0x0,0x0,0x0,0x76,0x0,0x69,0x0,
0x73,0x0,0x69,0x0,0x62,0x0,0x69,0x0,
0x6c,0x0,0x69,0x0,0x74,0x0,0x79,0x0,
0x0,0x0,0x0,0x0,0x0,0x0,0x0,0x0,
0x9,0x0,0x0,0x0,0x4d,0x0,0x61,0x0,
0x78,0x0,0x69,0x0,0x6d,0x0,0x69,0x0,
0x7a,0x0,0x65,0x0,0x64,0x0,0x0,0x0,
0x6,0x0,0x0,0x0,0x48,0x0,0x65,0x0,
0x6c,0x0,0x70,0x0,0x65,0x0,0x72,0x0,
0x0,0x0,0x0,0x0,0x0,0x0,0x0,0x0,
0x6,0x0,0x0,0x0,0x44,0x0,0x42,0x0,
0x5f,0x0,0x53,0x0,0x65,0x0,0x74,0x0,
0x0,0x0,0x0,0x0,0x0,0x0,0x0,0x0,
0xb,0x0,0x0,0x0,0x50,0x0,0x72,0x0,
0x6f,0x0,0x74,0x0,0x65,0x0,0x63,0x0,
0x74,0x0,0x5f,0x0,0x45,0x0,0x79,0x0,
0x65,0x0,0x0,0x0,0x0,0x0,0x0,0x0,
0x2,0x0,0x0,0x0,0x51,0x0,0x74,0x0,
0x0,0x0,0x0,0x0,0x0,0x0,0x0,0x0,
0x13,0x0,0x0,0x0,0x46,0x0,0x72,0x0,
0x61,0x0,0x6d,0x0,0x65,0x0,0x6c,0x0,
0x65,0x0,0x73,0x0,0x73,0x0,0x57,0x0,
0x69,0x0,0x6e,0x0,0x64,0x0,0x6f,0x0,
0x77,0x0,0x48,0x0,0x69,0x0,0x6e,0x0,
0x74,0x0,0x0,0x0,0x0,0x0,0x0,0x0,
0x18,0x0,0x0,0x0,0x57,0x0,0x69,0x0,
0x6e,0x0,0x64,0x0,0x6f,0x0,0x77,0x0,
0x4d,0x0,0x69,0x0,0x6e,0x0,0x69,0x0,
0x6d,0x0,0x69,0x0,0x7a,0x0,0x65,0x0,
0x42,0x0,0x75,0x0,0x74,0x0,0x74,0x0,
0x6f,0x0,0x6e,0x0,0x48,0x0,0x69,0x0,
0x6e,0x0,0x74,0x0,0x0,0x0,0x0,0x0,
0x4,0x0,0x0,0x0,0x71,0x0,0x75,0x0,
0x69,0x0,0x74,0x0,0x0,0x0,0x0,0x0,
0x7,0x0,0x0,0x0,0x63,0x0,0x6f,0x0,
0x6e,0x0,0x73,0x0,0x6f,0x0,0x6c,0x0,
0x65,0x0,0x0,0x0,0x0,0x0,0x0,0x0,
0x3,0x0,0x0,0x0,0x6c,0x0,0x6f,0x0,
0x67,0x0,0x0,0x0,0x0,0x0,0x0,0x0,
0x1a,0x0,0x0,0x0,0x6f,0x0,0x70,0x0,
0x65,0x0,0x6e,0x0,0x5f,0x0,0x64,0x0,
0x69,0x0,0x61,0x0,0x6c,0x0,0x6f,0x0,
0x67,0x0,0x5f,0x0,0x73,0x0,0x65,0x0,
0x74,0x0,0x4a,0x0,0x41,0x0,0x56,0x0,
0x41,0x0,0x5f,0x0,0x48,0x0,0x4f,0x0,
0x4d,0x0,0x45,0x0,0x28,0x0,0x29,0x0,
0x0,0x0,0x0,0x0,0x0,0x0,0x0,0x0,
0xf,0x0,0x0,0x0,0x63,0x0,0x72,0x0,
0x65,0x0,0x61,0x0,0x74,0x0,0x65,0x0,
0x51,0x0,0x6d,0x0,0x6c,0x0,0x4f,0x0,
0x62,0x0,0x6a,0x0,0x65,0x0,0x63,0x0,
0x74,0x0,0x0,0x0,0x0,0x0,0x0,0x0,
0x40,0x0,0x0,0x0,0x69,0x0,0x6d,0x0,
0x70,0x0,0x6f,0x0,0x72,0x0,0x74,0x0,
0x20,0x0,0x51,0x0,0x74,0x0,0x51,0x0,
0x75,0x0,0x69,0x0,0x63,0x0,0x6b,0x0,
0xa,0x0,0x20,0x0,0x20,0x0,0x20,0x0,
0x20,0x0,0x20,0x0,0x20,0x0,0x20,0x0,
0x20,0x0,0x20,0x0,0x20,0x0,0x20,0x0,
0x20,0x0,0x20,0x0,0x20,0x0,0x20,0x0,
0x20,0x0,0x20,0x0,0x20,0x0,0x20,0x0,
0x20,0x0,0x20,0x0,0x20,0x0,0x20,0x0,
0x20,0x0,0x20,0x0,0x20,0x0,0x20,0x0,
0x20,0x0,0x44,0x0,0x69,0x0,0x61,0x0,
0x6c,0x0,0x6f,0x0,0x67,0x0,0x5f,0x0,
0x73,0x0,0x65,0x0,0x74,0x0,0x4a,0x0,
0x41,0x0,0x56,0x0,0x41,0x0,0x5f,0x0,
0x48,0x0,0x4f,0x0,0x4d,0x0,0x45,0x0,
0x7b,0x0,0x7d,0x0,0x0,0x0,0x0,0x0,
0x4,0x0,0x0,0x0,0x6f,0x0,0x70,0x0,
0x65,0x0,0x6e,0x0,0x0,0x0,0x0,0x0,
0x6,0x0,0x0,0x0,0x63,0x0,0x6c,0x0,
0x6f,0x0,0x73,0x0,0x65,0x0,0x64,0x0,
0x0,0x0,0x0,0x0,0x0,0x0,0x0,0x0,
0x7,0x0,0x0,0x0,0x63,0x0,0x6f,0x0,
0x6e,0x0,0x6e,0x0,0x65,0x0,0x63,0x0,
0x74,0x0,0x0,0x0,0x0,0x0,0x0,0x0,
0x1,0x0,0x0,0x0,0x64,0x0,0x0,0x0,
0x7,0x0,0x0,0x0,0x64,0x0,0x65,0x0,
0x73,0x0,0x74,0x0,0x72,0x0,0x6f,0x0,
0x79,0x0,0x0,0x0,0x0,0x0,0x0,0x0,
0xb,0x0,0x0,0x0,0x63,0x0,0x68,0x0,
0x6f,0x0,0x6f,0x0,0x73,0x0,0x65,0x0,
0x42,0x0,0x6f,0x0,0x61,0x0,0x72,0x0,
0x64,0x0,0x0,0x0,0x0,0x0,0x0,0x0,
0x4,0x0,0x0,0x0,0x68,0x0,0x69,0x0,
0x64,0x0,0x65,0x0,0x0,0x0,0x0,0x0,
0xc,0x0,0x0,0x0,0x67,0x0,0x65,0x0,
0x6e,0x0,0x65,0x0,0x72,0x0,0x61,0x0,
0x74,0x0,0x65,0x0,0x4f,0x0,0x62,0x0,
0x6a,0x0,0x28,0x0,0x0,0x0,0x0,0x0,
0x6,0x0,0x0,0x0,0x6e,0x0,0x65,0x0,
0x77,0x0,0x4f,0x0,0x62,0x0,0x6a,0x0,
0x0,0x0,0x0,0x0,0x0,0x0,0x0,0x0,
0xb,0x0,0x0,0x0,0x73,0x0,0x65,0x0,
0x6c,0x0,0x65,0x0,0x63,0x0,0x74,0x0,
0x65,0x0,0x64,0x0,0x4f,0x0,0x62,0x0,
0x6a,0x0,0x0,0x0,0x0,0x0,0x0,0x0,
0x7,0x0,0x0,0x0,0x64,0x0,0x61,0x0,
0x74,0x0,0x61,0x0,0x5f,0x0,0x69,0x0,
0x64,0x0,0x0,0x0,0x0,0x0,0x0,0x0,
0xf,0x0,0x0,0x0,0x71,0x0,0x6d,0x0,
0x6c,0x0,0x20,0x0,0x70,0x0,0x72,0x0,
0x65,0x0,0x6c,0x0,0x6f,0x0,0x61,0x0,
0x64,0x0,0x50,0x0,0x44,0x0,0x46,0x0,
0x28,0x0,0x0,0x0,0x0,0x0,0x0,0x0,
0x7,0x0,0x0,0x0,0xfb,0x8b,0xd6,0x53,
0x50,0x0,0x44,0x0,0x46,0x0,0x57,0x5b,
0x53,0x4f,0x0,0x0,0x0,0x0,0x0,0x0,
0x11,0x0,0x0,0x0,0x72,0x0,0x65,0x0,
0x71,0x0,0x75,0x0,0x65,0x0,0x73,0x0,
0x74,0x0,0x50,0x0,0x72,0x0,0x65,0x0,
0x4c,0x0,0x6f,0x0,0x61,0x0,0x64,0x0,
0x50,0x0,0x64,0x0,0x66,0x0,0x0,0x0,
0xe,0x0,0x0,0x0,0x63,0x0,0x70,0x0,
0x5f,0x0,0x70,0x0,0x72,0x0,0x6f,0x0,
0x70,0x0,0x65,0x0,0x72,0x0,0x74,0x0,
0x79,0x0,0x42,0x0,0x61,0x0,0x72,0x0,
0x0,0x0,0x0,0x0,0x0,0x0,0x0,0x0,
0x4,0x0,0x0,0x0,0x44,0x0,0x61,0x0,
0x72,0x0,0x6b,0x0,0x0,0x0,0x0,0x0,
0x5,0x0,0x0,0x0,0x4c,0x0,0x69,0x0,
0x67,0x0,0x68,0x0,0x74,0x0,0x0,0x0,
0xb,0x0,0x0,0x0,0x61,0x0,0x64,0x0,
0x64,0x0,0x44,0x0,0x6f,0x0,0x63,0x0,
0x75,0x0,0x6d,0x0,0x65,0x0,0x6e,0x0,
0x74,0x0,0x0,0x0,0x0,0x0,0x0,0x0,
0x7,0x0,0x0,0x0,0x22,0x6b,0xce,0x8f,
0x20,0x0,0x2d,0x0,0x0,0x5f,0xcb,0x59,
0x75,0x98,0x0,0x0,0x0,0x0,0x0,0x0,
0x7,0x0,0x0,0x0,0x73,0x0,0x70,0x0,
0x65,0x0,0x63,0x0,0x69,0x0,0x61,0x0,
0x6c,0x0,0x0,0x0,0x0,0x0,0x0,0x0,
0x1a,0x0,0x0,0x0,0x44,0x0,0x6f,0x0,
0x63,0x0,0x75,0x0,0x6d,0x0,0x65,0x0,
0x6e,0x0,0x74,0x0,0x53,0x0,0x70,0x0,
0x65,0x0,0x63,0x0,0x5f,0x0,0x53,0x0,
0x74,0x0,0x61,0x0,0x72,0x0,0x74,0x0,
0x50,0x0,0x61,0x0,0x67,0x0,0x65,0x0,
0x2e,0x0,0x71,0x0,0x6d,0x0,0x6c,0x0,
0x0,0x0,0x0,0x0,0x0,0x0,0x0,0x0,
0x17,0x0,0x0,0x0,0x71,0x0,0x72,0x0,
0x63,0x0,0x3a,0x0,0x2f,0x0,0x69,0x0,
0x6d,0x0,0x61,0x0,0x67,0x0,0x65,0x0,
0x2f,0x0,0xd6,0x55,0x37,0x8c,0x8a,0x71,
0x5f,0x0,0x69,0x0,0x63,0x0,0x6f,0x0,
0x6e,0x0,0x2e,0x0,0x70,0x0,0x6e,0x0,
0x67,0x0,0x0,0x0,0x0,0x0,0x0,0x0,
0x7,0x0,0x0,0x0,0x74,0x0,0x61,0x0,
0x62,0x0,0x4e,0x0,0x61,0x0,0x6d,0x0,
0x65,0x0,0x0,0x0,0x0,0x0,0x0,0x0,
0xc,0x0,0x0,0x0,0x64,0x0,0x6f,0x0,
0x63,0x0,0x75,0x0,0x6d,0x0,0x65,0x0,
0x6e,0x0,0x74,0x0,0x54,0x0,0x79,0x0,
0x70,0x0,0x65,0x0,0x0,0x0,0x0,0x0,
0x9,0x0,0x0,0x0,0x71,0x0,0x6d,0x0,
0x6c,0x0,0x53,0x0,0x6f,0x0,0x75,0x0,
0x72,0x0,0x63,0x0,0x65,0x0,0x0,0x0,
0x8,0x0,0x0,0x0,0x69,0x0,0x63,0x0,
0x6f,0x0,0x6e,0x0,0x5f,0x0,0x73,0x0,
0x72,0x0,0x63,0x0,0x0,0x0,0x0,0x0,
0x6,0x0,0x0,0x0,0x44,0x0,0x42,0x0,
0x5f,0x0,0x47,0x0,0x65,0x0,0x74,0x0,
0x0,0x0,0x0,0x0,0x0,0x0,0x0,0x0,
0xb,0x0,0x0,0x0,0x4e,0x0,0x6f,0x0,
0x41,0x0,0x75,0x0,0x74,0x0,0x6f,0x0,
0x43,0x0,0x6c,0x0,0x6f,0x0,0x73,0x0,
0x65,0x0,0x0,0x0,0x0,0x0,0x0,0x0,
0x7,0x0,0x0,0x0,0x4f,0x0,0x76,0x0,
0x65,0x0,0x72,0x0,0x6c,0x0,0x61,0x0,
0x79,0x0,0x0,0x0,0x0,0x0,0x0,0x0,
0x7,0x0,0x0,0x0,0x6f,0x0,0x76,0x0,
0x65,0x0,0x72,0x0,0x6c,0x0,0x61,0x0,
0x79,0x0,0x0,0x0,0x0,0x0,0x0,0x0,
0xa,0x0,0x0,0x0,0x46,0x0,0x69,0x0,
0x6c,0x0,0x65,0x0,0x44,0x0,0x69,0x0,
0x61,0x0,0x6c,0x0,0x6f,0x0,0x67,0x0,
0x0,0x0,0x0,0x0,0x0,0x0,0x0,0x0,
0x8,0x0,0x0,0x0,0x53,0x0,0x61,0x0,
0x76,0x0,0x65,0x0,0x46,0x0,0x69,0x0,
0x6c,0x0,0x65,0x0,0x0,0x0,0x0,0x0,
0x14,0x0,0x0,0x0,0x50,0x0,0x44,0x0,
0x46,0x0,0x20,0x0,0x44,0x0,0x6f,0x0,
0x63,0x0,0x75,0x0,0x6d,0x0,0x65,0x0,
0x6e,0x0,0x74,0x0,0x20,0x0,0x28,0x0,
0x2a,0x0,0x2e,0x0,0x70,0x0,0x64,0x0,
0x66,0x0,0x29,0x0,0x0,0x0,0x0,0x0,
0x8,0x0,0x0,0x0,0x50,0x0,0x64,0x0,
0x66,0x0,0x53,0x0,0x61,0x0,0x76,0x0,
0x65,0x0,0x72,0x0,0x0,0x0,0x0,0x0,
0xb,0x0,0x0,0x0,0x62,0x0,0x65,0x0,
0x67,0x0,0x69,0x0,0x6e,0x0,0x53,0x0,
0x61,0x0,0x76,0x0,0x65,0x0,0x41,0x0,
0x73,0x0,0x0,0x0,0x0,0x0,0x0,0x0,
0xe,0x0,0x0,0x0,0x71,0x0,0x75,0x0,
0x72,0x0,0x6c,0x0,0x32,0x0,0x6c,0x0,
0x6f,0x0,0x63,0x0,0x61,0x0,0x6c,0x0,
0x66,0x0,0x69,0x0,0x6c,0x0,0x65,0x0,
0x0,0x0,0x0,0x0,0x0,0x0,0x0,0x0,
0xc,0x0,0x0,0x0,0x73,0x0,0x65,0x0,
0x6c,0x0,0x65,0x0,0x63,0x0,0x74,0x0,
0x65,0x0,0x64,0x0,0x46,0x0,0x69,0x0,
0x6c,0x0,0x65,0x0,0x0,0x0,0x0,0x0,
0x5,0x0,0x0,0x0,0x63,0x0,0x6c,0x0,
0x6f,0x0,0x73,0x0,0x65,0x0,0x0,0x0,
0xd,0x0,0x0,0x0,0x73,0x0,0x65,0x0,
0x6c,0x0,0x65,0x0,0x63,0x0,0x74,0x0,
0x65,0x0,0x64,0x0,0x43,0x0,0x6f,0x0,
0x6c,0x0,0x6f,0x0,0x72,0x0,0x0,0x0,
0xc,0x0,0x0,0x0,0x73,0x0,0x65,0x0,
0x6c,0x0,0x65,0x0,0x63,0x0,0x74,0x0,
0x65,0x0,0x64,0x0,0x46,0x0,0x6f,0x0,
0x6e,0x0,0x74,0x0,0x0,0x0,0x0,0x0,
0xb,0x0,0x0,0x0,0x63,0x0,0x75,0x0,
0x72,0x0,0x72,0x0,0x65,0x0,0x6e,0x0,
0x74,0x0,0x46,0x0,0x69,0x0,0x6c,0x0,
0x65,0x0,0x0,0x0,0x0,0x0,0x0,0x0,
0x4,0x0,0x0,0x0,0x4d,0x0,0x61,0x0,
0x74,0x0,0x68,0x0,0x0,0x0,0x0,0x0,
0x3,0x0,0x0,0x0,0x6d,0x0,0x61,0x0,
0x78,0x0,0x0,0x0,0x0,0x0,0x0,0x0,
0x1d,0x0,0x0,0x0,0x53,0x0,0x6f,0x0,
0x75,0x0,0x70,0x0,0x6c,0x0,0x65,0x0,
0x20,0x0,0x46,0x0,0x69,0x0,0x6c,0x0,
0x65,0x0,0x20,0x0,0x28,0x0,0x2a,0x0,
0x2e,0x0,0x73,0x0,0x6f,0x0,0x75,0x0,
0x70,0x0,0x20,0x0,0x2a,0x0,0x2e,0x0,
0x73,0x0,0x6f,0x0,0x75,0x0,0x70,0x0,
0x6c,0x0,0x65,0x0,0x29,0x0,0x0,0x0,
0x12,0x0,0x0,0x0,0x73,0x0,0x65,0x0,
0x6c,0x0,0x65,0x0,0x63,0x0,0x74,0x0,
0x65,0x0,0x64,0x0,0x4e,0x0,0x61,0x0,
0x6d,0x0,0x65,0x0,0x46,0x0,0x69,0x0,
0x6c,0x0,0x74,0x0,0x65,0x0,0x72,0x0,
0x0,0x0,0x0,0x0,0x0,0x0,0x0,0x0,
0x5,0x0,0x0,0x0,0x69,0x0,0x6e,0x0,
0x64,0x0,0x65,0x0,0x78,0x0,0x0,0x0,
0xf,0x0,0x0,0x0,0x72,0x0,0x65,0x0,
0x71,0x0,0x75,0x0,0x65,0x0,0x73,0x0,
0x74,0x0,0x4c,0x0,0x6f,0x0,0x61,0x0,
0x64,0x0,0x53,0x0,0x6f,0x0,0x75,0x0,
0x70,0x0,0x0,0x0,0x0,0x0,0x0,0x0,
0xc,0x0,0x0,0x0,0x63,0x0,0x72,0x0,
0x65,0x0,0x61,0x0,0x74,0x0,0x65,0x0,
0x4f,0x0,0x62,0x0,0x6a,0x0,0x65,0x0,
0x63,0x0,0x74,0x0,0x0,0x0,0x0,0x0,
0x7,0x0,0x0,0x0,0x70,0x0,0x64,0x0,
0x66,0x0,0x46,0x0,0x69,0x0,0x6c,0x0,
0x65,0x0,0x0,0x0,0x0,0x0,0x0,0x0,
0x12,0x0,0x0,0x0,0x74,0x0,0x72,0x0,
0x79,0x0,0x49,0x0,0x6e,0x0,0x73,0x0,
0x65,0x0,0x72,0x0,0x74,0x0,0x41,0x0,
0x6e,0x0,0x63,0x0,0x68,0x0,0x6f,0x0,
0x72,0x0,0x4f,0x0,0x62,0x0,0x6a,0x0,
0x0,0x0,0x0,0x0,0x0,0x0,0x0,0x0,
0x8,0x0,0x0,0x0,0x46,0x0,0x6c,0x0,
0x6f,0x0,0x77,0x0,0x54,0x0,0x65,0x0,
0x78,0x0,0x74,0x0,0x0,0x0,0x0,0x0,
0x7,0x0,0x0,0x0,0x50,0x0,0x48,0x0,
0x5f,0x0,0x52,0x0,0x65,0x0,0x63,0x0,
0x74,0x0,0x0,0x0,0x0,0x0,0x0,0x0,
0x8,0x0,0x0,0x0,0x50,0x0,0x48,0x0,
0x5f,0x0,0x52,0x0,0x69,0x0,0x67,0x0,
0x68,0x0,0x74,0x0,0x0,0x0,0x0,0x0,
0xd,0x0,0x0,0x0,0x53,0x0,0x6f,0x0,
0x75,0x0,0x70,0x0,0x6c,0x0,0x65,0x0,
0x4d,0x0,0x61,0x0,0x6e,0x0,0x61,0x0,
0x67,0x0,0x65,0x0,0x72,0x0,0x0,0x0,
0x14,0x0,0x0,0x0,0x63,0x0,0x72,0x0,
0x65,0x0,0x61,0x0,0x74,0x0,0x65,0x0,
0x53,0x0,0x6f,0x0,0x75,0x0,0x70,0x0,
0x6c,0x0,0x65,0x0,0x4f,0x0,0x62,0x0,
0x6a,0x0,0x5f,0x0,0x46,0x0,0x72,0x0,
0x65,0x0,0x65,0x0,0x0,0x0,0x0,0x0,
0x5,0x0,0x0,0x0,0x56,0x0,0x4c,0x0,
0x69,0x0,0x6e,0x0,0x65,0x0,0x0,0x0,
0xc,0x0,0x0,0x0,0x41,0x0,0x6c,0x0,
0x69,0x0,0x67,0x0,0x6e,0x0,0x56,0x0,
0x43,0x0,0x65,0x0,0x6e,0x0,0x74,0x0,
0x65,0x0,0x72,0x0,0x0,0x0,0x0,0x0,
0xc,0x0,0x0,0x0,0x72,0x0,0x65,0x0,
0x71,0x0,0x75,0x0,0x65,0x0,0x73,0x0,
0x74,0x0,0x5f,0x0,0x75,0x0,0x6e,0x0,
0x64,0x0,0x6f,0x0,0x0,0x0,0x0,0x0,
0xc,0x0,0x0,0x0,0x72,0x0,0x65,0x0,
0x71,0x0,0x75,0x0,0x65,0x0,0x73,0x0,
0x74,0x0,0x5f,0x0,0x72,0x0,0x65,0x0,
0x64,0x0,0x6f,0x0,0x0,0x0,0x0,0x0,
0xb,0x0,0x0,0x0,0x41,0x0,0x6c,0x0,
0x69,0x0,0x67,0x0,0x6e,0x0,0x42,0x0,
0x6f,0x0,0x74,0x0,0x74,0x0,0x6f,0x0,
0x6d,0x0,0x0,0x0,0x0,0x0,0x0,0x0,
0x3,0x0,0x0,0x0,0x6d,0x0,0x69,0x0,
0x6e,0x0,0x0,0x0,0x0,0x0,0x0,0x0,
0x5,0x0,0x0,0x0,0x73,0x0,0x74,0x0,
0x61,0x0,0x72,0x0,0x74,0x0,0x0,0x0,
0x7,0x0,0x0,0x0,0x62,0x0,0x69,0x0,
0x6e,0x0,0x64,0x0,0x69,0x0,0x6e,0x0,
0x67,0x0,0x0,0x0,0x0,0x0,0x0,0x0,
0x6,0x0,0x0,0x0,0x45,0x0,0x61,0x0,
0x73,0x0,0x69,0x0,0x6e,0x0,0x67,0x0,
0x0,0x0,0x0,0x0,0x0,0x0,0x0,0x0,
0x9,0x0,0x0,0x0,0x49,0x0,0x6e,0x0,
0x4f,0x0,0x75,0x0,0x74,0x0,0x51,0x0,
0x75,0x0,0x61,0x0,0x64,0x0,0x0,0x0,
0x2,0x0,0x0,0x0,0x8b,0x5b,0x53,0x4f,
0x0,0x0,0x0,0x0,0x0,0x0,0x0,0x0,
0x2,0x0,0x0,0x0,0xd1,0x9e,0x53,0x4f,
0x0,0x0,0x0,0x0,0x0,0x0,0x0,0x0,
0x3,0x0,0x0,0x0,0x2e,0x0,0x2e,0x0,
0x2e,0x0,0x0,0x0,0x0,0x0,0x0,0x0,
0xc,0x0,0x0,0x0,0x41,0x0,0x6c,0x0,
0x69,0x0,0x67,0x0,0x6e,0x0,0x48,0x0,
0x43,0x0,0x65,0x0,0x6e,0x0,0x74,0x0,
0x65,0x0,0x72,0x0,0x0,0x0,0x0,0x0,
0x8,0x0,0x0,0x0,0x52,0x0,0x69,0x0,
0x63,0x0,0x68,0x0,0x54,0x0,0x65,0x0,
0x78,0x0,0x74,0x0,0x0,0x0,0x0,0x0,
0x7,0x0,0x0,0x0,0x4f,0x0,0x75,0x0,
0x74,0x0,0x6c,0x0,0x69,0x0,0x6e,0x0,
0x65,0x0,0x0,0x0,0x0,0x0,0x0,0x0,
0xf,0x0,0x0,0x0,0x73,0x0,0x65,0x0,
0x74,0x0,0x53,0x0,0x68,0x0,0x6f,0x0,
0x77,0x0,0x48,0x0,0x65,0x0,0x6c,0x0,
0x70,0x0,0x4c,0x0,0x69,0x0,0x6e,0x0,
0x65,0x0,0x0,0x0,0x0,0x0,0x0,0x0,
0x4,0x0,0x0,0x0,0x34,0x6c,0x73,0x5e,
0x7,0x68,0xbf,0x7e,0x0,0x0,0x0,0x0,
0x4,0x0,0x0,0x0,0x82,0x57,0xf4,0x76,
0x7,0x68,0xbf,0x7e,0x0,0x0,0x0,0x0,
0x5,0x0,0x0,0x0,0x48,0x0,0x4c,0x0,
0x69,0x0,0x6e,0x0,0x65,0x0,0x0,0x0,
0x7,0x0,0x0,0x0,0x50,0x0,0x48,0x0,
0x5f,0x0,0x4c,0x0,0x65,0x0,0x66,0x0,
0x74,0x0,0x0,0x0,0x0,0x0,0x0,0x0,
0x4,0x0,0x0,0x0,0x60,0x53,0x4d,0x4f,
0xe9,0x77,0x62,0x5f,0x0,0x0,0x0,0x0,
0x2,0x0,0x0,0x0,0x62,0x63,0x4c,0x88,
0x0,0x0,0x0,0x0,0x0,0x0,0x0,0x0,
0x4,0x0,0x0,0x0,0x45,0x5c,0x2d,0x4e,
0x60,0x53,0x4d,0x4f,0x0,0x0,0x0,0x0,
0x3,0x0,0x0,0x0,0xe6,0x5d,0x60,0x53,
0x4d,0x4f,0x0,0x0,0x0,0x0,0x0,0x0,
0x3,0x0,0x0,0x0,0xf3,0x53,0x60,0x53,
0x4d,0x4f,0x0,0x0,0x0,0x0,0x0,0x0,
0x4,0x0,0x0,0x0,0x74,0x65,0x4c,0x88,
0x60,0x53,0x4d,0x4f,0x0,0x0,0x0,0x0,
0x6,0x0,0x0,0x0,0x4a,0x0,0x5a,0x0,
0x52,0x0,0x65,0x0,0x63,0x0,0x74,0x0,
0x0,0x0,0x0,0x0,0x0,0x0,0x0,0x0,
0x5,0x0,0x0,0x0,0x47,0x0,0x6c,0x0,
0x75,0x0,0x65,0x0,0x4c,0x0,0x0,0x0,
0x5,0x0,0x0,0x0,0x47,0x0,0x6c,0x0,
0x75,0x0,0x65,0x0,0x52,0x0,0x0,0x0,
0x7,0x0,0x0,0x0,0x50,0x0,0x48,0x0,
0x5f,0x0,0x4c,0x0,0x69,0x0,0x6e,0x0,
0x65,0x0,0x0,0x0,0x0,0x0,0x0,0x0,
0x2,0x0,0x0,0x0,0xe9,0x77,0x62,0x5f,
0x0,0x0,0x0,0x0,0x0,0x0,0x0,0x0,
0x2,0x0,0x0,0x0,0x6,0x57,0x62,0x5f,
0x0,0x0,0x0,0x0,0x0,0x0,0x0,0x0,
0x3,0x0,0x0,0x0,0x9,0x4e,0xd2,0x89,
0x62,0x5f,0x0,0x0,0x0,0x0,0x0,0x0,
0xb,0x0,0x0,0x0,0x63,0x0,0x72,0x0,
0x65,0x0,0x61,0x0,0x74,0x0,0x65,0x0,
0x54,0x0,0x61,0x0,0x62,0x0,0x6c,0x0,
0x65,0x0,0x0,0x0,0x0,0x0,0x0,0x0,
0x18,0x0,0x0,0x0,0x74,0x0,0x72,0x0,
0x79,0x0,0x43,0x0,0x72,0x0,0x65,0x0,
0x61,0x0,0x74,0x0,0x65,0x0,0x44,0x0,
0x65,0x0,0x63,0x0,0x6f,0x0,0x72,0x0,
0x61,0x0,0x74,0x0,0x69,0x0,0x6f,0x0,
0x6e,0x0,0x46,0x0,0x72,0x0,0x61,0x0,
0x6d,0x0,0x65,0x0,0x0,0x0,0x0,0x0,
0x5,0x0,0x0,0x0,0x4c,0x0,0x61,0x0,
0x74,0x0,0x65,0x0,0x78,0x0,0x0,0x0,
0x2,0x0,0x0,0x0,0x39,0x5f,0x27,0x7c,
0x0,0x0,0x0,0x0,0x0,0x0,0x0,0x0,
0x3,0x0,0x0,0x0,0xfc,0x5b,0x2a,0x82,
0x26,0x7b,0x0,0x0,0x0,0x0,0x0,0x0,
0x6,0x0,0x0,0x0,0x53,0x0,0x70,0x0,
0x72,0x0,0x69,0x0,0x6e,0x0,0x67,0x0,
0x0,0x0,0x0,0x0,0x0,0x0,0x0,0x0,
0x3,0x0,0x0,0x0,0x4e,0x0,0x61,0x0,
0x76,0x0,0x0,0x0,0x0,0x0,0x0,0x0,
0xd,0x0,0x0,0x0,0x69,0x0,0x6e,0x0,
0x73,0x0,0x65,0x0,0x72,0x0,0x74,0x0,
0x46,0x0,0x72,0x0,0x65,0x0,0x65,0x0,
0x4f,0x0,0x62,0x0,0x6a,0x0,0x0,0x0,
0x5,0x0,0x0,0x0,0x42,0x0,0x4c,0x0,
0x69,0x0,0x6e,0x0,0x65,0x0,0x0,0x0,
0x5,0x0,0x0,0x0,0x46,0x0,0x54,0x0,
0x65,0x0,0x78,0x0,0x74,0x0,0x0,0x0,
0x5,0x0,0x0,0x0,0x46,0x0,0x50,0x0,
0x61,0x0,0x74,0x0,0x68,0x0,0x0,0x0,
0x3,0x0,0x0,0x0,0x73,0x0,0x74,0x0,
0x72,0x0,0x0,0x0,0x0,0x0,0x0,0x0,
0x6,0x0,0x0,0x0,0x46,0x0,0x49,0x0,
0x6d,0x0,0x61,0x0,0x67,0x0,0x65,0x0,
0x0,0x0,0x0,0x0,0x0,0x0,0x0,0x0,
0x5,0x0,0x0,0x0,0x46,0x0,0x72,0x0,
0x61,0x0,0x6d,0x0,0x65,0x0,0x0,0x0,
0x5,0x0,0x0,0x0,0x46,0x0,0x52,0x0,
0x69,0x0,0x63,0x0,0x68,0x0,0x0,0x0,
0x6,0x0,0x0,0x0,0xb6,0x25,0x20,0x0,
0xe7,0x7e,0x7f,0x62,0x3c,0x68,0xf,0x5f,
0x0,0x0,0x0,0x0,0x0,0x0,0x0,0x0,
0x6,0x0,0x0,0x0,0xb6,0x25,0x20,0x0,
0x41,0x0,0x33,0x0,0x75,0x98,0x62,0x97,
0x0,0x0,0x0,0x0,0x0,0x0,0x0,0x0,
0x6,0x0,0x0,0x0,0xb6,0x25,0x20,0x0,
0x41,0x0,0x34,0x0,0x75,0x98,0x62,0x97,
0x0,0x0,0x0,0x0,0x0,0x0,0x0,0x0,
0x6,0x0,0x0,0x0,0xb6,0x25,0x20,0x0,
0x41,0x0,0x35,0x0,0x75,0x98,0x62,0x97,
0x0,0x0,0x0,0x0,0x0,0x0,0x0,0x0,
0x6,0x0,0x0,0x0,0xb6,0x25,0x20,0x0,
0x41,0x0,0x36,0x0,0x75,0x98,0x62,0x97,
0x0,0x0,0x0,0x0,0x0,0x0,0x0,0x0,
0x8,0x0,0x0,0x0,0xb6,0x25,0x20,0x0,
0x7,0x68,0xc6,0x51,0xe1,0x4f,0xb8,0x7e,
0x75,0x98,0x62,0x97,0x0,0x0,0x0,0x0,
0x7,0x0,0x0,0x0,0x61,0x0,0x64,0x0,
0x64,0x0,0x50,0x0,0x61,0x0,0x67,0x0,
0x65,0x0,0x0,0x0,0x0,0x0,0x0,0x0,
0x8,0x0,0x0,0x0,0x63,0x0,0x6d,0x0,
0x32,0x0,0x70,0x0,0x69,0x0,0x78,0x0,
0x65,0x0,0x6c,0x0,0x0,0x0,0x0,0x0,
0x2,0x0,0x0,0x0,0x38,0x5e,0xc4,0x89,
0x0,0x0,0x0,0x0,0x0,0x0,0x0,0x0,
0x4,0x0,0x0,0x0,0x57,0x0,0x6f,0x0,
0x72,0x0,0x64,0x0,0x0,0x0,0x0,0x0,
0x1d,0x0,0x0,0x0,0x72,0x0,0x65,0x0,
0x71,0x0,0x75,0x0,0x65,0x0,0x73,0x0,
0x74,0x0,0x43,0x0,0x68,0x0,0x61,0x0,
0x6e,0x0,0x67,0x0,0x65,0x0,0x43,0x0,
0x75,0x0,0x72,0x0,0x72,0x0,0x65,0x0,
0x6e,0x0,0x74,0x0,0x50,0x0,0x61,0x0,
0x67,0x0,0x65,0x0,0x53,0x0,0x74,0x0,
0x79,0x0,0x6c,0x0,0x65,0x0,0x0,0x0,
0xb,0x0,0x0,0x0,0x48,0x0,0x65,0x0,
0x6c,0x0,0x70,0x0,0x65,0x0,0x72,0x0,
0x5f,0x0,0x54,0x0,0x79,0x0,0x70,0x0,
0x65,0x0,0x0,0x0,0x0,0x0,0x0,0x0,
0xd,0x0,0x0,0x0,0x4e,0x0,0x6f,0x0,
0x46,0x0,0x6f,0x0,0x72,0x0,0x6d,0x0,
0x61,0x0,0x74,0x0,0x5f,0x0,0x50,0x0,
0x61,0x0,0x67,0x0,0x65,0x0,0x0,0x0,
0x9,0x0,0x0,0x0,0x57,0x0,0x6f,0x0,
0x72,0x0,0x64,0x0,0x5f,0x0,0x50,0x0,
0x61,0x0,0x67,0x0,0x65,0x0,0x0,0x0,
0x1a,0x0,0x0,0x0,0x72,0x0,0x65,0x0,
0x71,0x0,0x75,0x0,0x65,0x0,0x73,0x0,
0x74,0x0,0x43,0x0,0x68,0x0,0x61,0x0,
0x6e,0x0,0x67,0x0,0x65,0x0,0x50,0x0,
0x61,0x0,0x67,0x0,0x65,0x0,0x43,0x0,
0x6f,0x0,0x6c,0x0,0x75,0x0,0x6d,0x0,
0x6e,0x0,0x4e,0x0,0x75,0x0,0x6d,0x0,
0x0,0x0,0x0,0x0,0x0,0x0,0x0,0x0,
0x8,0x0,0x0,0x0,0x70,0x0,0x61,0x0,
0x72,0x0,0x73,0x0,0x65,0x0,0x49,0x0,
0x6e,0x0,0x74,0x0,0x0,0x0,0x0,0x0,
0x5,0x0,0x0,0x0,0x66,0x0,0x6f,0x0,
0x63,0x0,0x75,0x0,0x73,0x0,0x0,0x0,
0x2,0x0,0x0,0x0,0x30,0x0,0xb0,0x0,
0x0,0x0,0x0,0x0,0x0,0x0,0x0,0x0,
0x3,0x0,0x0,0x0,0x39,0x0,0x30,0x0,
0xb0,0x0,0x0,0x0,0x0,0x0,0x0,0x0,
0x4,0x0,0x0,0x0,0x31,0x0,0x38,0x0,
0x30,0x0,0xb0,0x0,0x0,0x0,0x0,0x0,
0x4,0x0,0x0,0x0,0x32,0x0,0x37,0x0,
0x30,0x0,0xb0,0x0,0x0,0x0,0x0,0x0,
0xc,0x0,0x0,0x0,0x66,0x0,0x72,0x0,
0x65,0x0,0x65,0x0,0x7a,0x0,0x65,0x0,
0x5f,0x0,0x66,0x0,0x72,0x0,0x61,0x0,
0x6d,0x0,0x65,0x0,0x0,0x0,0x0,0x0,
0xe,0x0,0x0,0x0,0x75,0x0,0x6e,0x0,
0x66,0x0,0x72,0x0,0x65,0x0,0x65,0x0,
0x7a,0x0,0x65,0x0,0x5f,0x0,0x66,0x0,
0x72,0x0,0x61,0x0,0x6d,0x0,0x65,0x0,
0x0,0x0,0x0,0x0,0x0,0x0,0x0,0x0,
0x8,0x0,0x0,0x0,0x64,0x0,0x6f,0x0,
0x54,0x0,0x65,0x0,0x73,0x0,0x74,0x0,
0x5f,0x0,0x31,0x0,0x0,0x0,0x0,0x0,
0x1a,0x0,0x0,0x0,0x69,0x0,0x6d,0x0,
0x61,0x0,0x67,0x0,0x65,0x0,0x3a,0x0,
0x2f,0x0,0x2f,0x0,0x70,0x0,0x72,0x0,
0x6f,0x0,0x76,0x0,0x69,0x0,0x64,0x0,
0x65,0x0,0x72,0x0,0x2f,0x0,0x74,0x0,
0x65,0x0,0x73,0x0,0x74,0x0,0x5f,0x0,
0x70,0x0,0x61,0x0,0x67,0x0,0x65,0x0,
0x0,0x0,0x0,0x0,0x0,0x0,0x0,0x0,
0xa,0x0,0x0,0x0,0x73,0x0,0x6f,0x0,
0x75,0x0,0x72,0x0,0x63,0x0,0x65,0x0,
0x53,0x0,0x69,0x0,0x7a,0x0,0x65,0x0,
0x0,0x0,0x0,0x0,0x0,0x0,0x0,0x0,
0x6,0x0,0x0,0x0,0x64,0x0,0x61,0x0,
0x72,0x0,0x6b,0x0,0x65,0x0,0x72,0x0,
0x0,0x0,0x0,0x0,0x0,0x0,0x0,0x0,
0x1,0x0,0x0,0x0,0x3e,0x0,0x0,0x0,
0x10,0x0,0x0,0x0,0x69,0x0,0x73,0x0,
0x53,0x0,0x6f,0x0,0x75,0x0,0x70,0x0,
0x6c,0x0,0x65,0x0,0x44,0x0,0x6f,0x0,
0x63,0x0,0x75,0x0,0x6d,0x0,0x65,0x0,
0x6e,0x0,0x74,0x0,0x0,0x0,0x0,0x0,
0xa,0x0,0x0,0x0,0x48,0x0,0x6f,0x0,
0x72,0x0,0x69,0x0,0x7a,0x0,0x6f,0x0,
0x6e,0x0,0x74,0x0,0x61,0x0,0x6c,0x0,
0x0,0x0,0x0,0x0,0x0,0x0,0x0,0x0,
0x9,0x0,0x0,0x0,0x70,0x0,0x61,0x0,
0x67,0x0,0x65,0x0,0x43,0x0,0x6f,0x0,
0x75,0x0,0x6e,0x0,0x74,0x0,0x0,0x0,
0x8,0x0,0x0,0x0,0x63,0x0,0x6f,0x0,
0x6e,0x0,0x74,0x0,0x65,0x0,0x6e,0x0,
0x74,0x0,0x58,0x0,0x0,0x0,0x0,0x0,
0x8,0x0,0x0,0x0,0x4e,0x0,0x6f,0x0,
0x42,0x0,0x75,0x0,0x74,0x0,0x74,0x0,
0x6f,0x0,0x6e,0x0,0x0,0x0,0x0,0x0,
0x7,0x0,0x0,0x0,0x70,0x0,0x72,0x0,
0x65,0x0,0x73,0x0,0x73,0x0,0x65,0x0,
0x64,0x0,0x0,0x0,0x0,0x0,0x0,0x0,
0xd,0x0,0x0,0x0,0x56,0x0,0x65,0x0,
0x72,0x0,0x74,0x0,0x69,0x0,0x63,0x0,
0x61,0x0,0x6c,0x0,0x46,0x0,0x6c,0x0,
0x69,0x0,0x63,0x0,0x6b,0x0,0x0,0x0,
0x8,0x0,0x0,0x0,0x70,0x0,0x6f,0x0,
0x73,0x0,0x69,0x0,0x74,0x0,0x69,0x0,
0x6f,0x0,0x6e,0x0,0x0,0x0,0x0,0x0,
0xe,0x0,0x0,0x0,0x75,0x0,0x70,0x0,
0x64,0x0,0x61,0x0,0x74,0x0,0x65,0x0,
0x56,0x0,0x69,0x0,0x65,0x0,0x77,0x0,
0x53,0x0,0x69,0x0,0x7a,0x0,0x65,0x0,
0x0,0x0,0x0,0x0,0x0,0x0,0x0,0x0,
0xa,0x0,0x0,0x0,0x61,0x0,0x6e,0x0,
0x67,0x0,0x6c,0x0,0x65,0x0,0x44,0x0,
0x65,0x0,0x6c,0x0,0x74,0x0,0x61,0x0,
0x0,0x0,0x0,0x0,0x0,0x0,0x0,0x0,
0x8,0x0,0x0,0x0,0x61,0x0,0x63,0x0,
0x63,0x0,0x65,0x0,0x70,0x0,0x74,0x0,
0x65,0x0,0x64,0x0,0x0,0x0,0x0,0x0,
0x8,0x0,0x0,0x0,0x41,0x0,0x6c,0x0,
0x77,0x0,0x61,0x0,0x79,0x0,0x73,0x0,
0x4f,0x0,0x6e,0x0,0x0,0x0,0x0,0x0,
0x7,0x0,0x0,0x0,0x6f,0x0,0x70,0x0,
0x61,0x0,0x63,0x0,0x69,0x0,0x74,0x0,
0x79,0x0,0x0,0x0,0x0,0x0,0x0,0x0,
0xb,0x0,0x0,0x0,0x43,0x0,0x72,0x0,
0x6f,0x0,0x73,0x0,0x73,0x0,0x43,0x0,
0x75,0x0,0x72,0x0,0x73,0x0,0x6f,0x0,
0x72,0x0,0x0,0x0,0x0,0x0,0x0,0x0,
0x5,0x0,0x0,0x0,0x70,0x0,0x6f,0x0,
0x69,0x0,0x6e,0x0,0x74,0x0,0x0,0x0,
0x9,0x0,0x0,0x0,0x6d,0x0,0x61,0x0,
0x70,0x0,0x54,0x0,0x6f,0x0,0x49,0x0,
0x74,0x0,0x65,0x0,0x6d,0x0,0x0,0x0,
0xd,0x0,0x0,0x0,0x63,0x0,0x6f,0x0,
0x6e,0x0,0x74,0x0,0x61,0x0,0x69,0x0,
0x6e,0x0,0x73,0x0,0x4d,0x0,0x6f,0x0,
0x75,0x0,0x73,0x0,0x65,0x0,0x0,0x0,
0x7,0x0,0x0,0x0,0x68,0x0,0x6f,0x0,
0x76,0x0,0x65,0x0,0x72,0x0,0x65,0x0,
0x64,0x0,0x0,0x0,0x0,0x0,0x0,0x0,
0x4,0x0,0x0,0x0,0x75,0x98,0x1,0x78,
0x3a,0x0,0x20,0x0,0x0,0x0,0x0,0x0,
0x10,0x0,0x0,0x0,0x63,0x0,0x75,0x0,
0x72,0x0,0x72,0x0,0x65,0x0,0x6e,0x0,
0x74,0x0,0x50,0x0,0x61,0x0,0x67,0x0,
0x65,0x0,0x49,0x0,0x6e,0x0,0x64,0x0,
0x65,0x0,0x78,0x0,0x0,0x0,0x0,0x0,
0x1,0x0,0x0,0x0,0x2f,0x0,0x0,0x0,
0x5,0x0,0x0,0x0,0x72,0x0,0x6f,0x0,
0x75,0x0,0x6e,0x0,0x64,0x0,0x0,0x0,
0x5,0x0,0x0,0x0,0x25,0x0,0x20,0x0,
0x20,0x0,0x20,0x0,0xbe,0x25,0x0,0x0,
0x4,0x0,0x0,0x0,0x73,0x0,0x71,0x0,
0x72,0x0,0x74,0x0,0x0,0x0,0x0,0x0,
0x16,0x0,0x0,0x0,0x4e,0x0,0x6f,0x0,
0x44,0x0,0x72,0x0,0x6f,0x0,0x70,0x0,
0x53,0x0,0x68,0x0,0x61,0x0,0x64,0x0,
0x6f,0x0,0x77,0x0,0x57,0x0,0x69,0x0,
0x6e,0x0,0x64,0x0,0x6f,0x0,0x77,0x0,
0x48,0x0,0x69,0x0,0x6e,0x0,0x74,0x0,
0x0,0x0,0x0,0x0,0x0,0x0,0x0,0x0,
0x8,0x0,0x0,0x0,0x4e,0x0,0x6f,0x0,
0x6e,0x0,0x4d,0x0,0x6f,0x0,0x64,0x0,
0x61,0x0,0x6c,0x0,0x0,0x0,0x0,0x0,
0xf,0x0,0x0,0x0,0x73,0x0,0x74,0x0,
0x61,0x0,0x72,0x0,0x74,0x0,0x53,0x0,
0x79,0x0,0x73,0x0,0x74,0x0,0x65,0x0,
0x6d,0x0,0x4d,0x0,0x6f,0x0,0x76,0x0,
0x65,0x0,0x0,0x0,0x0,0x0,0x0,0x0,
0x2,0x0,0x0,0x0,0x32,0x0,0x64,0x0,
0x0,0x0,0x0,0x0,0x0,0x0,0x0,0x0,
0xa,0x0,0x0,0x0,0x67,0x0,0x65,0x0,
0x74,0x0,0x43,0x0,0x6f,0x0,0x6e,0x0,
0x74,0x0,0x65,0x0,0x78,0x0,0x74,0x0,
0x0,0x0,0x0,0x0,0x0,0x0,0x0,0x0,
0x9,0x0,0x0,0x0,0x62,0x0,0x65,0x0,
0x67,0x0,0x69,0x0,0x6e,0x0,0x50,0x0,
0x61,0x0,0x74,0x0,0x68,0x0,0x0,0x0,
0x6,0x0,0x0,0x0,0x6d,0x0,0x6f,0x0,
0x76,0x0,0x65,0x0,0x54,0x0,0x6f,0x0,
0x0,0x0,0x0,0x0,0x0,0x0,0x0,0x0,
0x6,0x0,0x0,0x0,0x6c,0x0,0x69,0x0,
0x6e,0x0,0x65,0x0,0x54,0x0,0x6f,0x0,
0x0,0x0,0x0,0x0,0x0,0x0,0x0,0x0,
0x9,0x0,0x0,0x0,0x66,0x0,0x69,0x0,
0x6c,0x0,0x6c,0x0,0x53,0x0,0x74,0x0,
0x79,0x0,0x6c,0x0,0x65,0x0,0x0,0x0,
0x11,0x0,0x0,0x0,0x73,0x0,0x74,0x0,
0x61,0x0,0x72,0x0,0x74,0x0,0x53,0x0,
0x79,0x0,0x73,0x0,0x74,0x0,0x65,0x0,
0x6d,0x0,0x52,0x0,0x65,0x0,0x73,0x0,
0x69,0x0,0x7a,0x0,0x65,0x0,0x0,0x0,
0x9,0x0,0x0,0x0,0x52,0x0,0x69,0x0,
0x67,0x0,0x68,0x0,0x74,0x0,0x45,0x0,
0x64,0x0,0x67,0x0,0x65,0x0,0x0,0x0,
0xa,0x0,0x0,0x0,0x42,0x0,0x6f,0x0,
0x74,0x0,0x74,0x0,0x6f,0x0,0x6d,0x0,
0x45,0x0,0x64,0x0,0x67,0x0,0x65,0x0,
0x0,0x0,0x0,0x0,0x0,0x0,0x0,0x0,
0x10,0x0,0x0,0x0,0x41,0x0,0x70,0x0,
0x70,0x0,0x6c,0x0,0x69,0x0,0x63,0x0,
0x61,0x0,0x74,0x0,0x69,0x0,0x6f,0x0,
0x6e,0x0,0x4d,0x0,0x6f,0x0,0x64,0x0,
0x61,0x0,0x6c,0x0,0x0,0x0,0x0,0x0,
0x4,0x0,0x0,0x0,0x74,0x0,0x61,0x0,
0x73,0x0,0x6b,0x0,0x0,0x0,0x0,0x0,
0x3,0x0,0x0,0x0,0x61,0x0,0x72,0x0,
0x67,0x0,0x0,0x0,0x0,0x0,0x0,0x0,
0x5,0x0,0x0,0x0,0x77,0x0,0x68,0x0,
0x65,0x0,0x65,0x0,0x6c,0x0,0x0,0x0,
0x1,0x0,0x0,0x0,0x6d,0x0,0x0,0x0,
0x8,0x0,0x0,0x0,0x10,0x0,0x0,0x0,
0xc9,0x1,0x0,0x0,0xb0,0x0,0x0,0x0,
0x1,0x0,0x0,0x0,0x1,0x0,0x0,0x0,
0x0,0x0,0x0,0x0,0x1,0x0,0x10,0x0,
0xff,0xff,0x0,0x0,0x1,0x0,0x0,0x0,
0x2,0x0,0x0,0x0,0x0,0x0,0x0,0x0,
0x2,0x0,0x10,0x0,0xff,0xff,0x0,0x0,
0x1,0x0,0x0,0x0,0x3,0x0,0x0,0x0,
0x0,0x0,0x0,0x0,0x3,0x0,0x10,0x0,
0xff,0xff,0x0,0x0,0x1,0x0,0x0,0x0,
0x5,0x0,0x0,0x0,0x4,0x0,0x0,0x0,
0x4,0x0,0x10,0x0,0xff,0xff,0x0,0x0,
0x1,0x0,0x0,0x0,0x6,0x0,0x0,0x0,
0x0,0x0,0x0,0x0,0x6,0x0,0x10,0x0,
0xff,0xff,0x0,0x0,0x1,0x0,0x0,0x0,
0x8,0x0,0x0,0x0,0x7,0x0,0x0,0x0,
0x7,0x0,0x10,0x0,0xff,0xff,0x0,0x0,
0x1,0x0,0x0,0x0,0x9,0x0,0x0,0x0,
0x0,0x0,0x0,0x0,0x8,0x0,0x10,0x0,
0xff,0xff,0x0,0x0,0x1,0x0,0x0,0x0,
0xa,0x0,0x0,0x0,0x0,0x0,0x0,0x0,
0x9,0x0,0x10,0x0,0x0,0x1,0x0,0x0,
0xd4,0x7,0x0,0x0,0x24,0xc,0x0,0x0,
0xd4,0xe,0x0,0x0,0x44,0xf,0x0,0x0,
0xb4,0xf,0x0,0x0,0x24,0x10,0x0,0x0,
0x94,0x10,0x0,0x0,0x4,0x11,0x0,0x0,
0x74,0x11,0x0,0x0,0xe4,0x11,0x0,0x0,
0x54,0x12,0x0,0x0,0xc4,0x12,0x0,0x0,
0x34,0x13,0x0,0x0,0xa4,0x13,0x0,0x0,
0x14,0x14,0x0,0x0,0x84,0x14,0x0,0x0,
0xf4,0x14,0x0,0x0,0x64,0x15,0x0,0x0,
0xd4,0x15,0x0,0x0,0x44,0x16,0x0,0x0,
0xb4,0x16,0x0,0x0,0x24,0x17,0x0,0x0,
0x94,0x17,0x0,0x0,0x54,0x19,0x0,0x0,
0x14,0x1b,0x0,0x0,0xcc,0x1b,0x0,0x0,
0x3c,0x1c,0x0,0x0,0x94,0x1c,0x0,0x0,
0x64,0x1d,0x0,0x0,0xd4,0x1d,0x0,0x0,
0x44,0x1e,0x0,0x0,0xb4,0x1e,0x0,0x0,
0x6c,0x1f,0x0,0x0,0xf4,0x1f,0x0,0x0,
0xac,0x20,0x0,0x0,0x2c,0x21,0x0,0x0,
0x9c,0x21,0x0,0x0,0xf4,0x21,0x0,0x0,
0x64,0x22,0x0,0x0,0xd4,0x22,0x0,0x0,
0x2c,0x23,0x0,0x0,0xbc,0x23,0x0,0x0,
0x4c,0x24,0x0,0x0,0xc4,0x24,0x0,0x0,
0x7c,0x25,0x0,0x0,0xec,0x25,0x0,0x0,
0x74,0x26,0x0,0x0,0xcc,0x26,0x0,0x0,
0x6c,0x27,0x0,0x0,0x3c,0x28,0x0,0x0,
0xc4,0x28,0x0,0x0,0x94,0x29,0x0,0x0,
0x94,0x2a,0x0,0x0,0x64,0x2b,0x0,0x0,
0x1c,0x2c,0x0,0x0,0xa4,0x2c,0x0,0x0,
0x74,0x2d,0x0,0x0,0xfc,0x2d,0x0,0x0,
0x84,0x2e,0x0,0x0,0xb4,0x2f,0x0,0x0,
0x24,0x30,0x0,0x0,0xf4,0x30,0x0,0x0,
0x64,0x31,0x0,0x0,0x7c,0x32,0x0,0x0,
0x4,0x33,0x0,0x0,0xa4,0x33,0x0,0x0,
0x44,0x34,0x0,0x0,0xb4,0x34,0x0,0x0,
0x24,0x35,0x0,0x0,0x7c,0x35,0x0,0x0,
0x4,0x36,0x0,0x0,0xec,0x36,0x0,0x0,
0x74,0x37,0x0,0x0,0xfc,0x37,0x0,0x0,
0x84,0x38,0x0,0x0,0xdc,0x38,0x0,0x0,
0x4c,0x39,0x0,0x0,0xec,0x39,0x0,0x0,
0x64,0x3b,0x0,0x0,0xec,0x3b,0x0,0x0,
0x5c,0x3c,0x0,0x0,0xcc,0x3c,0x0,0x0,
0x3c,0x3d,0x0,0x0,0xc4,0x3d,0x0,0x0,
0x4c,0x3e,0x0,0x0,0x4,0x3f,0x0,0x0,
0x74,0x3f,0x0,0x0,0xe4,0x3f,0x0,0x0,
0x54,0x40,0x0,0x0,0xdc,0x40,0x0,0x0,
0x34,0x41,0x0,0x0,0xbc,0x41,0x0,0x0,
0x2c,0x42,0x0,0x0,0x2c,0x43,0x0,0x0,
0x9c,0x43,0x0,0x0,0xc,0x44,0x0,0x0,
0x7c,0x44,0x0,0x0,0xec,0x44,0x0,0x0,
0x5c,0x45,0x0,0x0,0xcc,0x45,0x0,0x0,
0x54,0x46,0x0,0x0,0xc4,0x46,0x0,0x0,
0x4c,0x47,0x0,0x0,0x1c,0x48,0x0,0x0,
0x8c,0x48,0x0,0x0,0x44,0x49,0x0,0x0,
0xcc,0x49,0x0,0x0,0x84,0x4a,0x0,0x0,
0xc,0x4b,0x0,0x0,0xc4,0x4b,0x0,0x0,
0x4c,0x4c,0x0,0x0,0x1c,0x4d,0x0,0x0,
0x1c,0x4e,0x0,0x0,0xbc,0x4e,0x0,0x0,
0x2c,0x4f,0x0,0x0,0xe4,0x4f,0x0,0x0,
0x9c,0x50,0x0,0x0,0x54,0x51,0x0,0x0,
0xc,0x52,0x0,0x0,0xc4,0x52,0x0,0x0,
0x7c,0x53,0x0,0x0,0x4,0x54,0x0,0x0,
0x8c,0x54,0x0,0x0,0x14,0x55,0x0,0x0,
0x64,0x56,0x0,0x0,0xd4,0x56,0x0,0x0,
0xa4,0x57,0x0,0x0,0x14,0x58,0x0,0x0,
0xac,0x5a,0x0,0x0,0x1c,0x5b,0x0,0x0,
0x8c,0x5b,0x0,0x0,0x44,0x5c,0x0,0x0,
0xb4,0x5c,0x0,0x0,0x24,0x5d,0x0,0x0,
0xac,0x5d,0x0,0x0,0x1c,0x5e,0x0,0x0,
0xd4,0x5e,0x0,0x0,0x44,0x5f,0x0,0x0,
0xb4,0x5f,0x0,0x0,0x6c,0x60,0x0,0x0,
0xf4,0x60,0x0,0x0,0xac,0x61,0x0,0x0,
0x34,0x62,0x0,0x0,0x4,0x63,0x0,0x0,
0xa4,0x63,0x0,0x0,0x2c,0x64,0x0,0x0,
0xb4,0x64,0x0,0x0,0x24,0x65,0x0,0x0,
0xac,0x65,0x0,0x0,0x7c,0x66,0x0,0x0,
0x1c,0x67,0x0,0x0,0xa4,0x67,0x0,0x0,
0x2c,0x68,0x0,0x0,0x9c,0x68,0x0,0x0,
0x24,0x69,0x0,0x0,0xdc,0x69,0x0,0x0,
0x4c,0x6a,0x0,0x0,0xbc,0x6a,0x0,0x0,
0x44,0x6b,0x0,0x0,0xcc,0x6b,0x0,0x0,
0x54,0x6c,0x0,0x0,0xc4,0x6c,0x0,0x0,
0x4c,0x6d,0x0,0x0,0xd4,0x6d,0x0,0x0,
0x5c,0x6e,0x0,0x0,0xcc,0x6e,0x0,0x0,
0x54,0x6f,0x0,0x0,0xdc,0x6f,0x0,0x0,
0x64,0x70,0x0,0x0,0xd4,0x70,0x0,0x0,
0x5c,0x71,0x0,0x0,0xe4,0x71,0x0,0x0,
0x6c,0x72,0x0,0x0,0xdc,0x72,0x0,0x0,
0x64,0x73,0x0,0x0,0xec,0x73,0x0,0x0,
0x74,0x74,0x0,0x0,0xe4,0x74,0x0,0x0,
0x6c,0x75,0x0,0x0,0x24,0x76,0x0,0x0,
0x94,0x76,0x0,0x0,0x4,0x77,0x0,0x0,
0xbc,0x77,0x0,0x0,0x2c,0x78,0x0,0x0,
0x9c,0x78,0x0,0x0,0xf4,0x78,0x0,0x0,
0xac,0x79,0x0,0x0,0x1c,0x7a,0x0,0x0,
0x8c,0x7a,0x0,0x0,0xe4,0x7a,0x0,0x0,
0x6c,0x7b,0x0,0x0,0x24,0x7c,0x0,0x0,
0x94,0x7c,0x0,0x0,0x1c,0x7d,0x0,0x0,
0xd4,0x7d,0x0,0x0,0x8c,0x7e,0x0,0x0,
0xfc,0x7e,0x0,0x0,0x84,0x7f,0x0,0x0,
0xf4,0x7f,0x0,0x0,0x44,0x82,0x0,0x0,
0xb4,0x82,0x0,0x0,0x6c,0x83,0x0,0x0,
0xdc,0x83,0x0,0x0,0x4c,0x84,0x0,0x0,
0x4,0x85,0x0,0x0,0x8c,0x85,0x0,0x0,
0x44,0x86,0x0,0x0,0xcc,0x86,0x0,0x0,
0x54,0x87,0x0,0x0,0xc,0x88,0x0,0x0,
0x94,0x88,0x0,0x0,0x34,0x89,0x0,0x0,
0xbc,0x89,0x0,0x0,0x44,0x8a,0x0,0x0,
0xcc,0x8a,0x0,0x0,0x84,0x8b,0x0,0x0,
0x3c,0x8c,0x0,0x0,0xac,0x8c,0x0,0x0,
0x1c,0x8d,0x0,0x0,0xa4,0x8d,0x0,0x0,
0x2c,0x8e,0x0,0x0,0xe4,0x8e,0x0,0x0,
0x6c,0x8f,0x0,0x0,0xf4,0x8f,0x0,0x0,
0x7c,0x90,0x0,0x0,0xfc,0x92,0x0,0x0,
0x6c,0x93,0x0,0x0,0xf4,0x93,0x0,0x0,
0x64,0x94,0x0,0x0,0xec,0x94,0x0,0x0,
0xa4,0x95,0x0,0x0,0x5c,0x96,0x0,0x0,
0xcc,0x96,0x0,0x0,0x3c,0x97,0x0,0x0,
0xf4,0x97,0x0,0x0,0x94,0x98,0x0,0x0,
0x4,0x99,0x0,0x0,0x74,0x99,0x0,0x0,
0x5c,0x9a,0x0,0x0,0xe4,0x9a,0x0,0x0,
0x54,0x9b,0x0,0x0,0xdc,0x9b,0x0,0x0,
0xc,0x9d,0x0,0x0,0x94,0x9d,0x0,0x0,
0x1c,0x9e,0x0,0x0,0x8c,0x9e,0x0,0x0,
0xbc,0x9f,0x0,0x0,0x44,0xa0,0x0,0x0,
0xb4,0xa0,0x0,0x0,0x24,0xa1,0x0,0x0,
0x7c,0xa1,0x0,0x0,0xec,0xa1,0x0,0x0,
0x5c,0xa2,0x0,0x0,0x8c,0xa3,0x0,0x0,
0x14,0xa4,0x0,0x0,0x84,0xa4,0x0,0x0,
0xf4,0xa4,0x0,0x0,0x4c,0xa5,0x0,0x0,
0xbc,0xa5,0x0,0x0,0xec,0xa6,0x0,0x0,
0x74,0xa7,0x0,0x0,0xe4,0xa7,0x0,0x0,
0x54,0xa8,0x0,0x0,0xac,0xa8,0x0,0x0,
0x1c,0xa9,0x0,0x0,0x4c,0xaa,0x0,0x0,
0xd4,0xaa,0x0,0x0,0x44,0xab,0x0,0x0,
0xb4,0xab,0x0,0x0,0xc,0xac,0x0,0x0,
0x7c,0xac,0x0,0x0,0x1c,0xad,0x0,0x0,
0x8c,0xad,0x0,0x0,0x2c,0xae,0x0,0x0,
0xb4,0xae,0x0,0x0,0x24,0xaf,0x0,0x0,
0xac,0xaf,0x0,0x0,0x1c,0xb0,0x0,0x0,
0xec,0xb0,0x0,0x0,0x5c,0xb1,0x0,0x0,
0xfc,0xb1,0x0,0x0,0x6c,0xb2,0x0,0x0,
0xc,0xb3,0x0,0x0,0x7c,0xb3,0x0,0x0,
0x4,0xb4,0x0,0x0,0x74,0xb4,0x0,0x0,
0x2c,0xb5,0x0,0x0,0xcc,0xb5,0x0,0x0,
0x3c,0xb6,0x0,0x0,0xc4,0xb6,0x0,0x0,
0x34,0xb7,0x0,0x0,0x4,0xb8,0x0,0x0,
0x74,0xb8,0x0,0x0,0x14,0xb9,0x0,0x0,
0x84,0xb9,0x0,0x0,0x6c,0xba,0x0,0x0,
0xf4,0xba,0x0,0x0,0x64,0xbb,0x0,0x0,
0xac,0xbc,0x0,0x0,0x34,0xbd,0x0,0x0,
0xa4,0xbd,0x0,0x0,0x2c,0xbe,0x0,0x0,
0x9c,0xbe,0x0,0x0,0xc,0xbf,0x0,0x0,
0x94,0xbf,0x0,0x0,0x1c,0xc0,0x0,0x0,
0xbc,0xc0,0x0,0x0,0x5c,0xc1,0x0,0x0,
0xcc,0xc1,0x0,0x0,0x3c,0xc2,0x0,0x0,
0xc,0xc3,0x0,0x0,0xac,0xc3,0x0,0x0,
0x4c,0xc4,0x0,0x0,0xd4,0xc4,0x0,0x0,
0x5c,0xc5,0x0,0x0,0x14,0xc6,0x0,0x0,
0xe4,0xc6,0x0,0x0,0x84,0xc7,0x0,0x0,
0xc,0xc8,0x0,0x0,0x94,0xc8,0x0,0x0,
0x4,0xc9,0x0,0x0,0x8c,0xc9,0x0,0x0,
0x14,0xca,0x0,0x0,0x84,0xca,0x0,0x0,
0x54,0xcb,0x0,0x0,0xdc,0xcb,0x0,0x0,
0xac,0xcc,0x0,0x0,0x1c,0xcd,0x0,0x0,
0xec,0xcd,0x0,0x0,0x5c,0xce,0x0,0x0,
0x3c,0xd0,0x0,0x0,0xac,0xd0,0x0,0x0,
0x34,0xd1,0x0,0x0,0xbc,0xd1,0x0,0x0,
0x64,0xd2,0x0,0x0,0xd4,0xd2,0x0,0x0,
0x5c,0xd3,0x0,0x0,0xe4,0xd3,0x0,0x0,
0x6c,0xd4,0x0,0x0,0xf4,0xd4,0x0,0x0,
0xac,0xd5,0x0,0x0,0x1c,0xd6,0x0,0x0,
0xbc,0xd6,0x0,0x0,0x5c,0xd7,0x0,0x0,
0xe4,0xd7,0x0,0x0,0xe4,0xd8,0x0,0x0,
0x54,0xd9,0x0,0x0,0xf4,0xd9,0x0,0x0,
0xac,0xda,0x0,0x0,0x54,0xdb,0x0,0x0,
0xc4,0xdb,0x0,0x0,0xc4,0xdc,0x0,0x0,
0x4c,0xdd,0x0,0x0,0x1c,0xde,0x0,0x0,
0x8c,0xde,0x0,0x0,0xfc,0xde,0x0,0x0,
0xb4,0xdf,0x0,0x0,0x24,0xe0,0x0,0x0,
0xdc,0xe0,0x0,0x0,0x64,0xe1,0x0,0x0,
0x34,0xe2,0x0,0x0,0xbc,0xe2,0x0,0x0,
0x8c,0xe3,0x0,0x0,0xfc,0xe3,0x0,0x0,
0x6c,0xe4,0x0,0x0,0xc,0xe5,0x0,0x0,
0xc4,0xe5,0x0,0x0,0x4c,0xe6,0x0,0x0,
0xbc,0xe6,0x0,0x0,0x74,0xe7,0x0,0x0,
0xe4,0xe7,0x0,0x0,0x6c,0xe8,0x0,0x0,
0x24,0xe9,0x0,0x0,0xc4,0xe9,0x0,0x0,
0x7c,0xea,0x0,0x0,0x4,0xeb,0x0,0x0,
0x8c,0xeb,0x0,0x0,0x5c,0xec,0x0,0x0,
0xcc,0xec,0x0,0x0,0x54,0xed,0x0,0x0,
0xc4,0xed,0x0,0x0,0x34,0xee,0x0,0x0,
0xec,0xee,0x0,0x0,0x5c,0xef,0x0,0x0,
0xcc,0xef,0x0,0x0,0x54,0xf0,0x0,0x0,
0xc4,0xf0,0x0,0x0,0x94,0xf1,0x0,0x0,
0x4,0xf2,0x0,0x0,0x8c,0xf2,0x0,0x0,
0x2c,0xf3,0x0,0x0,0x5c,0xf4,0x0,0x0,
0xfc,0xf4,0x0,0x0,0x6c,0xf5,0x0,0x0,
0xdc,0xf5,0x0,0x0,0x7c,0xf6,0x0,0x0,
0x1c,0xf7,0x0,0x0,0x8c,0xf7,0x0,0x0,
0xfc,0xf7,0x0,0x0,0x9c,0xf8,0x0,0x0,
0x3c,0xf9,0x0,0x0,0xc4,0xf9,0x0,0x0,
0x34,0xfa,0x0,0x0,0xbc,0xfa,0x0,0x0,
0x44,0xfb,0x0,0x0,0xcc,0xfb,0x0,0x0,
0x3c,0xfc,0x0,0x0,0xac,0xfc,0x0,0x0,
0x74,0xfd,0x0,0x0,0xe4,0xfd,0x0,0x0,
0x6c,0xfe,0x0,0x0,0xdc,0xfe,0x0,0x0,
0x94,0xff,0x0,0x0,0x34,0x0,0x1,0x0,
0x4,0x1,0x1,0x0,0x74,0x1,0x1,0x0,
0x2c,0x2,0x1,0x0,0x9c,0x2,0x1,0x0,
0xc,0x3,0x1,0x0,0xfc,0x3,0x1,0x0,
0x6c,0x4,0x1,0x0,0xf4,0x4,0x1,0x0,
0x94,0x5,0x1,0x0,0x1c,0x6,0x1,0x0,
0x34,0x7,0x1,0x0,0xa4,0x7,0x1,0x0,
0x2c,0x8,0x1,0x0,0xb4,0x8,0x1,0x0,
0x3c,0x9,0x1,0x0,0xc4,0x9,0x1,0x0,
0x34,0xa,0x1,0x0,0xa4,0xa,0x1,0x0,
0x8c,0xb,0x1,0x0,0xbc,0xc,0x1,0x0,
0xa4,0xd,0x1,0x0,0x44,0xe,0x1,0x0,
0xb4,0xe,0x1,0x0,0x3c,0xf,0x1,0x0,
0xac,0xf,0x1,0x0,0x64,0x10,0x1,0x0,
0xec,0x10,0x1,0x0,0x5c,0x11,0x1,0x0,
0x5c,0x12,0x1,0x0,0xcc,0x12,0x1,0x0,
0x3c,0x13,0x1,0x0,0xf4,0x13,0x1,0x0,
0x64,0x14,0x1,0x0,0xd4,0x14,0x1,0x0,
0x44,0x15,0x1,0x0,0xb4,0x15,0x1,0x0,
0x9c,0x16,0x1,0x0,0x24,0x17,0x1,0x0,
0x94,0x17,0x1,0x0,0x34,0x18,0x1,0x0,
0xa4,0x18,0x1,0x0,0x2c,0x19,0x1,0x0,
0x9c,0x19,0x1,0x0,0xb,0x0,0x0,0x0,
0xc,0x0,0x0,0x0,0x0,0x0,0xff,0xff,
0xff,0xff,0xff,0xff,0xc,0x0,0xa,0x0,
0x54,0x0,0x0,0x0,0x84,0x0,0x0,0x0,
0xfc,0x0,0x0,0x0,0x3,0x0,0x0,0x0,
0x38,0x1,0x0,0x0,0x38,0x1,0x0,0x0,
0x0,0x0,0x21,0x0,0x38,0x1,0x0,0x0,
0x0,0x0,0x0,0x0,0x50,0x4,0x0,0x0,
0xc,0x0,0x10,0x0,0xd,0x0,0x50,0x0,
0x50,0x4,0x0,0x0,0x0,0x0,0x0,0x0,
0x50,0x4,0x0,0x0,0x0,0x0,0x0,0x0,
0x5,0x0,0x0,0x0,0x6,0x0,0x0,0x0,
0x8,0x0,0x0,0x0,0x9,0x0,0x0,0x0,
0xa,0x0,0x0,0x0,0xb,0x0,0x0,0x0,
0xc,0x0,0x0,0x0,0xd,0x0,0x0,0x0,
0xe,0x0,0x0,0x0,0x10,0x0,0x0,0x0,
0x11,0x0,0x0,0x0,0x12,0x0,0x0,0x0,
0x12,0x0,0x0,0x0,0x4,0x0,0x0,0x20,
0x13,0x0,0x50,0x0,0x13,0x0,0x0,0x0,
0x4,0x0,0x0,0xa0,0x15,0x0,0x50,0x0,
0x43,0x0,0x0,0x0,0x3,0x0,0x0,0x20,
0x6d,0x0,0x50,0x0,0x45,0x0,0x0,0x0,
0x3,0x0,0x0,0x20,0x6f,0x0,0x50,0x0,
0x42,0x2,0x0,0x0,0x4,0x0,0x0,0x20,
0xcb,0x7,0x50,0x0,0x43,0x2,0x0,0x0,
0x4,0x0,0x0,0x20,0xcc,0x7,0x50,0x0,
0x44,0x2,0x0,0x0,0x4,0x0,0x0,0x20,
0xcd,0x7,0x50,0x0,0x45,0x2,0x0,0x0,
0x4,0x0,0x0,0x20,0xce,0x7,0x50,0x0,
0x46,0x2,0x0,0x0,0x4,0x0,0x0,0x20,
0xcf,0x7,0x50,0x0,0x47,0x2,0x0,0x0,
0x4,0x0,0x0,0x20,0xd0,0x7,0x50,0x0,
0x15,0x0,0x0,0x0,0x15,0x0,0x0,0x0,
0x0,0x0,0x0,0x0,0x17,0x0,0x50,0x0,
0x17,0x0,0xe0,0x1,0x16,0x0,0x0,0x0,
0x16,0x0,0x0,0x0,0x0,0x0,0x0,0x0,
0x1b,0x0,0x50,0x0,0x1b,0x0,0xb0,0x1,
0x17,0x0,0x0,0x0,0x18,0x0,0x0,0x0,
0x0,0x0,0x0,0x0,0x1c,0x0,0x50,0x0,
0x1c,0x0,0x60,0x2,0x4e,0x0,0x0,0x0,
0x0,0x0,0x7,0x0,0x4,0x0,0x0,0x0,
0x0,0x0,0x0,0x0,0x92,0x0,0x50,0x0,
0x92,0x0,0xc0,0x0,0x47,0x0,0x0,0x0,
0x0,0x0,0x7,0x0,0x3,0x0,0x0,0x0,
0x0,0x0,0x0,0x0,0x71,0x0,0x50,0x0,
0x71,0x0,0x0,0x2,0x45,0x0,0x0,0x0,
0x0,0x0,0x7,0x0,0x2,0x0,0x0,0x0,
0x0,0x0,0x0,0x0,0x6f,0x0,0x30,0x1,
0x6f,0x0,0xd0,0x1,0x43,0x0,0x0,0x0,
0x0,0x0,0x7,0x0,0x1,0x0,0x0,0x0,
0x0,0x0,0x0,0x0,0x6d,0x0,0x30,0x1,
0x6d,0x0,0x50,0x2,0x13,0x0,0x0,0x0,
0x8,0x0,0x7,0x0,0x0,0x0,0x0,0x0,
0x0,0x0,0x0,0x0,0x15,0x0,0xc0,0x1,
0x16,0x0,0x90,0x0,0x10,0x0,0x0,0x0,
0x0,0x0,0x3,0x0,0x0,0x0,0x0,0x0,
0x11,0x0,0x0,0x0,0x11,0x0,0x50,0x0,
0x11,0x0,0xc0,0x0,0xf,0x0,0x0,0x0,
0x0,0x0,0x1,0x0,0x1,0x0,0x0,0x0,
0x0,0x0,0x0,0x0,0x10,0x0,0x50,0x0,
0x10,0x0,0xe0,0x0,0xe,0x0,0x0,0x0,
0x0,0x0,0x2,0x0,0x1,0x0,0x0,0x0,
0x0,0x0,0x0,0x0,0xf,0x0,0x50,0x0,
0xf,0x0,0xd0,0x0,0xd,0x0,0x0,0x0,
0x0,0x0,0x2,0x0,0x0,0x0,0x0,0x0,
0x0,0x0,0x0,0x0,0xe,0x0,0x50,0x0,
0xe,0x0,0xc0,0x0,0x0,0x0,0x0,0x0,
0x0,0x0,0x8,0x0,0x1,0x0,0x0,0x0,
0x0,0x0,0x0,0x0,0x1e,0x0,0x50,0x0,
0x1e,0x0,0x50,0x0,0x0,0x0,0x0,0x0,
0x0,0x0,0x8,0x0,0x16,0x0,0x0,0x0,
0x0,0x0,0x0,0x0,0x4a,0x0,0x50,0x0,
0x4a,0x0,0x50,0x0,0x0,0x0,0x0,0x0,
0x0,0x0,0x8,0x0,0x17,0x0,0x0,0x0,
0x0,0x0,0x0,0x0,0x58,0x0,0x50,0x0,
0x58,0x0,0x50,0x0,0x0,0x0,0x0,0x0,
0x0,0x0,0x8,0x0,0x1a,0x0,0x0,0x0,
0x0,0x0,0x0,0x0,0x8e,0x0,0x50,0x0,
0x8e,0x0,0x50,0x0,0x0,0x0,0x0,0x0,
0x0,0x0,0x8,0x0,0x1b,0x0,0x0,0x0,
0x0,0x0,0x0,0x0,0x48,0x1,0x50,0x0,
0x48,0x1,0x50,0x0,0x0,0x0,0x0,0x0,
0x0,0x0,0x8,0x0,0x21,0x0,0x0,0x0,
0x0,0x0,0x0,0x0,0x60,0x1,0x50,0x0,
0x60,0x1,0x50,0x0,0x0,0x0,0x0,0x0,
0x0,0x0,0x8,0x0,0x22,0x0,0x0,0x0,
0x0,0x0,0x0,0x0,0x6a,0x1,0x50,0x0,
0x6a,0x1,0x50,0x0,0x0,0x0,0x0,0x0,
0x0,0x0,0x8,0x0,0x23,0x0,0x0,0x0,
0x0,0x0,0x0,0x0,0x83,0x1,0x50,0x0,
0x83,0x1,0x50,0x0,0x0,0x0,0x0,0x0,
0x0,0x0,0x8,0x0,0x25,0x0,0x0,0x0,
0x0,0x0,0x0,0x0,0x89,0x1,0x50,0x0,
0x89,0x1,0x50,0x0,0x0,0x0,0x0,0x0,
0x0,0x0,0x8,0x0,0x26,0x0,0x0,0x0,
0x0,0x0,0x0,0x0,0x8d,0x1,0x50,0x0,
0x8d,0x1,0x50,0x0,0x0,0x0,0x0,0x0,
0x0,0x0,0x8,0x0,0x28,0x0,0x0,0x0,
0x0,0x0,0x0,0x0,0xa3,0x1,0x50,0x0,
0xa3,0x1,0x50,0x0,0x0,0x0,0x0,0x0,
0x0,0x0,0x8,0x0,0x29,0x0,0x0,0x0,
0x0,0x0,0x0,0x0,0xac,0x1,0x50,0x0,
0xac,0x1,0x50,0x0,0x0,0x0,0x0,0x0,
0x0,0x0,0x8,0x0,0x2a,0x0,0x0,0x0,
0x0,0x0,0x0,0x0,0xb4,0x1,0x50,0x0,
0xb4,0x1,0x50,0x0,0x0,0x0,0x0,0x0,
0x0,0x0,0x8,0x0,0x2b,0x0,0x0,0x0,
0x0,0x0,0x0,0x0,0xba,0x1,0x50,0x0,
0xba,0x1,0x50,0x0,0x0,0x0,0x0,0x0,
0x0,0x0,0x8,0x0,0x2e,0x0,0x0,0x0,
0x0,0x0,0x0,0x0,0xc5,0x1,0x50,0x0,
0xc5,0x1,0x50,0x0,0x0,0x0,0x0,0x0,
0x0,0x0,0x8,0x0,0x2f,0x0,0x0,0x0,
0x0,0x0,0x0,0x0,0xe5,0x1,0x50,0x0,
0xe5,0x1,0x50,0x0,0x0,0x0,0x0,0x0,
0x0,0x0,0x8,0x0,0x31,0x0,0x0,0x0,
0x0,0x0,0x0,0x0,0xf7,0x1,0x50,0x0,
0xf7,0x1,0x50,0x0,0x0,0x0,0x0,0x0,
0x0,0x0,0x8,0x0,0x33,0x0,0x0,0x0,
0x0,0x0,0x0,0x0,0x1,0x2,0x50,0x0,
0x1,0x2,0x50,0x0,0x0,0x0,0x0,0x0,
0x0,0x0,0x8,0x0,0xa5,0x1,0x0,0x0,
0x0,0x0,0x0,0x0,0x1a,0x7,0x50,0x0,
0x1a,0x7,0x50,0x0,0x0,0x0,0x0,0x0,
0x0,0x0,0x8,0x0,0xa6,0x1,0x0,0x0,
0x0,0x0,0x0,0x0,0x23,0x7,0x50,0x0,
0x23,0x7,0x50,0x0,0x0,0x0,0x0,0x0,
0x0,0x0,0x8,0x0,0xb0,0x1,0x0,0x0,
0x0,0x0,0x0,0x0,0x61,0x7,0x50,0x0,
0x61,0x7,0x50,0x0,0x0,0x0,0x0,0x0,
0x0,0x0,0x8,0x0,0xc7,0x1,0x0,0x0,
0x0,0x0,0x0,0x0,0xd2,0x7,0x50,0x0,
0xd2,0x7,0x50,0x0,0x49,0x0,0x0,0x0,
0x0,0x0,0x9,0x0,0x19,0x0,0x0,0x0,
0x0,0x0,0x0,0x0,0x81,0x0,0x50,0x0,
0x81,0x0,0xf0,0x0,0x3b,0x0,0x0,0x0,
0x0,0x0,0x9,0x0,0x18,0x0,0x0,0x0,
0x0,0x0,0x0,0x0,0x66,0x0,0x50,0x0,
0x66,0x0,0xe0,0x0,0x19,0x0,0x0,0x0,
0x16,0x0,0x0,0x0,0x0,0x0,0xff,0xff,
0xff,0xff,0xff,0xff,0x0,0x0,0xa,0x0,
0x54,0x0,0x0,0x0,0x54,0x0,0x0,0x0,
0xcc,0x0,0x0,0x0,0x0,0x0,0x0,0x0,
0xcc,0x0,0x0,0x0,0xcc,0x0,0x0,0x0,
0x0,0x0,0x14,0x0,0xcc,0x0,0x0,0x0,
0x0,0x0,0x0,0x0,0xac,0x2,0x0,0x0,
0x1e,0x0,0x50,0x0,0x1f,0x0,0x90,0x0,
0xac,0x2,0x0,0x0,0x0,0x0,0x0,0x0,
0xac,0x2,0x0,0x0,0x0,0x0,0x0,0x0,
0x1b,0x0,0x0,0x0,0x1a,0x0,0x0,0x0,
0x20,0x0,0x90,0x0,0x1d,0x0,0x0,0x0,
0x1a,0x0,0x0,0x0,0x21,0x0,0x90,0x0,
0x1f,0x0,0x0,0x0,0x1a,0x0,0x0,0x0,
0x22,0x0,0x90,0x0,0x21,0x0,0x0,0x0,
0x1a,0x0,0x0,0x0,0x23,0x0,0x90,0x0,
0x23,0x0,0x0,0x0,0x1a,0x0,0x0,0x0,
0x24,0x0,0x90,0x0,0x24,0x0,0x0,0x0,
0x1a,0x0,0x0,0x0,0x25,0x0,0x90,0x0,
0x26,0x0,0x0,0x0,0x1a,0x0,0x0,0x0,
0x26,0x0,0x90,0x0,0x28,0x0,0x0,0x0,
0x1a,0x0,0x0,0x0,0x27,0x0,0x90,0x0,
0x2a,0x0,0x0,0x0,0x1a,0x0,0x0,0x0,
0x28,0x0,0x90,0x0,0x2c,0x0,0x0,0x0,
0x1a,0x0,0x0,0x0,0x29,0x0,0x90,0x0,
0x2c,0x0,0x0,0x0,0x4,0x0,0x8,0x0,
0x14,0x0,0x0,0x0,0x0,0x0,0x0,0x0,
0x45,0x0,0x50,0x1,0x45,0x0,0x90,0x0,
0x28,0x0,0x0,0x0,0x4,0x0,0x8,0x0,
0x12,0x0,0x0,0x0,0x0,0x0,0x0,0x0,
0x42,0x0,0x50,0x1,0x42,0x0,0x90,0x0,
0x2a,0x0,0x0,0x0,0x4,0x0,0x8,0x0,
0x10,0x0,0x0,0x0,0x0,0x0,0x0,0x0,
0x3f,0x0,0x50,0x1,0x3f,0x0,0x90,0x0,
0x24,0x0,0x0,0x0,0x4,0x0,0x8,0x0,
0xe,0x0,0x0,0x0,0x0,0x0,0x0,0x0,
0x3c,0x0,0x50,0x1,0x3c,0x0,0x90,0x0,
0x26,0x0,0x0,0x0,0x4,0x0,0x8,0x0,
0xc,0x0,0x0,0x0,0x0,0x0,0x0,0x0,
0x39,0x0,0x50,0x1,0x39,0x0,0x90,0x0,
0x23,0x0,0x0,0x0,0x4,0x0,0x8,0x0,
0xa,0x0,0x0,0x0,0x0,0x0,0x0,0x0,
0x36,0x0,0x50,0x1,0x36,0x0,0x90,0x0,
0x21,0x0,0x0,0x0,0x4,0x0,0x8,0x0,
0x8,0x0,0x0,0x0,0x0,0x0,0x0,0x0,
0x33,0x0,0x50,0x1,0x33,0x0,0x90,0x0,
0x1f,0x0,0x0,0x0,0x4,0x0,0x8,0x0,
0x6,0x0,0x0,0x0,0x0,0x0,0x0,0x0,
0x30,0x0,0x50,0x1,0x30,0x0,0x90,0x0,
0x1d,0x0,0x0,0x0,0x4,0x0,0x8,0x0,
0x4,0x0,0x0,0x0,0x0,0x0,0x0,0x0,
0x2d,0x0,0x50,0x1,0x2d,0x0,0x90,0x0,
0x1b,0x0,0x0,0x0,0x4,0x0,0x8,0x0,
0x2,0x0,0x0,0x0,0x0,0x0,0x0,0x0,
0x2a,0x0,0x50,0x1,0x2a,0x0,0x90,0x0,
0x2c,0x0,0x0,0x0,0x0,0x0,0x3,0x0,
0x0,0x0,0x0,0x0,0x2b,0x0,0x0,0x0,
0x29,0x0,0x80,0x1,0x29,0x0,0x50,0x2,
0x2a,0x0,0x0,0x0,0x0,0x0,0x3,0x0,
0x0,0x0,0x0,0x0,0x2b,0x0,0x0,0x0,
0x28,0x0,0x80,0x1,0x28,0x0,0xf0,0x1,
0x28,0x0,0x0,0x0,0x0,0x0,0x3,0x0,
0x0,0x0,0x0,0x0,0x29,0x0,0x0,0x0,
0x27,0x0,0x80,0x1,0x27,0x0,0xf0,0x1,
0x26,0x0,0x0,0x0,0x0,0x0,0x3,0x0,
0x0,0x0,0x0,0x0,0x27,0x0,0x0,0x0,
0x26,0x0,0x80,0x1,0x26,0x0,0x60,0x2,
0x24,0x0,0x0,0x0,0x0,0x0,0x3,0x0,
0x0,0x0,0x0,0x0,0x25,0x0,0x0,0x0,
0x25,0x0,0x80,0x1,0x25,0x0,0x50,0x2,
0x23,0x0,0x0,0x0,0x0,0x0,0x3,0x0,
0x0,0x0,0x0,0x0,0x20,0x0,0x0,0x0,
0x24,0x0,0x80,0x1,0x24,0x0,0x10,0x2,
0x21,0x0,0x0,0x0,0x0,0x0,0x3,0x0,
0x0,0x0,0x0,0x0,0x22,0x0,0x0,0x0,
0x23,0x0,0x80,0x1,0x23,0x0,0x30,0x2,
0x1f,0x0,0x0,0x0,0x0,0x0,0x3,0x0,
0x0,0x0,0x0,0x0,0x20,0x0,0x0,0x0,
0x22,0x0,0x80,0x1,0x22,0x0,0xd0,0x1,
0x1d,0x0,0x0,0x0,0x0,0x0,0x3,0x0,
0x0,0x0,0x0,0x0,0x1e,0x0,0x0,0x0,
0x21,0x0,0x80,0x1,0x21,0x0,0xc0,0x1,
0x1b,0x0,0x0,0x0,0x0,0x0,0x3,0x0,
0x0,0x0,0x0,0x0,0x1c,0x0,0x0,0x0,
0x20,0x0,0x80,0x1,0x20,0x0,0xc0,0x1,
0x0,0x0,0x0,0x0,0x2d,0x0,0x0,0x0,
0x0,0x0,0x0,0x0,0x0,0x0,0xff,0xff,
0xff,0xff,0xff,0xff,0x0,0x0,0x0,0x0,
0x54,0x0,0x0,0x0,0x54,0x0,0x0,0x0,
0x54,0x0,0x0,0x0,0x0,0x0,0x0,0x0,
0x54,0x0,0x0,0x0,0x54,0x0,0x0,0x0,
0x0,0x0,0x1,0x0,0x54,0x0,0x0,0x0,
0x0,0x0,0x0,0x0,0x6c,0x0,0x0,0x0,
0x2a,0x0,0x90,0x0,0x0,0x0,0x0,0x0,
0x6c,0x0,0x0,0x0,0x0,0x0,0x0,0x0,
0x6c,0x0,0x0,0x0,0x0,0x0,0x0,0x0,
0x0,0x0,0x0,0x0,0x0,0x0,0x8,0x0,
0x3,0x0,0x0,0x0,0x0,0x0,0x0,0x0,
0x2b,0x0,0xd0,0x0,0x2b,0x0,0xd0,0x0,
0x0,0x0,0x0,0x0,0x2e,0x0,0x0,0x0,
0x0,0x0,0x0,0x0,0x0,0x0,0xff,0xff,
0xff,0xff,0xff,0xff,0x0,0x0,0x0,0x0,
0x54,0x0,0x0,0x0,0x54,0x0,0x0,0x0,
0x54,0x0,0x0,0x0,0x0,0x0,0x0,0x0,
0x54,0x0,0x0,0x0,0x54,0x0,0x0,0x0,
0x0,0x0,0x1,0x0,0x54,0x0,0x0,0x0,
0x0,0x0,0x0,0x0,0x6c,0x0,0x0,0x0,
0x2b,0x0,0xd0,0x0,0x0,0x0,0x0,0x0,
0x6c,0x0,0x0,0x0,0x0,0x0,0x0,0x0,
0x6c,0x0,0x0,0x0,0x0,0x0,0x0,0x0,
0x2f,0x0,0x0,0x0,0x0,0x0,0x2,0x0,
0x2,0x0,0x0,0x0,0x0,0x0,0x0,0x0,
0x2b,0x0,0xe0,0x1,0x2b,0x0,0x80,0x2,
0x0,0x0,0x0,0x0,0x2d,0x0,0x0,0x0,
0x0,0x0,0x0,0x0,0x0,0x0,0xff,0xff,
0xff,0xff,0xff,0xff,0x0,0x0,0x0,0x0,
0x54,0x0,0x0,0x0,0x54,0x0,0x0,0x0,
0x54,0x0,0x0,0x0,0x0,0x0,0x0,0x0,
0x54,0x0,0x0,0x0,0x54,0x0,0x0,0x0,
0x0,0x0,0x1,0x0,0x54,0x0,0x0,0x0,
0x0,0x0,0x0,0x0,0x6c,0x0,0x0,0x0,
0x2d,0x0,0x90,0x0,0x0,0x0,0x0,0x0,
0x6c,0x0,0x0,0x0,0x0,0x0,0x0,0x0,
0x6c,0x0,0x0,0x0,0x0,0x0,0x0,0x0,
0x0,0x0,0x0,0x0,0x0,0x0,0x8,0x0,
0x5,0x0,0x0,0x0,0x0,0x0,0x0,0x0,
0x2e,0x0,0xd0,0x0,0x2e,0x0,0xd0,0x0,
0x0,0x0,0x0,0x0,0x2e,0x0,0x0,0x0,
0x0,0x0,0x0,0x0,0x0,0x0,0xff,0xff,
0xff,0xff,0xff,0xff,0x0,0x0,0x0,0x0,
0x54,0x0,0x0,0x0,0x54,0x0,0x0,0x0,
0x54,0x0,0x0,0x0,0x0,0x0,0x0,0x0,
0x54,0x0,0x0,0x0,0x54,0x0,0x0,0x0,
0x0,0x0,0x1,0x0,0x54,0x0,0x0,0x0,
0x0,0x0,0x0,0x0,0x6c,0x0,0x0,0x0,
0x2e,0x0,0xd0,0x0,0x0,0x0,0x0,0x0,
0x6c,0x0,0x0,0x0,0x0,0x0,0x0,0x0,
0x6c,0x0,0x0,0x0,0x0,0x0,0x0,0x0,
0x2f,0x0,0x0,0x0,0x0,0x0,0x2,0x0,
0x2,0x0,0x0,0x0,0x0,0x0,0x0,0x0,
0x2e,0x0,0xe0,0x1,0x2e,0x0,0x80,0x2,
0x0,0x0,0x0,0x0,0x2d,0x0,0x0,0x0,
0x0,0x0,0x0,0x0,0x0,0x0,0xff,0xff,
0xff,0xff,0xff,0xff,0x0,0x0,0x0,0x0,
0x54,0x0,0x0,0x0,0x54,0x0,0x0,0x0,
0x54,0x0,0x0,0x0,0x0,0x0,0x0,0x0,
0x54,0x0,0x0,0x0,0x54,0x0,0x0,0x0,
0x0,0x0,0x1,0x0,0x54,0x0,0x0,0x0,
0x0,0x0,0x0,0x0,0x6c,0x0,0x0,0x0,
0x30,0x0,0x90,0x0,0x0,0x0,0x0,0x0,
0x6c,0x0,0x0,0x0,0x0,0x0,0x0,0x0,
0x6c,0x0,0x0,0x0,0x0,0x0,0x0,0x0,
0x0,0x0,0x0,0x0,0x0,0x0,0x8,0x0,
0x7,0x0,0x0,0x0,0x0,0x0,0x0,0x0,
0x31,0x0,0xd0,0x0,0x31,0x0,0xd0,0x0,
0x0,0x0,0x0,0x0,0x2e,0x0,0x0,0x0,
0x0,0x0,0x0,0x0,0x0,0x0,0xff,0xff,
0xff,0xff,0xff,0xff,0x0,0x0,0x0,0x0,
0x54,0x0,0x0,0x0,0x54,0x0,0x0,0x0,
0x54,0x0,0x0,0x0,0x0,0x0,0x0,0x0,
0x54,0x0,0x0,0x0,0x54,0x0,0x0,0x0,
0x0,0x0,0x1,0x0,0x54,0x0,0x0,0x0,
0x0,0x0,0x0,0x0,0x6c,0x0,0x0,0x0,
0x31,0x0,0xd0,0x0,0x0,0x0,0x0,0x0,
0x6c,0x0,0x0,0x0,0x0,0x0,0x0,0x0,
0x6c,0x0,0x0,0x0,0x0,0x0,0x0,0x0,
0x2f,0x0,0x0,0x0,0x0,0x0,0x2,0x0,
0x2,0x0,0x0,0x0,0x0,0x0,0x0,0x0,
0x31,0x0,0xe0,0x1,0x31,0x0,0x80,0x2,
0x0,0x0,0x0,0x0,0x2d,0x0,0x0,0x0,
0x0,0x0,0x0,0x0,0x0,0x0,0xff,0xff,
0xff,0xff,0xff,0xff,0x0,0x0,0x0,0x0,
0x54,0x0,0x0,0x0,0x54,0x0,0x0,0x0,
0x54,0x0,0x0,0x0,0x0,0x0,0x0,0x0,
0x54,0x0,0x0,0x0,0x54,0x0,0x0,0x0,
0x0,0x0,0x1,0x0,0x54,0x0,0x0,0x0,
0x0,0x0,0x0,0x0,0x6c,0x0,0x0,0x0,
0x33,0x0,0x90,0x0,0x0,0x0,0x0,0x0,
0x6c,0x0,0x0,0x0,0x0,0x0,0x0,0x0,
0x6c,0x0,0x0,0x0,0x0,0x0,0x0,0x0,
0x0,0x0,0x0,0x0,0x0,0x0,0x8,0x0,
0x9,0x0,0x0,0x0,0x0,0x0,0x0,0x0,
0x34,0x0,0xd0,0x0,0x34,0x0,0xd0,0x0,
0x0,0x0,0x0,0x0,0x2e,0x0,0x0,0x0,
0x0,0x0,0x0,0x0,0x0,0x0,0xff,0xff,
0xff,0xff,0xff,0xff,0x0,0x0,0x0,0x0,
0x54,0x0,0x0,0x0,0x54,0x0,0x0,0x0,
0x54,0x0,0x0,0x0,0x0,0x0,0x0,0x0,
0x54,0x0,0x0,0x0,0x54,0x0,0x0,0x0,
0x0,0x0,0x1,0x0,0x54,0x0,0x0,0x0,
0x0,0x0,0x0,0x0,0x6c,0x0,0x0,0x0,
0x34,0x0,0xd0,0x0,0x0,0x0,0x0,0x0,
0x6c,0x0,0x0,0x0,0x0,0x0,0x0,0x0,
0x6c,0x0,0x0,0x0,0x0,0x0,0x0,0x0,
0x2f,0x0,0x0,0x0,0x0,0x0,0x2,0x0,
0x3,0x0,0x0,0x0,0x0,0x0,0x0,0x0,
0x34,0x0,0xe0,0x1,0x34,0x0,0x80,0x2,
0x0,0x0,0x0,0x0,0x2d,0x0,0x0,0x0,
0x0,0x0,0x0,0x0,0x0,0x0,0xff,0xff,
0xff,0xff,0xff,0xff,0x0,0x0,0x0,0x0,
0x54,0x0,0x0,0x0,0x54,0x0,0x0,0x0,
0x54,0x0,0x0,0x0,0x0,0x0,0x0,0x0,
0x54,0x0,0x0,0x0,0x54,0x0,0x0,0x0,
0x0,0x0,0x1,0x0,0x54,0x0,0x0,0x0,
0x0,0x0,0x0,0x0,0x6c,0x0,0x0,0x0,
0x36,0x0,0x90,0x0,0x0,0x0,0x0,0x0,
0x6c,0x0,0x0,0x0,0x0,0x0,0x0,0x0,
0x6c,0x0,0x0,0x0,0x0,0x0,0x0,0x0,
0x0,0x0,0x0,0x0,0x0,0x0,0x8,0x0,
0xb,0x0,0x0,0x0,0x0,0x0,0x0,0x0,
0x37,0x0,0xd0,0x0,0x37,0x0,0xd0,0x0,
0x0,0x0,0x0,0x0,0x2e,0x0,0x0,0x0,
0x0,0x0,0x0,0x0,0x0,0x0,0xff,0xff,
0xff,0xff,0xff,0xff,0x0,0x0,0x0,0x0,
0x54,0x0,0x0,0x0,0x54,0x0,0x0,0x0,
0x54,0x0,0x0,0x0,0x0,0x0,0x0,0x0,
0x54,0x0,0x0,0x0,0x54,0x0,0x0,0x0,
0x0,0x0,0x1,0x0,0x54,0x0,0x0,0x0,
0x0,0x0,0x0,0x0,0x6c,0x0,0x0,0x0,
0x37,0x0,0xd0,0x0,0x0,0x0,0x0,0x0,
0x6c,0x0,0x0,0x0,0x0,0x0,0x0,0x0,
0x6c,0x0,0x0,0x0,0x0,0x0,0x0,0x0,
0x2f,0x0,0x0,0x0,0x0,0x0,0x2,0x0,
0x2,0x0,0x0,0x0,0x0,0x0,0x0,0x0,
0x37,0x0,0xe0,0x1,0x37,0x0,0x80,0x2,
0x0,0x0,0x0,0x0,0x2d,0x0,0x0,0x0,
0x0,0x0,0x0,0x0,0x0,0x0,0xff,0xff,
0xff,0xff,0xff,0xff,0x0,0x0,0x0,0x0,
0x54,0x0,0x0,0x0,0x54,0x0,0x0,0x0,
0x54,0x0,0x0,0x0,0x0,0x0,0x0,0x0,
0x54,0x0,0x0,0x0,0x54,0x0,0x0,0x0,
0x0,0x0,0x1,0x0,0x54,0x0,0x0,0x0,
0x0,0x0,0x0,0x0,0x6c,0x0,0x0,0x0,
0x39,0x0,0x90,0x0,0x0,0x0,0x0,0x0,
0x6c,0x0,0x0,0x0,0x0,0x0,0x0,0x0,
0x6c,0x0,0x0,0x0,0x0,0x0,0x0,0x0,
0x0,0x0,0x0,0x0,0x0,0x0,0x8,0x0,
0xd,0x0,0x0,0x0,0x0,0x0,0x0,0x0,
0x3a,0x0,0xd0,0x0,0x3a,0x0,0xd0,0x0,
0x0,0x0,0x0,0x0,0x2e,0x0,0x0,0x0,
0x0,0x0,0x0,0x0,0x0,0x0,0xff,0xff,
0xff,0xff,0xff,0xff,0x0,0x0,0x0,0x0,
0x54,0x0,0x0,0x0,0x54,0x0,0x0,0x0,
0x54,0x0,0x0,0x0,0x0,0x0,0x0,0x0,
0x54,0x0,0x0,0x0,0x54,0x0,0x0,0x0,
0x0,0x0,0x1,0x0,0x54,0x0,0x0,0x0,
0x0,0x0,0x0,0x0,0x6c,0x0,0x0,0x0,
0x3a,0x0,0xd0,0x0,0x0,0x0,0x0,0x0,
0x6c,0x0,0x0,0x0,0x0,0x0,0x0,0x0,
0x6c,0x0,0x0,0x0,0x0,0x0,0x0,0x0,
0x2f,0x0,0x0,0x0,0x0,0x0,0x2,0x0,
0x3,0x0,0x0,0x0,0x0,0x0,0x0,0x0,
0x3a,0x0,0xe0,0x1,0x3a,0x0,0x80,0x2,
0x0,0x0,0x0,0x0,0x2d,0x0,0x0,0x0,
0x0,0x0,0x0,0x0,0x0,0x0,0xff,0xff,
0xff,0xff,0xff,0xff,0x0,0x0,0x0,0x0,
0x54,0x0,0x0,0x0,0x54,0x0,0x0,0x0,
0x54,0x0,0x0,0x0,0x0,0x0,0x0,0x0,
0x54,0x0,0x0,0x0,0x54,0x0,0x0,0x0,
0x0,0x0,0x1,0x0,0x54,0x0,0x0,0x0,
0x0,0x0,0x0,0x0,0x6c,0x0,0x0,0x0,
0x3c,0x0,0x90,0x0,0x0,0x0,0x0,0x0,
0x6c,0x0,0x0,0x0,0x0,0x0,0x0,0x0,
0x6c,0x0,0x0,0x0,0x0,0x0,0x0,0x0,
0x0,0x0,0x0,0x0,0x0,0x0,0x8,0x0,
0xf,0x0,0x0,0x0,0x0,0x0,0x0,0x0,
0x3d,0x0,0xd0,0x0,0x3d,0x0,0xd0,0x0,
0x0,0x0,0x0,0x0,0x2e,0x0,0x0,0x0,
0x0,0x0,0x0,0x0,0x0,0x0,0xff,0xff,
0xff,0xff,0xff,0xff,0x0,0x0,0x0,0x0,
0x54,0x0,0x0,0x0,0x54,0x0,0x0,0x0,
0x54,0x0,0x0,0x0,0x0,0x0,0x0,0x0,
0x54,0x0,0x0,0x0,0x54,0x0,0x0,0x0,
0x0,0x0,0x1,0x0,0x54,0x0,0x0,0x0,
0x0,0x0,0x0,0x0,0x6c,0x0,0x0,0x0,
0x3d,0x0,0xd0,0x0,0x0,0x0,0x0,0x0,
0x6c,0x0,0x0,0x0,0x0,0x0,0x0,0x0,
0x6c,0x0,0x0,0x0,0x0,0x0,0x0,0x0,
0x2f,0x0,0x0,0x0,0x0,0x0,0x2,0x0,
0x3,0x0,0x0,0x0,0x0,0x0,0x0,0x0,
0x3d,0x0,0xe0,0x1,0x3d,0x0,0x80,0x2,
0x0,0x0,0x0,0x0,0x2d,0x0,0x0,0x0,
0x0,0x0,0x0,0x0,0x0,0x0,0xff,0xff,
0xff,0xff,0xff,0xff,0x0,0x0,0x0,0x0,
0x54,0x0,0x0,0x0,0x54,0x0,0x0,0x0,
0x54,0x0,0x0,0x0,0x0,0x0,0x0,0x0,
0x54,0x0,0x0,0x0,0x54,0x0,0x0,0x0,
0x0,0x0,0x1,0x0,0x54,0x0,0x0,0x0,
0x0,0x0,0x0,0x0,0x6c,0x0,0x0,0x0,
0x3f,0x0,0x90,0x0,0x0,0x0,0x0,0x0,
0x6c,0x0,0x0,0x0,0x0,0x0,0x0,0x0,
0x6c,0x0,0x0,0x0,0x0,0x0,0x0,0x0,
0x0,0x0,0x0,0x0,0x0,0x0,0x8,0x0,
0x11,0x0,0x0,0x0,0x0,0x0,0x0,0x0,
0x40,0x0,0xd0,0x0,0x40,0x0,0xd0,0x0,
0x0,0x0,0x0,0x0,0x2e,0x0,0x0,0x0,
0x0,0x0,0x0,0x0,0x0,0x0,0xff,0xff,
0xff,0xff,0xff,0xff,0x0,0x0,0x0,0x0,
0x54,0x0,0x0,0x0,0x54,0x0,0x0,0x0,
0x54,0x0,0x0,0x0,0x0,0x0,0x0,0x0,
0x54,0x0,0x0,0x0,0x54,0x0,0x0,0x0,
0x0,0x0,0x1,0x0,0x54,0x0,0x0,0x0,
0x0,0x0,0x0,0x0,0x6c,0x0,0x0,0x0,
0x40,0x0,0xd0,0x0,0x0,0x0,0x0,0x0,
0x6c,0x0,0x0,0x0,0x0,0x0,0x0,0x0,
0x6c,0x0,0x0,0x0,0x0,0x0,0x0,0x0,
0x2f,0x0,0x0,0x0,0x0,0x0,0x2,0x0,
0x3,0x0,0x0,0x0,0x0,0x0,0x0,0x0,
0x40,0x0,0xe0,0x1,0x40,0x0,0x80,0x2,
0x0,0x0,0x0,0x0,0x2d,0x0,0x0,0x0,
0x0,0x0,0x0,0x0,0x0,0x0,0xff,0xff,
0xff,0xff,0xff,0xff,0x0,0x0,0x0,0x0,
0x54,0x0,0x0,0x0,0x54,0x0,0x0,0x0,
0x54,0x0,0x0,0x0,0x0,0x0,0x0,0x0,
0x54,0x0,0x0,0x0,0x54,0x0,0x0,0x0,
0x0,0x0,0x1,0x0,0x54,0x0,0x0,0x0,
0x0,0x0,0x0,0x0,0x6c,0x0,0x0,0x0,
0x42,0x0,0x90,0x0,0x0,0x0,0x0,0x0,
0x6c,0x0,0x0,0x0,0x0,0x0,0x0,0x0,
0x6c,0x0,0x0,0x0,0x0,0x0,0x0,0x0,
0x0,0x0,0x0,0x0,0x0,0x0,0x8,0x0,
0x13,0x0,0x0,0x0,0x0,0x0,0x0,0x0,
0x43,0x0,0xd0,0x0,0x43,0x0,0xd0,0x0,
0x0,0x0,0x0,0x0,0x2e,0x0,0x0,0x0,
0x0,0x0,0x0,0x0,0x0,0x0,0xff,0xff,
0xff,0xff,0xff,0xff,0x0,0x0,0x0,0x0,
0x54,0x0,0x0,0x0,0x54,0x0,0x0,0x0,
0x54,0x0,0x0,0x0,0x0,0x0,0x0,0x0,
0x54,0x0,0x0,0x0,0x54,0x0,0x0,0x0,
0x0,0x0,0x1,0x0,0x54,0x0,0x0,0x0,
0x0,0x0,0x0,0x0,0x6c,0x0,0x0,0x0,
0x43,0x0,0xd0,0x0,0x0,0x0,0x0,0x0,
0x6c,0x0,0x0,0x0,0x0,0x0,0x0,0x0,
0x6c,0x0,0x0,0x0,0x0,0x0,0x0,0x0,
0x2f,0x0,0x0,0x0,0x0,0x0,0x2,0x0,
0x3,0x0,0x0,0x0,0x0,0x0,0x0,0x0,
0x43,0x0,0xe0,0x1,0x43,0x0,0x80,0x2,
0x0,0x0,0x0,0x0,0x2d,0x0,0x0,0x0,
0x0,0x0,0x0,0x0,0x0,0x0,0xff,0xff,
0xff,0xff,0xff,0xff,0x0,0x0,0x0,0x0,
0x54,0x0,0x0,0x0,0x54,0x0,0x0,0x0,
0x54,0x0,0x0,0x0,0x0,0x0,0x0,0x0,
0x54,0x0,0x0,0x0,0x54,0x0,0x0,0x0,
0x0,0x0,0x1,0x0,0x54,0x0,0x0,0x0,
0x0,0x0,0x0,0x0,0x6c,0x0,0x0,0x0,
0x45,0x0,0x90,0x0,0x0,0x0,0x0,0x0,
0x6c,0x0,0x0,0x0,0x0,0x0,0x0,0x0,
0x6c,0x0,0x0,0x0,0x0,0x0,0x0,0x0,
0x0,0x0,0x0,0x0,0x0,0x0,0x8,0x0,
0x15,0x0,0x0,0x0,0x0,0x0,0x0,0x0,
0x46,0x0,0xd0,0x0,0x46,0x0,0xd0,0x0,
0x0,0x0,0x0,0x0,0x2e,0x0,0x0,0x0,
0x0,0x0,0x0,0x0,0x0,0x0,0xff,0xff,
0xff,0xff,0xff,0xff,0x0,0x0,0x0,0x0,
0x54,0x0,0x0,0x0,0x54,0x0,0x0,0x0,
0x54,0x0,0x0,0x0,0x0,0x0,0x0,0x0,
0x54,0x0,0x0,0x0,0x54,0x0,0x0,0x0,
0x0,0x0,0x1,0x0,0x54,0x0,0x0,0x0,
0x0,0x0,0x0,0x0,0x6c,0x0,0x0,0x0,
0x46,0x0,0xd0,0x0,0x0,0x0,0x0,0x0,
0x6c,0x0,0x0,0x0,0x0,0x0,0x0,0x0,
0x6c,0x0,0x0,0x0,0x0,0x0,0x0,0x0,
0x2f,0x0,0x0,0x0,0x0,0x0,0x2,0x0,
0x3,0x0,0x0,0x0,0x0,0x0,0x0,0x0,
0x46,0x0,0xe0,0x1,0x46,0x0,0x80,0x2,
0x0,0x0,0x0,0x0,0x19,0x0,0x0,0x0,
0x30,0x0,0x0,0x0,0x0,0x0,0xff,0xff,
0xff,0xff,0xff,0xff,0x0,0x0,0xa,0x0,
0x54,0x0,0x0,0x0,0x54,0x0,0x0,0x0,
0xcc,0x0,0x0,0x0,0x0,0x0,0x0,0x0,
0xcc,0x0,0x0,0x0,0xcc,0x0,0x0,0x0,
0x0,0x0,0xa,0x0,0xcc,0x0,0x0,0x0,
0x0,0x0,0x0,0x0,0xbc,0x1,0x0,0x0,
0x4a,0x0,0x50,0x0,0x4b,0x0,0x90,0x0,
0xbc,0x1,0x0,0x0,0x0,0x0,0x0,0x0,
0xbc,0x1,0x0,0x0,0x0,0x0,0x0,0x0,
0x1b,0x0,0x0,0x0,0x1a,0x0,0x0,0x0,
0x4c,0x0,0x90,0x0,0x1d,0x0,0x0,0x0,
0x1a,0x0,0x0,0x0,0x4d,0x0,0x90,0x0,
0x1f,0x0,0x0,0x0,0x1a,0x0,0x0,0x0,
0x4e,0x0,0x90,0x0,0x21,0x0,0x0,0x0,
0x1a,0x0,0x0,0x0,0x4f,0x0,0x90,0x0,
0x23,0x0,0x0,0x0,0x1a,0x0,0x0,0x0,
0x50,0x0,0x90,0x0,0x24,0x0,0x0,0x0,
0x1a,0x0,0x0,0x0,0x51,0x0,0x90,0x0,
0x26,0x0,0x0,0x0,0x1a,0x0,0x0,0x0,
0x52,0x0,0x90,0x0,0x28,0x0,0x0,0x0,
0x1a,0x0,0x0,0x0,0x53,0x0,0x90,0x0,
0x2a,0x0,0x0,0x0,0x1a,0x0,0x0,0x0,
0x54,0x0,0x90,0x0,0x2c,0x0,0x0,0x0,
0x1a,0x0,0x0,0x0,0x55,0x0,0x90,0x0,
0x2c,0x0,0x0,0x0,0x0,0x0,0x3,0x0,
0x0,0x0,0x0,0x0,0x2b,0x0,0x0,0x0,
0x55,0x0,0x80,0x1,0x55,0x0,0x50,0x2,
0x2a,0x0,0x0,0x0,0x0,0x0,0x3,0x0,
0x0,0x0,0x0,0x0,0x2b,0x0,0x0,0x0,
0x54,0x0,0x80,0x1,0x54,0x0,0xf0,0x1,
0x28,0x0,0x0,0x0,0x0,0x0,0x3,0x0,
0x0,0x0,0x0,0x0,0x29,0x0,0x0,0x0,
0x53,0x0,0x80,0x1,0x53,0x0,0xf0,0x1,
0x26,0x0,0x0,0x0,0x0,0x0,0x3,0x0,
0x0,0x0,0x0,0x0,0x27,0x0,0x0,0x0,
0x52,0x0,0x80,0x1,0x52,0x0,0x60,0x2,
0x24,0x0,0x0,0x0,0x0,0x0,0x3,0x0,
0x0,0x0,0x0,0x0,0x25,0x0,0x0,0x0,
0x51,0x0,0x80,0x1,0x51,0x0,0x50,0x2,
0x23,0x0,0x0,0x0,0x0,0x0,0x3,0x0,
0x0,0x0,0x0,0x0,0x20,0x0,0x0,0x0,
0x50,0x0,0x80,0x1,0x50,0x0,0x10,0x2,
0x21,0x0,0x0,0x0,0x0,0x0,0x3,0x0,
0x0,0x0,0x0,0x0,0x22,0x0,0x0,0x0,
0x4f,0x0,0x80,0x1,0x4f,0x0,0x30,0x2,
0x1f,0x0,0x0,0x0,0x0,0x0,0x3,0x0,
0x0,0x0,0x0,0x0,0x20,0x0,0x0,0x0,
0x4e,0x0,0x80,0x1,0x4e,0x0,0xd0,0x1,
0x1d,0x0,0x0,0x0,0x0,0x0,0x3,0x0,
0x0,0x0,0x0,0x0,0x1e,0x0,0x0,0x0,
0x4d,0x0,0x80,0x1,0x4d,0x0,0xc0,0x1,
0x1b,0x0,0x0,0x0,0x0,0x0,0x3,0x0,
0x0,0x0,0x0,0x0,0x1c,0x0,0x0,0x0,
0x4c,0x0,0x80,0x1,0x4c,0x0,0xc0,0x1,
0x0,0x0,0x0,0x0,0x19,0x0,0x0,0x0,
0x31,0x0,0x0,0x0,0x0,0x0,0xff,0xff,
0xff,0xff,0xff,0xff,0x0,0x0,0xa,0x0,
0x54,0x0,0x0,0x0,0x54,0x0,0x0,0x0,
0xcc,0x0,0x0,0x0,0x0,0x0,0x0,0x0,
0xcc,0x0,0x0,0x0,0xcc,0x0,0x0,0x0,
0x0,0x0,0xa,0x0,0xcc,0x0,0x0,0x0,
0x0,0x0,0x0,0x0,0xbc,0x1,0x0,0x0,
0x58,0x0,0x50,0x0,0x59,0x0,0x90,0x0,
0xbc,0x1,0x0,0x0,0x0,0x0,0x0,0x0,
0xbc,0x1,0x0,0x0,0x0,0x0,0x0,0x0,
0x1b,0x0,0x0,0x0,0x1a,0x0,0x0,0x0,
0x5a,0x0,0x90,0x0,0x1d,0x0,0x0,0x0,
0x1a,0x0,0x0,0x0,0x5b,0x0,0x90,0x0,
0x1f,0x0,0x0,0x0,0x1a,0x0,0x0,0x0,
0x5c,0x0,0x90,0x0,0x21,0x0,0x0,0x0,
0x1a,0x0,0x0,0x0,0x5d,0x0,0x90,0x0,
0x23,0x0,0x0,0x0,0x1a,0x0,0x0,0x0,
0x5e,0x0,0x90,0x0,0x24,0x0,0x0,0x0,
0x1a,0x0,0x0,0x0,0x5f,0x0,0x90,0x0,
0x26,0x0,0x0,0x0,0x1a,0x0,0x0,0x0,
0x60,0x0,0x90,0x0,0x28,0x0,0x0,0x0,
0x1a,0x0,0x0,0x0,0x61,0x0,0x90,0x0,
0x2a,0x0,0x0,0x0,0x1a,0x0,0x0,0x0,
0x62,0x0,0x90,0x0,0x2c,0x0,0x0,0x0,
0x1a,0x0,0x0,0x0,0x63,0x0,0x90,0x0,
0x2c,0x0,0x0,0x0,0x0,0x0,0x3,0x0,
0x0,0x0,0x0,0x0,0x3a,0x0,0x0,0x0,
0x63,0x0,0x80,0x1,0x63,0x0,0x50,0x2,
0x2a,0x0,0x0,0x0,0x0,0x0,0x3,0x0,
0x0,0x0,0x0,0x0,0x39,0x0,0x0,0x0,
0x62,0x0,0x80,0x1,0x62,0x0,0xf0,0x1,
0x28,0x0,0x0,0x0,0x0,0x0,0x3,0x0,
0x0,0x0,0x0,0x0,0x38,0x0,0x0,0x0,
0x61,0x0,0x80,0x1,0x61,0x0,0xf0,0x1,
0x26,0x0,0x0,0x0,0x0,0x0,0x3,0x0,
0x0,0x0,0x0,0x0,0x37,0x0,0x0,0x0,
0x60,0x0,0x80,0x1,0x60,0x0,0x60,0x2,
0x24,0x0,0x0,0x0,0x0,0x0,0x3,0x0,
0x0,0x0,0x0,0x0,0x36,0x0,0x0,0x0,
0x5f,0x0,0x80,0x1,0x5f,0x0,0x50,0x2,
0x23,0x0,0x0,0x0,0x0,0x0,0x3,0x0,
0x0,0x0,0x0,0x0,0x35,0x0,0x0,0x0,
0x5e,0x0,0x80,0x1,0x5e,0x0,0x10,0x2,
0x21,0x0,0x0,0x0,0x0,0x0,0x3,0x0,
0x0,0x0,0x0,0x0,0x34,0x0,0x0,0x0,
0x5d,0x0,0x80,0x1,0x5d,0x0,0x30,0x2,
0x1f,0x0,0x0,0x0,0x0,0x0,0x3,0x0,
0x0,0x0,0x0,0x0,0x33,0x0,0x0,0x0,
0x5c,0x0,0x80,0x1,0x5c,0x0,0xd0,0x1,
0x1d,0x0,0x0,0x0,0x0,0x0,0x3,0x0,
0x0,0x0,0x0,0x0,0x32,0x0,0x0,0x0,
0x5b,0x0,0x80,0x1,0x5b,0x0,0xc0,0x1,
0x1b,0x0,0x0,0x0,0x0,0x0,0x3,0x0,
0x0,0x0,0x0,0x0,0x20,0x0,0x0,0x0,
0x5a,0x0,0x80,0x1,0x5a,0x0,0xc0,0x1,
0x0,0x0,0x0,0x0,0x0,0x0,0x0,0x0,
0x0,0x0,0x0,0x0,0x0,0x0,0xff,0xff,
0xff,0xff,0xff,0xff,0x0,0x0,0x0,0x0,
0x54,0x0,0x0,0x0,0x54,0x0,0x0,0x0,
0x54,0x0,0x0,0x0,0x0,0x0,0x0,0x0,
0x54,0x0,0x0,0x0,0x54,0x0,0x0,0x0,
0x0,0x0,0x4,0x0,0x54,0x0,0x0,0x0,
0x0,0x0,0x0,0x0,0xb4,0x0,0x0,0x0,
0x66,0x0,0x50,0x0,0x0,0x0,0x0,0x0,
0xb4,0x0,0x0,0x0,0x0,0x0,0x0,0x0,
0xb4,0x0,0x0,0x0,0x0,0x0,0x0,0x0,
0x16,0x0,0x0,0x0,0x0,0x0,0x7,0x0,
0x16,0x0,0x0,0x0,0x0,0x0,0x0,0x0,
0x69,0x0,0xe0,0x0,0x69,0x0,0x50,0x1,
0x40,0x0,0x0,0x0,0x0,0x0,0x7,0x0,
0x15,0x0,0x0,0x0,0x0,0x0,0x0,0x0,
0x68,0x0,0xe0,0x0,0x68,0x0,0x70,0x1,
0x3e,0x0,0x0,0x0,0x0,0x0,0x7,0x0,
0x14,0x0,0x0,0x0,0x0,0x0,0x0,0x0,
0x67,0x0,0xe0,0x0,0x67,0x0,0xa0,0x1,
0x3c,0x0,0x0,0x0,0x0,0x0,0x7,0x0,
0x13,0x0,0x0,0x0,0x0,0x0,0x0,0x0,
0x66,0x0,0xe0,0x0,0x66,0x0,0xa0,0x1,
0x0,0x0,0x0,0x0,0x0,0x0,0x0,0x0,
0x0,0x0,0x0,0x0,0x0,0x0,0xff,0xff,
0xff,0xff,0xff,0xff,0x0,0x0,0x0,0x0,
0x54,0x0,0x0,0x0,0x54,0x0,0x0,0x0,
0x54,0x0,0x0,0x0,0x0,0x0,0x0,0x0,
0x54,0x0,0x0,0x0,0x54,0x0,0x0,0x0,
0x0,0x0,0x1,0x0,0x54,0x0,0x0,0x0,
0x0,0x0,0x0,0x0,0x6c,0x0,0x0,0x0,
0x81,0x0,0x50,0x0,0x0,0x0,0x0,0x0,
0x6c,0x0,0x0,0x0,0x0,0x0,0x0,0x0,
0x6c,0x0,0x0,0x0,0x0,0x0,0x0,0x0,
0x4a,0x0,0x0,0x0,0x0,0x0,0x7,0x0,
0x17,0x0,0x0,0x0,0x0,0x0,0x0,0x0,
0x81,0x0,0xf0,0x0,0x81,0x0,0xc0,0x1,
0x0,0x0,0x0,0x0,0x4c,0x0,0x0,0x0,
0x4d,0x0,0x0,0x0,0x0,0x0,0xff,0xff,
0xff,0xff,0xff,0xff,0x0,0x0,0x0,0x0,
0x54,0x0,0x0,0x0,0x54,0x0,0x0,0x0,
0x54,0x0,0x0,0x0,0x0,0x0,0x0,0x0,
0x54,0x0,0x0,0x0,0x54,0x0,0x0,0x0,
0x0,0x0,0x0,0x0,0x54,0x0,0x0,0x0,
0x0,0x0,0x0,0x0,0x54,0x0,0x0,0x0,
0x8e,0x0,0x50,0x0,0x8f,0x0,0x90,0x0,
0x54,0x0,0x0,0x0,0x0,0x0,0x0,0x0,
0x54,0x0,0x0,0x0,0x0,0x0,0x0,0x0,
0x0,0x0,0x0,0x0,0x62,0x0,0x0,0x0,
0x63,0x0,0x0,0x0,0x0,0x0,0xff,0xff,
0xff,0xff,0xff,0xff,0x0,0x0,0x0,0x0,
0x54,0x0,0x0,0x0,0x54,0x0,0x0,0x0,
0x54,0x0,0x0,0x0,0x0,0x0,0x0,0x0,
0x54,0x0,0x0,0x0,0x54,0x0,0x0,0x0,
0x0,0x0,0x5,0x0,0x54,0x0,0x0,0x0,
0x0,0x0,0x0,0x0,0xcc,0x0,0x0,0x0,
0x48,0x1,0x50,0x0,0x49,0x1,0x90,0x0,
0xcc,0x0,0x0,0x0,0x0,0x0,0x0,0x0,
0xcc,0x0,0x0,0x0,0x0,0x0,0x0,0x0,
0x3e,0x0,0x0,0x0,0x0,0x0,0x8,0x0,
0x1d,0x0,0x0,0x0,0x0,0x0,0x0,0x0,
0x4d,0x1,0x90,0x0,0x4d,0x1,0x50,0x1,
0x68,0x0,0x0,0x0,0x0,0x0,0x7,0x0,
0x18,0x0,0x0,0x0,0x0,0x0,0x0,0x0,
0x4c,0x1,0x90,0x0,0x4c,0x1,0x60,0x1,
0x10,0x0,0x0,0x0,0x0,0x0,0x3,0x0,
0x0,0x0,0x0,0x0,0x67,0x0,0x0,0x0,
0x4b,0x1,0x90,0x0,0x4b,0x1,0x0,0x1,
0x0,0x0,0x0,0x0,0x0,0x0,0x8,0x0,
0x1e,0x0,0x0,0x0,0x0,0x0,0x0,0x0,
0x50,0x1,0x90,0x0,0x50,0x1,0x90,0x0,
0x64,0x0,0x0,0x0,0x0,0x0,0xa,0x0,
0x1c,0x0,0x0,0x0,0x0,0x0,0x0,0x0,
0x4a,0x1,0x90,0x0,0x4a,0x1,0x10,0x1,
0x0,0x0,0x0,0x0,0x0,0x0,0x0,0x0,
0x0,0x0,0x0,0x0,0x0,0x0,0xff,0xff,
0xff,0xff,0xff,0xff,0x0,0x0,0x0,0x0,
0x54,0x0,0x0,0x0,0x54,0x0,0x0,0x0,
0x54,0x0,0x0,0x0,0x0,0x0,0x0,0x0,
0x54,0x0,0x0,0x0,0x54,0x0,0x0,0x0,
0x0,0x0,0x1,0x0,0x54,0x0,0x0,0x0,
0x0,0x0,0x0,0x0,0x6c,0x0,0x0,0x0,
0x4a,0x1,0x90,0x0,0x0,0x0,0x0,0x0,
0x6c,0x0,0x0,0x0,0x0,0x0,0x0,0x0,
0x6c,0x0,0x0,0x0,0x0,0x0,0x0,0x0,
0x65,0x0,0x0,0x0,0x0,0x0,0x7,0x0,
0x19,0x0,0x0,0x0,0x0,0x0,0x0,0x0,
0x4a,0x1,0x10,0x1,0x4a,0x1,0xb0,0x1,
0x0,0x0,0x0,0x0,0x6a,0x0,0x0,0x0,
0x0,0x0,0x0,0x0,0x0,0x0,0xff,0xff,
0xff,0xff,0xff,0xff,0x0,0x0,0x0,0x0,
0x54,0x0,0x0,0x0,0x54,0x0,0x0,0x0,
0x54,0x0,0x0,0x0,0x0,0x0,0x0,0x0,
0x54,0x0,0x0,0x0,0x54,0x0,0x0,0x0,
0x0,0x0,0x1,0x0,0x54,0x0,0x0,0x0,
0x0,0x0,0x0,0x0,0x6c,0x0,0x0,0x0,
0x4d,0x1,0x50,0x1,0x0,0x0,0x0,0x0,
0x6c,0x0,0x0,0x0,0x0,0x0,0x0,0x0,
0x6c,0x0,0x0,0x0,0x0,0x0,0x0,0x0,
0x6b,0x0,0x0,0x0,0x0,0x0,0x2,0x0,
0x4,0x0,0x0,0x0,0x0,0x0,0x0,0x0,
0x4e,0x1,0xd0,0x0,0x4e,0x1,0x50,0x1,
0x0,0x0,0x0,0x0,0x6c,0x0,0x0,0x0,
0x0,0x0,0x0,0x0,0x0,0x0,0xff,0xff,
0xff,0xff,0xff,0xff,0x0,0x0,0x0,0x0,
0x54,0x0,0x0,0x0,0x54,0x0,0x0,0x0,
0x54,0x0,0x0,0x0,0x0,0x0,0x0,0x0,
0x54,0x0,0x0,0x0,0x54,0x0,0x0,0x0,
0x0,0x0,0x1,0x0,0x54,0x0,0x0,0x0,
0x0,0x0,0x0,0x0,0x6c,0x0,0x0,0x0,
0x50,0x1,0x90,0x0,0x0,0x0,0x0,0x0,
0x6c,0x0,0x0,0x0,0x0,0x0,0x0,0x0,
0x6c,0x0,0x0,0x0,0x0,0x0,0x0,0x0,
0x0,0x0,0x0,0x0,0x0,0x0,0x8,0x0,
0x1f,0x0,0x0,0x0,0x0,0x0,0x0,0x0,
0x51,0x1,0xd0,0x0,0x51,0x1,0xd0,0x0,
0x0,0x0,0x0,0x0,0x6d,0x0,0x0,0x0,
0x6e,0x0,0x0,0x0,0x0,0x0,0xff,0xff,
0xff,0xff,0xff,0xff,0x0,0x0,0x0,0x0,
0x54,0x0,0x0,0x0,0x54,0x0,0x0,0x0,
0x54,0x0,0x0,0x0,0x0,0x0,0x0,0x0,
0x54,0x0,0x0,0x0,0x54,0x0,0x0,0x0,
0x0,0x0,0x4,0x0,0x54,0x0,0x0,0x0,
0x0,0x0,0x0,0x0,0xb4,0x0,0x0,0x0,
0x51,0x1,0xd0,0x0,0x52,0x1,0x10,0x1,
0xb4,0x0,0x0,0x0,0x0,0x0,0x0,0x0,
0xb4,0x0,0x0,0x0,0x0,0x0,0x0,0x0,
0x75,0x0,0x0,0x0,0x0,0x0,0x3,0x0,
0x0,0x0,0x0,0x0,0x76,0x0,0x0,0x0,
0x57,0x1,0x10,0x1,0x57,0x1,0xa0,0x1,
0x73,0x0,0x0,0x0,0x0,0x0,0x3,0x0,
0x0,0x0,0x0,0x0,0x74,0x0,0x0,0x0,
0x56,0x1,0x10,0x1,0x56,0x1,0x90,0x1,
0x72,0x0,0x0,0x0,0x0,0x0,0x2,0x0,
0x7,0x0,0x0,0x0,0x0,0x0,0x0,0x0,
0x55,0x1,0x10,0x1,0x55,0x1,0xa0,0x1,
0x6f,0x0,0x0,0x0,0x0,0x0,0x9,0x0,
0x20,0x0,0x0,0x0,0x0,0x0,0x0,0x0,
0x53,0x1,0x10,0x1,0x53,0x1,0x80,0x1,
0x0,0x0,0x0,0x0,0x0,0x0,0x0,0x0,
0x0,0x0,0x0,0x0,0x0,0x0,0xff,0xff,
0xff,0xff,0xff,0xff,0x0,0x0,0x0,0x0,
0x54,0x0,0x0,0x0,0x54,0x0,0x0,0x0,
0x54,0x0,0x0,0x0,0x0,0x0,0x0,0x0,
0x54,0x0,0x0,0x0,0x54,0x0,0x0,0x0,
0x0,0x0,0x2,0x0,0x54,0x0,0x0,0x0,
0x0,0x0,0x0,0x0,0x84,0x0,0x0,0x0,
0x53,0x1,0x10,0x1,0x0,0x0,0x0,0x0,
0x84,0x0,0x0,0x0,0x0,0x0,0x0,0x0,
0x84,0x0,0x0,0x0,0x0,0x0,0x0,0x0,
0x71,0x0,0x0,0x0,0x0,0x0,0x2,0x0,
0x6,0x0,0x0,0x0,0x0,0x0,0x0,0x0,
0x54,0x1,0x80,0x1,0x54,0x1,0x80,0x2,
0x70,0x0,0x0,0x0,0x0,0x0,0x2,0x0,
0x5,0x0,0x0,0x0,0x0,0x0,0x0,0x0,
0x53,0x1,0x80,0x1,0x53,0x1,0x90,0x2,
0x0,0x0,0x0,0x0,0x77,0x0,0x0,0x0,
0x78,0x0,0x0,0x0,0x0,0x0,0xff,0xff,
0xff,0xff,0xff,0xff,0x0,0x0,0x0,0x0,
0x54,0x0,0x0,0x0,0x54,0x0,0x0,0x0,
0x54,0x0,0x0,0x0,0x0,0x0,0x0,0x0,
0x54,0x0,0x0,0x0,0x54,0x0,0x0,0x0,
0x0,0x0,0x4,0x0,0x54,0x0,0x0,0x0,
0x0,0x0,0x0,0x0,0xb4,0x0,0x0,0x0,
0x60,0x1,0x50,0x0,0x61,0x1,0x90,0x0,
0xb4,0x0,0x0,0x0,0x0,0x0,0x0,0x0,
0xb4,0x0,0x0,0x0,0x0,0x0,0x0,0x0,
0x7e,0x0,0x0,0x0,0x0,0x0,0x7,0x0,
0x1c,0x0,0x0,0x0,0x0,0x0,0x0,0x0,
0x65,0x1,0x90,0x0,0x65,0x1,0x50,0x1,
0x7c,0x0,0x0,0x0,0x0,0x0,0x7,0x0,
0x1b,0x0,0x0,0x0,0x0,0x0,0x0,0x0,
0x64,0x1,0x90,0x0,0x64,0x1,0x60,0x1,
0x7a,0x0,0x0,0x0,0x0,0x0,0x7,0x0,
0x1a,0x0,0x0,0x0,0x0,0x0,0x0,0x0,
0x63,0x1,0x90,0x0,0x63,0x1,0x30,0x1,
0x10,0x0,0x0,0x0,0x0,0x0,0x3,0x0,
0x0,0x0,0x0,0x0,0x79,0x0,0x0,0x0,
0x62,0x1,0x90,0x0,0x62,0x1,0x0,0x1,
0x0,0x0,0x0,0x0,0x80,0x0,0x0,0x0,
0x0,0x0,0x0,0x0,0x0,0x0,0xff,0xff,
0xff,0xff,0xff,0xff,0x5,0x0,0x0,0x0,
0x54,0x0,0x0,0x0,0x68,0x0,0x0,0x0,
0x68,0x0,0x0,0x0,0x0,0x0,0x0,0x0,
0x68,0x0,0x0,0x0,0x68,0x0,0x0,0x0,
0x0,0x0,0x1,0x0,0x68,0x0,0x0,0x0,
0x0,0x0,0x0,0x0,0x80,0x0,0x0,0x0,
0x6a,0x1,0x50,0x0,0x0,0x0,0x0,0x0,
0x80,0x0,0x0,0x0,0x0,0x0,0x0,0x0,
0x80,0x0,0x0,0x0,0x0,0x0,0x0,0x0,
0x1e,0x0,0x0,0x0,0x1f,0x0,0x0,0x0,
0x20,0x0,0x0,0x0,0x21,0x0,0x0,0x0,
0x22,0x0,0x0,0x0,0x81,0x0,0x0,0x0,
0x0,0x0,0x7,0x0,0x1d,0x0,0x0,0x0,
0x0,0x0,0x0,0x0,0x6b,0x1,0x90,0x0,
0x6b,0x1,0x10,0x1,0x49,0x0,0x0,0x0,
0x8a,0x0,0x0,0x0,0x0,0x0,0xff,0xff,
0xff,0xff,0xff,0xff,0x0,0x0,0x0,0x0,
0x54,0x0,0x0,0x0,0x54,0x0,0x0,0x0,
0x54,0x0,0x0,0x0,0x0,0x0,0x0,0x0,
0x54,0x0,0x0,0x0,0x54,0x0,0x0,0x0,
0x0,0x0,0x1,0x0,0x54,0x0,0x0,0x0,
0x0,0x0,0x0,0x0,0x6c,0x0,0x0,0x0,
0x83,0x1,0x50,0x0,0x84,0x1,0x90,0x0,
0x6c,0x0,0x0,0x0,0x0,0x0,0x0,0x0,
0x6c,0x0,0x0,0x0,0x0,0x0,0x0,0x0,
0x0,0x0,0x0,0x0,0x0,0x0,0x8,0x0,
0x24,0x0,0x0,0x0,0x0,0x0,0x0,0x0,
0x85,0x1,0x90,0x0,0x85,0x1,0x90,0x0,
0x0,0x0,0x0,0x0,0x8b,0x0,0x0,0x0,
0x0,0x0,0x0,0x0,0x0,0x0,0xff,0xff,
0xff,0xff,0xff,0xff,0x0,0x0,0x0,0x0,
0x54,0x0,0x0,0x0,0x54,0x0,0x0,0x0,
0x54,0x0,0x0,0x0,0x0,0x0,0x0,0x0,
0x54,0x0,0x0,0x0,0x54,0x0,0x0,0x0,
0x0,0x0,0x0,0x0,0x54,0x0,0x0,0x0,
0x0,0x0,0x0,0x0,0x54,0x0,0x0,0x0,
0x85,0x1,0x90,0x0,0x0,0x0,0x0,0x0,
0x54,0x0,0x0,0x0,0x0,0x0,0x0,0x0,
0x54,0x0,0x0,0x0,0x0,0x0,0x0,0x0,
0x0,0x0,0x0,0x0,0x8c,0x0,0x0,0x0,
0x0,0x0,0x0,0x0,0x0,0x0,0xff,0xff,
0xff,0xff,0xff,0xff,0x0,0x0,0x0,0x0,
0x54,0x0,0x0,0x0,0x54,0x0,0x0,0x0,
0x54,0x0,0x0,0x0,0x0,0x0,0x0,0x0,
0x54,0x0,0x0,0x0,0x54,0x0,0x0,0x0,
0x0,0x0,0x1,0x0,0x54,0x0,0x0,0x0,
0x0,0x0,0x0,0x0,0x6c,0x0,0x0,0x0,
0x89,0x1,0x50,0x0,0x0,0x0,0x0,0x0,
0x6c,0x0,0x0,0x0,0x0,0x0,0x0,0x0,
0x6c,0x0,0x0,0x0,0x0,0x0,0x0,0x0,
0x18,0x0,0x0,0x0,0x0,0x0,0x7,0x0,
0x23,0x0,0x0,0x0,0x0,0x0,0x0,0x0,
0x8a,0x1,0x90,0x0,0x8a,0x1,0x50,0x1,
0x0,0x0,0x0,0x0,0x49,0x0,0x0,0x0,
0x8e,0x0,0x0,0x0,0x0,0x0,0xff,0xff,
0xff,0xff,0xff,0xff,0x0,0x0,0x0,0x0,
0x54,0x0,0x0,0x0,0x54,0x0,0x0,0x0,
0x54,0x0,0x0,0x0,0x0,0x0,0x0,0x0,
0x54,0x0,0x0,0x0,0x54,0x0,0x0,0x0,
0x0,0x0,0x1,0x0,0x54,0x0,0x0,0x0,
0x0,0x0,0x0,0x0,0x6c,0x0,0x0,0x0,
0x8d,0x1,0x50,0x0,0x8e,0x1,0x90,0x0,
0x6c,0x0,0x0,0x0,0x0,0x0,0x0,0x0,
0x6c,0x0,0x0,0x0,0x0,0x0,0x0,0x0,
0x0,0x0,0x0,0x0,0x0,0x0,0x8,0x0,
0x27,0x0,0x0,0x0,0x0,0x0,0x0,0x0,
0x8f,0x1,0x90,0x0,0x8f,0x1,0x90,0x0,
0x0,0x0,0x0,0x0,0x8f,0x0,0x0,0x0,
0x0,0x0,0x0,0x0,0x0,0x0,0xff,0xff,
0xff,0xff,0xff,0xff,0x0,0x0,0x0,0x0,
0x54,0x0,0x0,0x0,0x54,0x0,0x0,0x0,
0x54,0x0,0x0,0x0,0x0,0x0,0x0,0x0,
0x54,0x0,0x0,0x0,0x54,0x0,0x0,0x0,
0x0,0x0,0x0,0x0,0x54,0x0,0x0,0x0,
0x0,0x0,0x0,0x0,0x54,0x0,0x0,0x0,
0x8f,0x1,0x90,0x0,0x0,0x0,0x0,0x0,
0x54,0x0,0x0,0x0,0x0,0x0,0x0,0x0,
0x54,0x0,0x0,0x0,0x0,0x0,0x0,0x0,
0x0,0x0,0x0,0x0,0x90,0x0,0x0,0x0,
0x91,0x0,0x0,0x0,0x0,0x0,0xff,0xff,
0xff,0xff,0xff,0xff,0x0,0x0,0x1,0x0,
0x54,0x0,0x0,0x0,0x54,0x0,0x0,0x0,
0x60,0x0,0x0,0x0,0x0,0x0,0x0,0x0,
0x60,0x0,0x0,0x0,0x60,0x0,0x0,0x0,
0x0,0x0,0x2,0x0,0x60,0x0,0x0,0x0,
0x0,0x0,0x0,0x0,0x90,0x0,0x0,0x0,
0xa3,0x1,0x50,0x0,0xa4,0x1,0x90,0x0,
0x90,0x0,0x0,0x0,0x0,0x0,0x0,0x0,
0x90,0x0,0x0,0x0,0x0,0x0,0x0,0x0,
0x58,0x0,0x0,0x0,0x1,0x0,0x0,0x20,
0xa6,0x1,0x90,0x0,0x7e,0x0,0x0,0x0,
0x0,0x2,0x7,0x0,0x24,0x0,0x0,0x0,
0x0,0x0,0x0,0x0,0xa7,0x1,0x90,0x0,
0xa7,0x1,0x50,0x1,0x10,0x0,0x0,0x0,
0x0,0x0,0x3,0x0,0x0,0x0,0x0,0x0,
0x92,0x0,0x0,0x0,0xa5,0x1,0x90,0x0,
0xa5,0x1,0x0,0x1,0x93,0x0,0x0,0x0,
0x94,0x0,0x0,0x0,0x0,0x0,0xff,0xff,
0xff,0xff,0xff,0xff,0x0,0x0,0x1,0x0,
0x54,0x0,0x0,0x0,0x54,0x0,0x0,0x0,
0x60,0x0,0x0,0x0,0x0,0x0,0x0,0x0,
0x60,0x0,0x0,0x0,0x60,0x0,0x0,0x0,
0x0,0x0,0x2,0x0,0x60,0x0,0x0,0x0,
0x0,0x0,0x0,0x0,0x90,0x0,0x0,0x0,
0xac,0x1,0x50,0x0,0xad,0x1,0x90,0x0,
0x90,0x0,0x0,0x0,0x0,0x0,0x0,0x0,
0x90,0x0,0x0,0x0,0x0,0x0,0x0,0x0,
0x58,0x0,0x0,0x0,0x1,0x0,0x0,0x20,
0xaf,0x1,0x90,0x0,0x7e,0x0,0x0,0x0,
0x0,0x0,0x7,0x0,0x26,0x0,0x0,0x0,
0x0,0x0,0x0,0x0,0xb0,0x1,0x90,0x0,
0xb0,0x1,0x50,0x1,0x10,0x0,0x0,0x0,
0x0,0x0,0x3,0x0,0x0,0x0,0x0,0x0,
0x95,0x0,0x0,0x0,0xae,0x1,0x90,0x0,
0xae,0x1,0x0,0x1,0x77,0x0,0x0,0x0,
0x96,0x0,0x0,0x0,0x0,0x0,0xff,0xff,
0xff,0xff,0xff,0xff,0x0,0x0,0x1,0x0,
0x54,0x0,0x0,0x0,0x54,0x0,0x0,0x0,
0x60,0x0,0x0,0x0,0x0,0x0,0x0,0x0,
0x60,0x0,0x0,0x0,0x60,0x0,0x0,0x0,
0x0,0x0,0x1,0x0,0x60,0x0,0x0,0x0,
0x0,0x0,0x0,0x0,0x78,0x0,0x0,0x0,
0xb4,0x1,0x50,0x0,0xb5,0x1,0x90,0x0,
0x78,0x0,0x0,0x0,0x0,0x0,0x0,0x0,
0x78,0x0,0x0,0x0,0x0,0x0,0x0,0x0,
0x58,0x0,0x0,0x0,0x1,0x0,0x0,0x20,
0xb6,0x1,0x90,0x0,0x7e,0x0,0x0,0x0,
0x0,0x0,0x7,0x0,0x27,0x0,0x0,0x0,
0x0,0x0,0x0,0x0,0xb7,0x1,0x90,0x0,
0xb7,0x1,0x50,0x1,0x62,0x0,0x0,0x0,
0x97,0x0,0x0,0x0,0x0,0x0,0xff,0xff,
0xff,0xff,0xff,0xff,0x0,0x0,0x0,0x0,
0x54,0x0,0x0,0x0,0x54,0x0,0x0,0x0,
0x54,0x0,0x0,0x0,0x0,0x0,0x0,0x0,
0x54,0x0,0x0,0x0,0x54,0x0,0x0,0x0,
0x0,0x0,0x4,0x0,0x54,0x0,0x0,0x0,
0x0,0x0,0x0,0x0,0xb4,0x0,0x0,0x0,
0xba,0x1,0x50,0x0,0xbb,0x1,0x90,0x0,
0xb4,0x0,0x0,0x0,0x0,0x0,0x0,0x0,
0xb4,0x0,0x0,0x0,0x0,0x0,0x0,0x0,
0x10,0x0,0x0,0x0,0x0,0x0,0x3,0x0,
0x0,0x0,0x0,0x0,0x9a,0x0,0x0,0x0,
0xbe,0x1,0x90,0x0,0xbe,0x1,0x0,0x1,
0x98,0x0,0x0,0x0,0x0,0x0,0x7,0x0,
0x28,0x0,0x0,0x0,0x0,0x0,0x0,0x0,
0xbc,0x1,0x90,0x0,0xbc,0x1,0x10,0x1,
0x0,0x0,0x0,0x0,0x0,0x0,0x8,0x0,
0x2d,0x0,0x0,0x0,0x0,0x0,0x0,0x0,
0xbf,0x1,0x90,0x0,0xbf,0x1,0x90,0x0,
0x64,0x0,0x0,0x0,0x0,0x0,0xa,0x0,
0x2c,0x0,0x0,0x0,0x0,0x0,0x0,0x0,
0xbd,0x1,0x90,0x0,0xbd,0x1,0x10,0x1,
0x0,0x0,0x0,0x0,0x0,0x0,0x0,0x0,
0x0,0x0,0x0,0x0,0x0,0x0,0xff,0xff,
0xff,0xff,0xff,0xff,0x0,0x0,0x0,0x0,
0x54,0x0,0x0,0x0,0x54,0x0,0x0,0x0,
0x54,0x0,0x0,0x0,0x0,0x0,0x0,0x0,
0x54,0x0,0x0,0x0,0x54,0x0,0x0,0x0,
0x0,0x0,0x1,0x0,0x54,0x0,0x0,0x0,
0x0,0x0,0x0,0x0,0x6c,0x0,0x0,0x0,
0xbd,0x1,0x90,0x0,0x0,0x0,0x0,0x0,
0x6c,0x0,0x0,0x0,0x0,0x0,0x0,0x0,
0x6c,0x0,0x0,0x0,0x0,0x0,0x0,0x0,
0x65,0x0,0x0,0x0,0x0,0x0,0x7,0x0,
0x29,0x0,0x0,0x0,0x0,0x0,0x0,0x0,
0xbd,0x1,0x10,0x1,0xbd,0x1,0xb0,0x1,
0x0,0x0,0x0,0x0,0x9b,0x0,0x0,0x0,
0x0,0x0,0x0,0x0,0x0,0x0,0xff,0xff,
0xff,0xff,0xff,0xff,0x0,0x0,0x0,0x0,
0x54,0x0,0x0,0x0,0x54,0x0,0x0,0x0,
0x54,0x0,0x0,0x0,0x0,0x0,0x0,0x0,
0x54,0x0,0x0,0x0,0x54,0x0,0x0,0x0,
0x0,0x0,0x2,0x0,0x54,0x0,0x0,0x0,
0x0,0x0,0x0,0x0,0x84,0x0,0x0,0x0,
0xbf,0x1,0x90,0x0,0x0,0x0,0x0,0x0,
0x84,0x0,0x0,0x0,0x0,0x0,0x0,0x0,
0x84,0x0,0x0,0x0,0x0,0x0,0x0,0x0,
0xe,0x0,0x0,0x0,0x0,0x0,0x2,0x0,
0x9,0x0,0x0,0x0,0x0,0x0,0x0,0x0,
0xc1,0x1,0xd0,0x0,0xc1,0x1,0x50,0x1,
0xd,0x0,0x0,0x0,0x0,0x0,0x2,0x0,
0x8,0x0,0x0,0x0,0x0,0x0,0x0,0x0,
0xc0,0x1,0xd0,0x0,0xc0,0x1,0x40,0x1,
0x0,0x0,0x0,0x0,0x9c,0x0,0x0,0x0,
0x9d,0x0,0x0,0x0,0x0,0x0,0xff,0xff,
0xff,0xff,0xff,0xff,0x0,0x0,0x0,0x0,
0x54,0x0,0x0,0x0,0x54,0x0,0x0,0x0,
0x54,0x0,0x0,0x0,0x0,0x0,0x0,0x0,
0x54,0x0,0x0,0x0,0x54,0x0,0x0,0x0,
0x0,0x0,0x0,0x0,0x54,0x0,0x0,0x0,
0x0,0x0,0x0,0x0,0x54,0x0,0x0,0x0,
0xc5,0x1,0x50,0x0,0xc6,0x1,0x90,0x0,
0x54,0x0,0x0,0x0,0x0,0x0,0x0,0x0,
0x54,0x0,0x0,0x0,0x0,0x0,0x0,0x0,
0x0,0x0,0x0,0x0,0x6a,0x0,0x0,0x0,
0xa4,0x0,0x0,0x0,0x0,0x0,0xff,0xff,
0xff,0xff,0xff,0xff,0x0,0x0,0x0,0x0,
0x54,0x0,0x0,0x0,0x54,0x0,0x0,0x0,
0x54,0x0,0x0,0x0,0x0,0x0,0x0,0x0,
0x54,0x0,0x0,0x0,0x54,0x0,0x0,0x0,
0x0,0x0,0x3,0x0,0x54,0x0,0x0,0x0,
0x0,0x0,0x0,0x0,0x9c,0x0,0x0,0x0,
0xe5,0x1,0x50,0x0,0xe6,0x1,0x90,0x0,
0x9c,0x0,0x0,0x0,0x0,0x0,0x0,0x0,
0x9c,0x0,0x0,0x0,0x0,0x0,0x0,0x0,
0xf,0x0,0x0,0x0,0x0,0x0,0x1,0x0,
0x0,0x0,0x0,0x0,0x0,0x0,0x0,0x0,
0xed,0x1,0x90,0x0,0xed,0x1,0x20,0x1,
0x6b,0x0,0x0,0x0,0x0,0x0,0x2,0x0,
0xa,0x0,0x0,0x0,0x0,0x0,0x0,0x0,
0xec,0x1,0x90,0x0,0xec,0x1,0x10,0x1,
0x64,0x0,0x0,0x0,0x0,0x0,0xa,0x0,
0x30,0x0,0x0,0x0,0x0,0x0,0x0,0x0,
0xe7,0x1,0x90,0x0,0xe7,0x1,0x10,0x1,
0x0,0x0,0x0,0x0,0x0,0x0,0x0,0x0,
0x0,0x0,0x0,0x0,0x0,0x0,0xff,0xff,
0xff,0xff,0xff,0xff,0x0,0x0,0x0,0x0,
0x54,0x0,0x0,0x0,0x54,0x0,0x0,0x0,
0x54,0x0,0x0,0x0,0x0,0x0,0x0,0x0,
0x54,0x0,0x0,0x0,0x54,0x0,0x0,0x0,
0x0,0x0,0x5,0x0,0x54,0x0,0x0,0x0,
0x0,0x0,0x0,0x0,0xcc,0x0,0x0,0x0,
0xe7,0x1,0x90,0x0,0x0,0x0,0x0,0x0,
0xcc,0x0,0x0,0x0,0x0,0x0,0x0,0x0,
0xcc,0x0,0x0,0x0,0x0,0x0,0x0,0x0,
0xad,0x0,0x0,0x0,0x0,0x0,0x7,0x0,
0x2e,0x0,0x0,0x0,0x0,0x0,0x0,0x0,
0xeb,0x1,0x10,0x1,0xeb,0x1,0xf0,0x1,
0xab,0x0,0x0,0x0,0x0,0x0,0x7,0x0,
0x2d,0x0,0x0,0x0,0x0,0x0,0x0,0x0,
0xea,0x1,0x10,0x1,0xea,0x1,0xc0,0x1,
0xa9,0x0,0x0,0x0,0x0,0x0,0x7,0x0,
0x2c,0x0,0x0,0x0,0x0,0x0,0x0,0x0,
0xe9,0x1,0x10,0x1,0xe9,0x1,0xe0,0x1,
0xa7,0x0,0x0,0x0,0x0,0x0,0x7,0x0,
0x2b,0x0,0x0,0x0,0x0,0x0,0x0,0x0,
0xe8,0x1,0x10,0x1,0xe8,0x1,0xd0,0x1,
0xa5,0x0,0x0,0x0,0x0,0x0,0x7,0x0,
0x2a,0x0,0x0,0x0,0x0,0x0,0x0,0x0,
0xe7,0x1,0x10,0x1,0xe7,0x1,0x70,0x1,
0x0,0x0,0x0,0x0,0x6a,0x0,0x0,0x0,
0x0,0x0,0x0,0x0,0x0,0x0,0xff,0xff,
0xff,0xff,0xff,0xff,0x0,0x0,0x0,0x0,
0x54,0x0,0x0,0x0,0x54,0x0,0x0,0x0,
0x54,0x0,0x0,0x0,0x0,0x0,0x0,0x0,
0x54,0x0,0x0,0x0,0x54,0x0,0x0,0x0,
0x0,0x0,0x2,0x0,0x54,0x0,0x0,0x0,
0x0,0x0,0x0,0x0,0x84,0x0,0x0,0x0,
0xf7,0x1,0x50,0x0,0x0,0x0,0x0,0x0,
0x84,0x0,0x0,0x0,0x0,0x0,0x0,0x0,
0x84,0x0,0x0,0x0,0x0,0x0,0x0,0x0,
0x1a,0x0,0x0,0x0,0x0,0x0,0x7,0x0,
0x2f,0x0,0x0,0x0,0x0,0x0,0x0,0x0,
0xfd,0x1,0x90,0x0,0xfd,0x1,0x0,0x1,
0x64,0x0,0x0,0x0,0x0,0x0,0xa,0x0,
0x32,0x0,0x0,0x0,0x0,0x0,0x0,0x0,
0xf8,0x1,0x90,0x0,0xf8,0x1,0x10,0x1,
0x0,0x0,0x0,0x0,0x0,0x0,0x0,0x0,
0x0,0x0,0x0,0x0,0x0,0x0,0xff,0xff,
0xff,0xff,0xff,0xff,0x0,0x0,0x0,0x0,
0x54,0x0,0x0,0x0,0x54,0x0,0x0,0x0,
0x54,0x0,0x0,0x0,0x0,0x0,0x0,0x0,
0x54,0x0,0x0,0x0,0x54,0x0,0x0,0x0,
0x0,0x0,0x5,0x0,0x54,0x0,0x0,0x0,
0x0,0x0,0x0,0x0,0xcc,0x0,0x0,0x0,
0xf8,0x1,0x90,0x0,0x0,0x0,0x0,0x0,
0xcc,0x0,0x0,0x0,0x0,0x0,0x0,0x0,
0xcc,0x0,0x0,0x0,0x0,0x0,0x0,0x0,
0xa9,0x0,0x0,0x0,0x0,0x0,0x7,0x0,
0x34,0x0,0x0,0x0,0x0,0x0,0x0,0x0,
0xfc,0x1,0x10,0x1,0xfc,0x1,0xe0,0x1,
0xa7,0x0,0x0,0x0,0x0,0x0,0x7,0x0,
0x33,0x0,0x0,0x0,0x0,0x0,0x0,0x0,
0xfb,0x1,0x10,0x1,0xfb,0x1,0xe0,0x1,
0xab,0x0,0x0,0x0,0x0,0x0,0x7,0x0,
0x32,0x0,0x0,0x0,0x0,0x0,0x0,0x0,
0xfa,0x1,0x10,0x1,0xfa,0x1,0xc0,0x1,
0xad,0x0,0x0,0x0,0x0,0x0,0x7,0x0,
0x31,0x0,0x0,0x0,0x0,0x0,0x0,0x0,
0xf9,0x1,0x10,0x1,0xf9,0x1,0xf0,0x1,
0xa5,0x0,0x0,0x0,0x0,0x0,0x7,0x0,
0x30,0x0,0x0,0x0,0x0,0x0,0x0,0x0,
0xf8,0x1,0x10,0x1,0xf8,0x1,0x70,0x1,
0x0,0x0,0x0,0x0,0x6c,0x0,0x0,0x0,
0xb0,0x0,0x0,0x0,0x0,0x0,0xff,0xff,
0xff,0xff,0xff,0xff,0x0,0x0,0x0,0x0,
0x54,0x0,0x0,0x0,0x54,0x0,0x0,0x0,
0x54,0x0,0x0,0x0,0x0,0x0,0x0,0x0,
0x54,0x0,0x0,0x0,0x54,0x0,0x0,0x0,
0x0,0x0,0x7,0x0,0x54,0x0,0x0,0x0,
0x0,0x0,0x0,0x0,0xfc,0x0,0x0,0x0,
0x1,0x2,0x50,0x0,0x2,0x2,0x90,0x0,
0xfc,0x0,0x0,0x0,0x0,0x0,0x0,0x0,
0xfc,0x0,0x0,0x0,0x0,0x0,0x0,0x0,
0xb2,0x0,0x0,0x0,0x0,0x0,0x2,0x0,
0x4,0x0,0x0,0x0,0x0,0x0,0x0,0x0,
0xb,0x2,0x90,0x0,0xb,0x2,0x20,0x1,
0xb1,0x0,0x0,0x0,0x0,0x0,0x2,0x0,
0xb,0x0,0x0,0x0,0x0,0x0,0x0,0x0,
0x3,0x2,0x90,0x0,0x3,0x2,0xc0,0x0,
0x0,0x0,0x0,0x0,0x0,0x0,0x8,0x0,
0x35,0x0,0x0,0x0,0x0,0x0,0x0,0x0,
0xe,0x2,0x90,0x0,0xe,0x2,0x90,0x0,
0x0,0x0,0x0,0x0,0x0,0x0,0x8,0x0,
0x31,0x1,0x0,0x0,0x0,0x0,0x0,0x0,
0x48,0x5,0x90,0x0,0x48,0x5,0x90,0x0,
0x0,0x0,0x0,0x0,0x0,0x0,0x8,0x0,
0x35,0x1,0x0,0x0,0x0,0x0,0x0,0x0,
0x53,0x5,0x90,0x0,0x53,0x5,0x90,0x0,
0x0,0x0,0x0,0x0,0x0,0x0,0x8,0x0,
0x82,0x1,0x0,0x0,0x0,0x0,0x0,0x0,
0xa2,0x6,0x90,0x0,0xa2,0x6,0x90,0x0,
0x64,0x0,0x0,0x0,0x0,0x0,0xa,0x0,
0x34,0x0,0x0,0x0,0x0,0x0,0x0,0x0,
0x4,0x2,0x90,0x0,0x4,0x2,0x10,0x1,
0x0,0x0,0x0,0x0,0x0,0x0,0x0,0x0,
0x0,0x0,0x0,0x0,0x0,0x0,0xff,0xff,
0xff,0xff,0xff,0xff,0x0,0x0,0x0,0x0,
0x54,0x0,0x0,0x0,0x54,0x0,0x0,0x0,
0x54,0x0,0x0,0x0,0x0,0x0,0x0,0x0,
0x54,0x0,0x0,0x0,0x54,0x0,0x0,0x0,
0x0,0x0,0x5,0x0,0x54,0x0,0x0,0x0,
0x0,0x0,0x0,0x0,0xcc,0x0,0x0,0x0,
0x4,0x2,0x90,0x0,0x0,0x0,0x0,0x0,
0xcc,0x0,0x0,0x0,0x0,0x0,0x0,0x0,
0xcc,0x0,0x0,0x0,0x0,0x0,0x0,0x0,
0xad,0x0,0x0,0x0,0x0,0x0,0x7,0x0,
0x39,0x0,0x0,0x0,0x0,0x0,0x0,0x0,
0x9,0x2,0x10,0x1,0x9,0x2,0xf0,0x1,
0xa9,0x0,0x0,0x0,0x0,0x0,0x7,0x0,
0x38,0x0,0x0,0x0,0x0,0x0,0x0,0x0,
0x8,0x2,0x10,0x1,0x8,0x2,0xe0,0x1,
0xa7,0x0,0x0,0x0,0x0,0x0,0x7,0x0,
0x37,0x0,0x0,0x0,0x0,0x0,0x0,0x0,
0x7,0x2,0x10,0x1,0x7,0x2,0xe0,0x1,
0xab,0x0,0x0,0x0,0x0,0x0,0x7,0x0,
0x36,0x0,0x0,0x0,0x0,0x0,0x0,0x0,
0x5,0x2,0x10,0x1,0x5,0x2,0xc0,0x1,
0xa5,0x0,0x0,0x0,0x0,0x0,0x7,0x0,
0x35,0x0,0x0,0x0,0x0,0x0,0x0,0x0,
0x4,0x2,0x10,0x1,0x4,0x2,0x70,0x1,
0x0,0x0,0x0,0x0,0xb3,0x0,0x0,0x0,
0xb4,0x0,0x0,0x0,0x0,0x0,0xff,0xff,
0xff,0xff,0xff,0xff,0x0,0x0,0x0,0x0,
0x54,0x0,0x0,0x0,0x54,0x0,0x0,0x0,
0x54,0x0,0x0,0x0,0x0,0x0,0x0,0x0,
0x54,0x0,0x0,0x0,0x54,0x0,0x0,0x0,
0x0,0x0,0x4,0x0,0x54,0x0,0x0,0x0,
0x0,0x0,0x0,0x0,0xb4,0x0,0x0,0x0,
0xe,0x2,0x90,0x0,0xf,0x2,0xd0,0x0,
0xb4,0x0,0x0,0x0,0x0,0x0,0x0,0x0,
0xb4,0x0,0x0,0x0,0x0,0x0,0x0,0x0,
0xb2,0x0,0x0,0x0,0x0,0x0,0x2,0x0,
0x4,0x0,0x0,0x0,0x0,0x0,0x0,0x0,
0x12,0x2,0xd0,0x0,0x12,0x2,0x60,0x1,
0x0,0x0,0x0,0x0,0x0,0x0,0x8,0x0,
0x37,0x0,0x0,0x0,0x0,0x0,0x0,0x0,
0x13,0x2,0xd0,0x0,0x13,0x2,0xd0,0x0,
0x0,0x0,0x0,0x0,0x0,0x0,0x8,0x0,
0x1d,0x1,0x0,0x0,0x0,0x0,0x0,0x0,
0xfd,0x4,0xd0,0x0,0xfd,0x4,0xd0,0x0,
0x6f,0x0,0x0,0x0,0x0,0x0,0x9,0x0,
0x36,0x0,0x0,0x0,0x0,0x0,0x0,0x0,
0x10,0x2,0xd0,0x0,0x10,0x2,0x40,0x1,
0x0,0x0,0x0,0x0,0x0,0x0,0x0,0x0,
0x0,0x0,0x0,0x0,0x0,0x0,0xff,0xff,
0xff,0xff,0xff,0xff,0x0,0x0,0x0,0x0,
0x54,0x0,0x0,0x0,0x54,0x0,0x0,0x0,
0x54,0x0,0x0,0x0,0x0,0x0,0x0,0x0,
0x54,0x0,0x0,0x0,0x54,0x0,0x0,0x0,
0x0,0x0,0x2,0x0,0x54,0x0,0x0,0x0,
0x0,0x0,0x0,0x0,0x84,0x0,0x0,0x0,
0x10,0x2,0xd0,0x0,0x0,0x0,0x0,0x0,
0x84,0x0,0x0,0x0,0x0,0x0,0x0,0x0,
0x84,0x0,0x0,0x0,0x0,0x0,0x0,0x0,
0x70,0x0,0x0,0x0,0x0,0x0,0x2,0x0,
0xc,0x0,0x0,0x0,0x0,0x0,0x0,0x0,
0x11,0x2,0x40,0x1,0x11,0x2,0x50,0x2,
0xb5,0x0,0x0,0x0,0x0,0x0,0x1,0x0,
0x1,0x0,0x0,0x0,0x0,0x0,0x0,0x0,
0x10,0x2,0x40,0x1,0x10,0x2,0xf0,0x1,
0x0,0x0,0x0,0x0,0x6c,0x0,0x0,0x0,
0xb6,0x0,0x0,0x0,0x0,0x0,0xff,0xff,
0xff,0xff,0xff,0xff,0x0,0x0,0x0,0x0,
0x54,0x0,0x0,0x0,0x54,0x0,0x0,0x0,
0x54,0x0,0x0,0x0,0x0,0x0,0x0,0x0,
0x54,0x0,0x0,0x0,0x54,0x0,0x0,0x0,
0x0,0x0,0x5,0x0,0x54,0x0,0x0,0x0,
0x0,0x0,0x0,0x0,0xcc,0x0,0x0,0x0,
0x13,0x2,0xd0,0x0,0x14,0x2,0x10,0x1,
0xcc,0x0,0x0,0x0,0x0,0x0,0x0,0x0,
0xcc,0x0,0x0,0x0,0x0,0x0,0x0,0x0,
0xb2,0x0,0x0,0x0,0x0,0x0,0x2,0x0,
0x4,0x0,0x0,0x0,0x0,0x0,0x0,0x0,
0x1d,0x2,0x10,0x1,0x1d,0x2,0xa0,0x1,
0x0,0x0,0x0,0x0,0x0,0x0,0x8,0x0,
0x39,0x0,0x0,0x0,0x0,0x0,0x0,0x0,
0x17,0x2,0x10,0x1,0x17,0x2,0x10,0x1,
0x0,0x0,0x0,0x0,0x0,0x0,0x8,0x0,
0x3a,0x0,0x0,0x0,0x0,0x0,0x0,0x0,
0x1e,0x2,0x10,0x1,0x1e,0x2,0x10,0x1,
0x0,0x0,0x0,0x0,0x0,0x0,0x8,0x0,
0x77,0x0,0x0,0x0,0x0,0x0,0x0,0x0,
0x7,0x3,0x10,0x1,0x7,0x3,0x10,0x1,
0xb3,0x0,0x0,0x0,0x0,0x0,0x9,0x0,
0x38,0x0,0x0,0x0,0x0,0x0,0x0,0x0,
0x15,0x2,0x10,0x1,0x15,0x2,0xb0,0x1,
0x0,0x0,0x0,0x0,0x0,0x0,0x0,0x0,
0x0,0x0,0x0,0x0,0x0,0x0,0xff,0xff,
0xff,0xff,0xff,0xff,0x0,0x0,0x0,0x0,
0x54,0x0,0x0,0x0,0x54,0x0,0x0,0x0,
0x54,0x0,0x0,0x0,0x0,0x0,0x0,0x0,
0x54,0x0,0x0,0x0,0x54,0x0,0x0,0x0,
0x0,0x0,0x2,0x0,0x54,0x0,0x0,0x0,
0x0,0x0,0x0,0x0,0x84,0x0,0x0,0x0,
0x15,0x2,0x10,0x1,0x0,0x0,0x0,0x0,
0x84,0x0,0x0,0x0,0x0,0x0,0x0,0x0,
0x84,0x0,0x0,0x0,0x0,0x0,0x0,0x0,
0xb7,0x0,0x0,0x0,0x0,0x0,0x1,0x0,
0x1,0x0,0x0,0x0,0x0,0x0,0x0,0x0,
0x16,0x2,0xb0,0x1,0x16,0x2,0x70,0x2,
0xb5,0x0,0x0,0x0,0x0,0x0,0x1,0x0,
0x1,0x0,0x0,0x0,0x0,0x0,0x0,0x0,
0x15,0x2,0xb0,0x1,0x15,0x2,0x60,0x2,
0x0,0x0,0x0,0x0,0x80,0x0,0x0,0x0,
0x0,0x0,0x0,0x0,0x0,0x0,0xff,0xff,
0xff,0xff,0xff,0xff,0x0,0x0,0x0,0x0,
0x54,0x0,0x0,0x0,0x54,0x0,0x0,0x0,
0x54,0x0,0x0,0x0,0x0,0x0,0x0,0x0,
0x54,0x0,0x0,0x0,0x54,0x0,0x0,0x0,
0x0,0x0,0x2,0x0,0x54,0x0,0x0,0x0,
0x0,0x0,0x0,0x0,0x84,0x0,0x0,0x0,
0x17,0x2,0x10,0x1,0x0,0x0,0x0,0x0,
0x84,0x0,0x0,0x0,0x0,0x0,0x0,0x0,
0x84,0x0,0x0,0x0,0x0,0x0,0x0,0x0,
0xb8,0x0,0x0,0x0,0x0,0x0,0x7,0x0,
0x3b,0x0,0x0,0x0,0x0,0x0,0x0,0x0,
0x19,0x2,0x50,0x1,0x19,0x2,0x50,0x2,
0x81,0x0,0x0,0x0,0x0,0x0,0x7,0x0,
0x3a,0x0,0x0,0x0,0x0,0x0,0x0,0x0,
0x18,0x2,0x50,0x1,0x18,0x2,0xd0,0x1,
0x0,0x0,0x0,0x0,0xba,0x0,0x0,0x0,
0x0,0x0,0x0,0x0,0x0,0x0,0xff,0xff,
0xff,0xff,0xff,0xff,0x0,0x0,0x0,0x0,
0x54,0x0,0x0,0x0,0x54,0x0,0x0,0x0,
0x54,0x0,0x0,0x0,0x0,0x0,0x0,0x0,
0x54,0x0,0x0,0x0,0x54,0x0,0x0,0x0,
0x0,0x0,0x9,0x0,0x54,0x0,0x0,0x0,
0x0,0x0,0x0,0x0,0x2c,0x1,0x0,0x0,
0x1e,0x2,0x10,0x1,0x0,0x0,0x0,0x0,
0x2c,0x1,0x0,0x0,0x0,0x0,0x0,0x0,
0x2c,0x1,0x0,0x0,0x0,0x0,0x0,0x0,
0xb2,0x0,0x0,0x0,0x0,0x0,0x2,0x0,
0x4,0x0,0x0,0x0,0x0,0x0,0x0,0x0,
0x20,0x2,0x50,0x1,0x20,0x2,0xe0,0x1,
0x0,0x0,0x0,0x0,0x0,0x0,0x8,0x0,
0x3c,0x0,0x0,0x0,0x0,0x0,0x0,0x0,
0x21,0x2,0x50,0x1,0x21,0x2,0x50,0x1,
0x0,0x0,0x0,0x0,0x0,0x0,0x8,0x0,
0x65,0x0,0x0,0x0,0x0,0x0,0x0,0x0,
0xb8,0x2,0x50,0x1,0xb8,0x2,0x50,0x1,
0x0,0x0,0x0,0x0,0x0,0x0,0x8,0x0,
0x67,0x0,0x0,0x0,0x0,0x0,0x0,0x0,
0xc0,0x2,0x50,0x1,0xc0,0x2,0x50,0x1,
0x0,0x0,0x0,0x0,0x0,0x0,0x8,0x0,
0x69,0x0,0x0,0x0,0x0,0x0,0x0,0x0,
0xc5,0x2,0x50,0x1,0xc5,0x2,0x50,0x1,
0x0,0x0,0x0,0x0,0x0,0x0,0x8,0x0,
0x6b,0x0,0x0,0x0,0x0,0x0,0x0,0x0,
0xcd,0x2,0x50,0x1,0xcd,0x2,0x50,0x1,
0x0,0x0,0x0,0x0,0x0,0x0,0x8,0x0,
0x6d,0x0,0x0,0x0,0x0,0x0,0x0,0x0,
0xd5,0x2,0x50,0x1,0xd5,0x2,0x50,0x1,
0x0,0x0,0x0,0x0,0x0,0x0,0x8,0x0,
0x6f,0x0,0x0,0x0,0x0,0x0,0x0,0x0,
0xdd,0x2,0x50,0x1,0xdd,0x2,0x50,0x1,
0x6f,0x0,0x0,0x0,0x0,0x0,0x9,0x0,
0x3b,0x0,0x0,0x0,0x0,0x0,0x0,0x0,
0x1f,0x2,0x50,0x1,0x1f,0x2,0xc0,0x1,
0x0,0x0,0x0,0x0,0x0,0x0,0x0,0x0,
0x0,0x0,0x0,0x0,0x0,0x0,0xff,0xff,
0xff,0xff,0xff,0xff,0x0,0x0,0x0,0x0,
0x54,0x0,0x0,0x0,0x54,0x0,0x0,0x0,
0x54,0x0,0x0,0x0,0x0,0x0,0x0,0x0,
0x54,0x0,0x0,0x0,0x54,0x0,0x0,0x0,
0x0,0x0,0x1,0x0,0x54,0x0,0x0,0x0,
0x0,0x0,0x0,0x0,0x6c,0x0,0x0,0x0,
0x1f,0x2,0x50,0x1,0x0,0x0,0x0,0x0,
0x6c,0x0,0x0,0x0,0x0,0x0,0x0,0x0,
0x6c,0x0,0x0,0x0,0x0,0x0,0x0,0x0,
0xb5,0x0,0x0,0x0,0x0,0x0,0x1,0x0,
0x1,0x0,0x0,0x0,0x0,0x0,0x0,0x0,
0x1f,0x2,0xc0,0x1,0x1f,0x2,0x70,0x2,
0x0,0x0,0x0,0x0,0xbb,0x0,0x0,0x0,
0xbc,0x0,0x0,0x0,0x0,0x0,0xff,0xff,
0xff,0xff,0xff,0xff,0x0,0x0,0x0,0x0,
0x54,0x0,0x0,0x0,0x54,0x0,0x0,0x0,
0x54,0x0,0x0,0x0,0x0,0x0,0x0,0x0,
0x54,0x0,0x0,0x0,0x54,0x0,0x0,0x0,
0x0,0x0,0x5,0x0,0x54,0x0,0x0,0x0,
0x0,0x0,0x0,0x0,0xcc,0x0,0x0,0x0,
0x21,0x2,0x50,0x1,0x21,0x2,0xe0,0x3,
0xcc,0x0,0x0,0x0,0x0,0x0,0x0,0x0,
0xcc,0x0,0x0,0x0,0x0,0x0,0x0,0x0,
0x0,0x0,0x0,0x0,0x0,0x0,0x8,0x0,
0x3e,0x0,0x0,0x0,0x0,0x0,0x0,0x0,
0x22,0x2,0x90,0x1,0x22,0x2,0x90,0x1,
0x0,0x0,0x0,0x0,0x0,0x0,0x8,0x0,
0x46,0x0,0x0,0x0,0x0,0x0,0x0,0x0,
0x52,0x2,0x90,0x1,0x52,0x2,0x90,0x1,
0x0,0x0,0x0,0x0,0x0,0x0,0x8,0x0,
0x4c,0x0,0x0,0x0,0x0,0x0,0x0,0x0,
0x67,0x2,0x90,0x1,0x67,0x2,0x90,0x1,
0x0,0x0,0x0,0x0,0x0,0x0,0x8,0x0,
0x63,0x0,0x0,0x0,0x0,0x0,0x0,0x0,
0xb1,0x2,0x90,0x1,0xb1,0x2,0x90,0x1,
0x3b,0x0,0x0,0x0,0x0,0x0,0x9,0x0,
0x3d,0x0,0x0,0x0,0x0,0x0,0x0,0x0,
0x21,0x2,0x0,0x2,0x21,0x2,0x90,0x2,
0x0,0x0,0x0,0x0,0x0,0x0,0x0,0x0,
0x0,0x0,0x0,0x0,0x0,0x0,0xff,0xff,
0xff,0xff,0xff,0xff,0x0,0x0,0x0,0x0,
0x54,0x0,0x0,0x0,0x54,0x0,0x0,0x0,
0x54,0x0,0x0,0x0,0x0,0x0,0x0,0x0,
0x54,0x0,0x0,0x0,0x54,0x0,0x0,0x0,
0x0,0x0,0x1,0x0,0x54,0x0,0x0,0x0,
0x0,0x0,0x0,0x0,0x6c,0x0,0x0,0x0,
0x21,0x2,0x0,0x2,0x0,0x0,0x0,0x0,
0x6c,0x0,0x0,0x0,0x0,0x0,0x0,0x0,
0x6c,0x0,0x0,0x0,0x0,0x0,0x0,0x0,
0x3e,0x0,0x0,0x0,0x0,0x0,0x7,0x0,
0x3c,0x0,0x0,0x0,0x0,0x0,0x0,0x0,
0x21,0x2,0x90,0x2,0x21,0x2,0x50,0x3,
0x0,0x0,0x0,0x0,0x8f,0x0,0x0,0x0,
0x0,0x0,0x0,0x0,0x0,0x0,0xff,0xff,
0xff,0xff,0xff,0xff,0x0,0x0,0x0,0x0,
0x54,0x0,0x0,0x0,0x54,0x0,0x0,0x0,
0x54,0x0,0x0,0x0,0x0,0x0,0x0,0x0,
0x54,0x0,0x0,0x0,0x54,0x0,0x0,0x0,
0x0,0x0,0x8,0x0,0x54,0x0,0x0,0x0,
0x0,0x0,0x0,0x0,0x14,0x1,0x0,0x0,
0x22,0x2,0x90,0x1,0x0,0x0,0x0,0x0,
0x14,0x1,0x0,0x0,0x0,0x0,0x0,0x0,
0x14,0x1,0x0,0x0,0x0,0x0,0x0,0x0,
0x10,0x0,0x0,0x0,0x0,0x0,0x3,0x0,
0x0,0x0,0x0,0x0,0xbd,0x0,0x0,0x0,
0x23,0x2,0xd0,0x1,0x23,0x2,0x40,0x2,
0x0,0x0,0x0,0x0,0x0,0x0,0x8,0x0,
0x3f,0x0,0x0,0x0,0x0,0x0,0x0,0x0,
0x24,0x2,0xd0,0x1,0x24,0x2,0xd0,0x1,
0x0,0x0,0x0,0x0,0x0,0x0,0x8,0x0,
0x40,0x0,0x0,0x0,0x0,0x0,0x0,0x0,
0x28,0x2,0xd0,0x1,0x28,0x2,0xd0,0x1,
0x0,0x0,0x0,0x0,0x0,0x0,0x8,0x0,
0x41,0x0,0x0,0x0,0x0,0x0,0x0,0x0,
0x3f,0x2,0xd0,0x1,0x3f,0x2,0xd0,0x1,
0x0,0x0,0x0,0x0,0x0,0x0,0x8,0x0,
0x42,0x0,0x0,0x0,0x0,0x0,0x0,0x0,
0x46,0x2,0xd0,0x1,0x46,0x2,0xd0,0x1,
0x0,0x0,0x0,0x0,0x0,0x0,0x8,0x0,
0x43,0x0,0x0,0x0,0x0,0x0,0x0,0x0,
0x49,0x2,0xd0,0x1,0x49,0x2,0xd0,0x1,
0x0,0x0,0x0,0x0,0x0,0x0,0x8,0x0,
0x44,0x0,0x0,0x0,0x0,0x0,0x0,0x0,
0x4c,0x2,0xd0,0x1,0x4c,0x2,0xd0,0x1,
0x0,0x0,0x0,0x0,0x0,0x0,0x8,0x0,
0x45,0x0,0x0,0x0,0x0,0x0,0x0,0x0,
0x4d,0x2,0xd0,0x1,0x4d,0x2,0xd0,0x1,
0x0,0x0,0x0,0x0,0xbe,0x0,0x0,0x0,
0x0,0x0,0x0,0x0,0x0,0x0,0xff,0xff,
0xff,0xff,0xff,0xff,0x0,0x0,0x0,0x0,
0x54,0x0,0x0,0x0,0x54,0x0,0x0,0x0,
0x54,0x0,0x0,0x0,0x0,0x0,0x0,0x0,
0x54,0x0,0x0,0x0,0x54,0x0,0x0,0x0,
0x0,0x0,0x2,0x0,0x54,0x0,0x0,0x0,
0x0,0x0,0x0,0x0,0x84,0x0,0x0,0x0,
0x24,0x2,0xd0,0x1,0x0,0x0,0x0,0x0,
0x84,0x0,0x0,0x0,0x0,0x0,0x0,0x0,
0x84,0x0,0x0,0x0,0x0,0x0,0x0,0x0,
0xc0,0x0,0x0,0x0,0x0,0x0,0x3,0x0,
0x0,0x0,0x0,0x0,0xc1,0x0,0x0,0x0,
0x26,0x2,0x10,0x2,0x26,0x2,0xb0,0x2,
0x9f,0x0,0x0,0x0,0x0,0x0,0x3,0x0,
0x0,0x0,0x0,0x0,0xbf,0x0,0x0,0x0,
0x25,0x2,0x10,0x2,0x25,0x2,0x70,0x2,
0x0,0x0,0x0,0x0,0xbe,0x0,0x0,0x0,
0x0,0x0,0x0,0x0,0x0,0x0,0xff,0xff,
0xff,0xff,0xff,0xff,0x0,0x0,0x0,0x0,
0x54,0x0,0x0,0x0,0x54,0x0,0x0,0x0,
0x54,0x0,0x0,0x0,0x0,0x0,0x0,0x0,
0x54,0x0,0x0,0x0,0x54,0x0,0x0,0x0,
0x0,0x0,0x3,0x0,0x54,0x0,0x0,0x0,
0x0,0x0,0x0,0x0,0x9c,0x0,0x0,0x0,
0x28,0x2,0xd0,0x1,0x0,0x0,0x0,0x0,
0x9c,0x0,0x0,0x0,0x0,0x0,0x0,0x0,
0x9c,0x0,0x0,0x0,0x0,0x0,0x0,0x0,
0xc4,0x0,0x0,0x0,0x0,0x0,0x7,0x0,
0x3d,0x0,0x0,0x0,0x0,0x0,0x0,0x0,
0x2b,0x2,0x10,0x2,0x2b,0x2,0xe0,0x2,
0xc0,0x0,0x0,0x0,0x0,0x0,0x3,0x0,
0x0,0x0,0x0,0x0,0xc3,0x0,0x0,0x0,
0x2a,0x2,0x10,0x2,0x2a,0x2,0xb0,0x2,
0x9f,0x0,0x0,0x0,0x0,0x0,0x3,0x0,
0x0,0x0,0x0,0x0,0xc2,0x0,0x0,0x0,
0x29,0x2,0x10,0x2,0x29,0x2,0x70,0x2,
0x0,0x0,0x0,0x0,0xbe,0x0,0x0,0x0,
0x0,0x0,0x0,0x0,0x0,0x0,0xff,0xff,
0xff,0xff,0xff,0xff,0x0,0x0,0x0,0x0,
0x54,0x0,0x0,0x0,0x54,0x0,0x0,0x0,
0x54,0x0,0x0,0x0,0x0,0x0,0x0,0x0,
0x54,0x0,0x0,0x0,0x54,0x0,0x0,0x0,
0x0,0x0,0x3,0x0,0x54,0x0,0x0,0x0,
0x0,0x0,0x0,0x0,0x9c,0x0,0x0,0x0,
0x3f,0x2,0xd0,0x1,0x0,0x0,0x0,0x0,
0x9c,0x0,0x0,0x0,0x0,0x0,0x0,0x0,
0x9c,0x0,0x0,0x0,0x0,0x0,0x0,0x0,
0xc4,0x0,0x0,0x0,0x0,0x0,0x7,0x0,
0x3f,0x0,0x0,0x0,0x0,0x0,0x0,0x0,
0x42,0x2,0x10,0x2,0x42,0x2,0xe0,0x2,
0xc0,0x0,0x0,0x0,0x0,0x0,0x3,0x0,
0x0,0x0,0x0,0x0,0xc7,0x0,0x0,0x0,
0x41,0x2,0x10,0x2,0x41,0x2,0xb0,0x2,
0x9f,0x0,0x0,0x0,0x0,0x0,0x3,0x0,
0x0,0x0,0x0,0x0,0xc6,0x0,0x0,0x0,
0x40,0x2,0x10,0x2,0x40,0x2,0x70,0x2,
0x0,0x0,0x0,0x0,0xbe,0x0,0x0,0x0,
0x0,0x0,0x0,0x0,0x0,0x0,0xff,0xff,
0xff,0xff,0xff,0xff,0x0,0x0,0x0,0x0,
0x54,0x0,0x0,0x0,0x54,0x0,0x0,0x0,
0x54,0x0,0x0,0x0,0x0,0x0,0x0,0x0,
0x54,0x0,0x0,0x0,0x54,0x0,0x0,0x0,
0x0,0x0,0x1,0x0,0x54,0x0,0x0,0x0,
0x0,0x0,0x0,0x0,0x6c,0x0,0x0,0x0,
0x46,0x2,0xd0,0x1,0x0,0x0,0x0,0x0,
0x6c,0x0,0x0,0x0,0x0,0x0,0x0,0x0,
0x6c,0x0,0x0,0x0,0x0,0x0,0x0,0x0,
0x9f,0x0,0x0,0x0,0x0,0x0,0x3,0x0,
0x0,0x0,0x0,0x0,0xc8,0x0,0x0,0x0,
0x47,0x2,0x10,0x2,0x47,0x2,0x70,0x2,
0x0,0x0,0x0,0x0,0xbe,0x0,0x0,0x0,
0x0,0x0,0x0,0x0,0x0,0x0,0xff,0xff,
0xff,0xff,0xff,0xff,0x0,0x0,0x0,0x0,
0x54,0x0,0x0,0x0,0x54,0x0,0x0,0x0,
0x54,0x0,0x0,0x0,0x0,0x0,0x0,0x0,
0x54,0x0,0x0,0x0,0x54,0x0,0x0,0x0,
0x0,0x0,0x1,0x0,0x54,0x0,0x0,0x0,
0x0,0x0,0x0,0x0,0x6c,0x0,0x0,0x0,
0x49,0x2,0xd0,0x1,0x0,0x0,0x0,0x0,
0x6c,0x0,0x0,0x0,0x0,0x0,0x0,0x0,
0x6c,0x0,0x0,0x0,0x0,0x0,0x0,0x0,
0x9f,0x0,0x0,0x0,0x0,0x0,0x3,0x0,
0x0,0x0,0x0,0x0,0xc9,0x0,0x0,0x0,
0x4a,0x2,0x10,0x2,0x4a,0x2,0x70,0x2,
0x0,0x0,0x0,0x0,0xca,0x0,0x0,0x0,
0x0,0x0,0x0,0x0,0x0,0x0,0xff,0xff,
0xff,0xff,0xff,0xff,0x0,0x0,0x0,0x0,
0x54,0x0,0x0,0x0,0x54,0x0,0x0,0x0,
0x54,0x0,0x0,0x0,0x0,0x0,0x0,0x0,
0x54,0x0,0x0,0x0,0x54,0x0,0x0,0x0,
0x0,0x0,0x0,0x0,0x54,0x0,0x0,0x0,
0x0,0x0,0x0,0x0,0x54,0x0,0x0,0x0,
0x4c,0x2,0xd0,0x1,0x0,0x0,0x0,0x0,
0x54,0x0,0x0,0x0,0x0,0x0,0x0,0x0,
0x54,0x0,0x0,0x0,0x0,0x0,0x0,0x0,
0x0,0x0,0x0,0x0,0xbe,0x0,0x0,0x0,
0x0,0x0,0x0,0x0,0x0,0x0,0xff,0xff,
0xff,0xff,0xff,0xff,0x0,0x0,0x0,0x0,
0x54,0x0,0x0,0x0,0x54,0x0,0x0,0x0,
0x54,0x0,0x0,0x0,0x0,0x0,0x0,0x0,
0x54,0x0,0x0,0x0,0x54,0x0,0x0,0x0,
0x0,0x0,0x2,0x0,0x54,0x0,0x0,0x0,
0x0,0x0,0x0,0x0,0x84,0x0,0x0,0x0,
0x4d,0x2,0xd0,0x1,0x0,0x0,0x0,0x0,
0x84,0x0,0x0,0x0,0x0,0x0,0x0,0x0,
0x84,0x0,0x0,0x0,0x0,0x0,0x0,0x0,
0xc0,0x0,0x0,0x0,0x0,0x0,0x3,0x0,
0x0,0x0,0x0,0x0,0xcc,0x0,0x0,0x0,
0x4f,0x2,0x10,0x2,0x4f,0x2,0xb0,0x2,
0x9f,0x0,0x0,0x0,0x0,0x0,0x3,0x0,
0x0,0x0,0x0,0x0,0xcb,0x0,0x0,0x0,
0x4e,0x2,0x10,0x2,0x4e,0x2,0x70,0x2,
0x0,0x0,0x0,0x0,0x8f,0x0,0x0,0x0,
0x0,0x0,0x0,0x0,0x0,0x0,0xff,0xff,
0xff,0xff,0xff,0xff,0x0,0x0,0x0,0x0,
0x54,0x0,0x0,0x0,0x54,0x0,0x0,0x0,
0x54,0x0,0x0,0x0,0x0,0x0,0x0,0x0,
0x54,0x0,0x0,0x0,0x54,0x0,0x0,0x0,
0x0,0x0,0x6,0x0,0x54,0x0,0x0,0x0,
0x0,0x0,0x0,0x0,0xe4,0x0,0x0,0x0,
0x52,0x2,0x90,0x1,0x0,0x0,0x0,0x0,
0xe4,0x0,0x0,0x0,0x0,0x0,0x0,0x0,
0xe4,0x0,0x0,0x0,0x0,0x0,0x0,0x0,
0x10,0x0,0x0,0x0,0x0,0x0,0x3,0x0,
0x0,0x0,0x0,0x0,0xcd,0x0,0x0,0x0,
0x53,0x2,0xd0,0x1,0x53,0x2,0x40,0x2,
0x0,0x0,0x0,0x0,0x0,0x0,0x8,0x0,
0x47,0x0,0x0,0x0,0x0,0x0,0x0,0x0,
0x55,0x2,0xd0,0x1,0x55,0x2,0xd0,0x1,
0x0,0x0,0x0,0x0,0x0,0x0,0x8,0x0,
0x48,0x0,0x0,0x0,0x0,0x0,0x0,0x0,
0x59,0x2,0xd0,0x1,0x59,0x2,0xd0,0x1,
0x0,0x0,0x0,0x0,0x0,0x0,0x8,0x0,
0x49,0x0,0x0,0x0,0x0,0x0,0x0,0x0,
0x5e,0x2,0xd0,0x1,0x5e,0x2,0xd0,0x1,
0x0,0x0,0x0,0x0,0x0,0x0,0x8,0x0,
0x4a,0x0,0x0,0x0,0x0,0x0,0x0,0x0,
0x62,0x2,0xd0,0x1,0x62,0x2,0xd0,0x1,
0x0,0x0,0x0,0x0,0x0,0x0,0x8,0x0,
0x4b,0x0,0x0,0x0,0x0,0x0,0x0,0x0,
0x63,0x2,0xd0,0x1,0x63,0x2,0xd0,0x1,
0x0,0x0,0x0,0x0,0xbe,0x0,0x0,0x0,
0x0,0x0,0x0,0x0,0x0,0x0,0xff,0xff,
0xff,0xff,0xff,0xff,0x0,0x0,0x0,0x0,
0x54,0x0,0x0,0x0,0x54,0x0,0x0,0x0,
0x54,0x0,0x0,0x0,0x0,0x0,0x0,0x0,
0x54,0x0,0x0,0x0,0x54,0x0,0x0,0x0,
0x0,0x0,0x2,0x0,0x54,0x0,0x0,0x0,
0x0,0x0,0x0,0x0,0x84,0x0,0x0,0x0,
0x55,0x2,0xd0,0x1,0x0,0x0,0x0,0x0,
0x84,0x0,0x0,0x0,0x0,0x0,0x0,0x0,
0x84,0x0,0x0,0x0,0x0,0x0,0x0,0x0,
0xc0,0x0,0x0,0x0,0x0,0x0,0x3,0x0,
0x0,0x0,0x0,0x0,0xcf,0x0,0x0,0x0,
0x57,0x2,0x10,0x2,0x57,0x2,0xb0,0x2,
0x9f,0x0,0x0,0x0,0x0,0x0,0x3,0x0,
0x0,0x0,0x0,0x0,0xce,0x0,0x0,0x0,
0x56,0x2,0x10,0x2,0x56,0x2,0x70,0x2,
0x0,0x0,0x0,0x0,0xbe,0x0,0x0,0x0,
0x0,0x0,0x0,0x0,0x0,0x0,0xff,0xff,
0xff,0xff,0xff,0xff,0x0,0x0,0x0,0x0,
0x54,0x0,0x0,0x0,0x54,0x0,0x0,0x0,
0x54,0x0,0x0,0x0,0x0,0x0,0x0,0x0,
0x54,0x0,0x0,0x0,0x54,0x0,0x0,0x0,
0x0,0x0,0x2,0x0,0x54,0x0,0x0,0x0,
0x0,0x0,0x0,0x0,0x84,0x0,0x0,0x0,
0x59,0x2,0xd0,0x1,0x0,0x0,0x0,0x0,
0x84,0x0,0x0,0x0,0x0,0x0,0x0,0x0,
0x84,0x0,0x0,0x0,0x0,0x0,0x0,0x0,
0xc0,0x0,0x0,0x0,0x0,0x0,0x3,0x0,
0x0,0x0,0x0,0x0,0xd1,0x0,0x0,0x0,
0x5b,0x2,0x10,0x2,0x5b,0x2,0xb0,0x2,
0x9f,0x0,0x0,0x0,0x0,0x0,0x3,0x0,
0x0,0x0,0x0,0x0,0xd0,0x0,0x0,0x0,
0x5a,0x2,0x10,0x2,0x5a,0x2,0x70,0x2,
0x0,0x0,0x0,0x0,0xbe,0x0,0x0,0x0,
0x0,0x0,0x0,0x0,0x0,0x0,0xff,0xff,
0xff,0xff,0xff,0xff,0x0,0x0,0x0,0x0,
0x54,0x0,0x0,0x0,0x54,0x0,0x0,0x0,
0x54,0x0,0x0,0x0,0x0,0x0,0x0,0x0,
0x54,0x0,0x0,0x0,0x54,0x0,0x0,0x0,
0x0,0x0,0x2,0x0,0x54,0x0,0x0,0x0,
0x0,0x0,0x0,0x0,0x84,0x0,0x0,0x0,
0x5e,0x2,0xd0,0x1,0x0,0x0,0x0,0x0,
0x84,0x0,0x0,0x0,0x0,0x0,0x0,0x0,
0x84,0x0,0x0,0x0,0x0,0x0,0x0,0x0,
0xc0,0x0,0x0,0x0,0x0,0x0,0x3,0x0,
0x0,0x0,0x0,0x0,0xd3,0x0,0x0,0x0,
0x60,0x2,0x10,0x2,0x60,0x2,0xb0,0x2,
0x9f,0x0,0x0,0x0,0x0,0x0,0x3,0x0,
0x0,0x0,0x0,0x0,0xd2,0x0,0x0,0x0,
0x5f,0x2,0x10,0x2,0x5f,0x2,0x70,0x2,
0x0,0x0,0x0,0x0,0xca,0x0,0x0,0x0,
0x0,0x0,0x0,0x0,0x0,0x0,0xff,0xff,
0xff,0xff,0xff,0xff,0x0,0x0,0x0,0x0,
0x54,0x0,0x0,0x0,0x54,0x0,0x0,0x0,
0x54,0x0,0x0,0x0,0x0,0x0,0x0,0x0,
0x54,0x0,0x0,0x0,0x54,0x0,0x0,0x0,
0x0,0x0,0x0,0x0,0x54,0x0,0x0,0x0,
0x0,0x0,0x0,0x0,0x54,0x0,0x0,0x0,
0x62,0x2,0xd0,0x1,0x0,0x0,0x0,0x0,
0x54,0x0,0x0,0x0,0x0,0x0,0x0,0x0,
0x54,0x0,0x0,0x0,0x0,0x0,0x0,0x0,
0x0,0x0,0x0,0x0,0xbe,0x0,0x0,0x0,
0x0,0x0,0x0,0x0,0x0,0x0,0xff,0xff,
0xff,0xff,0xff,0xff,0x0,0x0,0x0,0x0,
0x54,0x0,0x0,0x0,0x54,0x0,0x0,0x0,
0x54,0x0,0x0,0x0,0x0,0x0,0x0,0x0,
0x54,0x0,0x0,0x0,0x54,0x0,0x0,0x0,
0x0,0x0,0x1,0x0,0x54,0x0,0x0,0x0,
0x0,0x0,0x0,0x0,0x6c,0x0,0x0,0x0,
0x63,0x2,0xd0,0x1,0x0,0x0,0x0,0x0,
0x6c,0x0,0x0,0x0,0x0,0x0,0x0,0x0,
0x6c,0x0,0x0,0x0,0x0,0x0,0x0,0x0,
0x9f,0x0,0x0,0x0,0x0,0x0,0x3,0x0,
0x0,0x0,0x0,0x0,0xd4,0x0,0x0,0x0,
0x64,0x2,0x10,0x2,0x64,0x2,0x70,0x2,
0x0,0x0,0x0,0x0,0x8f,0x0,0x0,0x0,
0x0,0x0,0x0,0x0,0x0,0x0,0xff,0xff,
0xff,0xff,0xff,0xff,0x0,0x0,0x0,0x0,
0x54,0x0,0x0,0x0,0x54,0x0,0x0,0x0,
0x54,0x0,0x0,0x0,0x0,0x0,0x0,0x0,
0x54,0x0,0x0,0x0,0x54,0x0,0x0,0x0,
0x0,0x0,0x3,0x0,0x54,0x0,0x0,0x0,
0x0,0x0,0x0,0x0,0x9c,0x0,0x0,0x0,
0x67,0x2,0x90,0x1,0x0,0x0,0x0,0x0,
0x9c,0x0,0x0,0x0,0x0,0x0,0x0,0x0,
0x9c,0x0,0x0,0x0,0x0,0x0,0x0,0x0,
0x10,0x0,0x0,0x0,0x0,0x0,0x3,0x0,
0x0,0x0,0x0,0x0,0xd5,0x0,0x0,0x0,
0x68,0x2,0xd0,0x1,0x68,0x2,0x40,0x2,
0x0,0x0,0x0,0x0,0x0,0x0,0x8,0x0,
0x4d,0x0,0x0,0x0,0x0,0x0,0x0,0x0,
0x6a,0x2,0xd0,0x1,0x6a,0x2,0xd0,0x1,
0x0,0x0,0x0,0x0,0x0,0x0,0x8,0x0,
0x5c,0x0,0x0,0x0,0x0,0x0,0x0,0x0,
0x9b,0x2,0xd0,0x1,0x9b,0x2,0xd0,0x1,
0x0,0x0,0x0,0x0,0x8f,0x0,0x0,0x0,
0x0,0x0,0x0,0x0,0x0,0x0,0xff,0xff,
0xff,0xff,0xff,0xff,0x0,0x0,0x0,0x0,
0x54,0x0,0x0,0x0,0x54,0x0,0x0,0x0,
0x54,0x0,0x0,0x0,0x0,0x0,0x0,0x0,
0x54,0x0,0x0,0x0,0x54,0x0,0x0,0x0,
0x0,0x0,0xc,0x0,0x54,0x0,0x0,0x0,
0x0,0x0,0x0,0x0,0x74,0x1,0x0,0x0,
0x6a,0x2,0xd0,0x1,0x0,0x0,0x0,0x0,
0x74,0x1,0x0,0x0,0x0,0x0,0x0,0x0,
0x74,0x1,0x0,0x0,0x0,0x0,0x0,0x0,
0x10,0x0,0x0,0x0,0x0,0x0,0x3,0x0,
0x0,0x0,0x0,0x0,0xd6,0x0,0x0,0x0,
0x6b,0x2,0x10,0x2,0x6b,0x2,0x80,0x2,
0x0,0x0,0x0,0x0,0x0,0x0,0x8,0x0,
0x4e,0x0,0x0,0x0,0x0,0x0,0x0,0x0,
0x6c,0x2,0x10,0x2,0x6c,0x2,0x10,0x2,
0x0,0x0,0x0,0x0,0x0,0x0,0x8,0x0,
0x4f,0x0,0x0,0x0,0x0,0x0,0x0,0x0,
0x70,0x2,0x10,0x2,0x70,0x2,0x10,0x2,
0x0,0x0,0x0,0x0,0x0,0x0,0x8,0x0,
0x50,0x0,0x0,0x0,0x0,0x0,0x0,0x0,
0x73,0x2,0x10,0x2,0x73,0x2,0x10,0x2,
0x0,0x0,0x0,0x0,0x0,0x0,0x8,0x0,
0x51,0x0,0x0,0x0,0x0,0x0,0x0,0x0,
0x76,0x2,0x10,0x2,0x76,0x2,0x10,0x2,
0x0,0x0,0x0,0x0,0x0,0x0,0x8,0x0,
0x52,0x0,0x0,0x0,0x0,0x0,0x0,0x0,
0x79,0x2,0x10,0x2,0x79,0x2,0x10,0x2,
0x0,0x0,0x0,0x0,0x0,0x0,0x8,0x0,
0x53,0x0,0x0,0x0,0x0,0x0,0x0,0x0,
0x7d,0x2,0x10,0x2,0x7d,0x2,0x10,0x2,
0x0,0x0,0x0,0x0,0x0,0x0,0x8,0x0,
0x54,0x0,0x0,0x0,0x0,0x0,0x0,0x0,
0x81,0x2,0x10,0x2,0x81,0x2,0x10,0x2,
0x0,0x0,0x0,0x0,0x0,0x0,0x8,0x0,
0x58,0x0,0x0,0x0,0x0,0x0,0x0,0x0,
0x8d,0x2,0x10,0x2,0x8d,0x2,0x10,0x2,
0x0,0x0,0x0,0x0,0x0,0x0,0x8,0x0,
0x59,0x0,0x0,0x0,0x0,0x0,0x0,0x0,
0x91,0x2,0x10,0x2,0x91,0x2,0x10,0x2,
0x0,0x0,0x0,0x0,0x0,0x0,0x8,0x0,
0x5a,0x0,0x0,0x0,0x0,0x0,0x0,0x0,
0x92,0x2,0x10,0x2,0x92,0x2,0x10,0x2,
0x0,0x0,0x0,0x0,0x0,0x0,0x8,0x0,
0x5b,0x0,0x0,0x0,0x0,0x0,0x0,0x0,
0x97,0x2,0x10,0x2,0x97,0x2,0x10,0x2,
0x0,0x0,0x0,0x0,0xd7,0x0,0x0,0x0,
0x0,0x0,0x0,0x0,0x0,0x0,0xff,0xff,
0xff,0xff,0xff,0xff,0x0,0x0,0x0,0x0,
0x54,0x0,0x0,0x0,0x54,0x0,0x0,0x0,
0x54,0x0,0x0,0x0,0x0,0x0,0x0,0x0,
0x54,0x0,0x0,0x0,0x54,0x0,0x0,0x0,
0x0,0x0,0x2,0x0,0x54,0x0,0x0,0x0,
0x0,0x0,0x0,0x0,0x84,0x0,0x0,0x0,
0x6c,0x2,0x10,0x2,0x0,0x0,0x0,0x0,
0x84,0x0,0x0,0x0,0x0,0x0,0x0,0x0,
0x84,0x0,0x0,0x0,0x0,0x0,0x0,0x0,
0xc4,0x0,0x0,0x0,0x0,0x0,0x7,0x0,
0x40,0x0,0x0,0x0,0x0,0x0,0x0,0x0,
0x6e,0x2,0x50,0x2,0x6e,0x2,0x20,0x3,
0x9f,0x0,0x0,0x0,0x0,0x0,0x3,0x0,
0x0,0x0,0x0,0x0,0xd8,0x0,0x0,0x0,
0x6d,0x2,0x50,0x2,0x6d,0x2,0xb0,0x2,
0x0,0x0,0x0,0x0,0xd7,0x0,0x0,0x0,
0x0,0x0,0x0,0x0,0x0,0x0,0xff,0xff,
0xff,0xff,0xff,0xff,0x0,0x0,0x0,0x0,
0x54,0x0,0x0,0x0,0x54,0x0,0x0,0x0,
0x54,0x0,0x0,0x0,0x0,0x0,0x0,0x0,
0x54,0x0,0x0,0x0,0x54,0x0,0x0,0x0,
0x0,0x0,0x1,0x0,0x54,0x0,0x0,0x0,
0x0,0x0,0x0,0x0,0x6c,0x0,0x0,0x0,
0x70,0x2,0x10,0x2,0x0,0x0,0x0,0x0,
0x6c,0x0,0x0,0x0,0x0,0x0,0x0,0x0,
0x6c,0x0,0x0,0x0,0x0,0x0,0x0,0x0,
0x9f,0x0,0x0,0x0,0x0,0x0,0x3,0x0,
0x0,0x0,0x0,0x0,0xd9,0x0,0x0,0x0,
0x71,0x2,0x50,0x2,0x71,0x2,0xb0,0x2,
0x0,0x0,0x0,0x0,0xd7,0x0,0x0,0x0,
0x0,0x0,0x0,0x0,0x0,0x0,0xff,0xff,
0xff,0xff,0xff,0xff,0x0,0x0,0x0,0x0,
0x54,0x0,0x0,0x0,0x54,0x0,0x0,0x0,
0x54,0x0,0x0,0x0,0x0,0x0,0x0,0x0,
0x54,0x0,0x0,0x0,0x54,0x0,0x0,0x0,
0x0,0x0,0x1,0x0,0x54,0x0,0x0,0x0,
0x0,0x0,0x0,0x0,0x6c,0x0,0x0,0x0,
0x73,0x2,0x10,0x2,0x0,0x0,0x0,0x0,
0x6c,0x0,0x0,0x0,0x0,0x0,0x0,0x0,
0x6c,0x0,0x0,0x0,0x0,0x0,0x0,0x0,
0x9f,0x0,0x0,0x0,0x0,0x0,0x3,0x0,
0x0,0x0,0x0,0x0,0xda,0x0,0x0,0x0,
0x74,0x2,0x50,0x2,0x74,0x2,0xb0,0x2,
0x0,0x0,0x0,0x0,0xd7,0x0,0x0,0x0,
0x0,0x0,0x0,0x0,0x0,0x0,0xff,0xff,
0xff,0xff,0xff,0xff,0x0,0x0,0x0,0x0,
0x54,0x0,0x0,0x0,0x54,0x0,0x0,0x0,
0x54,0x0,0x0,0x0,0x0,0x0,0x0,0x0,
0x54,0x0,0x0,0x0,0x54,0x0,0x0,0x0,
0x0,0x0,0x1,0x0,0x54,0x0,0x0,0x0,
0x0,0x0,0x0,0x0,0x6c,0x0,0x0,0x0,
0x76,0x2,0x10,0x2,0x0,0x0,0x0,0x0,
0x6c,0x0,0x0,0x0,0x0,0x0,0x0,0x0,
0x6c,0x0,0x0,0x0,0x0,0x0,0x0,0x0,
0x9f,0x0,0x0,0x0,0x0,0x0,0x3,0x0,
0x0,0x0,0x0,0x0,0xdb,0x0,0x0,0x0,
0x77,0x2,0x50,0x2,0x77,0x2,0xb0,0x2,
0x0,0x0,0x0,0x0,0xd7,0x0,0x0,0x0,
0x0,0x0,0x0,0x0,0x0,0x0,0xff,0xff,
0xff,0xff,0xff,0xff,0x0,0x0,0x0,0x0,
0x54,0x0,0x0,0x0,0x54,0x0,0x0,0x0,
0x54,0x0,0x0,0x0,0x0,0x0,0x0,0x0,
0x54,0x0,0x0,0x0,0x54,0x0,0x0,0x0,
0x0,0x0,0x2,0x0,0x54,0x0,0x0,0x0,
0x0,0x0,0x0,0x0,0x84,0x0,0x0,0x0,
0x79,0x2,0x10,0x2,0x0,0x0,0x0,0x0,
0x84,0x0,0x0,0x0,0x0,0x0,0x0,0x0,
0x84,0x0,0x0,0x0,0x0,0x0,0x0,0x0,
0xc4,0x0,0x0,0x0,0x0,0x0,0x7,0x0,
0x41,0x0,0x0,0x0,0x0,0x0,0x0,0x0,
0x7b,0x2,0x50,0x2,0x7b,0x2,0x20,0x3,
0x9f,0x0,0x0,0x0,0x0,0x0,0x3,0x0,
0x0,0x0,0x0,0x0,0xdc,0x0,0x0,0x0,
0x7a,0x2,0x50,0x2,0x7a,0x2,0xb0,0x2,
0x0,0x0,0x0,0x0,0xd7,0x0,0x0,0x0,
0x0,0x0,0x0,0x0,0x0,0x0,0xff,0xff,
0xff,0xff,0xff,0xff,0x0,0x0,0x0,0x0,
0x54,0x0,0x0,0x0,0x54,0x0,0x0,0x0,
0x54,0x0,0x0,0x0,0x0,0x0,0x0,0x0,
0x54,0x0,0x0,0x0,0x54,0x0,0x0,0x0,
0x0,0x0,0x2,0x0,0x54,0x0,0x0,0x0,
0x0,0x0,0x0,0x0,0x84,0x0,0x0,0x0,
0x7d,0x2,0x10,0x2,0x0,0x0,0x0,0x0,
0x84,0x0,0x0,0x0,0x0,0x0,0x0,0x0,
0x84,0x0,0x0,0x0,0x0,0x0,0x0,0x0,
0xc4,0x0,0x0,0x0,0x0,0x0,0x7,0x0,
0x42,0x0,0x0,0x0,0x0,0x0,0x0,0x0,
0x7f,0x2,0x50,0x2,0x7f,0x2,0x20,0x3,
0x9f,0x0,0x0,0x0,0x0,0x0,0x3,0x0,
0x0,0x0,0x0,0x0,0xdd,0x0,0x0,0x0,
0x7e,0x2,0x50,0x2,0x7e,0x2,0xb0,0x2,
0x0,0x0,0x0,0x0,0x8f,0x0,0x0,0x0,
0x0,0x0,0x0,0x0,0x0,0x0,0xff,0xff,
0xff,0xff,0xff,0xff,0x0,0x0,0x0,0x0,
0x54,0x0,0x0,0x0,0x54,0x0,0x0,0x0,
0x54,0x0,0x0,0x0,0x0,0x0,0x0,0x0,
0x54,0x0,0x0,0x0,0x54,0x0,0x0,0x0,
0x0,0x0,0x4,0x0,0x54,0x0,0x0,0x0,
0x0,0x0,0x0,0x0,0xb4,0x0,0x0,0x0,
0x81,0x2,0x10,0x2,0x0,0x0,0x0,0x0,
0xb4,0x0,0x0,0x0,0x0,0x0,0x0,0x0,
0xb4,0x0,0x0,0x0,0x0,0x0,0x0,0x0,
0x10,0x0,0x0,0x0,0x0,0x0,0x3,0x0,
0x0,0x0,0x0,0x0,0xde,0x0,0x0,0x0,
0x82,0x2,0x50,0x2,0x82,0x2,0xc0,0x2,
0x0,0x0,0x0,0x0,0x0,0x0,0x8,0x0,
0x55,0x0,0x0,0x0,0x0,0x0,0x0,0x0,
0x83,0x2,0x50,0x2,0x83,0x2,0x50,0x2,
0x0,0x0,0x0,0x0,0x0,0x0,0x8,0x0,
0x56,0x0,0x0,0x0,0x0,0x0,0x0,0x0,
0x86,0x2,0x50,0x2,0x86,0x2,0x50,0x2,
0x0,0x0,0x0,0x0,0x0,0x0,0x8,0x0,
0x57,0x0,0x0,0x0,0x0,0x0,0x0,0x0,
0x89,0x2,0x50,0x2,0x89,0x2,0x50,0x2,
0x0,0x0,0x0,0x0,0xd7,0x0,0x0,0x0,
0x0,0x0,0x0,0x0,0x0,0x0,0xff,0xff,
0xff,0xff,0xff,0xff,0x0,0x0,0x0,0x0,
0x54,0x0,0x0,0x0,0x54,0x0,0x0,0x0,
0x54,0x0,0x0,0x0,0x0,0x0,0x0,0x0,
0x54,0x0,0x0,0x0,0x54,0x0,0x0,0x0,
0x0,0x0,0x1,0x0,0x54,0x0,0x0,0x0,
0x0,0x0,0x0,0x0,0x6c,0x0,0x0,0x0,
0x83,0x2,0x50,0x2,0x0,0x0,0x0,0x0,
0x6c,0x0,0x0,0x0,0x0,0x0,0x0,0x0,
0x6c,0x0,0x0,0x0,0x0,0x0,0x0,0x0,
0x9f,0x0,0x0,0x0,0x0,0x0,0x3,0x0,
0x0,0x0,0x0,0x0,0xdf,0x0,0x0,0x0,
0x84,0x2,0x90,0x2,0x84,0x2,0xf0,0x2,
0x0,0x0,0x0,0x0,0xd7,0x0,0x0,0x0,
0x0,0x0,0x0,0x0,0x0,0x0,0xff,0xff,
0xff,0xff,0xff,0xff,0x0,0x0,0x0,0x0,
0x54,0x0,0x0,0x0,0x54,0x0,0x0,0x0,
0x54,0x0,0x0,0x0,0x0,0x0,0x0,0x0,
0x54,0x0,0x0,0x0,0x54,0x0,0x0,0x0,
0x0,0x0,0x1,0x0,0x54,0x0,0x0,0x0,
0x0,0x0,0x0,0x0,0x6c,0x0,0x0,0x0,
0x86,0x2,0x50,0x2,0x0,0x0,0x0,0x0,
0x6c,0x0,0x0,0x0,0x0,0x0,0x0,0x0,
0x6c,0x0,0x0,0x0,0x0,0x0,0x0,0x0,
0x9f,0x0,0x0,0x0,0x0,0x0,0x3,0x0,
0x0,0x0,0x0,0x0,0xe0,0x0,0x0,0x0,
0x87,0x2,0x90,0x2,0x87,0x2,0xf0,0x2,
0x0,0x0,0x0,0x0,0xd7,0x0,0x0,0x0,
0x0,0x0,0x0,0x0,0x0,0x0,0xff,0xff,
0xff,0xff,0xff,0xff,0x0,0x0,0x0,0x0,
0x54,0x0,0x0,0x0,0x54,0x0,0x0,0x0,
0x54,0x0,0x0,0x0,0x0,0x0,0x0,0x0,
0x54,0x0,0x0,0x0,0x54,0x0,0x0,0x0,
0x0,0x0,0x1,0x0,0x54,0x0,0x0,0x0,
0x0,0x0,0x0,0x0,0x6c,0x0,0x0,0x0,
0x89,0x2,0x50,0x2,0x0,0x0,0x0,0x0,
0x6c,0x0,0x0,0x0,0x0,0x0,0x0,0x0,
0x6c,0x0,0x0,0x0,0x0,0x0,0x0,0x0,
0x9f,0x0,0x0,0x0,0x0,0x0,0x3,0x0,
0x0,0x0,0x0,0x0,0xe1,0x0,0x0,0x0,
0x8a,0x2,0x90,0x2,0x8a,0x2,0xf0,0x2,
0x0,0x0,0x0,0x0,0xd7,0x0,0x0,0x0,
0x0,0x0,0x0,0x0,0x0,0x0,0xff,0xff,
0xff,0xff,0xff,0xff,0x0,0x0,0x0,0x0,
0x54,0x0,0x0,0x0,0x54,0x0,0x0,0x0,
0x54,0x0,0x0,0x0,0x0,0x0,0x0,0x0,
0x54,0x0,0x0,0x0,0x54,0x0,0x0,0x0,
0x0,0x0,0x2,0x0,0x54,0x0,0x0,0x0,
0x0,0x0,0x0,0x0,0x84,0x0,0x0,0x0,
0x8d,0x2,0x10,0x2,0x0,0x0,0x0,0x0,
0x84,0x0,0x0,0x0,0x0,0x0,0x0,0x0,
0x84,0x0,0x0,0x0,0x0,0x0,0x0,0x0,
0xc4,0x0,0x0,0x0,0x0,0x0,0x7,0x0,
0x43,0x0,0x0,0x0,0x0,0x0,0x0,0x0,
0x8f,0x2,0x50,0x2,0x8f,0x2,0x20,0x3,
0x9f,0x0,0x0,0x0,0x0,0x0,0x3,0x0,
0x0,0x0,0x0,0x0,0xe2,0x0,0x0,0x0,
0x8e,0x2,0x50,0x2,0x8e,0x2,0xb0,0x2,
0x0,0x0,0x0,0x0,0xca,0x0,0x0,0x0,
0x0,0x0,0x0,0x0,0x0,0x0,0xff,0xff,
0xff,0xff,0xff,0xff,0x0,0x0,0x0,0x0,
0x54,0x0,0x0,0x0,0x54,0x0,0x0,0x0,
0x54,0x0,0x0,0x0,0x0,0x0,0x0,0x0,
0x54,0x0,0x0,0x0,0x54,0x0,0x0,0x0,
0x0,0x0,0x0,0x0,0x54,0x0,0x0,0x0,
0x0,0x0,0x0,0x0,0x54,0x0,0x0,0x0,
0x91,0x2,0x10,0x2,0x0,0x0,0x0,0x0,
0x54,0x0,0x0,0x0,0x0,0x0,0x0,0x0,
0x54,0x0,0x0,0x0,0x0,0x0,0x0,0x0,
0x0,0x0,0x0,0x0,0xd7,0x0,0x0,0x0,
0x0,0x0,0x0,0x0,0x0,0x0,0xff,0xff,
0xff,0xff,0xff,0xff,0x0,0x0,0x0,0x0,
0x54,0x0,0x0,0x0,0x54,0x0,0x0,0x0,
0x54,0x0,0x0,0x0,0x0,0x0,0x0,0x0,
0x54,0x0,0x0,0x0,0x54,0x0,0x0,0x0,
0x0,0x0,0x2,0x0,0x54,0x0,0x0,0x0,
0x0,0x0,0x0,0x0,0x84,0x0,0x0,0x0,
0x92,0x2,0x10,0x2,0x0,0x0,0x0,0x0,
0x84,0x0,0x0,0x0,0x0,0x0,0x0,0x0,
0x84,0x0,0x0,0x0,0x0,0x0,0x0,0x0,
0xc4,0x0,0x0,0x0,0x0,0x0,0x7,0x0,
0x44,0x0,0x0,0x0,0x0,0x0,0x0,0x0,
0x95,0x2,0x50,0x2,0x95,0x2,0x20,0x3,
0x9f,0x0,0x0,0x0,0x0,0x0,0x3,0x0,
0x0,0x0,0x0,0x0,0xe3,0x0,0x0,0x0,
0x93,0x2,0x50,0x2,0x93,0x2,0xb0,0x2,
0x0,0x0,0x0,0x0,0xd7,0x0,0x0,0x0,
0x0,0x0,0x0,0x0,0x0,0x0,0xff,0xff,
0xff,0xff,0xff,0xff,0x0,0x0,0x0,0x0,
0x54,0x0,0x0,0x0,0x54,0x0,0x0,0x0,
0x54,0x0,0x0,0x0,0x0,0x0,0x0,0x0,
0x54,0x0,0x0,0x0,0x54,0x0,0x0,0x0,
0x0,0x0,0x1,0x0,0x54,0x0,0x0,0x0,
0x0,0x0,0x0,0x0,0x6c,0x0,0x0,0x0,
0x97,0x2,0x10,0x2,0x0,0x0,0x0,0x0,
0x6c,0x0,0x0,0x0,0x0,0x0,0x0,0x0,
0x6c,0x0,0x0,0x0,0x0,0x0,0x0,0x0,
0x9f,0x0,0x0,0x0,0x0,0x0,0x3,0x0,
0x0,0x0,0x0,0x0,0xe4,0x0,0x0,0x0,
0x98,0x2,0x50,0x2,0x98,0x2,0xb0,0x2,
0x0,0x0,0x0,0x0,0x8f,0x0,0x0,0x0,
0x0,0x0,0x0,0x0,0x0,0x0,0xff,0xff,
0xff,0xff,0xff,0xff,0x0,0x0,0x0,0x0,
0x54,0x0,0x0,0x0,0x54,0x0,0x0,0x0,
0x54,0x0,0x0,0x0,0x0,0x0,0x0,0x0,
0x54,0x0,0x0,0x0,0x54,0x0,0x0,0x0,
0x0,0x0,0x7,0x0,0x54,0x0,0x0,0x0,
0x0,0x0,0x0,0x0,0xfc,0x0,0x0,0x0,
0x9b,0x2,0xd0,0x1,0x0,0x0,0x0,0x0,
0xfc,0x0,0x0,0x0,0x0,0x0,0x0,0x0,
0xfc,0x0,0x0,0x0,0x0,0x0,0x0,0x0,
0x10,0x0,0x0,0x0,0x0,0x0,0x3,0x0,
0x0,0x0,0x0,0x0,0xe5,0x0,0x0,0x0,
0x9c,0x2,0x10,0x2,0x9c,0x2,0x80,0x2,
0x0,0x0,0x0,0x0,0x0,0x0,0x8,0x0,
0x5d,0x0,0x0,0x0,0x0,0x0,0x0,0x0,
0x9d,0x2,0x10,0x2,0x9d,0x2,0x10,0x2,
0x0,0x0,0x0,0x0,0x0,0x0,0x8,0x0,
0x5e,0x0,0x0,0x0,0x0,0x0,0x0,0x0,
0xa0,0x2,0x10,0x2,0xa0,0x2,0x10,0x2,
0x0,0x0,0x0,0x0,0x0,0x0,0x8,0x0,
0x5f,0x0,0x0,0x0,0x0,0x0,0x0,0x0,
0xa3,0x2,0x10,0x2,0xa3,0x2,0x10,0x2,
0x0,0x0,0x0,0x0,0x0,0x0,0x8,0x0,
0x60,0x0,0x0,0x0,0x0,0x0,0x0,0x0,
0xa6,0x2,0x10,0x2,0xa6,0x2,0x10,0x2,
0x0,0x0,0x0,0x0,0x0,0x0,0x8,0x0,
0x61,0x0,0x0,0x0,0x0,0x0,0x0,0x0,
0xa9,0x2,0x10,0x2,0xa9,0x2,0x10,0x2,
0x0,0x0,0x0,0x0,0x0,0x0,0x8,0x0,
0x62,0x0,0x0,0x0,0x0,0x0,0x0,0x0,
0xac,0x2,0x10,0x2,0xac,0x2,0x10,0x2,
0x0,0x0,0x0,0x0,0xd7,0x0,0x0,0x0,
0x0,0x0,0x0,0x0,0x0,0x0,0xff,0xff,
0xff,0xff,0xff,0xff,0x0,0x0,0x0,0x0,
0x54,0x0,0x0,0x0,0x54,0x0,0x0,0x0,
0x54,0x0,0x0,0x0,0x0,0x0,0x0,0x0,
0x54,0x0,0x0,0x0,0x54,0x0,0x0,0x0,
0x0,0x0,0x1,0x0,0x54,0x0,0x0,0x0,
0x0,0x0,0x0,0x0,0x6c,0x0,0x0,0x0,
0x9d,0x2,0x10,0x2,0x0,0x0,0x0,0x0,
0x6c,0x0,0x0,0x0,0x0,0x0,0x0,0x0,
0x6c,0x0,0x0,0x0,0x0,0x0,0x0,0x0,
0x9f,0x0,0x0,0x0,0x0,0x0,0x3,0x0,
0x0,0x0,0x0,0x0,0xe6,0x0,0x0,0x0,
0x9e,0x2,0x50,0x2,0x9e,0x2,0xb0,0x2,
0x0,0x0,0x0,0x0,0xd7,0x0,0x0,0x0,
0x0,0x0,0x0,0x0,0x0,0x0,0xff,0xff,
0xff,0xff,0xff,0xff,0x0,0x0,0x0,0x0,
0x54,0x0,0x0,0x0,0x54,0x0,0x0,0x0,
0x54,0x0,0x0,0x0,0x0,0x0,0x0,0x0,
0x54,0x0,0x0,0x0,0x54,0x0,0x0,0x0,
0x0,0x0,0x1,0x0,0x54,0x0,0x0,0x0,
0x0,0x0,0x0,0x0,0x6c,0x0,0x0,0x0,
0xa0,0x2,0x10,0x2,0x0,0x0,0x0,0x0,
0x6c,0x0,0x0,0x0,0x0,0x0,0x0,0x0,
0x6c,0x0,0x0,0x0,0x0,0x0,0x0,0x0,
0x9f,0x0,0x0,0x0,0x0,0x0,0x3,0x0,
0x0,0x0,0x0,0x0,0xdf,0x0,0x0,0x0,
0xa1,0x2,0x50,0x2,0xa1,0x2,0xb0,0x2,
0x0,0x0,0x0,0x0,0xd7,0x0,0x0,0x0,
0x0,0x0,0x0,0x0,0x0,0x0,0xff,0xff,
0xff,0xff,0xff,0xff,0x0,0x0,0x0,0x0,
0x54,0x0,0x0,0x0,0x54,0x0,0x0,0x0,
0x54,0x0,0x0,0x0,0x0,0x0,0x0,0x0,
0x54,0x0,0x0,0x0,0x54,0x0,0x0,0x0,
0x0,0x0,0x1,0x0,0x54,0x0,0x0,0x0,
0x0,0x0,0x0,0x0,0x6c,0x0,0x0,0x0,
0xa3,0x2,0x10,0x2,0x0,0x0,0x0,0x0,
0x6c,0x0,0x0,0x0,0x0,0x0,0x0,0x0,
0x6c,0x0,0x0,0x0,0x0,0x0,0x0,0x0,
0x9f,0x0,0x0,0x0,0x0,0x0,0x3,0x0,
0x0,0x0,0x0,0x0,0xe0,0x0,0x0,0x0,
0xa4,0x2,0x50,0x2,0xa4,0x2,0xb0,0x2,
0x0,0x0,0x0,0x0,0xd7,0x0,0x0,0x0,
0x0,0x0,0x0,0x0,0x0,0x0,0xff,0xff,
0xff,0xff,0xff,0xff,0x0,0x0,0x0,0x0,
0x54,0x0,0x0,0x0,0x54,0x0,0x0,0x0,
0x54,0x0,0x0,0x0,0x0,0x0,0x0,0x0,
0x54,0x0,0x0,0x0,0x54,0x0,0x0,0x0,
0x0,0x0,0x1,0x0,0x54,0x0,0x0,0x0,
0x0,0x0,0x0,0x0,0x6c,0x0,0x0,0x0,
0xa6,0x2,0x10,0x2,0x0,0x0,0x0,0x0,
0x6c,0x0,0x0,0x0,0x0,0x0,0x0,0x0,
0x6c,0x0,0x0,0x0,0x0,0x0,0x0,0x0,
0x9f,0x0,0x0,0x0,0x0,0x0,0x3,0x0,
0x0,0x0,0x0,0x0,0xe1,0x0,0x0,0x0,
0xa7,0x2,0x50,0x2,0xa7,0x2,0xb0,0x2,
0x0,0x0,0x0,0x0,0xd7,0x0,0x0,0x0,
0x0,0x0,0x0,0x0,0x0,0x0,0xff,0xff,
0xff,0xff,0xff,0xff,0x0,0x0,0x0,0x0,
0x54,0x0,0x0,0x0,0x54,0x0,0x0,0x0,
0x54,0x0,0x0,0x0,0x0,0x0,0x0,0x0,
0x54,0x0,0x0,0x0,0x54,0x0,0x0,0x0,
0x0,0x0,0x1,0x0,0x54,0x0,0x0,0x0,
0x0,0x0,0x0,0x0,0x6c,0x0,0x0,0x0,
0xa9,0x2,0x10,0x2,0x0,0x0,0x0,0x0,
0x6c,0x0,0x0,0x0,0x0,0x0,0x0,0x0,
0x6c,0x0,0x0,0x0,0x0,0x0,0x0,0x0,
0x9f,0x0,0x0,0x0,0x0,0x0,0x3,0x0,
0x0,0x0,0x0,0x0,0xe2,0x0,0x0,0x0,
0xaa,0x2,0x50,0x2,0xaa,0x2,0xb0,0x2,
0x0,0x0,0x0,0x0,0xd7,0x0,0x0,0x0,
0x0,0x0,0x0,0x0,0x0,0x0,0xff,0xff,
0xff,0xff,0xff,0xff,0x0,0x0,0x0,0x0,
0x54,0x0,0x0,0x0,0x54,0x0,0x0,0x0,
0x54,0x0,0x0,0x0,0x0,0x0,0x0,0x0,
0x54,0x0,0x0,0x0,0x54,0x0,0x0,0x0,
0x0,0x0,0x1,0x0,0x54,0x0,0x0,0x0,
0x0,0x0,0x0,0x0,0x6c,0x0,0x0,0x0,
0xac,0x2,0x10,0x2,0x0,0x0,0x0,0x0,
0x6c,0x0,0x0,0x0,0x0,0x0,0x0,0x0,
0x6c,0x0,0x0,0x0,0x0,0x0,0x0,0x0,
0x9f,0x0,0x0,0x0,0x0,0x0,0x3,0x0,
0x0,0x0,0x0,0x0,0xda,0x0,0x0,0x0,
0xad,0x2,0x50,0x2,0xad,0x2,0xb0,0x2,
0x0,0x0,0x0,0x0,0x8f,0x0,0x0,0x0,
0x0,0x0,0x0,0x0,0x0,0x0,0xff,0xff,
0xff,0xff,0xff,0xff,0x0,0x0,0x0,0x0,
0x54,0x0,0x0,0x0,0x54,0x0,0x0,0x0,
0x54,0x0,0x0,0x0,0x0,0x0,0x0,0x0,
0x54,0x0,0x0,0x0,0x54,0x0,0x0,0x0,
0x0,0x0,0x2,0x0,0x54,0x0,0x0,0x0,
0x0,0x0,0x0,0x0,0x84,0x0,0x0,0x0,
0xb1,0x2,0x90,0x1,0x0,0x0,0x0,0x0,
0x84,0x0,0x0,0x0,0x0,0x0,0x0,0x0,
0x84,0x0,0x0,0x0,0x0,0x0,0x0,0x0,
0x10,0x0,0x0,0x0,0x0,0x0,0x3,0x0,
0x0,0x0,0x0,0x0,0xe7,0x0,0x0,0x0,
0xb2,0x2,0xd0,0x1,0xb2,0x2,0x40,0x2,
0x0,0x0,0x0,0x0,0x0,0x0,0x8,0x0,
0x64,0x0,0x0,0x0,0x0,0x0,0x0,0x0,
0xb3,0x2,0xd0,0x1,0xb3,0x2,0xd0,0x1,
0x0,0x0,0x0,0x0,0xd7,0x0,0x0,0x0,
0x0,0x0,0x0,0x0,0x0,0x0,0xff,0xff,
0xff,0xff,0xff,0xff,0x0,0x0,0x0,0x0,
0x54,0x0,0x0,0x0,0x54,0x0,0x0,0x0,
0x54,0x0,0x0,0x0,0x0,0x0,0x0,0x0,
0x54,0x0,0x0,0x0,0x54,0x0,0x0,0x0,
0x0,0x0,0x1,0x0,0x54,0x0,0x0,0x0,
0x0,0x0,0x0,0x0,0x6c,0x0,0x0,0x0,
0xb3,0x2,0xd0,0x1,0x0,0x0,0x0,0x0,
0x6c,0x0,0x0,0x0,0x0,0x0,0x0,0x0,
0x6c,0x0,0x0,0x0,0x0,0x0,0x0,0x0,
0x9f,0x0,0x0,0x0,0x0,0x0,0x3,0x0,
0x0,0x0,0x0,0x0,0xe8,0x0,0x0,0x0,
0xb4,0x2,0x10,0x2,0xb4,0x2,0x70,0x2,
0x0,0x0,0x0,0x0,0x6a,0x0,0x0,0x0,
0x0,0x0,0x0,0x0,0x0,0x0,0xff,0xff,
0xff,0xff,0xff,0xff,0x0,0x0,0x0,0x0,
0x54,0x0,0x0,0x0,0x54,0x0,0x0,0x0,
0x54,0x0,0x0,0x0,0x0,0x0,0x0,0x0,
0x54,0x0,0x0,0x0,0x54,0x0,0x0,0x0,
0x0,0x0,0x2,0x0,0x54,0x0,0x0,0x0,
0x0,0x0,0x0,0x0,0x84,0x0,0x0,0x0,
0xb8,0x2,0x50,0x1,0x0,0x0,0x0,0x0,
0x84,0x0,0x0,0x0,0x0,0x0,0x0,0x0,
0x84,0x0,0x0,0x0,0x0,0x0,0x0,0x0,
0x1a,0x0,0x0,0x0,0x0,0x0,0x7,0x0,
0x45,0x0,0x0,0x0,0x0,0x0,0x0,0x0,
0xbc,0x2,0x90,0x1,0xbc,0x2,0x0,0x2,
0x6f,0x0,0x0,0x0,0x0,0x0,0x9,0x0,
0x66,0x0,0x0,0x0,0x0,0x0,0x0,0x0,
0xb9,0x2,0x90,0x1,0xb9,0x2,0x0,0x2,
0x0,0x0,0x0,0x0,0x0,0x0,0x0,0x0,
0x0,0x0,0x0,0x0,0x0,0x0,0xff,0xff,
0xff,0xff,0xff,0xff,0x0,0x0,0x0,0x0,
0x54,0x0,0x0,0x0,0x54,0x0,0x0,0x0,
0x54,0x0,0x0,0x0,0x0,0x0,0x0,0x0,
0x54,0x0,0x0,0x0,0x54,0x0,0x0,0x0,
0x0,0x0,0x5,0x0,0x54,0x0,0x0,0x0,
0x0,0x0,0x0,0x0,0xcc,0x0,0x0,0x0,
0xb9,0x2,0x90,0x1,0x0,0x0,0x0,0x0,
0xcc,0x0,0x0,0x0,0x0,0x0,0x0,0x0,
0xcc,0x0,0x0,0x0,0x0,0x0,0x0,0x0,
0xa9,0x0,0x0,0x0,0x0,0x0,0x2,0x0,
0xf,0x0,0x0,0x0,0x0,0x0,0x0,0x0,
0xbe,0x2,0x0,0x2,0xbe,0x2,0xd0,0x2,
0xa7,0x0,0x0,0x0,0x0,0x0,0x2,0x0,
0xf,0x0,0x0,0x0,0x0,0x0,0x0,0x0,
0xbd,0x2,0x0,0x2,0xbd,0x2,0xc0,0x2,
0xe9,0x0,0x0,0x0,0x0,0x0,0x7,0x0,
0x46,0x0,0x0,0x0,0x0,0x0,0x0,0x0,
0xbb,0x2,0x0,0x2,0xbb,0x2,0xb0,0x2,
0x70,0x0,0x0,0x0,0x0,0x0,0x2,0x0,
0xe,0x0,0x0,0x0,0x0,0x0,0x0,0x0,
0xba,0x2,0x0,0x2,0xba,0x2,0x10,0x3,
0x71,0x0,0x0,0x0,0x0,0x0,0x2,0x0,
0xd,0x0,0x0,0x0,0x0,0x0,0x0,0x0,
0xb9,0x2,0x0,0x2,0xb9,0x2,0x0,0x3,
0x0,0x0,0x0,0x0,0xeb,0x0,0x0,0x0,
0x0,0x0,0x0,0x0,0x0,0x0,0xff,0xff,
0xff,0xff,0xff,0xff,0x0,0x0,0x0,0x0,
0x54,0x0,0x0,0x0,0x54,0x0,0x0,0x0,
0x54,0x0,0x0,0x0,0x0,0x0,0x0,0x0,
0x54,0x0,0x0,0x0,0x54,0x0,0x0,0x0,
0x0,0x0,0x1,0x0,0x54,0x0,0x0,0x0,
0x0,0x0,0x0,0x0,0x6c,0x0,0x0,0x0,
0xc0,0x2,0x50,0x1,0x0,0x0,0x0,0x0,
0x6c,0x0,0x0,0x0,0x0,0x0,0x0,0x0,
0x6c,0x0,0x0,0x0,0x0,0x0,0x0,0x0,
0xec,0x0,0x0,0x0,0x0,0x0,0xa,0x0,
0x68,0x0,0x0,0x0,0x0,0x0,0x0,0x0,
0xc1,0x2,0x90,0x1,0xc1,0x2,0xe0,0x1,
0x0,0x0,0x0,0x0,0x0,0x0,0x0,0x0,
0x0,0x0,0x0,0x0,0x0,0x0,0xff,0xff,
0xff,0xff,0xff,0xff,0x0,0x0,0x0,0x0,
0x54,0x0,0x0,0x0,0x54,0x0,0x0,0x0,
0x54,0x0,0x0,0x0,0x0,0x0,0x0,0x0,
0x54,0x0,0x0,0x0,0x54,0x0,0x0,0x0,
0x0,0x0,0x4,0x0,0x54,0x0,0x0,0x0,
0x0,0x0,0x0,0x0,0xb4,0x0,0x0,0x0,
0xc1,0x2,0x90,0x1,0x0,0x0,0x0,0x0,
0xb4,0x0,0x0,0x0,0x0,0x0,0x0,0x0,
0xb4,0x0,0x0,0x0,0x0,0x0,0x0,0x0,
0xe,0x0,0x0,0x0,0x0,0x0,0x2,0x0,
0x10,0x0,0x0,0x0,0x0,0x0,0x0,0x0,
0xc3,0x2,0xe0,0x2,0xc3,0x2,0x60,0x3,
0xd,0x0,0x0,0x0,0x0,0x0,0x2,0x0,
0x10,0x0,0x0,0x0,0x0,0x0,0x0,0x0,
0xc3,0x2,0xe0,0x1,0xc3,0x2,0x50,0x2,
0x1a,0x0,0x0,0x0,0x0,0x0,0x3,0x0,
0x0,0x0,0x0,0x0,0xef,0x0,0x0,0x0,
0xc2,0x2,0xe0,0x1,0xc2,0x2,0x50,0x2,
0xed,0x0,0x0,0x0,0x0,0x0,0x3,0x0,
0x0,0x0,0x0,0x0,0xee,0x0,0x0,0x0,
0xc1,0x2,0xe0,0x1,0xc1,0x2,0x60,0x2,
0x0,0x0,0x0,0x0,0xeb,0x0,0x0,0x0,
0x0,0x0,0x0,0x0,0x0,0x0,0xff,0xff,
0xff,0xff,0xff,0xff,0x0,0x0,0x0,0x0,
0x54,0x0,0x0,0x0,0x54,0x0,0x0,0x0,
0x54,0x0,0x0,0x0,0x0,0x0,0x0,0x0,
0x54,0x0,0x0,0x0,0x54,0x0,0x0,0x0,
0x0,0x0,0x2,0x0,0x54,0x0,0x0,0x0,
0x0,0x0,0x0,0x0,0x84,0x0,0x0,0x0,
0xc5,0x2,0x50,0x1,0x0,0x0,0x0,0x0,
0x84,0x0,0x0,0x0,0x0,0x0,0x0,0x0,
0x84,0x0,0x0,0x0,0x0,0x0,0x0,0x0,
0xf1,0x0,0x0,0x0,0x0,0x0,0x7,0x0,
0x47,0x0,0x0,0x0,0x0,0x0,0x0,0x0,
0xc9,0x2,0x90,0x1,0xc9,0x2,0x40,0x2,
0xec,0x0,0x0,0x0,0x0,0x0,0xa,0x0,
0x6a,0x0,0x0,0x0,0x0,0x0,0x0,0x0,
0xc6,0x2,0x90,0x1,0xc6,0x2,0xe0,0x1,
0x0,0x0,0x0,0x0,0x0,0x0,0x0,0x0,
0x0,0x0,0x0,0x0,0x0,0x0,0xff,0xff,
0xff,0xff,0xff,0xff,0x0,0x0,0x0,0x0,
0x54,0x0,0x0,0x0,0x54,0x0,0x0,0x0,
0x54,0x0,0x0,0x0,0x0,0x0,0x0,0x0,
0x54,0x0,0x0,0x0,0x54,0x0,0x0,0x0,
0x0,0x0,0x4,0x0,0x54,0x0,0x0,0x0,
0x0,0x0,0x0,0x0,0xb4,0x0,0x0,0x0,
0xc6,0x2,0x90,0x1,0x0,0x0,0x0,0x0,
0xb4,0x0,0x0,0x0,0x0,0x0,0x0,0x0,
0xb4,0x0,0x0,0x0,0x0,0x0,0x0,0x0,
0xe,0x0,0x0,0x0,0x0,0x0,0x2,0x0,
0x7,0x0,0x0,0x0,0x0,0x0,0x0,0x0,
0xc8,0x2,0xe0,0x2,0xc8,0x2,0x60,0x3,
0xd,0x0,0x0,0x0,0x0,0x0,0x2,0x0,
0x7,0x0,0x0,0x0,0x0,0x0,0x0,0x0,
0xc8,0x2,0xe0,0x1,0xc8,0x2,0x50,0x2,
0x1a,0x0,0x0,0x0,0x0,0x0,0x7,0x0,
0x48,0x0,0x0,0x0,0x0,0x0,0x0,0x0,
0xc7,0x2,0xe0,0x1,0xc7,0x2,0x50,0x2,
0xed,0x0,0x0,0x0,0x0,0x0,0x3,0x0,
0x0,0x0,0x0,0x0,0xf0,0x0,0x0,0x0,
0xc6,0x2,0xe0,0x1,0xc6,0x2,0x60,0x2,
0x0,0x0,0x0,0x0,0xeb,0x0,0x0,0x0,
0x0,0x0,0x0,0x0,0x0,0x0,0xff,0xff,
0xff,0xff,0xff,0xff,0x0,0x0,0x0,0x0,
0x54,0x0,0x0,0x0,0x54,0x0,0x0,0x0,
0x54,0x0,0x0,0x0,0x0,0x0,0x0,0x0,
0x54,0x0,0x0,0x0,0x54,0x0,0x0,0x0,
0x0,0x0,0x2,0x0,0x54,0x0,0x0,0x0,
0x0,0x0,0x0,0x0,0x84,0x0,0x0,0x0,
0xcd,0x2,0x50,0x1,0x0,0x0,0x0,0x0,
0x84,0x0,0x0,0x0,0x0,0x0,0x0,0x0,
0x84,0x0,0x0,0x0,0x0,0x0,0x0,0x0,
0xf1,0x0,0x0,0x0,0x0,0x0,0x7,0x0,
0x49,0x0,0x0,0x0,0x0,0x0,0x0,0x0,
0xd1,0x2,0x90,0x1,0xd1,0x2,0x40,0x2,
0xec,0x0,0x0,0x0,0x0,0x0,0xa,0x0,
0x6c,0x0,0x0,0x0,0x0,0x0,0x0,0x0,
0xce,0x2,0x90,0x1,0xce,0x2,0xe0,0x1,
0x0,0x0,0x0,0x0,0x0,0x0,0x0,0x0,
0x0,0x0,0x0,0x0,0x0,0x0,0xff,0xff,
0xff,0xff,0xff,0xff,0x0,0x0,0x0,0x0,
0x54,0x0,0x0,0x0,0x54,0x0,0x0,0x0,
0x54,0x0,0x0,0x0,0x0,0x0,0x0,0x0,
0x54,0x0,0x0,0x0,0x54,0x0,0x0,0x0,
0x0,0x0,0x4,0x0,0x54,0x0,0x0,0x0,
0x0,0x0,0x0,0x0,0xb4,0x0,0x0,0x0,
0xce,0x2,0x90,0x1,0x0,0x0,0x0,0x0,
0xb4,0x0,0x0,0x0,0x0,0x0,0x0,0x0,
0xb4,0x0,0x0,0x0,0x0,0x0,0x0,0x0,
0xe,0x0,0x0,0x0,0x0,0x0,0x2,0x0,
0x7,0x0,0x0,0x0,0x0,0x0,0x0,0x0,
0xd0,0x2,0xe0,0x2,0xd0,0x2,0x60,0x3,
0xd,0x0,0x0,0x0,0x0,0x0,0x2,0x0,
0x7,0x0,0x0,0x0,0x0,0x0,0x0,0x0,
0xd0,0x2,0xe0,0x1,0xd0,0x2,0x50,0x2,
0x1a,0x0,0x0,0x0,0x0,0x0,0x7,0x0,
0x4a,0x0,0x0,0x0,0x0,0x0,0x0,0x0,
0xcf,0x2,0xe0,0x1,0xcf,0x2,0x50,0x2,
0xed,0x0,0x0,0x0,0x0,0x0,0x3,0x0,
0x0,0x0,0x0,0x0,0xf3,0x0,0x0,0x0,
0xce,0x2,0xe0,0x1,0xce,0x2,0x60,0x2,
0x0,0x0,0x0,0x0,0x6a,0x0,0x0,0x0,
0x0,0x0,0x0,0x0,0x0,0x0,0xff,0xff,
0xff,0xff,0xff,0xff,0x0,0x0,0x0,0x0,
0x54,0x0,0x0,0x0,0x54,0x0,0x0,0x0,
0x54,0x0,0x0,0x0,0x0,0x0,0x0,0x0,
0x54,0x0,0x0,0x0,0x54,0x0,0x0,0x0,
0x0,0x0,0x2,0x0,0x54,0x0,0x0,0x0,
0x0,0x0,0x0,0x0,0x84,0x0,0x0,0x0,
0xd5,0x2,0x50,0x1,0x0,0x0,0x0,0x0,
0x84,0x0,0x0,0x0,0x0,0x0,0x0,0x0,
0x84,0x0,0x0,0x0,0x0,0x0,0x0,0x0,
0x1a,0x0,0x0,0x0,0x0,0x0,0x7,0x0,
0x4b,0x0,0x0,0x0,0x0,0x0,0x0,0x0,
0xd9,0x2,0x90,0x1,0xd9,0x2,0x0,0x2,
0x6f,0x0,0x0,0x0,0x0,0x0,0x9,0x0,
0x6e,0x0,0x0,0x0,0x0,0x0,0x0,0x0,
0xd6,0x2,0x90,0x1,0xd6,0x2,0x0,0x2,
0x0,0x0,0x0,0x0,0x0,0x0,0x0,0x0,
0x0,0x0,0x0,0x0,0x0,0x0,0xff,0xff,
0xff,0xff,0xff,0xff,0x0,0x0,0x0,0x0,
0x54,0x0,0x0,0x0,0x54,0x0,0x0,0x0,
0x54,0x0,0x0,0x0,0x0,0x0,0x0,0x0,
0x54,0x0,0x0,0x0,0x54,0x0,0x0,0x0,
0x0,0x0,0x5,0x0,0x54,0x0,0x0,0x0,
0x0,0x0,0x0,0x0,0xcc,0x0,0x0,0x0,
0xd6,0x2,0x90,0x1,0x0,0x0,0x0,0x0,
0xcc,0x0,0x0,0x0,0x0,0x0,0x0,0x0,
0xcc,0x0,0x0,0x0,0x0,0x0,0x0,0x0,
0xa9,0x0,0x0,0x0,0x0,0x0,0x2,0x0,
0xf,0x0,0x0,0x0,0x0,0x0,0x0,0x0,
0xdb,0x2,0x0,0x2,0xdb,0x2,0xd0,0x2,
0xa7,0x0,0x0,0x0,0x0,0x0,0x2,0x0,
0xf,0x0,0x0,0x0,0x0,0x0,0x0,0x0,
0xda,0x2,0x0,0x2,0xda,0x2,0xc0,0x2,
0xe9,0x0,0x0,0x0,0x0,0x0,0x7,0x0,
0x4c,0x0,0x0,0x0,0x0,0x0,0x0,0x0,
0xd8,0x2,0x0,0x2,0xd8,0x2,0xb0,0x2,
0x70,0x0,0x0,0x0,0x0,0x0,0x2,0x0,
0xe,0x0,0x0,0x0,0x0,0x0,0x0,0x0,
0xd7,0x2,0x0,0x2,0xd7,0x2,0x10,0x3,
0x71,0x0,0x0,0x0,0x0,0x0,0x2,0x0,
0xd,0x0,0x0,0x0,0x0,0x0,0x0,0x0,
0xd6,0x2,0x0,0x2,0xd6,0x2,0x0,0x3,
0x0,0x0,0x0,0x0,0xf4,0x0,0x0,0x0,
0xf5,0x0,0x0,0x0,0x0,0x0,0xff,0xff,
0xff,0xff,0xff,0xff,0x0,0x0,0x0,0x0,
0x54,0x0,0x0,0x0,0x54,0x0,0x0,0x0,
0x54,0x0,0x0,0x0,0x0,0x0,0x0,0x0,
0x54,0x0,0x0,0x0,0x54,0x0,0x0,0x0,
0x0,0x0,0x7,0x0,0x54,0x0,0x0,0x0,
0x0,0x0,0x0,0x0,0xfc,0x0,0x0,0x0,
0xdd,0x2,0x50,0x1,0xde,0x2,0x90,0x1,
0xfc,0x0,0x0,0x0,0x0,0x0,0x0,0x0,
0xfc,0x0,0x0,0x0,0x0,0x0,0x0,0x0,
0x0,0x0,0x0,0x0,0x0,0x0,0x8,0x0,
0x72,0x0,0x0,0x0,0x0,0x0,0x0,0x0,
0xe7,0x2,0x90,0x1,0xe7,0x2,0x90,0x1,
0x0,0x0,0x0,0x0,0x0,0x0,0x8,0x0,
0x73,0x0,0x0,0x0,0x0,0x0,0x0,0x0,
0xed,0x2,0x90,0x1,0xed,0x2,0x90,0x1,
0x0,0x0,0x0,0x0,0x0,0x0,0x8,0x0,
0x74,0x0,0x0,0x0,0x0,0x0,0x0,0x0,
0xf3,0x2,0x90,0x1,0xf3,0x2,0x90,0x1,
0x0,0x0,0x0,0x0,0x0,0x0,0x8,0x0,
0x75,0x0,0x0,0x0,0x0,0x0,0x0,0x0,
0xf9,0x2,0x90,0x1,0xf9,0x2,0x90,0x1,
0x0,0x0,0x0,0x0,0x0,0x0,0x8,0x0,
0x76,0x0,0x0,0x0,0x0,0x0,0x0,0x0,
0xff,0x2,0x90,0x1,0xff,0x2,0x90,0x1,
0x3b,0x0,0x0,0x0,0x0,0x0,0x9,0x0,
0x71,0x0,0x0,0x0,0x0,0x0,0x0,0x0,
0xe5,0x2,0x90,0x1,0xe5,0x2,0x20,0x2,
0x6f,0x0,0x0,0x0,0x0,0x0,0x9,0x0,
0x70,0x0,0x0,0x0,0x0,0x0,0x0,0x0,
0xe1,0x2,0x90,0x1,0xe1,0x2,0x0,0x2,
0x0,0x0,0x0,0x0,0x0,0x0,0x0,0x0,
0x0,0x0,0x0,0x0,0x0,0x0,0xff,0xff,
0xff,0xff,0xff,0xff,0x0,0x0,0x0,0x0,
0x54,0x0,0x0,0x0,0x54,0x0,0x0,0x0,
0x54,0x0,0x0,0x0,0x0,0x0,0x0,0x0,
0x54,0x0,0x0,0x0,0x54,0x0,0x0,0x0,
0x0,0x0,0x3,0x0,0x54,0x0,0x0,0x0,
0x0,0x0,0x0,0x0,0x9c,0x0,0x0,0x0,
0xe1,0x2,0x90,0x1,0x0,0x0,0x0,0x0,
0x9c,0x0,0x0,0x0,0x0,0x0,0x0,0x0,
0x9c,0x0,0x0,0x0,0x0,0x0,0x0,0x0,
0xe9,0x0,0x0,0x0,0x0,0x0,0x7,0x0,
0x4d,0x0,0x0,0x0,0x0,0x0,0x0,0x0,
0xe3,0x2,0x0,0x2,0xe3,0x2,0xb0,0x2,
0xf6,0x0,0x0,0x0,0x0,0x0,0x2,0x0,
0x11,0x0,0x0,0x0,0x0,0x0,0x0,0x0,
0xe2,0x2,0x0,0x2,0xe2,0x2,0xe0,0x2,
0xb5,0x0,0x0,0x0,0x0,0x0,0x1,0x0,
0x1,0x0,0x0,0x0,0x0,0x0,0x0,0x0,
0xe1,0x2,0x0,0x2,0xe1,0x2,0xb0,0x2,
0x0,0x0,0x0,0x0,0x0,0x0,0x0,0x0,
0x0,0x0,0x0,0x0,0x0,0x0,0xff,0xff,
0xff,0xff,0xff,0xff,0x0,0x0,0x0,0x0,
0x54,0x0,0x0,0x0,0x54,0x0,0x0,0x0,
0x54,0x0,0x0,0x0,0x0,0x0,0x0,0x0,
0x54,0x0,0x0,0x0,0x54,0x0,0x0,0x0,
0x0,0x0,0x1,0x0,0x54,0x0,0x0,0x0,
0x0,0x0,0x0,0x0,0x6c,0x0,0x0,0x0,
0xe5,0x2,0x90,0x1,0x0,0x0,0x0,0x0,
0x6c,0x0,0x0,0x0,0x0,0x0,0x0,0x0,
0x6c,0x0,0x0,0x0,0x0,0x0,0x0,0x0,
0x73,0x0,0x0,0x0,0x0,0x0,0x7,0x0,
0x4e,0x0,0x0,0x0,0x0,0x0,0x0,0x0,
0xe5,0x2,0x20,0x2,0xe5,0x2,0xa0,0x2,
0x0,0x0,0x0,0x0,0xf8,0x0,0x0,0x0,
0x0,0x0,0x0,0x0,0x0,0x0,0xff,0xff,
0xff,0xff,0xff,0xff,0x0,0x0,0x0,0x0,
0x54,0x0,0x0,0x0,0x54,0x0,0x0,0x0,
0x54,0x0,0x0,0x0,0x0,0x0,0x0,0x0,
0x54,0x0,0x0,0x0,0x54,0x0,0x0,0x0,
0x0,0x0,0x4,0x0,0x54,0x0,0x0,0x0,
0x0,0x0,0x0,0x0,0xb4,0x0,0x0,0x0,
0xe7,0x2,0x90,0x1,0x0,0x0,0x0,0x0,
0xb4,0x0,0x0,0x0,0x0,0x0,0x0,0x0,
0xb4,0x0,0x0,0x0,0x0,0x0,0x0,0x0,
0xfb,0x0,0x0,0x0,0x0,0x0,0x2,0x0,
0x4,0x0,0x0,0x0,0x0,0x0,0x0,0x0,
0xeb,0x2,0xd0,0x1,0xeb,0x2,0xb0,0x2,
0xfa,0x0,0x0,0x0,0x0,0x0,0x2,0x0,
0x4,0x0,0x0,0x0,0x0,0x0,0x0,0x0,
0xea,0x2,0xd0,0x1,0xea,0x2,0xa0,0x2,
0xe,0x0,0x0,0x0,0x0,0x0,0x2,0x0,
0x12,0x0,0x0,0x0,0x0,0x0,0x0,0x0,
0xe9,0x2,0xd0,0x1,0xe9,0x2,0x50,0x2,
0x9f,0x0,0x0,0x0,0x0,0x0,0x3,0x0,
0x0,0x0,0x0,0x0,0xf9,0x0,0x0,0x0,
0xe8,0x2,0xd0,0x1,0xe8,0x2,0x30,0x2,
0x0,0x0,0x0,0x0,0xf8,0x0,0x0,0x0,
0x0,0x0,0x0,0x0,0x0,0x0,0xff,0xff,
0xff,0xff,0xff,0xff,0x0,0x0,0x0,0x0,
0x54,0x0,0x0,0x0,0x54,0x0,0x0,0x0,
0x54,0x0,0x0,0x0,0x0,0x0,0x0,0x0,
0x54,0x0,0x0,0x0,0x54,0x0,0x0,0x0,
0x0,0x0,0x4,0x0,0x54,0x0,0x0,0x0,
0x0,0x0,0x0,0x0,0xb4,0x0,0x0,0x0,
0xed,0x2,0x90,0x1,0x0,0x0,0x0,0x0,
0xb4,0x0,0x0,0x0,0x0,0x0,0x0,0x0,
0xb4,0x0,0x0,0x0,0x0,0x0,0x0,0x0,
0xfb,0x0,0x0,0x0,0x0,0x0,0x2,0x0,
0x4,0x0,0x0,0x0,0x0,0x0,0x0,0x0,
0xf1,0x2,0xd0,0x1,0xf1,0x2,0xb0,0x2,
0xfa,0x0,0x0,0x0,0x0,0x0,0x2,0x0,
0x4,0x0,0x0,0x0,0x0,0x0,0x0,0x0,
0xf0,0x2,0xd0,0x1,0xf0,0x2,0xa0,0x2,
0xe,0x0,0x0,0x0,0x0,0x0,0x2,0x0,
0x12,0x0,0x0,0x0,0x0,0x0,0x0,0x0,
0xef,0x2,0xd0,0x1,0xef,0x2,0x50,0x2,
0x9f,0x0,0x0,0x0,0x0,0x0,0x3,0x0,
0x0,0x0,0x0,0x0,0xfc,0x0,0x0,0x0,
0xee,0x2,0xd0,0x1,0xee,0x2,0x30,0x2,
0x0,0x0,0x0,0x0,0xf8,0x0,0x0,0x0,
0x0,0x0,0x0,0x0,0x0,0x0,0xff,0xff,
0xff,0xff,0xff,0xff,0x0,0x0,0x0,0x0,
0x54,0x0,0x0,0x0,0x54,0x0,0x0,0x0,
0x54,0x0,0x0,0x0,0x0,0x0,0x0,0x0,
0x54,0x0,0x0,0x0,0x54,0x0,0x0,0x0,
0x0,0x0,0x4,0x0,0x54,0x0,0x0,0x0,
0x0,0x0,0x0,0x0,0xb4,0x0,0x0,0x0,
0xf3,0x2,0x90,0x1,0x0,0x0,0x0,0x0,
0xb4,0x0,0x0,0x0,0x0,0x0,0x0,0x0,
0xb4,0x0,0x0,0x0,0x0,0x0,0x0,0x0,
0xfb,0x0,0x0,0x0,0x0,0x0,0x2,0x0,
0x4,0x0,0x0,0x0,0x0,0x0,0x0,0x0,
0xf7,0x2,0xd0,0x1,0xf7,0x2,0xb0,0x2,
0xfa,0x0,0x0,0x0,0x0,0x0,0x2,0x0,
0x4,0x0,0x0,0x0,0x0,0x0,0x0,0x0,
0xf6,0x2,0xd0,0x1,0xf6,0x2,0xa0,0x2,
0xe,0x0,0x0,0x0,0x0,0x0,0x2,0x0,
0x12,0x0,0x0,0x0,0x0,0x0,0x0,0x0,
0xf5,0x2,0xd0,0x1,0xf5,0x2,0x50,0x2,
0x9f,0x0,0x0,0x0,0x0,0x0,0x3,0x0,
0x0,0x0,0x0,0x0,0xfd,0x0,0x0,0x0,
0xf4,0x2,0xd0,0x1,0xf4,0x2,0x30,0x2,
0x0,0x0,0x0,0x0,0xf8,0x0,0x0,0x0,
0x0,0x0,0x0,0x0,0x0,0x0,0xff,0xff,
0xff,0xff,0xff,0xff,0x0,0x0,0x0,0x0,
0x54,0x0,0x0,0x0,0x54,0x0,0x0,0x0,
0x54,0x0,0x0,0x0,0x0,0x0,0x0,0x0,
0x54,0x0,0x0,0x0,0x54,0x0,0x0,0x0,
0x0,0x0,0x4,0x0,0x54,0x0,0x0,0x0,
0x0,0x0,0x0,0x0,0xb4,0x0,0x0,0x0,
0xf9,0x2,0x90,0x1,0x0,0x0,0x0,0x0,
0xb4,0x0,0x0,0x0,0x0,0x0,0x0,0x0,
0xb4,0x0,0x0,0x0,0x0,0x0,0x0,0x0,
0xfb,0x0,0x0,0x0,0x0,0x0,0x2,0x0,
0x4,0x0,0x0,0x0,0x0,0x0,0x0,0x0,
0xfd,0x2,0xd0,0x1,0xfd,0x2,0xb0,0x2,
0xfa,0x0,0x0,0x0,0x0,0x0,0x2,0x0,
0x4,0x0,0x0,0x0,0x0,0x0,0x0,0x0,
0xfc,0x2,0xd0,0x1,0xfc,0x2,0xa0,0x2,
0xe,0x0,0x0,0x0,0x0,0x0,0x2,0x0,
0x12,0x0,0x0,0x0,0x0,0x0,0x0,0x0,
0xfb,0x2,0xd0,0x1,0xfb,0x2,0x50,0x2,
0x9f,0x0,0x0,0x0,0x0,0x0,0x3,0x0,
0x0,0x0,0x0,0x0,0xfe,0x0,0x0,0x0,
0xfa,0x2,0xd0,0x1,0xfa,0x2,0x30,0x2,
0x0,0x0,0x0,0x0,0xf8,0x0,0x0,0x0,
0x0,0x0,0x0,0x0,0x0,0x0,0xff,0xff,
0xff,0xff,0xff,0xff,0x0,0x0,0x0,0x0,
0x54,0x0,0x0,0x0,0x54,0x0,0x0,0x0,
0x54,0x0,0x0,0x0,0x0,0x0,0x0,0x0,
0x54,0x0,0x0,0x0,0x54,0x0,0x0,0x0,
0x0,0x0,0x4,0x0,0x54,0x0,0x0,0x0,
0x0,0x0,0x0,0x0,0xb4,0x0,0x0,0x0,
0xff,0x2,0x90,0x1,0x0,0x0,0x0,0x0,
0xb4,0x0,0x0,0x0,0x0,0x0,0x0,0x0,
0xb4,0x0,0x0,0x0,0x0,0x0,0x0,0x0,
0xfb,0x0,0x0,0x0,0x0,0x0,0x2,0x0,
0x4,0x0,0x0,0x0,0x0,0x0,0x0,0x0,
0x3,0x3,0xd0,0x1,0x3,0x3,0xb0,0x2,
0xfa,0x0,0x0,0x0,0x0,0x0,0x2,0x0,
0x4,0x0,0x0,0x0,0x0,0x0,0x0,0x0,
0x2,0x3,0xd0,0x1,0x2,0x3,0xa0,0x2,
0xe,0x0,0x0,0x0,0x0,0x0,0x2,0x0,
0x12,0x0,0x0,0x0,0x0,0x0,0x0,0x0,
0x1,0x3,0xd0,0x1,0x1,0x3,0x50,0x2,
0x9f,0x0,0x0,0x0,0x0,0x0,0x3,0x0,
0x0,0x0,0x0,0x0,0xff,0x0,0x0,0x0,
0x0,0x3,0xd0,0x1,0x0,0x3,0x30,0x2,
0x0,0x0,0x0,0x0,0x6a,0x0,0x0,0x0,
0x0,0x0,0x0,0x0,0x0,0x0,0xff,0xff,
0xff,0xff,0xff,0xff,0x0,0x0,0x0,0x0,
0x54,0x0,0x0,0x0,0x54,0x0,0x0,0x0,
0x54,0x0,0x0,0x0,0x0,0x0,0x0,0x0,
0x54,0x0,0x0,0x0,0x54,0x0,0x0,0x0,
0x0,0x0,0x4,0x0,0x54,0x0,0x0,0x0,
0x0,0x0,0x0,0x0,0xb4,0x0,0x0,0x0,
0x7,0x3,0x10,0x1,0x0,0x0,0x0,0x0,
0xb4,0x0,0x0,0x0,0x0,0x0,0x0,0x0,
0xb4,0x0,0x0,0x0,0x0,0x0,0x0,0x0,
0x1a,0x0,0x0,0x0,0x0,0x0,0x7,0x0,
0x4f,0x0,0x0,0x0,0x0,0x0,0x0,0x0,
0xa,0x3,0x50,0x1,0xa,0x3,0xc0,0x1,
0x0,0x0,0x0,0x0,0x0,0x0,0x8,0x0,
0x7b,0x0,0x0,0x0,0x0,0x0,0x0,0x0,
0x11,0x3,0x50,0x1,0x11,0x3,0x50,0x1,
0x6f,0x0,0x0,0x0,0x0,0x0,0x9,0x0,
0x78,0x0,0x0,0x0,0x0,0x0,0x0,0x0,
0x8,0x3,0x50,0x1,0x8,0x3,0xc0,0x1,
0x0,0x1,0x0,0x0,0x0,0x0,0xa,0x0,
0x79,0x0,0x0,0x0,0x0,0x0,0x0,0x0,
0xb,0x3,0x50,0x1,0xb,0x3,0xb0,0x1,
0x0,0x0,0x0,0x0,0x0,0x0,0x0,0x0,
0x0,0x0,0x0,0x0,0x0,0x0,0xff,0xff,
0xff,0xff,0xff,0xff,0x0,0x0,0x0,0x0,
0x54,0x0,0x0,0x0,0x54,0x0,0x0,0x0,
0x54,0x0,0x0,0x0,0x0,0x0,0x0,0x0,
0x54,0x0,0x0,0x0,0x54,0x0,0x0,0x0,
0x0,0x0,0x2,0x0,0x54,0x0,0x0,0x0,
0x0,0x0,0x0,0x0,0x84,0x0,0x0,0x0,
0x8,0x3,0x50,0x1,0x0,0x0,0x0,0x0,
0x84,0x0,0x0,0x0,0x0,0x0,0x0,0x0,
0x84,0x0,0x0,0x0,0x0,0x0,0x0,0x0,
0xb7,0x0,0x0,0x0,0x0,0x0,0x1,0x0,
0x1,0x0,0x0,0x0,0x0,0x0,0x0,0x0,
0x9,0x3,0xc0,0x1,0x9,0x3,0x80,0x2,
0xb5,0x0,0x0,0x0,0x0,0x0,0x1,0x0,
0x1,0x0,0x0,0x0,0x0,0x0,0x0,0x0,
0x8,0x3,0xc0,0x1,0x8,0x3,0x70,0x2,
0x0,0x0,0x0,0x0,0x0,0x0,0x0,0x0,
0x0,0x0,0x0,0x0,0x0,0x0,0xff,0xff,
0xff,0xff,0xff,0xff,0x0,0x0,0x0,0x0,
0x54,0x0,0x0,0x0,0x54,0x0,0x0,0x0,
0x54,0x0,0x0,0x0,0x0,0x0,0x0,0x0,
0x54,0x0,0x0,0x0,0x54,0x0,0x0,0x0,
0x0,0x0,0x2,0x0,0x54,0x0,0x0,0x0,
0x0,0x0,0x0,0x0,0x84,0x0,0x0,0x0,
0xb,0x3,0x50,0x1,0x0,0x0,0x0,0x0,
0x84,0x0,0x0,0x0,0x0,0x0,0x0,0x0,
0x84,0x0,0x0,0x0,0x0,0x0,0x0,0x0,
0x4,0x1,0x0,0x0,0x0,0x0,0x8,0x0,
0x7a,0x0,0x0,0x0,0x0,0x0,0x0,0x0,
0xc,0x3,0xb0,0x1,0xc,0x3,0x30,0x2,
0x1,0x1,0x0,0x0,0x0,0x0,0x1,0x0,
0x1,0x0,0x0,0x0,0x0,0x0,0x0,0x0,
0xb,0x3,0xb0,0x1,0xb,0x3,0x40,0x2,
0x0,0x0,0x0,0x0,0x2,0x1,0x0,0x0,
0x0,0x0,0x0,0x0,0x0,0x0,0xff,0xff,
0xff,0xff,0xff,0xff,0x0,0x0,0x0,0x0,
0x54,0x0,0x0,0x0,0x54,0x0,0x0,0x0,
0x54,0x0,0x0,0x0,0x0,0x0,0x0,0x0,
0x54,0x0,0x0,0x0,0x54,0x0,0x0,0x0,
0x0,0x0,0x2,0x0,0x54,0x0,0x0,0x0,
0x0,0x0,0x0,0x0,0x84,0x0,0x0,0x0,
0xc,0x3,0x30,0x2,0x0,0x0,0x0,0x0,
0x84,0x0,0x0,0x0,0x0,0x0,0x0,0x0,
0x84,0x0,0x0,0x0,0x0,0x0,0x0,0x0,
0x1a,0x0,0x0,0x0,0x0,0x0,0x3,0x0,
0x0,0x0,0x0,0x0,0x3,0x1,0x0,0x0,
0xe,0x3,0x90,0x1,0xe,0x3,0x0,0x2,
0x6b,0x0,0x0,0x0,0x0,0x0,0x2,0x0,
0x13,0x0,0x0,0x0,0x0,0x0,0x0,0x0,
0xd,0x3,0x90,0x1,0xd,0x3,0x10,0x2,
0x0,0x0,0x0,0x0,0x5,0x1,0x0,0x0,
0x6,0x1,0x0,0x0,0x0,0x0,0xff,0xff,
0xff,0xff,0xff,0xff,0x0,0x0,0x1,0x0,
0x54,0x0,0x0,0x0,0x54,0x0,0x0,0x0,
0x60,0x0,0x0,0x0,0x0,0x0,0x0,0x0,
0x60,0x0,0x0,0x0,0x60,0x0,0x0,0x0,
0x0,0x0,0xa,0x0,0x60,0x0,0x0,0x0,
0x0,0x0,0x0,0x0,0x50,0x1,0x0,0x0,
0x11,0x3,0x50,0x1,0x12,0x3,0x90,0x1,
0x50,0x1,0x0,0x0,0x0,0x0,0x0,0x0,
0x50,0x1,0x0,0x0,0x0,0x0,0x0,0x0,
0x9,0x1,0x0,0x0,0x4,0x0,0x0,0x20,
0x15,0x3,0x90,0x1,0x14,0x1,0x0,0x0,
0x0,0x0,0x7,0x0,0x52,0x0,0x0,0x0,
0x0,0x0,0x0,0x0,0x1f,0x3,0x90,0x1,
0x1f,0x3,0x0,0x3,0x9,0x1,0x0,0x0,
0x4,0x0,0x8,0x0,0x7d,0x0,0x0,0x0,
0x0,0x0,0x0,0x0,0x16,0x3,0xc0,0x2,
0x16,0x3,0x90,0x1,0x9,0x1,0x0,0x0,
0x0,0x0,0x7,0x0,0x51,0x0,0x0,0x0,
0x0,0x0,0x0,0x0,0x15,0x3,0x70,0x2,
0x15,0x3,0x80,0x3,0x7,0x1,0x0,0x0,
0x0,0x0,0x7,0x0,0x50,0x0,0x0,0x0,
0x0,0x0,0x0,0x0,0x14,0x3,0x90,0x1,
0x14,0x3,0x70,0x2,0x0,0x0,0x0,0x0,
0x0,0x0,0x8,0x0,0x7f,0x0,0x0,0x0,
0x0,0x0,0x0,0x0,0x20,0x3,0x90,0x1,
0x20,0x3,0x90,0x1,0x0,0x0,0x0,0x0,
0x0,0x0,0x8,0x0,0xc6,0x0,0x0,0x0,
0x0,0x0,0x0,0x0,0xb3,0x3,0x90,0x1,
0xb3,0x3,0x90,0x1,0x0,0x0,0x0,0x0,
0x0,0x0,0x8,0x0,0xe0,0x0,0x0,0x0,
0x0,0x0,0x0,0x0,0x2f,0x4,0x90,0x1,
0x2f,0x4,0x90,0x1,0x0,0x0,0x0,0x0,
0x0,0x0,0x8,0x0,0x13,0x1,0x0,0x0,
0x0,0x0,0x0,0x0,0xd3,0x4,0x90,0x1,
0xd3,0x4,0x90,0x1,0x0,0x0,0x0,0x0,
0x0,0x0,0x8,0x0,0x15,0x1,0x0,0x0,
0x0,0x0,0x0,0x0,0xd8,0x4,0x90,0x1,
0xd8,0x4,0x90,0x1,0x64,0x0,0x0,0x0,
0x0,0x0,0xa,0x0,0x7c,0x0,0x0,0x0,
0x0,0x0,0x0,0x0,0x13,0x3,0x90,0x1,
0x13,0x3,0x10,0x2,0x0,0x0,0x0,0x0,
0x0,0x0,0x0,0x0,0x0,0x0,0xff,0xff,
0xff,0xff,0xff,0xff,0x0,0x0,0x0,0x0,
0x54,0x0,0x0,0x0,0x54,0x0,0x0,0x0,
0x54,0x0,0x0,0x0,0x0,0x0,0x0,0x0,
0x54,0x0,0x0,0x0,0x54,0x0,0x0,0x0,
0x0,0x0,0x1,0x0,0x54,0x0,0x0,0x0,
0x0,0x0,0x0,0x0,0x6c,0x0,0x0,0x0,
0x13,0x3,0x90,0x1,0x0,0x0,0x0,0x0,
0x6c,0x0,0x0,0x0,0x0,0x0,0x0,0x0,
0x6c,0x0,0x0,0x0,0x0,0x0,0x0,0x0,
0xa5,0x0,0x0,0x0,0x0,0x0,0x7,0x0,
0x53,0x0,0x0,0x0,0x0,0x0,0x0,0x0,
0x13,0x3,0x10,0x2,0x13,0x3,0x70,0x2,
0x0,0x0,0x0,0x0,0xb,0x1,0x0,0x0,
0xc,0x1,0x0,0x0,0x0,0x0,0xff,0xff,
0xff,0xff,0xff,0xff,0x0,0x0,0x0,0x0,
0x54,0x0,0x0,0x0,0x54,0x0,0x0,0x0,
0x54,0x0,0x0,0x0,0x0,0x0,0x0,0x0,
0x54,0x0,0x0,0x0,0x54,0x0,0x0,0x0,
0x0,0x0,0x5,0x0,0x54,0x0,0x0,0x0,
0x0,0x0,0x0,0x0,0xcc,0x0,0x0,0x0,
0x16,0x3,0x90,0x1,0x17,0x3,0xd0,0x1,
0xcc,0x0,0x0,0x0,0x0,0x0,0x0,0x0,
0xcc,0x0,0x0,0x0,0x0,0x0,0x0,0x0,
0x12,0x1,0x0,0x0,0x0,0x0,0x7,0x0,
0x55,0x0,0x0,0x0,0x0,0x0,0x0,0x0,
0x1a,0x3,0xd0,0x1,0x1a,0x3,0x90,0x2,
0x2f,0x0,0x0,0x0,0x0,0x0,0x2,0x0,
0x8,0x0,0x0,0x0,0x0,0x0,0x0,0x0,
0x19,0x3,0xd0,0x1,0x19,0x3,0x70,0x2,
0xe,0x1,0x0,0x0,0x0,0x0,0x7,0x0,
0x54,0x0,0x0,0x0,0x0,0x0,0x0,0x0,
0x18,0x3,0x80,0x2,0x18,0x3,0xc0,0x2,
0xd,0x1,0x0,0x0,0x0,0x0,0x2,0x0,
0x4,0x0,0x0,0x0,0x0,0x0,0x0,0x0,
0x18,0x3,0xd0,0x1,0x18,0x3,0x30,0x2,
0x10,0x1,0x0,0x0,0x0,0x0,0xa,0x0,
0x7e,0x0,0x0,0x0,0x0,0x0,0x0,0x0,
0x19,0x3,0xc0,0x2,0x19,0x3,0x30,0x3,
0x0,0x0,0x0,0x0,0x0,0x0,0x0,0x0,
0x0,0x0,0x0,0x0,0x0,0x0,0xff,0xff,
0xff,0xff,0xff,0xff,0x0,0x0,0x0,0x0,
0x54,0x0,0x0,0x0,0x54,0x0,0x0,0x0,
0x54,0x0,0x0,0x0,0x0,0x0,0x0,0x0,
0x54,0x0,0x0,0x0,0x54,0x0,0x0,0x0,
0x0,0x0,0x1,0x0,0x54,0x0,0x0,0x0,
0x0,0x0,0x0,0x0,0x6c,0x0,0x0,0x0,
0x19,0x3,0xc0,0x2,0x0,0x0,0x0,0x0,
0x6c,0x0,0x0,0x0,0x0,0x0,0x0,0x0,
0x6c,0x0,0x0,0x0,0x0,0x0,0x0,0x0,
0x5d,0x0,0x0,0x0,0x0,0x0,0x7,0x0,
0x57,0x0,0x0,0x0,0x0,0x0,0x0,0x0,
0x19,0x3,0x30,0x3,0x19,0x3,0x90,0x3,
0x0,0x0,0x0,0x0,0xba,0x0,0x0,0x0,
0x0,0x0,0x0,0x0,0x0,0x0,0xff,0xff,
0xff,0xff,0xff,0xff,0x0,0x0,0x0,0x0,
0x54,0x0,0x0,0x0,0x54,0x0,0x0,0x0,
0x54,0x0,0x0,0x0,0x0,0x0,0x0,0x0,
0x54,0x0,0x0,0x0,0x54,0x0,0x0,0x0,
0x0,0x0,0x18,0x0,0x54,0x0,0x0,0x0,
0x0,0x0,0x0,0x0,0x94,0x2,0x0,0x0,
0x20,0x3,0x90,0x1,0x0,0x0,0x0,0x0,
0x94,0x2,0x0,0x0,0x0,0x0,0x0,0x0,
0x94,0x2,0x0,0x0,0x0,0x0,0x0,0x0,
0xb2,0x0,0x0,0x0,0x0,0x0,0x7,0x0,
0x58,0x0,0x0,0x0,0x0,0x0,0x0,0x0,
0x21,0x3,0xd0,0x1,0x21,0x3,0x60,0x2,
0x0,0x0,0x0,0x0,0x0,0x0,0x8,0x0,
0x81,0x0,0x0,0x0,0x0,0x0,0x0,0x0,
0x23,0x3,0xd0,0x1,0x23,0x3,0xd0,0x1,
0x0,0x0,0x0,0x0,0x0,0x0,0x8,0x0,
0x82,0x0,0x0,0x0,0x0,0x0,0x0,0x0,
0x24,0x3,0xd0,0x1,0x24,0x3,0xd0,0x1,
0x0,0x0,0x0,0x0,0x0,0x0,0x8,0x0,
0x85,0x0,0x0,0x0,0x0,0x0,0x0,0x0,
0x2b,0x3,0xd0,0x1,0x2b,0x3,0xd0,0x1,
0x0,0x0,0x0,0x0,0x0,0x0,0x8,0x0,
0x87,0x0,0x0,0x0,0x0,0x0,0x0,0x0,
0x30,0x3,0xd0,0x1,0x30,0x3,0xd0,0x1,
0x0,0x0,0x0,0x0,0x0,0x0,0x8,0x0,
0x8a,0x0,0x0,0x0,0x0,0x0,0x0,0x0,
0x35,0x3,0xd0,0x1,0x35,0x3,0xd0,0x1,
0x0,0x0,0x0,0x0,0x0,0x0,0x8,0x0,
0x8c,0x0,0x0,0x0,0x0,0x0,0x0,0x0,
0x3c,0x3,0xd0,0x1,0x3c,0x3,0xd0,0x1,
0x0,0x0,0x0,0x0,0x0,0x0,0x8,0x0,
0x9a,0x0,0x0,0x0,0x0,0x0,0x0,0x0,
0x59,0x3,0xd0,0x1,0x59,0x3,0xd0,0x1,
0x0,0x0,0x0,0x0,0x0,0x0,0x8,0x0,
0x9d,0x0,0x0,0x0,0x0,0x0,0x0,0x0,
0x5e,0x3,0xd0,0x1,0x5e,0x3,0xd0,0x1,
0x0,0x0,0x0,0x0,0x0,0x0,0x8,0x0,
0xa1,0x0,0x0,0x0,0x0,0x0,0x0,0x0,
0x64,0x3,0xd0,0x1,0x64,0x3,0xd0,0x1,
0x0,0x0,0x0,0x0,0x0,0x0,0x8,0x0,
0xa5,0x0,0x0,0x0,0x0,0x0,0x0,0x0,
0x6a,0x3,0xd0,0x1,0x6a,0x3,0xd0,0x1,
0x0,0x0,0x0,0x0,0x0,0x0,0x8,0x0,
0xa9,0x0,0x0,0x0,0x0,0x0,0x0,0x0,
0x70,0x3,0xd0,0x1,0x70,0x3,0xd0,0x1,
0x0,0x0,0x0,0x0,0x0,0x0,0x8,0x0,
0xad,0x0,0x0,0x0,0x0,0x0,0x0,0x0,
0x76,0x3,0xd0,0x1,0x76,0x3,0xd0,0x1,
0x0,0x0,0x0,0x0,0x0,0x0,0x8,0x0,
0xb1,0x0,0x0,0x0,0x0,0x0,0x0,0x0,
0x7c,0x3,0xd0,0x1,0x7c,0x3,0xd0,0x1,
0x0,0x0,0x0,0x0,0x0,0x0,0x8,0x0,
0xb5,0x0,0x0,0x0,0x0,0x0,0x0,0x0,
0x83,0x3,0xd0,0x1,0x83,0x3,0xd0,0x1,
0x0,0x0,0x0,0x0,0x0,0x0,0x8,0x0,
0xb8,0x0,0x0,0x0,0x0,0x0,0x0,0x0,
0x88,0x3,0xd0,0x1,0x88,0x3,0xd0,0x1,
0x0,0x0,0x0,0x0,0x0,0x0,0x8,0x0,
0xb9,0x0,0x0,0x0,0x0,0x0,0x0,0x0,
0x89,0x3,0xd0,0x1,0x89,0x3,0xd0,0x1,
0x0,0x0,0x0,0x0,0x0,0x0,0x8,0x0,
0xbc,0x0,0x0,0x0,0x0,0x0,0x0,0x0,
0x8e,0x3,0xd0,0x1,0x8e,0x3,0xd0,0x1,
0x0,0x0,0x0,0x0,0x0,0x0,0x8,0x0,
0xbd,0x0,0x0,0x0,0x0,0x0,0x0,0x0,
0x92,0x3,0xd0,0x1,0x92,0x3,0xd0,0x1,
0x0,0x0,0x0,0x0,0x0,0x0,0x8,0x0,
0xbf,0x0,0x0,0x0,0x0,0x0,0x0,0x0,
0x99,0x3,0xd0,0x1,0x99,0x3,0xd0,0x1,
0x0,0x0,0x0,0x0,0x0,0x0,0x8,0x0,
0xc0,0x0,0x0,0x0,0x0,0x0,0x0,0x0,
0x9c,0x3,0xd0,0x1,0x9c,0x3,0xd0,0x1,
0x0,0x0,0x0,0x0,0x0,0x0,0x8,0x0,
0xc2,0x0,0x0,0x0,0x0,0x0,0x0,0x0,
0xa3,0x3,0xd0,0x1,0xa3,0x3,0xd0,0x1,
0x0,0x0,0x0,0x0,0x0,0x0,0x8,0x0,
0xc4,0x0,0x0,0x0,0x0,0x0,0x0,0x0,
0xac,0x3,0xd0,0x1,0xac,0x3,0xd0,0x1,
0x64,0x0,0x0,0x0,0x0,0x0,0xa,0x0,
0x80,0x0,0x0,0x0,0x0,0x0,0x0,0x0,
0x22,0x3,0xd0,0x1,0x22,0x3,0x50,0x2,
0x0,0x0,0x0,0x0,0x0,0x0,0x0,0x0,
0x0,0x0,0x0,0x0,0x0,0x0,0xff,0xff,
0xff,0xff,0xff,0xff,0x0,0x0,0x0,0x0,
0x54,0x0,0x0,0x0,0x54,0x0,0x0,0x0,
0x54,0x0,0x0,0x0,0x0,0x0,0x0,0x0,
0x54,0x0,0x0,0x0,0x54,0x0,0x0,0x0,
0x0,0x0,0x1,0x0,0x54,0x0,0x0,0x0,
0x0,0x0,0x0,0x0,0x6c,0x0,0x0,0x0,
0x22,0x3,0xd0,0x1,0x0,0x0,0x0,0x0,
0x6c,0x0,0x0,0x0,0x0,0x0,0x0,0x0,
0x6c,0x0,0x0,0x0,0x0,0x0,0x0,0x0,
0x17,0x1,0x0,0x0,0x0,0x0,0x7,0x0,
0x59,0x0,0x0,0x0,0x0,0x0,0x0,0x0,
0x22,0x3,0x50,0x2,0x22,0x3,0x50,0x3,
0x0,0x0,0x0,0x0,0x19,0x1,0x0,0x0,
0x0,0x0,0x0,0x0,0x0,0x0,0xff,0xff,
0xff,0xff,0xff,0xff,0x0,0x0,0x0,0x0,
0x54,0x0,0x0,0x0,0x54,0x0,0x0,0x0,
0x54,0x0,0x0,0x0,0x0,0x0,0x0,0x0,
0x54,0x0,0x0,0x0,0x54,0x0,0x0,0x0,
0x0,0x0,0x1,0x0,0x54,0x0,0x0,0x0,
0x0,0x0,0x0,0x0,0x6c,0x0,0x0,0x0,
0x23,0x3,0xd0,0x1,0x0,0x0,0x0,0x0,
0x6c,0x0,0x0,0x0,0x0,0x0,0x0,0x0,
0x6c,0x0,0x0,0x0,0x0,0x0,0x0,0x0,
0x1a,0x1,0x0,0x0,0x0,0x0,0x2,0x0,
0x14,0x0,0x0,0x0,0x0,0x0,0x0,0x0,
0x23,0x3,0x40,0x2,0x23,0x3,0x30,0x3,
0x0,0x0,0x0,0x0,0x1b,0x1,0x0,0x0,
0x0,0x0,0x0,0x0,0x0,0x0,0xff,0xff,
0xff,0xff,0xff,0xff,0x0,0x0,0x0,0x0,
0x54,0x0,0x0,0x0,0x54,0x0,0x0,0x0,
0x54,0x0,0x0,0x0,0x0,0x0,0x0,0x0,
0x54,0x0,0x0,0x0,0x54,0x0,0x0,0x0,
0x0,0x0,0x4,0x0,0x54,0x0,0x0,0x0,
0x0,0x0,0x0,0x0,0xb4,0x0,0x0,0x0,
0x24,0x3,0xd0,0x1,0x0,0x0,0x0,0x0,
0xb4,0x0,0x0,0x0,0x0,0x0,0x0,0x0,
0xb4,0x0,0x0,0x0,0x0,0x0,0x0,0x0,
0x1a,0x0,0x0,0x0,0x0,0x0,0x3,0x0,
0x0,0x0,0x0,0x0,0x1f,0x1,0x0,0x0,
0x27,0x3,0x10,0x2,0x27,0x3,0x80,0x2,
0x9f,0x0,0x0,0x0,0x0,0x0,0x3,0x0,
0x0,0x0,0x0,0x0,0x1c,0x1,0x0,0x0,
0x25,0x3,0x10,0x2,0x25,0x3,0x70,0x2,
0x6f,0x0,0x0,0x0,0x0,0x0,0x9,0x0,
0x84,0x0,0x0,0x0,0x0,0x0,0x0,0x0,
0x28,0x3,0x10,0x2,0x28,0x3,0x80,0x2,
0x1d,0x1,0x0,0x0,0x0,0x0,0xa,0x0,
0x83,0x0,0x0,0x0,0x0,0x0,0x0,0x0,
0x25,0x3,0xd0,0x2,0x25,0x3,0x20,0x3,
0x0,0x0,0x0,0x0,0x0,0x0,0x0,0x0,
0x0,0x0,0x0,0x0,0x0,0x0,0xff,0xff,
0xff,0xff,0xff,0xff,0x0,0x0,0x0,0x0,
0x54,0x0,0x0,0x0,0x54,0x0,0x0,0x0,
0x54,0x0,0x0,0x0,0x0,0x0,0x0,0x0,
0x54,0x0,0x0,0x0,0x54,0x0,0x0,0x0,
0x0,0x0,0x1,0x0,0x54,0x0,0x0,0x0,
0x0,0x0,0x0,0x0,0x6c,0x0,0x0,0x0,
0x25,0x3,0xd0,0x2,0x0,0x0,0x0,0x0,
0x6c,0x0,0x0,0x0,0x0,0x0,0x0,0x0,
0x6c,0x0,0x0,0x0,0x0,0x0,0x0,0x0,
0x1e,0x1,0x0,0x0,0x0,0x0,0x2,0x0,
0x15,0x0,0x0,0x0,0x0,0x0,0x0,0x0,
0x25,0x3,0x20,0x3,0x25,0x3,0xd0,0x3,
0x0,0x0,0x0,0x0,0x0,0x0,0x0,0x0,
0x0,0x0,0x0,0x0,0x0,0x0,0xff,0xff,
0xff,0xff,0xff,0xff,0x0,0x0,0x0,0x0,
0x54,0x0,0x0,0x0,0x54,0x0,0x0,0x0,
0x54,0x0,0x0,0x0,0x0,0x0,0x0,0x0,
0x54,0x0,0x0,0x0,0x54,0x0,0x0,0x0,
0x0,0x0,0x1,0x0,0x54,0x0,0x0,0x0,
0x0,0x0,0x0,0x0,0x6c,0x0,0x0,0x0,
0x28,0x3,0x10,0x2,0x0,0x0,0x0,0x0,
0x6c,0x0,0x0,0x0,0x0,0x0,0x0,0x0,
0x6c,0x0,0x0,0x0,0x0,0x0,0x0,0x0,
0xe9,0x0,0x0,0x0,0x0,0x0,0x7,0x0,
0x5a,0x0,0x0,0x0,0x0,0x0,0x0,0x0,
0x28,0x3,0x80,0x2,0x28,0x3,0x30,0x3,
0x0,0x0,0x0,0x0,0x20,0x1,0x0,0x0,
0x21,0x1,0x0,0x0,0x0,0x0,0xff,0xff,
0xff,0xff,0xff,0xff,0x0,0x0,0x0,0x0,
0x54,0x0,0x0,0x0,0x54,0x0,0x0,0x0,
0x54,0x0,0x0,0x0,0x0,0x0,0x0,0x0,
0x54,0x0,0x0,0x0,0x54,0x0,0x0,0x0,
0x0,0x0,0x2,0x0,0x54,0x0,0x0,0x0,
0x0,0x0,0x0,0x0,0x84,0x0,0x0,0x0,
0x2b,0x3,0xd0,0x1,0x2c,0x3,0x10,0x2,
0x84,0x0,0x0,0x0,0x0,0x0,0x0,0x0,
0x84,0x0,0x0,0x0,0x0,0x0,0x0,0x0,
0x22,0x1,0x0,0x0,0x0,0x0,0x7,0x0,
0x5b,0x0,0x0,0x0,0x0,0x0,0x0,0x0,
0x2e,0x3,0x10,0x2,0x2e,0x3,0x80,0x2,
0x6f,0x0,0x0,0x0,0x0,0x0,0x9,0x0,
0x86,0x0,0x0,0x0,0x0,0x0,0x0,0x0,
0x2d,0x3,0x10,0x2,0x2d,0x3,0x80,0x2,
0x0,0x0,0x0,0x0,0x0,0x0,0x0,0x0,
0x0,0x0,0x0,0x0,0x0,0x0,0xff,0xff,
0xff,0xff,0xff,0xff,0x0,0x0,0x0,0x0,
0x54,0x0,0x0,0x0,0x54,0x0,0x0,0x0,
0x54,0x0,0x0,0x0,0x0,0x0,0x0,0x0,
0x54,0x0,0x0,0x0,0x54,0x0,0x0,0x0,
0x0,0x0,0x1,0x0,0x54,0x0,0x0,0x0,
0x0,0x0,0x0,0x0,0x6c,0x0,0x0,0x0,
0x2d,0x3,0x10,0x2,0x0,0x0,0x0,0x0,
0x6c,0x0,0x0,0x0,0x0,0x0,0x0,0x0,
0x6c,0x0,0x0,0x0,0x0,0x0,0x0,0x0,
0xe9,0x0,0x0,0x0,0x0,0x0,0x7,0x0,
0x5c,0x0,0x0,0x0,0x0,0x0,0x0,0x0,
0x2d,0x3,0x80,0x2,0x2d,0x3,0x30,0x3,
0x0,0x0,0x0,0x0,0x1b,0x1,0x0,0x0,
0x0,0x0,0x0,0x0,0x0,0x0,0xff,0xff,
0xff,0xff,0xff,0xff,0x0,0x0,0x0,0x0,
0x54,0x0,0x0,0x0,0x54,0x0,0x0,0x0,
0x54,0x0,0x0,0x0,0x0,0x0,0x0,0x0,
0x54,0x0,0x0,0x0,0x54,0x0,0x0,0x0,
0x0,0x0,0x4,0x0,0x54,0x0,0x0,0x0,
0x0,0x0,0x0,0x0,0xb4,0x0,0x0,0x0,
0x30,0x3,0xd0,0x1,0x0,0x0,0x0,0x0,
0xb4,0x0,0x0,0x0,0x0,0x0,0x0,0x0,
0xb4,0x0,0x0,0x0,0x0,0x0,0x0,0x0,
0x1a,0x0,0x0,0x0,0x0,0x0,0x3,0x0,
0x0,0x0,0x0,0x0,0x1f,0x1,0x0,0x0,
0x32,0x3,0x10,0x2,0x32,0x3,0x80,0x2,
0x9f,0x0,0x0,0x0,0x0,0x0,0x3,0x0,
0x0,0x0,0x0,0x0,0x24,0x1,0x0,0x0,
0x31,0x3,0x10,0x2,0x31,0x3,0x70,0x2,
0x6f,0x0,0x0,0x0,0x0,0x0,0x9,0x0,
0x89,0x0,0x0,0x0,0x0,0x0,0x0,0x0,
0x33,0x3,0x10,0x2,0x33,0x3,0x80,0x2,
0x1d,0x1,0x0,0x0,0x0,0x0,0xa,0x0,
0x88,0x0,0x0,0x0,0x0,0x0,0x0,0x0,
0x31,0x3,0xd0,0x2,0x31,0x3,0x20,0x3,
0x0,0x0,0x0,0x0,0x0,0x0,0x0,0x0,
0x0,0x0,0x0,0x0,0x0,0x0,0xff,0xff,
0xff,0xff,0xff,0xff,0x0,0x0,0x0,0x0,
0x54,0x0,0x0,0x0,0x54,0x0,0x0,0x0,
0x54,0x0,0x0,0x0,0x0,0x0,0x0,0x0,
0x54,0x0,0x0,0x0,0x54,0x0,0x0,0x0,
0x0,0x0,0x1,0x0,0x54,0x0,0x0,0x0,
0x0,0x0,0x0,0x0,0x6c,0x0,0x0,0x0,
0x31,0x3,0xd0,0x2,0x0,0x0,0x0,0x0,
0x6c,0x0,0x0,0x0,0x0,0x0,0x0,0x0,
0x6c,0x0,0x0,0x0,0x0,0x0,0x0,0x0,
0x1e,0x1,0x0,0x0,0x0,0x0,0x2,0x0,
0x15,0x0,0x0,0x0,0x0,0x0,0x0,0x0,
0x31,0x3,0x20,0x3,0x31,0x3,0xd0,0x3,
0x0,0x0,0x0,0x0,0x0,0x0,0x0,0x0,
0x0,0x0,0x0,0x0,0x0,0x0,0xff,0xff,
0xff,0xff,0xff,0xff,0x0,0x0,0x0,0x0,
0x54,0x0,0x0,0x0,0x54,0x0,0x0,0x0,
0x54,0x0,0x0,0x0,0x0,0x0,0x0,0x0,
0x54,0x0,0x0,0x0,0x54,0x0,0x0,0x0,
0x0,0x0,0x1,0x0,0x54,0x0,0x0,0x0,
0x0,0x0,0x0,0x0,0x6c,0x0,0x0,0x0,
0x33,0x3,0x10,0x2,0x0,0x0,0x0,0x0,
0x6c,0x0,0x0,0x0,0x0,0x0,0x0,0x0,
0x6c,0x0,0x0,0x0,0x0,0x0,0x0,0x0,
0xe9,0x0,0x0,0x0,0x0,0x0,0x7,0x0,
0x5d,0x0,0x0,0x0,0x0,0x0,0x0,0x0,
0x33,0x3,0x80,0x2,0x33,0x3,0x30,0x3,
0x0,0x0,0x0,0x0,0x25,0x1,0x0,0x0,
0x0,0x0,0x0,0x0,0x0,0x0,0xff,0xff,
0xff,0xff,0xff,0xff,0x0,0x0,0x0,0x0,
0x54,0x0,0x0,0x0,0x54,0x0,0x0,0x0,
0x54,0x0,0x0,0x0,0x0,0x0,0x0,0x0,
0x54,0x0,0x0,0x0,0x54,0x0,0x0,0x0,
0x0,0x0,0x4,0x0,0x54,0x0,0x0,0x0,
0x0,0x0,0x0,0x0,0xb4,0x0,0x0,0x0,
0x35,0x3,0xd0,0x1,0x0,0x0,0x0,0x0,
0xb4,0x0,0x0,0x0,0x0,0x0,0x0,0x0,
0xb4,0x0,0x0,0x0,0x0,0x0,0x0,0x0,
0x1a,0x0,0x0,0x0,0x0,0x0,0x7,0x0,
0x5f,0x0,0x0,0x0,0x0,0x0,0x0,0x0,
0x3a,0x3,0x10,0x2,0x3a,0x3,0x80,0x2,
0x27,0x1,0x0,0x0,0x0,0x0,0x7,0x0,
0x5e,0x0,0x0,0x0,0x0,0x0,0x0,0x0,
0x39,0x3,0x10,0x2,0x39,0x3,0x60,0x3,
0x26,0x1,0x0,0x0,0x0,0x0,0x3,0x0,
0x0,0x0,0x0,0x0,0x24,0x1,0x0,0x0,
0x37,0x3,0x10,0x2,0x37,0x3,0x20,0x3,
0x6f,0x0,0x0,0x0,0x0,0x0,0x9,0x0,
0x8b,0x0,0x0,0x0,0x0,0x0,0x0,0x0,
0x36,0x3,0x10,0x2,0x36,0x3,0x80,0x2,
0x0,0x0,0x0,0x0,0x0,0x0,0x0,0x0,
0x0,0x0,0x0,0x0,0x0,0x0,0xff,0xff,
0xff,0xff,0xff,0xff,0x0,0x0,0x0,0x0,
0x54,0x0,0x0,0x0,0x54,0x0,0x0,0x0,
0x54,0x0,0x0,0x0,0x0,0x0,0x0,0x0,
0x54,0x0,0x0,0x0,0x54,0x0,0x0,0x0,
0x0,0x0,0x2,0x0,0x54,0x0,0x0,0x0,
0x0,0x0,0x0,0x0,0x84,0x0,0x0,0x0,
0x36,0x3,0x10,0x2,0x0,0x0,0x0,0x0,
0x84,0x0,0x0,0x0,0x0,0x0,0x0,0x0,
0x84,0x0,0x0,0x0,0x0,0x0,0x0,0x0,
0x71,0x0,0x0,0x0,0x0,0x0,0x2,0x0,
0x16,0x0,0x0,0x0,0x0,0x0,0x0,0x0,
0x38,0x3,0x80,0x2,0x38,0x3,0x80,0x3,
0xe9,0x0,0x0,0x0,0x0,0x0,0x7,0x0,
0x60,0x0,0x0,0x0,0x0,0x0,0x0,0x0,
0x36,0x3,0x80,0x2,0x36,0x3,0x30,0x3,
0x0,0x0,0x0,0x0,0x6c,0x0,0x0,0x0,
0x0,0x0,0x0,0x0,0x0,0x0,0xff,0xff,
0xff,0xff,0xff,0xff,0x0,0x0,0x0,0x0,
0x54,0x0,0x0,0x0,0x54,0x0,0x0,0x0,
0x54,0x0,0x0,0x0,0x0,0x0,0x0,0x0,
0x54,0x0,0x0,0x0,0x54,0x0,0x0,0x0,
0x0,0x0,0x4,0x0,0x54,0x0,0x0,0x0,
0x0,0x0,0x0,0x0,0xb4,0x0,0x0,0x0,
0x3c,0x3,0xd0,0x1,0x0,0x0,0x0,0x0,
0xb4,0x0,0x0,0x0,0x0,0x0,0x0,0x0,
0xb4,0x0,0x0,0x0,0x0,0x0,0x0,0x0,
0xb2,0x0,0x0,0x0,0x0,0x0,0x2,0x0,
0x17,0x0,0x0,0x0,0x0,0x0,0x0,0x0,
0x3e,0x3,0x10,0x2,0x3e,0x3,0xa0,0x2,
0x0,0x0,0x0,0x0,0x0,0x0,0x8,0x0,
0x8e,0x0,0x0,0x0,0x0,0x0,0x0,0x0,
0x40,0x3,0x10,0x2,0x40,0x3,0x10,0x2,
0x0,0x0,0x0,0x0,0x0,0x0,0x8,0x0,
0x94,0x0,0x0,0x0,0x0,0x0,0x0,0x0,
0x4c,0x3,0x10,0x2,0x4c,0x3,0x10,0x2,
0x6f,0x0,0x0,0x0,0x0,0x0,0x9,0x0,
0x8d,0x0,0x0,0x0,0x0,0x0,0x0,0x0,
0x3d,0x3,0x10,0x2,0x3d,0x3,0x80,0x2,
0x0,0x0,0x0,0x0,0x0,0x0,0x0,0x0,
0x0,0x0,0x0,0x0,0x0,0x0,0xff,0xff,
0xff,0xff,0xff,0xff,0x0,0x0,0x0,0x0,
0x54,0x0,0x0,0x0,0x54,0x0,0x0,0x0,
0x54,0x0,0x0,0x0,0x0,0x0,0x0,0x0,
0x54,0x0,0x0,0x0,0x54,0x0,0x0,0x0,
0x0,0x0,0x2,0x0,0x54,0x0,0x0,0x0,
0x0,0x0,0x0,0x0,0x84,0x0,0x0,0x0,
0x3d,0x3,0x10,0x2,0x0,0x0,0x0,0x0,
0x84,0x0,0x0,0x0,0x0,0x0,0x0,0x0,
0x84,0x0,0x0,0x0,0x0,0x0,0x0,0x0,
0xa7,0x0,0x0,0x0,0x0,0x0,0x7,0x0,
0x61,0x0,0x0,0x0,0x0,0x0,0x0,0x0,
0x3f,0x3,0x80,0x2,0x3f,0x3,0x40,0x3,
0xb7,0x0,0x0,0x0,0x0,0x0,0x1,0x0,
0x1,0x0,0x0,0x0,0x0,0x0,0x0,0x0,
0x3d,0x3,0x80,0x2,0x3d,0x3,0x40,0x3,
0x0,0x0,0x0,0x0,0x29,0x1,0x0,0x0,
0x0,0x0,0x0,0x0,0x0,0x0,0xff,0xff,
0xff,0xff,0xff,0xff,0x0,0x0,0x0,0x0,
0x54,0x0,0x0,0x0,0x54,0x0,0x0,0x0,
0x54,0x0,0x0,0x0,0x0,0x0,0x0,0x0,
0x54,0x0,0x0,0x0,0x54,0x0,0x0,0x0,
0x0,0x0,0x5,0x0,0x54,0x0,0x0,0x0,
0x0,0x0,0x0,0x0,0xcc,0x0,0x0,0x0,
0x40,0x3,0x10,0x2,0x0,0x0,0x0,0x0,
0xcc,0x0,0x0,0x0,0x0,0x0,0x0,0x0,
0xcc,0x0,0x0,0x0,0x0,0x0,0x0,0x0,
0x73,0x0,0x0,0x0,0x0,0x0,0x3,0x0,
0x0,0x0,0x0,0x0,0x32,0x1,0x0,0x0,
0x4a,0x3,0x50,0x2,0x4a,0x3,0xd0,0x2,
0x9f,0x0,0x0,0x0,0x0,0x0,0x3,0x0,
0x0,0x0,0x0,0x0,0x2a,0x1,0x0,0x0,
0x41,0x3,0x50,0x2,0x41,0x3,0xb0,0x2,
0x6f,0x0,0x0,0x0,0x0,0x0,0x9,0x0,
0x93,0x0,0x0,0x0,0x0,0x0,0x0,0x0,
0x48,0x3,0x50,0x2,0x48,0x3,0xc0,0x2,
0x1d,0x0,0x0,0x0,0x0,0x0,0xa,0x0,
0x91,0x0,0x0,0x0,0x0,0x0,0x0,0x0,
0x46,0x3,0x50,0x2,0x46,0x3,0x80,0x2,
0x2b,0x1,0x0,0x0,0x0,0x0,0xa,0x0,
0x8f,0x0,0x0,0x0,0x0,0x0,0x0,0x0,
0x42,0x3,0x50,0x2,0x42,0x3,0xb0,0x2,
0x0,0x0,0x0,0x0,0x0,0x0,0x0,0x0,
0x0,0x0,0x0,0x0,0x0,0x0,0xff,0xff,
0xff,0xff,0xff,0xff,0x0,0x0,0x0,0x0,
0x54,0x0,0x0,0x0,0x54,0x0,0x0,0x0,
0x54,0x0,0x0,0x0,0x0,0x0,0x0,0x0,
0x54,0x0,0x0,0x0,0x54,0x0,0x0,0x0,
0x0,0x0,0x3,0x0,0x54,0x0,0x0,0x0,
0x0,0x0,0x0,0x0,0x9c,0x0,0x0,0x0,
0x42,0x3,0x50,0x2,0x0,0x0,0x0,0x0,
0x9c,0x0,0x0,0x0,0x0,0x0,0x0,0x0,
0x9c,0x0,0x0,0x0,0x0,0x0,0x0,0x0,
0x1a,0x0,0x0,0x0,0x0,0x0,0x3,0x0,
0x0,0x0,0x0,0x0,0x2e,0x1,0x0,0x0,
0x44,0x3,0xb0,0x2,0x44,0x3,0x20,0x3,
0x2c,0x1,0x0,0x0,0x0,0x0,0x7,0x0,
0x62,0x0,0x0,0x0,0x0,0x0,0x0,0x0,
0x43,0x3,0xb0,0x2,0x43,0x3,0x70,0x3,
0x1d,0x1,0x0,0x0,0x0,0x0,0xa,0x0,
0x90,0x0,0x0,0x0,0x0,0x0,0x0,0x0,
0x42,0x3,0xb0,0x2,0x42,0x3,0x0,0x3,
0x0,0x0,0x0,0x0,0x0,0x0,0x0,0x0,
0x0,0x0,0x0,0x0,0x0,0x0,0xff,0xff,
0xff,0xff,0xff,0xff,0x0,0x0,0x0,0x0,
0x54,0x0,0x0,0x0,0x54,0x0,0x0,0x0,
0x54,0x0,0x0,0x0,0x0,0x0,0x0,0x0,
0x54,0x0,0x0,0x0,0x54,0x0,0x0,0x0,
0x0,0x0,0x2,0x0,0x54,0x0,0x0,0x0,
0x0,0x0,0x0,0x0,0x84,0x0,0x0,0x0,
0x42,0x3,0xb0,0x2,0x0,0x0,0x0,0x0,
0x84,0x0,0x0,0x0,0x0,0x0,0x0,0x0,
0x84,0x0,0x0,0x0,0x0,0x0,0x0,0x0,
0x2f,0x1,0x0,0x0,0x0,0x0,0x1,0x0,
0x0,0x0,0x0,0x0,0x0,0x0,0x0,0x0,
0x45,0x3,0x0,0x3,0x45,0x3,0x60,0x3,
0x1e,0x1,0x0,0x0,0x0,0x0,0x2,0x0,
0x15,0x0,0x0,0x0,0x0,0x0,0x0,0x0,
0x42,0x3,0x0,0x3,0x42,0x3,0xb0,0x3,
0x0,0x0,0x0,0x0,0x0,0x0,0x0,0x0,
0x0,0x0,0x0,0x0,0x0,0x0,0xff,0xff,
0xff,0xff,0xff,0xff,0x0,0x0,0x0,0x0,
0x54,0x0,0x0,0x0,0x54,0x0,0x0,0x0,
0x54,0x0,0x0,0x0,0x0,0x0,0x0,0x0,
0x54,0x0,0x0,0x0,0x54,0x0,0x0,0x0,
0x0,0x0,0x2,0x0,0x54,0x0,0x0,0x0,
0x0,0x0,0x0,0x0,0x84,0x0,0x0,0x0,
0x46,0x3,0x50,0x2,0x0,0x0,0x0,0x0,
0x84,0x0,0x0,0x0,0x0,0x0,0x0,0x0,
0x84,0x0,0x0,0x0,0x0,0x0,0x0,0x0,
0x6b,0x0,0x0,0x0,0x0,0x0,0x2,0x0,
0x18,0x0,0x0,0x0,0x0,0x0,0x0,0x0,
0x46,0x3,0x80,0x2,0x46,0x3,0x0,0x3,
0x30,0x1,0x0,0x0,0x0,0x0,0xa,0x0,
0x92,0x0,0x0,0x0,0x0,0x0,0x0,0x0,
0x47,0x3,0x80,0x2,0x47,0x3,0xf0,0x2,
0x0,0x0,0x0,0x0,0x0,0x0,0x0,0x0,
0x0,0x0,0x0,0x0,0x0,0x0,0xff,0xff,
0xff,0xff,0xff,0xff,0x0,0x0,0x0,0x0,
0x54,0x0,0x0,0x0,0x54,0x0,0x0,0x0,
0x54,0x0,0x0,0x0,0x0,0x0,0x0,0x0,
0x54,0x0,0x0,0x0,0x54,0x0,0x0,0x0,
0x0,0x0,0x1,0x0,0x54,0x0,0x0,0x0,
0x0,0x0,0x0,0x0,0x6c,0x0,0x0,0x0,
0x47,0x3,0x80,0x2,0x0,0x0,0x0,0x0,
0x6c,0x0,0x0,0x0,0x0,0x0,0x0,0x0,
0x6c,0x0,0x0,0x0,0x0,0x0,0x0,0x0,
0x1a,0x0,0x0,0x0,0x0,0x0,0x3,0x0,
0x0,0x0,0x0,0x0,0x31,0x1,0x0,0x0,
0x47,0x3,0xf0,0x2,0x47,0x3,0x60,0x3,
0x0,0x0,0x0,0x0,0x0,0x0,0x0,0x0,
0x0,0x0,0x0,0x0,0x0,0x0,0xff,0xff,
0xff,0xff,0xff,0xff,0x0,0x0,0x0,0x0,
0x54,0x0,0x0,0x0,0x54,0x0,0x0,0x0,
0x54,0x0,0x0,0x0,0x0,0x0,0x0,0x0,
0x54,0x0,0x0,0x0,0x54,0x0,0x0,0x0,
0x0,0x0,0x2,0x0,0x54,0x0,0x0,0x0,
0x0,0x0,0x0,0x0,0x84,0x0,0x0,0x0,
0x48,0x3,0x50,0x2,0x0,0x0,0x0,0x0,
0x84,0x0,0x0,0x0,0x0,0x0,0x0,0x0,
0x84,0x0,0x0,0x0,0x0,0x0,0x0,0x0,
0x71,0x0,0x0,0x0,0x0,0x0,0x2,0x0,
0x19,0x0,0x0,0x0,0x0,0x0,0x0,0x0,
0x49,0x3,0xc0,0x2,0x49,0x3,0xc0,0x3,
0x70,0x0,0x0,0x0,0x0,0x0,0x2,0x0,
0x15,0x0,0x0,0x0,0x0,0x0,0x0,0x0,
0x48,0x3,0xc0,0x2,0x48,0x3,0xd0,0x3,
0x0,0x0,0x0,0x0,0x29,0x1,0x0,0x0,
0x0,0x0,0x0,0x0,0x0,0x0,0xff,0xff,
0xff,0xff,0xff,0xff,0x0,0x0,0x0,0x0,
0x54,0x0,0x0,0x0,0x54,0x0,0x0,0x0,
0x54,0x0,0x0,0x0,0x0,0x0,0x0,0x0,
0x54,0x0,0x0,0x0,0x54,0x0,0x0,0x0,
0x0,0x0,0x5,0x0,0x54,0x0,0x0,0x0,
0x0,0x0,0x0,0x0,0xcc,0x0,0x0,0x0,
0x4c,0x3,0x10,0x2,0x0,0x0,0x0,0x0,
0xcc,0x0,0x0,0x0,0x0,0x0,0x0,0x0,
0xcc,0x0,0x0,0x0,0x0,0x0,0x0,0x0,
0x73,0x0,0x0,0x0,0x0,0x0,0x3,0x0,
0x0,0x0,0x0,0x0,0x32,0x1,0x0,0x0,
0x56,0x3,0x50,0x2,0x56,0x3,0xd0,0x2,
0x9f,0x0,0x0,0x0,0x0,0x0,0x3,0x0,
0x0,0x0,0x0,0x0,0x33,0x1,0x0,0x0,
0x4d,0x3,0x50,0x2,0x4d,0x3,0xb0,0x2,
0x6f,0x0,0x0,0x0,0x0,0x0,0x9,0x0,
0x99,0x0,0x0,0x0,0x0,0x0,0x0,0x0,
0x54,0x3,0x50,0x2,0x54,0x3,0xc0,0x2,
0x1d,0x0,0x0,0x0,0x0,0x0,0xa,0x0,
0x97,0x0,0x0,0x0,0x0,0x0,0x0,0x0,
0x52,0x3,0x50,0x2,0x52,0x3,0x80,0x2,
0x2b,0x1,0x0,0x0,0x0,0x0,0xa,0x0,
0x95,0x0,0x0,0x0,0x0,0x0,0x0,0x0,
0x4e,0x3,0x50,0x2,0x4e,0x3,0xb0,0x2,
0x0,0x0,0x0,0x0,0x0,0x0,0x0,0x0,
0x0,0x0,0x0,0x0,0x0,0x0,0xff,0xff,
0xff,0xff,0xff,0xff,0x0,0x0,0x0,0x0,
0x54,0x0,0x0,0x0,0x54,0x0,0x0,0x0,
0x54,0x0,0x0,0x0,0x0,0x0,0x0,0x0,
0x54,0x0,0x0,0x0,0x54,0x0,0x0,0x0,
0x0,0x0,0x3,0x0,0x54,0x0,0x0,0x0,
0x0,0x0,0x0,0x0,0x9c,0x0,0x0,0x0,
0x4e,0x3,0x50,0x2,0x0,0x0,0x0,0x0,
0x9c,0x0,0x0,0x0,0x0,0x0,0x0,0x0,
0x9c,0x0,0x0,0x0,0x0,0x0,0x0,0x0,
0x1a,0x0,0x0,0x0,0x0,0x0,0x3,0x0,
0x0,0x0,0x0,0x0,0x34,0x1,0x0,0x0,
0x50,0x3,0xb0,0x2,0x50,0x3,0x20,0x3,
0x2c,0x1,0x0,0x0,0x0,0x0,0x7,0x0,
0x63,0x0,0x0,0x0,0x0,0x0,0x0,0x0,
0x4f,0x3,0xb0,0x2,0x4f,0x3,0x70,0x3,
0x1d,0x1,0x0,0x0,0x0,0x0,0xa,0x0,
0x96,0x0,0x0,0x0,0x0,0x0,0x0,0x0,
0x4e,0x3,0xb0,0x2,0x4e,0x3,0x0,0x3,
0x0,0x0,0x0,0x0,0x0,0x0,0x0,0x0,
0x0,0x0,0x0,0x0,0x0,0x0,0xff,0xff,
0xff,0xff,0xff,0xff,0x0,0x0,0x0,0x0,
0x54,0x0,0x0,0x0,0x54,0x0,0x0,0x0,
0x54,0x0,0x0,0x0,0x0,0x0,0x0,0x0,
0x54,0x0,0x0,0x0,0x54,0x0,0x0,0x0,
0x0,0x0,0x2,0x0,0x54,0x0,0x0,0x0,
0x0,0x0,0x0,0x0,0x84,0x0,0x0,0x0,
0x4e,0x3,0xb0,0x2,0x0,0x0,0x0,0x0,
0x84,0x0,0x0,0x0,0x0,0x0,0x0,0x0,
0x84,0x0,0x0,0x0,0x0,0x0,0x0,0x0,
0x2f,0x1,0x0,0x0,0x0,0x0,0x1,0x0,
0x0,0x0,0x0,0x0,0x0,0x0,0x0,0x0,
0x51,0x3,0x0,0x3,0x51,0x3,0x60,0x3,
0x1e,0x1,0x0,0x0,0x0,0x0,0x2,0x0,
0x15,0x0,0x0,0x0,0x0,0x0,0x0,0x0,
0x4e,0x3,0x0,0x3,0x4e,0x3,0xb0,0x3,
0x0,0x0,0x0,0x0,0x0,0x0,0x0,0x0,
0x0,0x0,0x0,0x0,0x0,0x0,0xff,0xff,
0xff,0xff,0xff,0xff,0x0,0x0,0x0,0x0,
0x54,0x0,0x0,0x0,0x54,0x0,0x0,0x0,
0x54,0x0,0x0,0x0,0x0,0x0,0x0,0x0,
0x54,0x0,0x0,0x0,0x54,0x0,0x0,0x0,
0x0,0x0,0x2,0x0,0x54,0x0,0x0,0x0,
0x0,0x0,0x0,0x0,0x84,0x0,0x0,0x0,
0x52,0x3,0x50,0x2,0x0,0x0,0x0,0x0,
0x84,0x0,0x0,0x0,0x0,0x0,0x0,0x0,
0x84,0x0,0x0,0x0,0x0,0x0,0x0,0x0,
0x6b,0x0,0x0,0x0,0x0,0x0,0x2,0x0,
0x18,0x0,0x0,0x0,0x0,0x0,0x0,0x0,
0x52,0x3,0x80,0x2,0x52,0x3,0x0,0x3,
0x30,0x1,0x0,0x0,0x0,0x0,0xa,0x0,
0x98,0x0,0x0,0x0,0x0,0x0,0x0,0x0,
0x53,0x3,0x80,0x2,0x53,0x3,0xf0,0x2,
0x0,0x0,0x0,0x0,0x0,0x0,0x0,0x0,
0x0,0x0,0x0,0x0,0x0,0x0,0xff,0xff,
0xff,0xff,0xff,0xff,0x0,0x0,0x0,0x0,
0x54,0x0,0x0,0x0,0x54,0x0,0x0,0x0,
0x54,0x0,0x0,0x0,0x0,0x0,0x0,0x0,
0x54,0x0,0x0,0x0,0x54,0x0,0x0,0x0,
0x0,0x0,0x1,0x0,0x54,0x0,0x0,0x0,
0x0,0x0,0x0,0x0,0x6c,0x0,0x0,0x0,
0x53,0x3,0x80,0x2,0x0,0x0,0x0,0x0,
0x6c,0x0,0x0,0x0,0x0,0x0,0x0,0x0,
0x6c,0x0,0x0,0x0,0x0,0x0,0x0,0x0,
0x1a,0x0,0x0,0x0,0x0,0x0,0x3,0x0,
0x0,0x0,0x0,0x0,0x31,0x1,0x0,0x0,
0x53,0x3,0xf0,0x2,0x53,0x3,0x60,0x3,
0x0,0x0,0x0,0x0,0x0,0x0,0x0,0x0,
0x0,0x0,0x0,0x0,0x0,0x0,0xff,0xff,
0xff,0xff,0xff,0xff,0x0,0x0,0x0,0x0,
0x54,0x0,0x0,0x0,0x54,0x0,0x0,0x0,
0x54,0x0,0x0,0x0,0x0,0x0,0x0,0x0,
0x54,0x0,0x0,0x0,0x54,0x0,0x0,0x0,
0x0,0x0,0x2,0x0,0x54,0x0,0x0,0x0,
0x0,0x0,0x0,0x0,0x84,0x0,0x0,0x0,
0x54,0x3,0x50,0x2,0x0,0x0,0x0,0x0,
0x84,0x0,0x0,0x0,0x0,0x0,0x0,0x0,
0x84,0x0,0x0,0x0,0x0,0x0,0x0,0x0,
0x71,0x0,0x0,0x0,0x0,0x0,0x2,0x0,
0x19,0x0,0x0,0x0,0x0,0x0,0x0,0x0,
0x55,0x3,0xc0,0x2,0x55,0x3,0xc0,0x3,
0x70,0x0,0x0,0x0,0x0,0x0,0x2,0x0,
0x15,0x0,0x0,0x0,0x0,0x0,0x0,0x0,
0x54,0x3,0xc0,0x2,0x54,0x3,0xd0,0x3,
0x0,0x0,0x0,0x0,0x1b,0x1,0x0,0x0,
0x0,0x0,0x0,0x0,0x0,0x0,0xff,0xff,
0xff,0xff,0xff,0xff,0x0,0x0,0x0,0x0,
0x54,0x0,0x0,0x0,0x54,0x0,0x0,0x0,
0x54,0x0,0x0,0x0,0x0,0x0,0x0,0x0,
0x54,0x0,0x0,0x0,0x54,0x0,0x0,0x0,
0x0,0x0,0x4,0x0,0x54,0x0,0x0,0x0,
0x0,0x0,0x0,0x0,0xb4,0x0,0x0,0x0,
0x59,0x3,0xd0,0x1,0x0,0x0,0x0,0x0,
0xb4,0x0,0x0,0x0,0x0,0x0,0x0,0x0,
0xb4,0x0,0x0,0x0,0x0,0x0,0x0,0x0,
0x1a,0x0,0x0,0x0,0x0,0x0,0x3,0x0,
0x0,0x0,0x0,0x0,0x1f,0x1,0x0,0x0,
0x5b,0x3,0x10,0x2,0x5b,0x3,0x80,0x2,
0x9f,0x0,0x0,0x0,0x0,0x0,0x3,0x0,
0x0,0x0,0x0,0x0,0x35,0x1,0x0,0x0,
0x5a,0x3,0x10,0x2,0x5a,0x3,0x70,0x2,
0x6f,0x0,0x0,0x0,0x0,0x0,0x9,0x0,
0x9c,0x0,0x0,0x0,0x0,0x0,0x0,0x0,
0x5c,0x3,0x10,0x2,0x5c,0x3,0x80,0x2,
0x1d,0x1,0x0,0x0,0x0,0x0,0xa,0x0,
0x9b,0x0,0x0,0x0,0x0,0x0,0x0,0x0,
0x5a,0x3,0xf0,0x2,0x5a,0x3,0x40,0x3,
0x0,0x0,0x0,0x0,0x0,0x0,0x0,0x0,
0x0,0x0,0x0,0x0,0x0,0x0,0xff,0xff,
0xff,0xff,0xff,0xff,0x0,0x0,0x0,0x0,
0x54,0x0,0x0,0x0,0x54,0x0,0x0,0x0,
0x54,0x0,0x0,0x0,0x0,0x0,0x0,0x0,
0x54,0x0,0x0,0x0,0x54,0x0,0x0,0x0,
0x0,0x0,0x1,0x0,0x54,0x0,0x0,0x0,
0x0,0x0,0x0,0x0,0x6c,0x0,0x0,0x0,
0x5a,0x3,0xf0,0x2,0x0,0x0,0x0,0x0,
0x6c,0x0,0x0,0x0,0x0,0x0,0x0,0x0,
0x6c,0x0,0x0,0x0,0x0,0x0,0x0,0x0,
0x1e,0x1,0x0,0x0,0x0,0x0,0x2,0x0,
0x15,0x0,0x0,0x0,0x0,0x0,0x0,0x0,
0x5a,0x3,0x40,0x3,0x5a,0x3,0xf0,0x3,
0x0,0x0,0x0,0x0,0x0,0x0,0x0,0x0,
0x0,0x0,0x0,0x0,0x0,0x0,0xff,0xff,
0xff,0xff,0xff,0xff,0x0,0x0,0x0,0x0,
0x54,0x0,0x0,0x0,0x54,0x0,0x0,0x0,
0x54,0x0,0x0,0x0,0x0,0x0,0x0,0x0,
0x54,0x0,0x0,0x0,0x54,0x0,0x0,0x0,
0x0,0x0,0x1,0x0,0x54,0x0,0x0,0x0,
0x0,0x0,0x0,0x0,0x6c,0x0,0x0,0x0,
0x5c,0x3,0x10,0x2,0x0,0x0,0x0,0x0,
0x6c,0x0,0x0,0x0,0x0,0x0,0x0,0x0,
0x6c,0x0,0x0,0x0,0x0,0x0,0x0,0x0,
0xe9,0x0,0x0,0x0,0x0,0x0,0x7,0x0,
0x64,0x0,0x0,0x0,0x0,0x0,0x0,0x0,
0x5c,0x3,0x80,0x2,0x5c,0x3,0x30,0x3,
0x0,0x0,0x0,0x0,0x36,0x1,0x0,0x0,
0x0,0x0,0x0,0x0,0x0,0x0,0xff,0xff,
0xff,0xff,0xff,0xff,0x0,0x0,0x0,0x0,
0x54,0x0,0x0,0x0,0x54,0x0,0x0,0x0,
0x54,0x0,0x0,0x0,0x0,0x0,0x0,0x0,
0x54,0x0,0x0,0x0,0x54,0x0,0x0,0x0,
0x0,0x0,0x2,0x0,0x54,0x0,0x0,0x0,
0x0,0x0,0x0,0x0,0x84,0x0,0x0,0x0,
0x5e,0x3,0xd0,0x1,0x0,0x0,0x0,0x0,
0x84,0x0,0x0,0x0,0x0,0x0,0x0,0x0,
0x84,0x0,0x0,0x0,0x0,0x0,0x0,0x0,
0x6f,0x0,0x0,0x0,0x0,0x0,0x9,0x0,
0xa0,0x0,0x0,0x0,0x0,0x0,0x0,0x0,
0x62,0x3,0x10,0x2,0x62,0x3,0x80,0x2,
0x2b,0x1,0x0,0x0,0x0,0x0,0xa,0x0,
0x9e,0x0,0x0,0x0,0x0,0x0,0x0,0x0,
0x5f,0x3,0x10,0x2,0x5f,0x3,0x70,0x2,
0x0,0x0,0x0,0x0,0x0,0x0,0x0,0x0,
0x0,0x0,0x0,0x0,0x0,0x0,0xff,0xff,
0xff,0xff,0xff,0xff,0x0,0x0,0x0,0x0,
0x54,0x0,0x0,0x0,0x54,0x0,0x0,0x0,
0x54,0x0,0x0,0x0,0x0,0x0,0x0,0x0,
0x54,0x0,0x0,0x0,0x54,0x0,0x0,0x0,
0x0,0x0,0x2,0x0,0x54,0x0,0x0,0x0,
0x0,0x0,0x0,0x0,0x84,0x0,0x0,0x0,
0x5f,0x3,0x10,0x2,0x0,0x0,0x0,0x0,
0x84,0x0,0x0,0x0,0x0,0x0,0x0,0x0,
0x84,0x0,0x0,0x0,0x0,0x0,0x0,0x0,
0x9f,0x0,0x0,0x0,0x0,0x0,0x3,0x0,
0x0,0x0,0x0,0x0,0x37,0x1,0x0,0x0,
0x5f,0x3,0x70,0x2,0x5f,0x3,0xd0,0x2,
0x1d,0x1,0x0,0x0,0x0,0x0,0xa,0x0,
0x9f,0x0,0x0,0x0,0x0,0x0,0x0,0x0,
0x60,0x3,0x70,0x2,0x60,0x3,0xc0,0x2,
0x0,0x0,0x0,0x0,0x0,0x0,0x0,0x0,
0x0,0x0,0x0,0x0,0x0,0x0,0xff,0xff,
0xff,0xff,0xff,0xff,0x0,0x0,0x0,0x0,
0x54,0x0,0x0,0x0,0x54,0x0,0x0,0x0,
0x54,0x0,0x0,0x0,0x0,0x0,0x0,0x0,
0x54,0x0,0x0,0x0,0x54,0x0,0x0,0x0,
0x0,0x0,0x2,0x0,0x54,0x0,0x0,0x0,
0x0,0x0,0x0,0x0,0x84,0x0,0x0,0x0,
0x60,0x3,0x70,0x2,0x0,0x0,0x0,0x0,
0x84,0x0,0x0,0x0,0x0,0x0,0x0,0x0,
0x84,0x0,0x0,0x0,0x0,0x0,0x0,0x0,
0x1e,0x1,0x0,0x0,0x0,0x0,0x2,0x0,
0x1a,0x0,0x0,0x0,0x0,0x0,0x0,0x0,
0x61,0x3,0xc0,0x2,0x61,0x3,0x70,0x3,
0x2f,0x1,0x0,0x0,0x0,0x0,0x1,0x0,
0x1,0x0,0x0,0x0,0x0,0x0,0x0,0x0,
0x60,0x3,0xc0,0x2,0x60,0x3,0x20,0x3,
0x0,0x0,0x0,0x0,0x0,0x0,0x0,0x0,
0x0,0x0,0x0,0x0,0x0,0x0,0xff,0xff,
0xff,0xff,0xff,0xff,0x0,0x0,0x0,0x0,
0x54,0x0,0x0,0x0,0x54,0x0,0x0,0x0,
0x54,0x0,0x0,0x0,0x0,0x0,0x0,0x0,
0x54,0x0,0x0,0x0,0x54,0x0,0x0,0x0,
0x0,0x0,0x1,0x0,0x54,0x0,0x0,0x0,
0x0,0x0,0x0,0x0,0x6c,0x0,0x0,0x0,
0x62,0x3,0x10,0x2,0x0,0x0,0x0,0x0,
0x6c,0x0,0x0,0x0,0x0,0x0,0x0,0x0,
0x6c,0x0,0x0,0x0,0x0,0x0,0x0,0x0,
0xe9,0x0,0x0,0x0,0x0,0x0,0x7,0x0,
0x65,0x0,0x0,0x0,0x0,0x0,0x0,0x0,
0x62,0x3,0x80,0x2,0x62,0x3,0x30,0x3,
0x0,0x0,0x0,0x0,0x36,0x1,0x0,0x0,
0x0,0x0,0x0,0x0,0x0,0x0,0xff,0xff,
0xff,0xff,0xff,0xff,0x0,0x0,0x0,0x0,
0x54,0x0,0x0,0x0,0x54,0x0,0x0,0x0,
0x54,0x0,0x0,0x0,0x0,0x0,0x0,0x0,
0x54,0x0,0x0,0x0,0x54,0x0,0x0,0x0,
0x0,0x0,0x2,0x0,0x54,0x0,0x0,0x0,
0x0,0x0,0x0,0x0,0x84,0x0,0x0,0x0,
0x64,0x3,0xd0,0x1,0x0,0x0,0x0,0x0,
0x84,0x0,0x0,0x0,0x0,0x0,0x0,0x0,
0x84,0x0,0x0,0x0,0x0,0x0,0x0,0x0,
0x6f,0x0,0x0,0x0,0x0,0x0,0x9,0x0,
0xa4,0x0,0x0,0x0,0x0,0x0,0x0,0x0,
0x68,0x3,0x10,0x2,0x68,0x3,0x80,0x2,
0x2b,0x1,0x0,0x0,0x0,0x0,0xa,0x0,
0xa2,0x0,0x0,0x0,0x0,0x0,0x0,0x0,
0x65,0x3,0x10,0x2,0x65,0x3,0x70,0x2,
0x0,0x0,0x0,0x0,0x0,0x0,0x0,0x0,
0x0,0x0,0x0,0x0,0x0,0x0,0xff,0xff,
0xff,0xff,0xff,0xff,0x0,0x0,0x0,0x0,
0x54,0x0,0x0,0x0,0x54,0x0,0x0,0x0,
0x54,0x0,0x0,0x0,0x0,0x0,0x0,0x0,
0x54,0x0,0x0,0x0,0x54,0x0,0x0,0x0,
0x0,0x0,0x2,0x0,0x54,0x0,0x0,0x0,
0x0,0x0,0x0,0x0,0x84,0x0,0x0,0x0,
0x65,0x3,0x10,0x2,0x0,0x0,0x0,0x0,
0x84,0x0,0x0,0x0,0x0,0x0,0x0,0x0,
0x84,0x0,0x0,0x0,0x0,0x0,0x0,0x0,
0x9f,0x0,0x0,0x0,0x0,0x0,0x3,0x0,
0x0,0x0,0x0,0x0,0x38,0x1,0x0,0x0,
0x65,0x3,0x70,0x2,0x65,0x3,0xd0,0x2,
0x1d,0x1,0x0,0x0,0x0,0x0,0xa,0x0,
0xa3,0x0,0x0,0x0,0x0,0x0,0x0,0x0,
0x66,0x3,0x70,0x2,0x66,0x3,0xc0,0x2,
0x0,0x0,0x0,0x0,0x0,0x0,0x0,0x0,
0x0,0x0,0x0,0x0,0x0,0x0,0xff,0xff,
0xff,0xff,0xff,0xff,0x0,0x0,0x0,0x0,
0x54,0x0,0x0,0x0,0x54,0x0,0x0,0x0,
0x54,0x0,0x0,0x0,0x0,0x0,0x0,0x0,
0x54,0x0,0x0,0x0,0x54,0x0,0x0,0x0,
0x0,0x0,0x2,0x0,0x54,0x0,0x0,0x0,
0x0,0x0,0x0,0x0,0x84,0x0,0x0,0x0,
0x66,0x3,0x70,0x2,0x0,0x0,0x0,0x0,
0x84,0x0,0x0,0x0,0x0,0x0,0x0,0x0,
0x84,0x0,0x0,0x0,0x0,0x0,0x0,0x0,
0x1e,0x1,0x0,0x0,0x0,0x0,0x2,0x0,
0x1a,0x0,0x0,0x0,0x0,0x0,0x0,0x0,
0x67,0x3,0xc0,0x2,0x67,0x3,0x70,0x3,
0x39,0x1,0x0,0x0,0x0,0x0,0x1,0x0,
0x1,0x0,0x0,0x0,0x0,0x0,0x0,0x0,
0x66,0x3,0xc0,0x2,0x66,0x3,0x40,0x3,
0x0,0x0,0x0,0x0,0x0,0x0,0x0,0x0,
0x0,0x0,0x0,0x0,0x0,0x0,0xff,0xff,
0xff,0xff,0xff,0xff,0x0,0x0,0x0,0x0,
0x54,0x0,0x0,0x0,0x54,0x0,0x0,0x0,
0x54,0x0,0x0,0x0,0x0,0x0,0x0,0x0,
0x54,0x0,0x0,0x0,0x54,0x0,0x0,0x0,
0x0,0x0,0x1,0x0,0x54,0x0,0x0,0x0,
0x0,0x0,0x0,0x0,0x6c,0x0,0x0,0x0,
0x68,0x3,0x10,0x2,0x0,0x0,0x0,0x0,
0x6c,0x0,0x0,0x0,0x0,0x0,0x0,0x0,
0x6c,0x0,0x0,0x0,0x0,0x0,0x0,0x0,
0xe9,0x0,0x0,0x0,0x0,0x0,0x7,0x0,
0x66,0x0,0x0,0x0,0x0,0x0,0x0,0x0,
0x68,0x3,0x80,0x2,0x68,0x3,0x30,0x3,
0x0,0x0,0x0,0x0,0x36,0x1,0x0,0x0,
0x0,0x0,0x0,0x0,0x0,0x0,0xff,0xff,
0xff,0xff,0xff,0xff,0x0,0x0,0x0,0x0,
0x54,0x0,0x0,0x0,0x54,0x0,0x0,0x0,
0x54,0x0,0x0,0x0,0x0,0x0,0x0,0x0,
0x54,0x0,0x0,0x0,0x54,0x0,0x0,0x0,
0x0,0x0,0x2,0x0,0x54,0x0,0x0,0x0,
0x0,0x0,0x0,0x0,0x84,0x0,0x0,0x0,
0x6a,0x3,0xd0,0x1,0x0,0x0,0x0,0x0,
0x84,0x0,0x0,0x0,0x0,0x0,0x0,0x0,
0x84,0x0,0x0,0x0,0x0,0x0,0x0,0x0,
0x6f,0x0,0x0,0x0,0x0,0x0,0x9,0x0,
0xa8,0x0,0x0,0x0,0x0,0x0,0x0,0x0,
0x6e,0x3,0x10,0x2,0x6e,0x3,0x80,0x2,
0x2b,0x1,0x0,0x0,0x0,0x0,0xa,0x0,
0xa6,0x0,0x0,0x0,0x0,0x0,0x0,0x0,
0x6b,0x3,0x10,0x2,0x6b,0x3,0x70,0x2,
0x0,0x0,0x0,0x0,0x0,0x0,0x0,0x0,
0x0,0x0,0x0,0x0,0x0,0x0,0xff,0xff,
0xff,0xff,0xff,0xff,0x0,0x0,0x0,0x0,
0x54,0x0,0x0,0x0,0x54,0x0,0x0,0x0,
0x54,0x0,0x0,0x0,0x0,0x0,0x0,0x0,
0x54,0x0,0x0,0x0,0x54,0x0,0x0,0x0,
0x0,0x0,0x2,0x0,0x54,0x0,0x0,0x0,
0x0,0x0,0x0,0x0,0x84,0x0,0x0,0x0,
0x6b,0x3,0x10,0x2,0x0,0x0,0x0,0x0,
0x84,0x0,0x0,0x0,0x0,0x0,0x0,0x0,
0x84,0x0,0x0,0x0,0x0,0x0,0x0,0x0,
0x9f,0x0,0x0,0x0,0x0,0x0,0x3,0x0,
0x0,0x0,0x0,0x0,0x3a,0x1,0x0,0x0,
0x6b,0x3,0x70,0x2,0x6b,0x3,0xd0,0x2,
0x1d,0x1,0x0,0x0,0x0,0x0,0xa,0x0,
0xa7,0x0,0x0,0x0,0x0,0x0,0x0,0x0,
0x6c,0x3,0x70,0x2,0x6c,0x3,0xc0,0x2,
0x0,0x0,0x0,0x0,0x0,0x0,0x0,0x0,
0x0,0x0,0x0,0x0,0x0,0x0,0xff,0xff,
0xff,0xff,0xff,0xff,0x0,0x0,0x0,0x0,
0x54,0x0,0x0,0x0,0x54,0x0,0x0,0x0,
0x54,0x0,0x0,0x0,0x0,0x0,0x0,0x0,
0x54,0x0,0x0,0x0,0x54,0x0,0x0,0x0,
0x0,0x0,0x2,0x0,0x54,0x0,0x0,0x0,
0x0,0x0,0x0,0x0,0x84,0x0,0x0,0x0,
0x6c,0x3,0x70,0x2,0x0,0x0,0x0,0x0,
0x84,0x0,0x0,0x0,0x0,0x0,0x0,0x0,
0x84,0x0,0x0,0x0,0x0,0x0,0x0,0x0,
0x1e,0x1,0x0,0x0,0x0,0x0,0x2,0x0,
0x1a,0x0,0x0,0x0,0x0,0x0,0x0,0x0,
0x6d,0x3,0xc0,0x2,0x6d,0x3,0x70,0x3,
0x3b,0x1,0x0,0x0,0x0,0x0,0x1,0x0,
0x1,0x0,0x0,0x0,0x0,0x0,0x0,0x0,
0x6c,0x3,0xc0,0x2,0x6c,0x3,0x70,0x3,
0x0,0x0,0x0,0x0,0x0,0x0,0x0,0x0,
0x0,0x0,0x0,0x0,0x0,0x0,0xff,0xff,
0xff,0xff,0xff,0xff,0x0,0x0,0x0,0x0,
0x54,0x0,0x0,0x0,0x54,0x0,0x0,0x0,
0x54,0x0,0x0,0x0,0x0,0x0,0x0,0x0,
0x54,0x0,0x0,0x0,0x54,0x0,0x0,0x0,
0x0,0x0,0x1,0x0,0x54,0x0,0x0,0x0,
0x0,0x0,0x0,0x0,0x6c,0x0,0x0,0x0,
0x6e,0x3,0x10,0x2,0x0,0x0,0x0,0x0,
0x6c,0x0,0x0,0x0,0x0,0x0,0x0,0x0,
0x6c,0x0,0x0,0x0,0x0,0x0,0x0,0x0,
0xe9,0x0,0x0,0x0,0x0,0x0,0x7,0x0,
0x67,0x0,0x0,0x0,0x0,0x0,0x0,0x0,
0x6e,0x3,0x80,0x2,0x6e,0x3,0x30,0x3,
0x0,0x0,0x0,0x0,0x36,0x1,0x0,0x0,
0x0,0x0,0x0,0x0,0x0,0x0,0xff,0xff,
0xff,0xff,0xff,0xff,0x0,0x0,0x0,0x0,
0x54,0x0,0x0,0x0,0x54,0x0,0x0,0x0,
0x54,0x0,0x0,0x0,0x0,0x0,0x0,0x0,
0x54,0x0,0x0,0x0,0x54,0x0,0x0,0x0,
0x0,0x0,0x2,0x0,0x54,0x0,0x0,0x0,
0x0,0x0,0x0,0x0,0x84,0x0,0x0,0x0,
0x70,0x3,0xd0,0x1,0x0,0x0,0x0,0x0,
0x84,0x0,0x0,0x0,0x0,0x0,0x0,0x0,
0x84,0x0,0x0,0x0,0x0,0x0,0x0,0x0,
0x6f,0x0,0x0,0x0,0x0,0x0,0x9,0x0,
0xac,0x0,0x0,0x0,0x0,0x0,0x0,0x0,
0x74,0x3,0x10,0x2,0x74,0x3,0x80,0x2,
0x2b,0x1,0x0,0x0,0x0,0x0,0xa,0x0,
0xaa,0x0,0x0,0x0,0x0,0x0,0x0,0x0,
0x71,0x3,0x10,0x2,0x71,0x3,0x70,0x2,
0x0,0x0,0x0,0x0,0x0,0x0,0x0,0x0,
0x0,0x0,0x0,0x0,0x0,0x0,0xff,0xff,
0xff,0xff,0xff,0xff,0x0,0x0,0x0,0x0,
0x54,0x0,0x0,0x0,0x54,0x0,0x0,0x0,
0x54,0x0,0x0,0x0,0x0,0x0,0x0,0x0,
0x54,0x0,0x0,0x0,0x54,0x0,0x0,0x0,
0x0,0x0,0x2,0x0,0x54,0x0,0x0,0x0,
0x0,0x0,0x0,0x0,0x84,0x0,0x0,0x0,
0x71,0x3,0x10,0x2,0x0,0x0,0x0,0x0,
0x84,0x0,0x0,0x0,0x0,0x0,0x0,0x0,
0x84,0x0,0x0,0x0,0x0,0x0,0x0,0x0,
0x9f,0x0,0x0,0x0,0x0,0x0,0x3,0x0,
0x0,0x0,0x0,0x0,0x3a,0x1,0x0,0x0,
0x71,0x3,0x70,0x2,0x71,0x3,0xd0,0x2,
0x1d,0x1,0x0,0x0,0x0,0x0,0xa,0x0,
0xab,0x0,0x0,0x0,0x0,0x0,0x0,0x0,
0x72,0x3,0x70,0x2,0x72,0x3,0xc0,0x2,
0x0,0x0,0x0,0x0,0x0,0x0,0x0,0x0,
0x0,0x0,0x0,0x0,0x0,0x0,0xff,0xff,
0xff,0xff,0xff,0xff,0x0,0x0,0x0,0x0,
0x54,0x0,0x0,0x0,0x54,0x0,0x0,0x0,
0x54,0x0,0x0,0x0,0x0,0x0,0x0,0x0,
0x54,0x0,0x0,0x0,0x54,0x0,0x0,0x0,
0x0,0x0,0x2,0x0,0x54,0x0,0x0,0x0,
0x0,0x0,0x0,0x0,0x84,0x0,0x0,0x0,
0x72,0x3,0x70,0x2,0x0,0x0,0x0,0x0,
0x84,0x0,0x0,0x0,0x0,0x0,0x0,0x0,
0x84,0x0,0x0,0x0,0x0,0x0,0x0,0x0,
0x1e,0x1,0x0,0x0,0x0,0x0,0x2,0x0,
0x1a,0x0,0x0,0x0,0x0,0x0,0x0,0x0,
0x73,0x3,0xc0,0x2,0x73,0x3,0x70,0x3,
0x3c,0x1,0x0,0x0,0x0,0x0,0x1,0x0,
0x1,0x0,0x0,0x0,0x0,0x0,0x0,0x0,
0x72,0x3,0xc0,0x2,0x72,0x3,0x60,0x3,
0x0,0x0,0x0,0x0,0x0,0x0,0x0,0x0,
0x0,0x0,0x0,0x0,0x0,0x0,0xff,0xff,
0xff,0xff,0xff,0xff,0x0,0x0,0x0,0x0,
0x54,0x0,0x0,0x0,0x54,0x0,0x0,0x0,
0x54,0x0,0x0,0x0,0x0,0x0,0x0,0x0,
0x54,0x0,0x0,0x0,0x54,0x0,0x0,0x0,
0x0,0x0,0x1,0x0,0x54,0x0,0x0,0x0,
0x0,0x0,0x0,0x0,0x6c,0x0,0x0,0x0,
0x74,0x3,0x10,0x2,0x0,0x0,0x0,0x0,
0x6c,0x0,0x0,0x0,0x0,0x0,0x0,0x0,
0x6c,0x0,0x0,0x0,0x0,0x0,0x0,0x0,
0xe9,0x0,0x0,0x0,0x0,0x0,0x7,0x0,
0x68,0x0,0x0,0x0,0x0,0x0,0x0,0x0,
0x74,0x3,0x80,0x2,0x74,0x3,0x30,0x3,
0x0,0x0,0x0,0x0,0x36,0x1,0x0,0x0,
0x0,0x0,0x0,0x0,0x0,0x0,0xff,0xff,
0xff,0xff,0xff,0xff,0x0,0x0,0x0,0x0,
0x54,0x0,0x0,0x0,0x54,0x0,0x0,0x0,
0x54,0x0,0x0,0x0,0x0,0x0,0x0,0x0,
0x54,0x0,0x0,0x0,0x54,0x0,0x0,0x0,
0x0,0x0,0x2,0x0,0x54,0x0,0x0,0x0,
0x0,0x0,0x0,0x0,0x84,0x0,0x0,0x0,
0x76,0x3,0xd0,0x1,0x0,0x0,0x0,0x0,
0x84,0x0,0x0,0x0,0x0,0x0,0x0,0x0,
0x84,0x0,0x0,0x0,0x0,0x0,0x0,0x0,
0x6f,0x0,0x0,0x0,0x0,0x0,0x9,0x0,
0xb0,0x0,0x0,0x0,0x0,0x0,0x0,0x0,
0x7a,0x3,0x10,0x2,0x7a,0x3,0x80,0x2,
0x2b,0x1,0x0,0x0,0x0,0x0,0xa,0x0,
0xae,0x0,0x0,0x0,0x0,0x0,0x0,0x0,
0x77,0x3,0x10,0x2,0x77,0x3,0x70,0x2,
0x0,0x0,0x0,0x0,0x0,0x0,0x0,0x0,
0x0,0x0,0x0,0x0,0x0,0x0,0xff,0xff,
0xff,0xff,0xff,0xff,0x0,0x0,0x0,0x0,
0x54,0x0,0x0,0x0,0x54,0x0,0x0,0x0,
0x54,0x0,0x0,0x0,0x0,0x0,0x0,0x0,
0x54,0x0,0x0,0x0,0x54,0x0,0x0,0x0,
0x0,0x0,0x2,0x0,0x54,0x0,0x0,0x0,
0x0,0x0,0x0,0x0,0x84,0x0,0x0,0x0,
0x77,0x3,0x10,0x2,0x0,0x0,0x0,0x0,
0x84,0x0,0x0,0x0,0x0,0x0,0x0,0x0,
0x84,0x0,0x0,0x0,0x0,0x0,0x0,0x0,
0x9f,0x0,0x0,0x0,0x0,0x0,0x3,0x0,
0x0,0x0,0x0,0x0,0x38,0x1,0x0,0x0,
0x77,0x3,0x70,0x2,0x77,0x3,0xd0,0x2,
0x1d,0x1,0x0,0x0,0x0,0x0,0xa,0x0,
0xaf,0x0,0x0,0x0,0x0,0x0,0x0,0x0,
0x78,0x3,0x70,0x2,0x78,0x3,0xc0,0x2,
0x0,0x0,0x0,0x0,0x0,0x0,0x0,0x0,
0x0,0x0,0x0,0x0,0x0,0x0,0xff,0xff,
0xff,0xff,0xff,0xff,0x0,0x0,0x0,0x0,
0x54,0x0,0x0,0x0,0x54,0x0,0x0,0x0,
0x54,0x0,0x0,0x0,0x0,0x0,0x0,0x0,
0x54,0x0,0x0,0x0,0x54,0x0,0x0,0x0,
0x0,0x0,0x2,0x0,0x54,0x0,0x0,0x0,
0x0,0x0,0x0,0x0,0x84,0x0,0x0,0x0,
0x78,0x3,0x70,0x2,0x0,0x0,0x0,0x0,
0x84,0x0,0x0,0x0,0x0,0x0,0x0,0x0,
0x84,0x0,0x0,0x0,0x0,0x0,0x0,0x0,
0x1e,0x1,0x0,0x0,0x0,0x0,0x2,0x0,
0x1a,0x0,0x0,0x0,0x0,0x0,0x0,0x0,
0x79,0x3,0xc0,0x2,0x79,0x3,0x70,0x3,
0x3d,0x1,0x0,0x0,0x0,0x0,0x1,0x0,
0x1,0x0,0x0,0x0,0x0,0x0,0x0,0x0,
0x78,0x3,0xc0,0x2,0x78,0x3,0x70,0x3,
0x0,0x0,0x0,0x0,0x0,0x0,0x0,0x0,
0x0,0x0,0x0,0x0,0x0,0x0,0xff,0xff,
0xff,0xff,0xff,0xff,0x0,0x0,0x0,0x0,
0x54,0x0,0x0,0x0,0x54,0x0,0x0,0x0,
0x54,0x0,0x0,0x0,0x0,0x0,0x0,0x0,
0x54,0x0,0x0,0x0,0x54,0x0,0x0,0x0,
0x0,0x0,0x1,0x0,0x54,0x0,0x0,0x0,
0x0,0x0,0x0,0x0,0x6c,0x0,0x0,0x0,
0x7a,0x3,0x10,0x2,0x0,0x0,0x0,0x0,
0x6c,0x0,0x0,0x0,0x0,0x0,0x0,0x0,
0x6c,0x0,0x0,0x0,0x0,0x0,0x0,0x0,
0xe9,0x0,0x0,0x0,0x0,0x0,0x7,0x0,
0x69,0x0,0x0,0x0,0x0,0x0,0x0,0x0,
0x7a,0x3,0x80,0x2,0x7a,0x3,0x30,0x3,
0x0,0x0,0x0,0x0,0x36,0x1,0x0,0x0,
0x0,0x0,0x0,0x0,0x0,0x0,0xff,0xff,
0xff,0xff,0xff,0xff,0x0,0x0,0x0,0x0,
0x54,0x0,0x0,0x0,0x54,0x0,0x0,0x0,
0x54,0x0,0x0,0x0,0x0,0x0,0x0,0x0,
0x54,0x0,0x0,0x0,0x54,0x0,0x0,0x0,
0x0,0x0,0x2,0x0,0x54,0x0,0x0,0x0,
0x0,0x0,0x0,0x0,0x84,0x0,0x0,0x0,
0x7c,0x3,0xd0,0x1,0x0,0x0,0x0,0x0,
0x84,0x0,0x0,0x0,0x0,0x0,0x0,0x0,
0x84,0x0,0x0,0x0,0x0,0x0,0x0,0x0,
0x6f,0x0,0x0,0x0,0x0,0x0,0x9,0x0,
0xb4,0x0,0x0,0x0,0x0,0x0,0x0,0x0,
0x81,0x3,0x10,0x2,0x81,0x3,0x80,0x2,
0x2b,0x1,0x0,0x0,0x0,0x0,0xa,0x0,
0xb2,0x0,0x0,0x0,0x0,0x0,0x0,0x0,
0x7d,0x3,0x10,0x2,0x7d,0x3,0x70,0x2,
0x0,0x0,0x0,0x0,0x0,0x0,0x0,0x0,
0x0,0x0,0x0,0x0,0x0,0x0,0xff,0xff,
0xff,0xff,0xff,0xff,0x0,0x0,0x0,0x0,
0x54,0x0,0x0,0x0,0x54,0x0,0x0,0x0,
0x54,0x0,0x0,0x0,0x0,0x0,0x0,0x0,
0x54,0x0,0x0,0x0,0x54,0x0,0x0,0x0,
0x0,0x0,0x4,0x0,0x54,0x0,0x0,0x0,
0x0,0x0,0x0,0x0,0xb4,0x0,0x0,0x0,
0x7d,0x3,0x10,0x2,0x0,0x0,0x0,0x0,
0xb4,0x0,0x0,0x0,0x0,0x0,0x0,0x0,
0xb4,0x0,0x0,0x0,0x0,0x0,0x0,0x0,
0x1a,0x0,0x0,0x0,0x0,0x0,0x3,0x0,
0x0,0x0,0x0,0x0,0x20,0x0,0x0,0x0,
0x7f,0x3,0x70,0x2,0x7f,0x3,0xe0,0x2,
0x3e,0x1,0x0,0x0,0x0,0x0,0x7,0x0,
0x6a,0x0,0x0,0x0,0x0,0x0,0x0,0x0,
0x7e,0x3,0x70,0x2,0x7e,0x3,0xe0,0x2,
0x9f,0x0,0x0,0x0,0x0,0x0,0x3,0x0,
0x0,0x0,0x0,0x0,0x38,0x1,0x0,0x0,
0x7d,0x3,0x70,0x2,0x7d,0x3,0xd0,0x2,
0x1d,0x1,0x0,0x0,0x0,0x0,0xa,0x0,
0xb3,0x0,0x0,0x0,0x0,0x0,0x0,0x0,
0x80,0x3,0x70,0x2,0x80,0x3,0xc0,0x2,
0x0,0x0,0x0,0x0,0x0,0x0,0x0,0x0,
0x0,0x0,0x0,0x0,0x0,0x0,0xff,0xff,
0xff,0xff,0xff,0xff,0x0,0x0,0x0,0x0,
0x54,0x0,0x0,0x0,0x54,0x0,0x0,0x0,
0x54,0x0,0x0,0x0,0x0,0x0,0x0,0x0,
0x54,0x0,0x0,0x0,0x54,0x0,0x0,0x0,
0x0,0x0,0x1,0x0,0x54,0x0,0x0,0x0,
0x0,0x0,0x0,0x0,0x6c,0x0,0x0,0x0,
0x80,0x3,0x70,0x2,0x0,0x0,0x0,0x0,
0x6c,0x0,0x0,0x0,0x0,0x0,0x0,0x0,
0x6c,0x0,0x0,0x0,0x0,0x0,0x0,0x0,
0x1e,0x1,0x0,0x0,0x0,0x0,0x2,0x0,
0x1a,0x0,0x0,0x0,0x0,0x0,0x0,0x0,
0x80,0x3,0xc0,0x2,0x80,0x3,0x70,0x3,
0x0,0x0,0x0,0x0,0x0,0x0,0x0,0x0,
0x0,0x0,0x0,0x0,0x0,0x0,0xff,0xff,
0xff,0xff,0xff,0xff,0x0,0x0,0x0,0x0,
0x54,0x0,0x0,0x0,0x54,0x0,0x0,0x0,
0x54,0x0,0x0,0x0,0x0,0x0,0x0,0x0,
0x54,0x0,0x0,0x0,0x54,0x0,0x0,0x0,
0x0,0x0,0x1,0x0,0x54,0x0,0x0,0x0,
0x0,0x0,0x0,0x0,0x6c,0x0,0x0,0x0,
0x81,0x3,0x10,0x2,0x0,0x0,0x0,0x0,
0x6c,0x0,0x0,0x0,0x0,0x0,0x0,0x0,
0x6c,0x0,0x0,0x0,0x0,0x0,0x0,0x0,
0xe9,0x0,0x0,0x0,0x0,0x0,0x7,0x0,
0x6b,0x0,0x0,0x0,0x0,0x0,0x0,0x0,
0x81,0x3,0x80,0x2,0x81,0x3,0x30,0x3,
0x0,0x0,0x0,0x0,0x1b,0x1,0x0,0x0,
0x0,0x0,0x0,0x0,0x0,0x0,0xff,0xff,
0xff,0xff,0xff,0xff,0x0,0x0,0x0,0x0,
0x54,0x0,0x0,0x0,0x54,0x0,0x0,0x0,
0x54,0x0,0x0,0x0,0x0,0x0,0x0,0x0,
0x54,0x0,0x0,0x0,0x54,0x0,0x0,0x0,
0x0,0x0,0x4,0x0,0x54,0x0,0x0,0x0,
0x0,0x0,0x0,0x0,0xb4,0x0,0x0,0x0,
0x83,0x3,0xd0,0x1,0x0,0x0,0x0,0x0,
0xb4,0x0,0x0,0x0,0x0,0x0,0x0,0x0,
0xb4,0x0,0x0,0x0,0x0,0x0,0x0,0x0,
0x1a,0x0,0x0,0x0,0x0,0x0,0x3,0x0,
0x0,0x0,0x0,0x0,0x1f,0x1,0x0,0x0,
0x85,0x3,0x10,0x2,0x85,0x3,0x80,0x2,
0x9f,0x0,0x0,0x0,0x0,0x0,0x3,0x0,
0x0,0x0,0x0,0x0,0x40,0x1,0x0,0x0,
0x84,0x3,0x10,0x2,0x84,0x3,0x70,0x2,
0x6f,0x0,0x0,0x0,0x0,0x0,0x9,0x0,
0xb7,0x0,0x0,0x0,0x0,0x0,0x0,0x0,
0x86,0x3,0x10,0x2,0x86,0x3,0x80,0x2,
0x1d,0x1,0x0,0x0,0x0,0x0,0xa,0x0,
0xb6,0x0,0x0,0x0,0x0,0x0,0x0,0x0,
0x84,0x3,0xd0,0x2,0x84,0x3,0x20,0x3,
0x0,0x0,0x0,0x0,0x0,0x0,0x0,0x0,
0x0,0x0,0x0,0x0,0x0,0x0,0xff,0xff,
0xff,0xff,0xff,0xff,0x0,0x0,0x0,0x0,
0x54,0x0,0x0,0x0,0x54,0x0,0x0,0x0,
0x54,0x0,0x0,0x0,0x0,0x0,0x0,0x0,
0x54,0x0,0x0,0x0,0x54,0x0,0x0,0x0,
0x0,0x0,0x1,0x0,0x54,0x0,0x0,0x0,
0x0,0x0,0x0,0x0,0x6c,0x0,0x0,0x0,
0x84,0x3,0xd0,0x2,0x0,0x0,0x0,0x0,
0x6c,0x0,0x0,0x0,0x0,0x0,0x0,0x0,
0x6c,0x0,0x0,0x0,0x0,0x0,0x0,0x0,
0x1e,0x1,0x0,0x0,0x0,0x0,0x2,0x0,
0x15,0x0,0x0,0x0,0x0,0x0,0x0,0x0,
0x84,0x3,0x20,0x3,0x84,0x3,0xd0,0x3,
0x0,0x0,0x0,0x0,0x0,0x0,0x0,0x0,
0x0,0x0,0x0,0x0,0x0,0x0,0xff,0xff,
0xff,0xff,0xff,0xff,0x0,0x0,0x0,0x0,
0x54,0x0,0x0,0x0,0x54,0x0,0x0,0x0,
0x54,0x0,0x0,0x0,0x0,0x0,0x0,0x0,
0x54,0x0,0x0,0x0,0x54,0x0,0x0,0x0,
0x0,0x0,0x1,0x0,0x54,0x0,0x0,0x0,
0x0,0x0,0x0,0x0,0x6c,0x0,0x0,0x0,
0x86,0x3,0x10,0x2,0x0,0x0,0x0,0x0,
0x6c,0x0,0x0,0x0,0x0,0x0,0x0,0x0,
0x6c,0x0,0x0,0x0,0x0,0x0,0x0,0x0,
0xe9,0x0,0x0,0x0,0x0,0x0,0x7,0x0,
0x6c,0x0,0x0,0x0,0x0,0x0,0x0,0x0,
0x86,0x3,0x80,0x2,0x86,0x3,0x30,0x3,
0x0,0x0,0x0,0x0,0x41,0x1,0x0,0x0,
0x0,0x0,0x0,0x0,0x0,0x0,0xff,0xff,
0xff,0xff,0xff,0xff,0x0,0x0,0x0,0x0,
0x54,0x0,0x0,0x0,0x54,0x0,0x0,0x0,
0x54,0x0,0x0,0x0,0x0,0x0,0x0,0x0,
0x54,0x0,0x0,0x0,0x54,0x0,0x0,0x0,
0x0,0x0,0x0,0x0,0x54,0x0,0x0,0x0,
0x0,0x0,0x0,0x0,0x54,0x0,0x0,0x0,
0x88,0x3,0xd0,0x1,0x0,0x0,0x0,0x0,
0x54,0x0,0x0,0x0,0x0,0x0,0x0,0x0,
0x54,0x0,0x0,0x0,0x0,0x0,0x0,0x0,
0x0,0x0,0x0,0x0,0x1b,0x1,0x0,0x0,
0x0,0x0,0x0,0x0,0x0,0x0,0xff,0xff,
0xff,0xff,0xff,0xff,0x0,0x0,0x0,0x0,
0x54,0x0,0x0,0x0,0x54,0x0,0x0,0x0,
0x54,0x0,0x0,0x0,0x0,0x0,0x0,0x0,
0x54,0x0,0x0,0x0,0x54,0x0,0x0,0x0,
0x0,0x0,0x4,0x0,0x54,0x0,0x0,0x0,
0x0,0x0,0x0,0x0,0xb4,0x0,0x0,0x0,
0x89,0x3,0xd0,0x1,0x0,0x0,0x0,0x0,
0xb4,0x0,0x0,0x0,0x0,0x0,0x0,0x0,
0xb4,0x0,0x0,0x0,0x0,0x0,0x0,0x0,
0x1a,0x0,0x0,0x0,0x0,0x0,0x3,0x0,
0x0,0x0,0x0,0x0,0x1f,0x1,0x0,0x0,
0x8b,0x3,0x10,0x2,0x8b,0x3,0x80,0x2,
0x9f,0x0,0x0,0x0,0x0,0x0,0x3,0x0,
0x0,0x0,0x0,0x0,0x42,0x1,0x0,0x0,
0x8a,0x3,0x10,0x2,0x8a,0x3,0x70,0x2,
0x6f,0x0,0x0,0x0,0x0,0x0,0x9,0x0,
0xbb,0x0,0x0,0x0,0x0,0x0,0x0,0x0,
0x8c,0x3,0x10,0x2,0x8c,0x3,0x80,0x2,
0x1d,0x1,0x0,0x0,0x0,0x0,0xa,0x0,
0xba,0x0,0x0,0x0,0x0,0x0,0x0,0x0,
0x8a,0x3,0xd0,0x2,0x8a,0x3,0x20,0x3,
0x0,0x0,0x0,0x0,0x0,0x0,0x0,0x0,
0x0,0x0,0x0,0x0,0x0,0x0,0xff,0xff,
0xff,0xff,0xff,0xff,0x0,0x0,0x0,0x0,
0x54,0x0,0x0,0x0,0x54,0x0,0x0,0x0,
0x54,0x0,0x0,0x0,0x0,0x0,0x0,0x0,
0x54,0x0,0x0,0x0,0x54,0x0,0x0,0x0,
0x0,0x0,0x1,0x0,0x54,0x0,0x0,0x0,
0x0,0x0,0x0,0x0,0x6c,0x0,0x0,0x0,
0x8a,0x3,0xd0,0x2,0x0,0x0,0x0,0x0,
0x6c,0x0,0x0,0x0,0x0,0x0,0x0,0x0,
0x6c,0x0,0x0,0x0,0x0,0x0,0x0,0x0,
0x1e,0x1,0x0,0x0,0x0,0x0,0x2,0x0,
0x15,0x0,0x0,0x0,0x0,0x0,0x0,0x0,
0x8a,0x3,0x20,0x3,0x8a,0x3,0xd0,0x3,
0x0,0x0,0x0,0x0,0x0,0x0,0x0,0x0,
0x0,0x0,0x0,0x0,0x0,0x0,0xff,0xff,
0xff,0xff,0xff,0xff,0x0,0x0,0x0,0x0,
0x54,0x0,0x0,0x0,0x54,0x0,0x0,0x0,
0x54,0x0,0x0,0x0,0x0,0x0,0x0,0x0,
0x54,0x0,0x0,0x0,0x54,0x0,0x0,0x0,
0x0,0x0,0x1,0x0,0x54,0x0,0x0,0x0,
0x0,0x0,0x0,0x0,0x6c,0x0,0x0,0x0,
0x8c,0x3,0x10,0x2,0x0,0x0,0x0,0x0,
0x6c,0x0,0x0,0x0,0x0,0x0,0x0,0x0,
0x6c,0x0,0x0,0x0,0x0,0x0,0x0,0x0,
0xe9,0x0,0x0,0x0,0x0,0x0,0x7,0x0,
0x6d,0x0,0x0,0x0,0x0,0x0,0x0,0x0,
0x8c,0x3,0x80,0x2,0x8c,0x3,0x30,0x3,
0x0,0x0,0x0,0x0,0x41,0x1,0x0,0x0,
0x0,0x0,0x0,0x0,0x0,0x0,0xff,0xff,
0xff,0xff,0xff,0xff,0x0,0x0,0x0,0x0,
0x54,0x0,0x0,0x0,0x54,0x0,0x0,0x0,
0x54,0x0,0x0,0x0,0x0,0x0,0x0,0x0,
0x54,0x0,0x0,0x0,0x54,0x0,0x0,0x0,
0x0,0x0,0x0,0x0,0x54,0x0,0x0,0x0,
0x0,0x0,0x0,0x0,0x54,0x0,0x0,0x0,
0x8e,0x3,0xd0,0x1,0x0,0x0,0x0,0x0,
0x54,0x0,0x0,0x0,0x0,0x0,0x0,0x0,
0x54,0x0,0x0,0x0,0x0,0x0,0x0,0x0,
0x0,0x0,0x0,0x0,0x6a,0x0,0x0,0x0,
0x0,0x0,0x0,0x0,0x0,0x0,0xff,0xff,
0xff,0xff,0xff,0xff,0x0,0x0,0x0,0x0,
0x54,0x0,0x0,0x0,0x54,0x0,0x0,0x0,
0x54,0x0,0x0,0x0,0x0,0x0,0x0,0x0,
0x54,0x0,0x0,0x0,0x54,0x0,0x0,0x0,
0x0,0x0,0x2,0x0,0x54,0x0,0x0,0x0,
0x0,0x0,0x0,0x0,0x84,0x0,0x0,0x0,
0x92,0x3,0xd0,0x1,0x0,0x0,0x0,0x0,
0x84,0x0,0x0,0x0,0x0,0x0,0x0,0x0,
0x84,0x0,0x0,0x0,0x0,0x0,0x0,0x0,
0x1a,0x0,0x0,0x0,0x0,0x0,0x7,0x0,
0x6e,0x0,0x0,0x0,0x0,0x0,0x0,0x0,
0x97,0x3,0x10,0x2,0x97,0x3,0x80,0x2,
0x6f,0x0,0x0,0x0,0x0,0x0,0x9,0x0,
0xbe,0x0,0x0,0x0,0x0,0x0,0x0,0x0,
0x93,0x3,0x10,0x2,0x93,0x3,0x80,0x2,
0x0,0x0,0x0,0x0,0x0,0x0,0x0,0x0,
0x0,0x0,0x0,0x0,0x0,0x0,0xff,0xff,
0xff,0xff,0xff,0xff,0x0,0x0,0x0,0x0,
0x54,0x0,0x0,0x0,0x54,0x0,0x0,0x0,
0x54,0x0,0x0,0x0,0x0,0x0,0x0,0x0,
0x54,0x0,0x0,0x0,0x54,0x0,0x0,0x0,
0x0,0x0,0x4,0x0,0x54,0x0,0x0,0x0,
0x0,0x0,0x0,0x0,0xb4,0x0,0x0,0x0,
0x93,0x3,0x10,0x2,0x0,0x0,0x0,0x0,
0xb4,0x0,0x0,0x0,0x0,0x0,0x0,0x0,
0xb4,0x0,0x0,0x0,0x0,0x0,0x0,0x0,
0xa9,0x0,0x0,0x0,0x0,0x0,0x2,0x0,
0xa,0x0,0x0,0x0,0x0,0x0,0x0,0x0,
0x96,0x3,0x80,0x2,0x96,0x3,0x50,0x3,
0xa7,0x0,0x0,0x0,0x0,0x0,0x2,0x0,
0xa,0x0,0x0,0x0,0x0,0x0,0x0,0x0,
0x95,0x3,0x80,0x2,0x95,0x3,0x40,0x3,
0x70,0x0,0x0,0x0,0x0,0x0,0x2,0x0,
0x1b,0x0,0x0,0x0,0x0,0x0,0x0,0x0,
0x94,0x3,0x80,0x2,0x94,0x3,0x90,0x3,
0x71,0x0,0x0,0x0,0x0,0x0,0x2,0x0,
0xd,0x0,0x0,0x0,0x0,0x0,0x0,0x0,
0x93,0x3,0x80,0x2,0x93,0x3,0x80,0x3,
0x0,0x0,0x0,0x0,0x43,0x1,0x0,0x0,
0x0,0x0,0x0,0x0,0x0,0x0,0xff,0xff,
0xff,0xff,0xff,0xff,0x0,0x0,0x0,0x0,
0x54,0x0,0x0,0x0,0x54,0x0,0x0,0x0,
0x54,0x0,0x0,0x0,0x0,0x0,0x0,0x0,
0x54,0x0,0x0,0x0,0x54,0x0,0x0,0x0,
0x0,0x0,0x1,0x0,0x54,0x0,0x0,0x0,
0x0,0x0,0x0,0x0,0x6c,0x0,0x0,0x0,
0x99,0x3,0xd0,0x1,0x0,0x0,0x0,0x0,
0x6c,0x0,0x0,0x0,0x0,0x0,0x0,0x0,
0x6c,0x0,0x0,0x0,0x0,0x0,0x0,0x0,
0x9f,0x0,0x0,0x0,0x0,0x0,0x3,0x0,
0x0,0x0,0x0,0x0,0x44,0x1,0x0,0x0,
0x9a,0x3,0x10,0x2,0x9a,0x3,0x70,0x2,
0x0,0x0,0x0,0x0,0x6a,0x0,0x0,0x0,
0x0,0x0,0x0,0x0,0x0,0x0,0xff,0xff,
0xff,0xff,0xff,0xff,0x0,0x0,0x0,0x0,
0x54,0x0,0x0,0x0,0x54,0x0,0x0,0x0,
0x54,0x0,0x0,0x0,0x0,0x0,0x0,0x0,
0x54,0x0,0x0,0x0,0x54,0x0,0x0,0x0,
0x0,0x0,0x2,0x0,0x54,0x0,0x0,0x0,
0x0,0x0,0x0,0x0,0x84,0x0,0x0,0x0,
0x9c,0x3,0xd0,0x1,0x0,0x0,0x0,0x0,
0x84,0x0,0x0,0x0,0x0,0x0,0x0,0x0,
0x84,0x0,0x0,0x0,0x0,0x0,0x0,0x0,
0x1a,0x0,0x0,0x0,0x0,0x0,0x7,0x0,
0x6f,0x0,0x0,0x0,0x0,0x0,0x0,0x0,
0xa1,0x3,0x10,0x2,0xa1,0x3,0x80,0x2,
0x6f,0x0,0x0,0x0,0x0,0x0,0x9,0x0,
0xc1,0x0,0x0,0x0,0x0,0x0,0x0,0x0,
0x9d,0x3,0x10,0x2,0x9d,0x3,0x80,0x2,
0x0,0x0,0x0,0x0,0x0,0x0,0x0,0x0,
0x0,0x0,0x0,0x0,0x0,0x0,0xff,0xff,
0xff,0xff,0xff,0xff,0x0,0x0,0x0,0x0,
0x54,0x0,0x0,0x0,0x54,0x0,0x0,0x0,
0x54,0x0,0x0,0x0,0x0,0x0,0x0,0x0,
0x54,0x0,0x0,0x0,0x54,0x0,0x0,0x0,
0x0,0x0,0x4,0x0,0x54,0x0,0x0,0x0,
0x0,0x0,0x0,0x0,0xb4,0x0,0x0,0x0,
0x9d,0x3,0x10,0x2,0x0,0x0,0x0,0x0,
0xb4,0x0,0x0,0x0,0x0,0x0,0x0,0x0,
0xb4,0x0,0x0,0x0,0x0,0x0,0x0,0x0,
0xa9,0x0,0x0,0x0,0x0,0x0,0x2,0x0,
0xa,0x0,0x0,0x0,0x0,0x0,0x0,0x0,
0xa0,0x3,0x80,0x2,0xa0,0x3,0x50,0x3,
0xa7,0x0,0x0,0x0,0x0,0x0,0x2,0x0,
0xa,0x0,0x0,0x0,0x0,0x0,0x0,0x0,
0x9f,0x3,0x80,0x2,0x9f,0x3,0x40,0x3,
0x70,0x0,0x0,0x0,0x0,0x0,0x2,0x0,
0x1b,0x0,0x0,0x0,0x0,0x0,0x0,0x0,
0x9e,0x3,0x80,0x2,0x9e,0x3,0x90,0x3,
0x71,0x0,0x0,0x0,0x0,0x0,0x2,0x0,
0xd,0x0,0x0,0x0,0x0,0x0,0x0,0x0,
0x9d,0x3,0x80,0x2,0x9d,0x3,0x80,0x3,
0x0,0x0,0x0,0x0,0x45,0x1,0x0,0x0,
0x0,0x0,0x0,0x0,0x0,0x0,0xff,0xff,
0xff,0xff,0xff,0xff,0x0,0x0,0x0,0x0,
0x54,0x0,0x0,0x0,0x54,0x0,0x0,0x0,
0x54,0x0,0x0,0x0,0x0,0x0,0x0,0x0,
0x54,0x0,0x0,0x0,0x54,0x0,0x0,0x0,
0x0,0x0,0x4,0x0,0x54,0x0,0x0,0x0,
0x0,0x0,0x0,0x0,0xb4,0x0,0x0,0x0,
0xa3,0x3,0xd0,0x1,0x0,0x0,0x0,0x0,
0xb4,0x0,0x0,0x0,0x0,0x0,0x0,0x0,
0xb4,0x0,0x0,0x0,0x0,0x0,0x0,0x0,
0x48,0x1,0x0,0x0,0x0,0x0,0x7,0x0,
0x70,0x0,0x0,0x0,0x0,0x0,0x0,0x0,
0xa7,0x3,0x10,0x2,0xa7,0x3,0x30,0x3,
0x47,0x1,0x0,0x0,0x0,0x0,0x1,0x0,
0x0,0x0,0x0,0x0,0x0,0x0,0x0,0x0,
0xa6,0x3,0x10,0x2,0xa6,0x3,0xa0,0x2,
0x9f,0x0,0x0,0x0,0x0,0x0,0x3,0x0,
0x0,0x0,0x0,0x0,0x46,0x1,0x0,0x0,
0xa5,0x3,0x10,0x2,0xa5,0x3,0x70,0x2,
0x3b,0x0,0x0,0x0,0x0,0x0,0x9,0x0,
0xc3,0x0,0x0,0x0,0x0,0x0,0x0,0x0,
0xa4,0x3,0x10,0x2,0xa4,0x3,0xa0,0x2,
0x0,0x0,0x0,0x0,0x0,0x0,0x0,0x0,
0x0,0x0,0x0,0x0,0x0,0x0,0xff,0xff,
0xff,0xff,0xff,0xff,0x0,0x0,0x0,0x0,
0x54,0x0,0x0,0x0,0x54,0x0,0x0,0x0,
0x54,0x0,0x0,0x0,0x0,0x0,0x0,0x0,
0x54,0x0,0x0,0x0,0x54,0x0,0x0,0x0,
0x0,0x0,0x1,0x0,0x54,0x0,0x0,0x0,
0x0,0x0,0x0,0x0,0x6c,0x0,0x0,0x0,
0xa4,0x3,0x10,0x2,0x0,0x0,0x0,0x0,
0x6c,0x0,0x0,0x0,0x0,0x0,0x0,0x0,
0x6c,0x0,0x0,0x0,0x0,0x0,0x0,0x0,
0x73,0x0,0x0,0x0,0x0,0x0,0x3,0x0,
0x0,0x0,0x0,0x0,0x27,0x0,0x0,0x0,
0xa4,0x3,0xa0,0x2,0xa4,0x3,0x20,0x3,
0x0,0x0,0x0,0x0,0x45,0x1,0x0,0x0,
0x4a,0x1,0x0,0x0,0x0,0x0,0xff,0xff,
0xff,0xff,0xff,0xff,0x0,0x0,0x0,0x0,
0x54,0x0,0x0,0x0,0x54,0x0,0x0,0x0,
0x54,0x0,0x0,0x0,0x0,0x0,0x0,0x0,
0x54,0x0,0x0,0x0,0x54,0x0,0x0,0x0,
0x0,0x0,0x2,0x0,0x54,0x0,0x0,0x0,
0x0,0x0,0x0,0x0,0x84,0x0,0x0,0x0,
0xac,0x3,0xd0,0x1,0xad,0x3,0x10,0x2,
0x84,0x0,0x0,0x0,0x0,0x0,0x0,0x0,
0x84,0x0,0x0,0x0,0x0,0x0,0x0,0x0,
0x9f,0x0,0x0,0x0,0x0,0x0,0x3,0x0,
0x0,0x0,0x0,0x0,0x4b,0x1,0x0,0x0,
0xaf,0x3,0x10,0x2,0xaf,0x3,0x70,0x2,
0x3b,0x0,0x0,0x0,0x0,0x0,0x9,0x0,
0xc5,0x0,0x0,0x0,0x0,0x0,0x0,0x0,
0xae,0x3,0x10,0x2,0xae,0x3,0xa0,0x2,
0x0,0x0,0x0,0x0,0x0,0x0,0x0,0x0,
0x0,0x0,0x0,0x0,0x0,0x0,0xff,0xff,
0xff,0xff,0xff,0xff,0x0,0x0,0x0,0x0,
0x54,0x0,0x0,0x0,0x54,0x0,0x0,0x0,
0x54,0x0,0x0,0x0,0x0,0x0,0x0,0x0,
0x54,0x0,0x0,0x0,0x54,0x0,0x0,0x0,
0x0,0x0,0x1,0x0,0x54,0x0,0x0,0x0,
0x0,0x0,0x0,0x0,0x6c,0x0,0x0,0x0,
0xae,0x3,0x10,0x2,0x0,0x0,0x0,0x0,
0x6c,0x0,0x0,0x0,0x0,0x0,0x0,0x0,
0x6c,0x0,0x0,0x0,0x0,0x0,0x0,0x0,
0x73,0x0,0x0,0x0,0x0,0x0,0x3,0x0,
0x0,0x0,0x0,0x0,0x27,0x0,0x0,0x0,
0xae,0x3,0xa0,0x2,0xae,0x3,0x20,0x3,
0x0,0x0,0x0,0x0,0xba,0x0,0x0,0x0,
0x0,0x0,0x0,0x0,0x0,0x0,0xff,0xff,
0xff,0xff,0xff,0xff,0x0,0x0,0x0,0x0,
0x54,0x0,0x0,0x0,0x54,0x0,0x0,0x0,
0x54,0x0,0x0,0x0,0x0,0x0,0x0,0x0,
0x54,0x0,0x0,0x0,0x54,0x0,0x0,0x0,
0x0,0x0,0x15,0x0,0x54,0x0,0x0,0x0,
0x0,0x0,0x0,0x0,0x4c,0x2,0x0,0x0,
0xb3,0x3,0x90,0x1,0x0,0x0,0x0,0x0,
0x4c,0x2,0x0,0x0,0x0,0x0,0x0,0x0,
0x4c,0x2,0x0,0x0,0x0,0x0,0x0,0x0,
0xb2,0x0,0x0,0x0,0x0,0x0,0x7,0x0,
0x71,0x0,0x0,0x0,0x0,0x0,0x0,0x0,
0xb4,0x3,0xd0,0x1,0xb4,0x3,0x60,0x2,
0x0,0x0,0x0,0x0,0x0,0x0,0x8,0x0,
0xc8,0x0,0x0,0x0,0x0,0x0,0x0,0x0,
0xb6,0x3,0xd0,0x1,0xb6,0x3,0xd0,0x1,
0x0,0x0,0x0,0x0,0x0,0x0,0x8,0x0,
0xcb,0x0,0x0,0x0,0x0,0x0,0x0,0x0,
0xbc,0x3,0xd0,0x1,0xbc,0x3,0xd0,0x1,
0x0,0x0,0x0,0x0,0x0,0x0,0x8,0x0,
0xcc,0x0,0x0,0x0,0x0,0x0,0x0,0x0,
0xca,0x3,0xd0,0x1,0xca,0x3,0xd0,0x1,
0x0,0x0,0x0,0x0,0x0,0x0,0x8,0x0,
0xce,0x0,0x0,0x0,0x0,0x0,0x0,0x0,
0xd1,0x3,0xd0,0x1,0xd1,0x3,0xd0,0x1,
0x0,0x0,0x0,0x0,0x0,0x0,0x8,0x0,
0xcf,0x0,0x0,0x0,0x0,0x0,0x0,0x0,
0xd9,0x3,0xd0,0x1,0xd9,0x3,0xd0,0x1,
0x0,0x0,0x0,0x0,0x0,0x0,0x8,0x0,
0xd0,0x0,0x0,0x0,0x0,0x0,0x0,0x0,
0xdd,0x3,0xd0,0x1,0xdd,0x3,0xd0,0x1,
0x0,0x0,0x0,0x0,0x0,0x0,0x8,0x0,
0xd1,0x0,0x0,0x0,0x0,0x0,0x0,0x0,
0xed,0x3,0xd0,0x1,0xed,0x3,0xd0,0x1,
0x0,0x0,0x0,0x0,0x0,0x0,0x8,0x0,
0xd2,0x0,0x0,0x0,0x0,0x0,0x0,0x0,
0xf1,0x3,0xd0,0x1,0xf1,0x3,0xd0,0x1,
0x0,0x0,0x0,0x0,0x0,0x0,0x8,0x0,
0xd3,0x0,0x0,0x0,0x0,0x0,0x0,0x0,
0xf6,0x3,0xd0,0x1,0xf6,0x3,0xd0,0x1,
0x0,0x0,0x0,0x0,0x0,0x0,0x8,0x0,
0xd4,0x0,0x0,0x0,0x0,0x0,0x0,0x0,
0xfa,0x3,0xd0,0x1,0xfa,0x3,0xd0,0x1,
0x0,0x0,0x0,0x0,0x0,0x0,0x8,0x0,
0xd5,0x0,0x0,0x0,0x0,0x0,0x0,0x0,
0xfe,0x3,0xd0,0x1,0xfe,0x3,0xd0,0x1,
0x0,0x0,0x0,0x0,0x0,0x0,0x8,0x0,
0xd6,0x0,0x0,0x0,0x0,0x0,0x0,0x0,
0x2,0x4,0xd0,0x1,0x2,0x4,0xd0,0x1,
0x0,0x0,0x0,0x0,0x0,0x0,0x8,0x0,
0xd7,0x0,0x0,0x0,0x0,0x0,0x0,0x0,
0xe,0x4,0xd0,0x1,0xe,0x4,0xd0,0x1,
0x0,0x0,0x0,0x0,0x0,0x0,0x8,0x0,
0xda,0x0,0x0,0x0,0x0,0x0,0x0,0x0,
0x13,0x4,0xd0,0x1,0x13,0x4,0xd0,0x1,
0x0,0x0,0x0,0x0,0x0,0x0,0x8,0x0,
0xdb,0x0,0x0,0x0,0x0,0x0,0x0,0x0,
0x17,0x4,0xd0,0x1,0x17,0x4,0xd0,0x1,
0x0,0x0,0x0,0x0,0x0,0x0,0x8,0x0,
0xdc,0x0,0x0,0x0,0x0,0x0,0x0,0x0,
0x1b,0x4,0xd0,0x1,0x1b,0x4,0xd0,0x1,
0x0,0x0,0x0,0x0,0x0,0x0,0x8,0x0,
0xdd,0x0,0x0,0x0,0x0,0x0,0x0,0x0,
0x21,0x4,0xd0,0x1,0x21,0x4,0xd0,0x1,
0x0,0x0,0x0,0x0,0x0,0x0,0x8,0x0,
0xde,0x0,0x0,0x0,0x0,0x0,0x0,0x0,
0x25,0x4,0xd0,0x1,0x25,0x4,0xd0,0x1,
0x0,0x0,0x0,0x0,0x0,0x0,0x8,0x0,
0xdf,0x0,0x0,0x0,0x0,0x0,0x0,0x0,
0x29,0x4,0xd0,0x1,0x29,0x4,0xd0,0x1,
0x64,0x0,0x0,0x0,0x0,0x0,0xa,0x0,
0xc7,0x0,0x0,0x0,0x0,0x0,0x0,0x0,
0xb5,0x3,0xd0,0x1,0xb5,0x3,0x50,0x2,
0x0,0x0,0x0,0x0,0x0,0x0,0x0,0x0,
0x0,0x0,0x0,0x0,0x0,0x0,0xff,0xff,
0xff,0xff,0xff,0xff,0x0,0x0,0x0,0x0,
0x54,0x0,0x0,0x0,0x54,0x0,0x0,0x0,
0x54,0x0,0x0,0x0,0x0,0x0,0x0,0x0,
0x54,0x0,0x0,0x0,0x54,0x0,0x0,0x0,
0x0,0x0,0x1,0x0,0x54,0x0,0x0,0x0,
0x0,0x0,0x0,0x0,0x6c,0x0,0x0,0x0,
0xb5,0x3,0xd0,0x1,0x0,0x0,0x0,0x0,
0x6c,0x0,0x0,0x0,0x0,0x0,0x0,0x0,
0x6c,0x0,0x0,0x0,0x0,0x0,0x0,0x0,
0x17,0x1,0x0,0x0,0x0,0x0,0x7,0x0,
0x72,0x0,0x0,0x0,0x0,0x0,0x0,0x0,
0xb5,0x3,0x50,0x2,0xb5,0x3,0x50,0x3,
0x0,0x0,0x0,0x0,0x1b,0x1,0x0,0x0,
0x0,0x0,0x0,0x0,0x0,0x0,0xff,0xff,
0xff,0xff,0xff,0xff,0x0,0x0,0x0,0x0,
0x54,0x0,0x0,0x0,0x54,0x0,0x0,0x0,
0x54,0x0,0x0,0x0,0x0,0x0,0x0,0x0,
0x54,0x0,0x0,0x0,0x54,0x0,0x0,0x0,
0x0,0x0,0x4,0x0,0x54,0x0,0x0,0x0,
0x0,0x0,0x0,0x0,0xb4,0x0,0x0,0x0,
0xb6,0x3,0xd0,0x1,0x0,0x0,0x0,0x0,
0xb4,0x0,0x0,0x0,0x0,0x0,0x0,0x0,
0xb4,0x0,0x0,0x0,0x0,0x0,0x0,0x0,
0x1a,0x0,0x0,0x0,0x0,0x0,0x3,0x0,
0x0,0x0,0x0,0x0,0x1f,0x1,0x0,0x0,
0xb8,0x3,0x10,0x2,0xb8,0x3,0x80,0x2,
0x9f,0x0,0x0,0x0,0x0,0x0,0x3,0x0,
0x0,0x0,0x0,0x0,0x4c,0x1,0x0,0x0,
0xb7,0x3,0x10,0x2,0xb7,0x3,0x70,0x2,
0x6f,0x0,0x0,0x0,0x0,0x0,0x9,0x0,
0xca,0x0,0x0,0x0,0x0,0x0,0x0,0x0,
0xb9,0x3,0x10,0x2,0xb9,0x3,0x80,0x2,
0x1d,0x1,0x0,0x0,0x0,0x0,0xa,0x0,
0xc9,0x0,0x0,0x0,0x0,0x0,0x0,0x0,
0xb7,0x3,0x10,0x3,0xb7,0x3,0x60,0x3,
0x0,0x0,0x0,0x0,0x0,0x0,0x0,0x0,
0x0,0x0,0x0,0x0,0x0,0x0,0xff,0xff,
0xff,0xff,0xff,0xff,0x0,0x0,0x0,0x0,
0x54,0x0,0x0,0x0,0x54,0x0,0x0,0x0,
0x54,0x0,0x0,0x0,0x0,0x0,0x0,0x0,
0x54,0x0,0x0,0x0,0x54,0x0,0x0,0x0,
0x0,0x0,0x1,0x0,0x54,0x0,0x0,0x0,
0x0,0x0,0x0,0x0,0x6c,0x0,0x0,0x0,
0xb7,0x3,0x10,0x3,0x0,0x0,0x0,0x0,
0x6c,0x0,0x0,0x0,0x0,0x0,0x0,0x0,
0x6c,0x0,0x0,0x0,0x0,0x0,0x0,0x0,
0x1e,0x1,0x0,0x0,0x0,0x0,0x2,0x0,
0x15,0x0,0x0,0x0,0x0,0x0,0x0,0x0,
0xb7,0x3,0x60,0x3,0xb7,0x3,0x10,0x4,
0x0,0x0,0x0,0x0,0x0,0x0,0x0,0x0,
0x0,0x0,0x0,0x0,0x0,0x0,0xff,0xff,
0xff,0xff,0xff,0xff,0x0,0x0,0x0,0x0,
0x54,0x0,0x0,0x0,0x54,0x0,0x0,0x0,
0x54,0x0,0x0,0x0,0x0,0x0,0x0,0x0,
0x54,0x0,0x0,0x0,0x54,0x0,0x0,0x0,
0x0,0x0,0x1,0x0,0x54,0x0,0x0,0x0,
0x0,0x0,0x0,0x0,0x6c,0x0,0x0,0x0,
0xb9,0x3,0x10,0x2,0x0,0x0,0x0,0x0,
0x6c,0x0,0x0,0x0,0x0,0x0,0x0,0x0,
0x6c,0x0,0x0,0x0,0x0,0x0,0x0,0x0,
0xe9,0x0,0x0,0x0,0x0,0x0,0x7,0x0,
0x73,0x0,0x0,0x0,0x0,0x0,0x0,0x0,
0xb9,0x3,0x80,0x2,0xb9,0x3,0x30,0x3,
0x0,0x0,0x0,0x0,0x4d,0x1,0x0,0x0,
0x0,0x0,0x0,0x0,0x0,0x0,0xff,0xff,
0xff,0xff,0xff,0xff,0x0,0x0,0x0,0x0,
0x54,0x0,0x0,0x0,0x54,0x0,0x0,0x0,
0x54,0x0,0x0,0x0,0x0,0x0,0x0,0x0,
0x54,0x0,0x0,0x0,0x54,0x0,0x0,0x0,
0x0,0x0,0x4,0x0,0x54,0x0,0x0,0x0,
0x0,0x0,0x0,0x0,0xb4,0x0,0x0,0x0,
0xbc,0x3,0xd0,0x1,0x0,0x0,0x0,0x0,
0xb4,0x0,0x0,0x0,0x0,0x0,0x0,0x0,
0xb4,0x0,0x0,0x0,0x0,0x0,0x0,0x0,
0xf1,0x0,0x0,0x0,0x0,0x0,0x7,0x0,
0x75,0x0,0x0,0x0,0x0,0x0,0x0,0x0,
0xc0,0x3,0x10,0x2,0xc0,0x3,0xc0,0x2,
0x50,0x1,0x0,0x0,0x0,0x0,0x7,0x0,
0x74,0x0,0x0,0x0,0x0,0x0,0x0,0x0,
0xbf,0x3,0x10,0x2,0xbf,0x3,0xb0,0x2,
0x4f,0x1,0x0,0x0,0x0,0x0,0x1,0x0,
0x1,0x0,0x0,0x0,0x0,0x0,0x0,0x0,
0xbe,0x3,0x10,0x2,0xbe,0x3,0xd0,0x2,
0x9f,0x0,0x0,0x0,0x0,0x0,0x3,0x0,
0x0,0x0,0x0,0x0,0x4e,0x1,0x0,0x0,
0xbd,0x3,0x10,0x2,0xbd,0x3,0x70,0x2,
0x0,0x0,0x0,0x0,0x6a,0x0,0x0,0x0,
0x0,0x0,0x0,0x0,0x0,0x0,0xff,0xff,
0xff,0xff,0xff,0xff,0x0,0x0,0x0,0x0,
0x54,0x0,0x0,0x0,0x54,0x0,0x0,0x0,
0x54,0x0,0x0,0x0,0x0,0x0,0x0,0x0,
0x54,0x0,0x0,0x0,0x54,0x0,0x0,0x0,
0x0,0x0,0x2,0x0,0x54,0x0,0x0,0x0,
0x0,0x0,0x0,0x0,0x84,0x0,0x0,0x0,
0xca,0x3,0xd0,0x1,0x0,0x0,0x0,0x0,
0x84,0x0,0x0,0x0,0x0,0x0,0x0,0x0,
0x84,0x0,0x0,0x0,0x0,0x0,0x0,0x0,
0x1a,0x0,0x0,0x0,0x0,0x0,0x3,0x0,
0x0,0x0,0x0,0x0,0x22,0x0,0x0,0x0,
0xcf,0x3,0x10,0x2,0xcf,0x3,0x80,0x2,
0x6f,0x0,0x0,0x0,0x0,0x0,0x9,0x0,
0xcd,0x0,0x0,0x0,0x0,0x0,0x0,0x0,
0xcb,0x3,0x10,0x2,0xcb,0x3,0x80,0x2,
0x0,0x0,0x0,0x0,0x0,0x0,0x0,0x0,
0x0,0x0,0x0,0x0,0x0,0x0,0xff,0xff,
0xff,0xff,0xff,0xff,0x0,0x0,0x0,0x0,
0x54,0x0,0x0,0x0,0x54,0x0,0x0,0x0,
0x54,0x0,0x0,0x0,0x0,0x0,0x0,0x0,
0x54,0x0,0x0,0x0,0x54,0x0,0x0,0x0,
0x0,0x0,0x4,0x0,0x54,0x0,0x0,0x0,
0x0,0x0,0x0,0x0,0xb4,0x0,0x0,0x0,
0xcb,0x3,0x10,0x2,0x0,0x0,0x0,0x0,
0xb4,0x0,0x0,0x0,0x0,0x0,0x0,0x0,
0xb4,0x0,0x0,0x0,0x0,0x0,0x0,0x0,
0xa9,0x0,0x0,0x0,0x0,0x0,0x2,0x0,
0xf,0x0,0x0,0x0,0x0,0x0,0x0,0x0,
0xce,0x3,0x80,0x2,0xce,0x3,0x50,0x3,
0xa7,0x0,0x0,0x0,0x0,0x0,0x2,0x0,
0xf,0x0,0x0,0x0,0x0,0x0,0x0,0x0,
0xcd,0x3,0x80,0x2,0xcd,0x3,0x40,0x3,
0x70,0x0,0x0,0x0,0x0,0x0,0x2,0x0,
0x1b,0x0,0x0,0x0,0x0,0x0,0x0,0x0,
0xcc,0x3,0x80,0x2,0xcc,0x3,0x90,0x3,
0x71,0x0,0x0,0x0,0x0,0x0,0x2,0x0,
0xd,0x0,0x0,0x0,0x0,0x0,0x0,0x0,
0xcb,0x3,0x80,0x2,0xcb,0x3,0x80,0x3,
0x0,0x0,0x0,0x0,0x4d,0x1,0x0,0x0,
0x0,0x0,0x0,0x0,0x0,0x0,0xff,0xff,
0xff,0xff,0xff,0xff,0x0,0x0,0x0,0x0,
0x54,0x0,0x0,0x0,0x54,0x0,0x0,0x0,
0x54,0x0,0x0,0x0,0x0,0x0,0x0,0x0,
0x54,0x0,0x0,0x0,0x54,0x0,0x0,0x0,
0x0,0x0,0x2,0x0,0x54,0x0,0x0,0x0,
0x0,0x0,0x0,0x0,0x84,0x0,0x0,0x0,
0xd1,0x3,0xd0,0x1,0x0,0x0,0x0,0x0,
0x84,0x0,0x0,0x0,0x0,0x0,0x0,0x0,
0x84,0x0,0x0,0x0,0x0,0x0,0x0,0x0,
0xf1,0x0,0x0,0x0,0x0,0x0,0x7,0x0,
0x76,0x0,0x0,0x0,0x0,0x0,0x0,0x0,
0xd3,0x3,0x10,0x2,0xd3,0x3,0xc0,0x2,
0x9f,0x0,0x0,0x0,0x0,0x0,0x3,0x0,
0x0,0x0,0x0,0x0,0x52,0x1,0x0,0x0,
0xd2,0x3,0x10,0x2,0xd2,0x3,0x70,0x2,
0x0,0x0,0x0,0x0,0x4d,0x1,0x0,0x0,
0x0,0x0,0x0,0x0,0x0,0x0,0xff,0xff,
0xff,0xff,0xff,0xff,0x0,0x0,0x0,0x0,
0x54,0x0,0x0,0x0,0x54,0x0,0x0,0x0,
0x54,0x0,0x0,0x0,0x0,0x0,0x0,0x0,
0x54,0x0,0x0,0x0,0x54,0x0,0x0,0x0,
0x0,0x0,0x2,0x0,0x54,0x0,0x0,0x0,
0x0,0x0,0x0,0x0,0x84,0x0,0x0,0x0,
0xd9,0x3,0xd0,0x1,0x0,0x0,0x0,0x0,
0x84,0x0,0x0,0x0,0x0,0x0,0x0,0x0,
0x84,0x0,0x0,0x0,0x0,0x0,0x0,0x0,
0xf1,0x0,0x0,0x0,0x0,0x0,0x7,0x0,
0x77,0x0,0x0,0x0,0x0,0x0,0x0,0x0,
0xdb,0x3,0x10,0x2,0xdb,0x3,0xc0,0x2,
0x9f,0x0,0x0,0x0,0x0,0x0,0x3,0x0,
0x0,0x0,0x0,0x0,0x53,0x1,0x0,0x0,
0xda,0x3,0x10,0x2,0xda,0x3,0x70,0x2,
0x0,0x0,0x0,0x0,0x4d,0x1,0x0,0x0,
0x0,0x0,0x0,0x0,0x0,0x0,0xff,0xff,
0xff,0xff,0xff,0xff,0x0,0x0,0x0,0x0,
0x54,0x0,0x0,0x0,0x54,0x0,0x0,0x0,
0x54,0x0,0x0,0x0,0x0,0x0,0x0,0x0,
0x54,0x0,0x0,0x0,0x54,0x0,0x0,0x0,
0x0,0x0,0x4,0x0,0x54,0x0,0x0,0x0,
0x0,0x0,0x0,0x0,0xb4,0x0,0x0,0x0,
0xdd,0x3,0xd0,0x1,0x0,0x0,0x0,0x0,
0xb4,0x0,0x0,0x0,0x0,0x0,0x0,0x0,
0xb4,0x0,0x0,0x0,0x0,0x0,0x0,0x0,
0x55,0x1,0x0,0x0,0x0,0x0,0x7,0x0,
0x79,0x0,0x0,0x0,0x0,0x0,0x0,0x0,
0xe1,0x3,0x10,0x2,0xe1,0x3,0xd0,0x2,
0x50,0x1,0x0,0x0,0x0,0x0,0x7,0x0,
0x78,0x0,0x0,0x0,0x0,0x0,0x0,0x0,
0xe0,0x3,0x10,0x2,0xe0,0x3,0xb0,0x2,
0x4f,0x1,0x0,0x0,0x0,0x0,0x1,0x0,
0x1,0x0,0x0,0x0,0x0,0x0,0x0,0x0,
0xdf,0x3,0x10,0x2,0xdf,0x3,0xd0,0x2,
0x9f,0x0,0x0,0x0,0x0,0x0,0x3,0x0,
0x0,0x0,0x0,0x0,0x54,0x1,0x0,0x0,
0xde,0x3,0x10,0x2,0xde,0x3,0x70,0x2,
0x0,0x0,0x0,0x0,0x4d,0x1,0x0,0x0,
0x0,0x0,0x0,0x0,0x0,0x0,0xff,0xff,
0xff,0xff,0xff,0xff,0x0,0x0,0x0,0x0,
0x54,0x0,0x0,0x0,0x54,0x0,0x0,0x0,
0x54,0x0,0x0,0x0,0x0,0x0,0x0,0x0,
0x54,0x0,0x0,0x0,0x54,0x0,0x0,0x0,
0x0,0x0,0x2,0x0,0x54,0x0,0x0,0x0,
0x0,0x0,0x0,0x0,0x84,0x0,0x0,0x0,
0xed,0x3,0xd0,0x1,0x0,0x0,0x0,0x0,
0x84,0x0,0x0,0x0,0x0,0x0,0x0,0x0,
0x84,0x0,0x0,0x0,0x0,0x0,0x0,0x0,
0xf1,0x0,0x0,0x0,0x0,0x0,0x7,0x0,
0x7a,0x0,0x0,0x0,0x0,0x0,0x0,0x0,
0xef,0x3,0x10,0x2,0xef,0x3,0xc0,0x2,
0x9f,0x0,0x0,0x0,0x0,0x0,0x3,0x0,
0x0,0x0,0x0,0x0,0x57,0x1,0x0,0x0,
0xee,0x3,0x10,0x2,0xee,0x3,0x70,0x2,
0x0,0x0,0x0,0x0,0x4d,0x1,0x0,0x0,
0x0,0x0,0x0,0x0,0x0,0x0,0xff,0xff,
0xff,0xff,0xff,0xff,0x0,0x0,0x0,0x0,
0x54,0x0,0x0,0x0,0x54,0x0,0x0,0x0,
0x54,0x0,0x0,0x0,0x0,0x0,0x0,0x0,
0x54,0x0,0x0,0x0,0x54,0x0,0x0,0x0,
0x0,0x0,0x3,0x0,0x54,0x0,0x0,0x0,
0x0,0x0,0x0,0x0,0x9c,0x0,0x0,0x0,
0xf1,0x3,0xd0,0x1,0x0,0x0,0x0,0x0,
0x9c,0x0,0x0,0x0,0x0,0x0,0x0,0x0,
0x9c,0x0,0x0,0x0,0x0,0x0,0x0,0x0,
0x50,0x1,0x0,0x0,0x0,0x0,0x7,0x0,
0x7b,0x0,0x0,0x0,0x0,0x0,0x0,0x0,
0xf4,0x3,0x10,0x2,0xf4,0x3,0xb0,0x2,
0x4f,0x1,0x0,0x0,0x0,0x0,0x1,0x0,
0x1,0x0,0x0,0x0,0x0,0x0,0x0,0x0,
0xf3,0x3,0x10,0x2,0xf3,0x3,0xd0,0x2,
0x9f,0x0,0x0,0x0,0x0,0x0,0x3,0x0,
0x0,0x0,0x0,0x0,0x58,0x1,0x0,0x0,
0xf2,0x3,0x10,0x2,0xf2,0x3,0x70,0x2,
0x0,0x0,0x0,0x0,0x4d,0x1,0x0,0x0,
0x0,0x0,0x0,0x0,0x0,0x0,0xff,0xff,
0xff,0xff,0xff,0xff,0x0,0x0,0x0,0x0,
0x54,0x0,0x0,0x0,0x54,0x0,0x0,0x0,
0x54,0x0,0x0,0x0,0x0,0x0,0x0,0x0,
0x54,0x0,0x0,0x0,0x54,0x0,0x0,0x0,
0x0,0x0,0x2,0x0,0x54,0x0,0x0,0x0,
0x0,0x0,0x0,0x0,0x84,0x0,0x0,0x0,
0xf6,0x3,0xd0,0x1,0x0,0x0,0x0,0x0,
0x84,0x0,0x0,0x0,0x0,0x0,0x0,0x0,
0x84,0x0,0x0,0x0,0x0,0x0,0x0,0x0,
0xf1,0x0,0x0,0x0,0x0,0x0,0x7,0x0,
0x7c,0x0,0x0,0x0,0x0,0x0,0x0,0x0,
0xf8,0x3,0x10,0x2,0xf8,0x3,0xc0,0x2,
0x9f,0x0,0x0,0x0,0x0,0x0,0x3,0x0,
0x0,0x0,0x0,0x0,0x59,0x1,0x0,0x0,
0xf7,0x3,0x10,0x2,0xf7,0x3,0x70,0x2,
0x0,0x0,0x0,0x0,0x4d,0x1,0x0,0x0,
0x0,0x0,0x0,0x0,0x0,0x0,0xff,0xff,
0xff,0xff,0xff,0xff,0x0,0x0,0x0,0x0,
0x54,0x0,0x0,0x0,0x54,0x0,0x0,0x0,
0x54,0x0,0x0,0x0,0x0,0x0,0x0,0x0,
0x54,0x0,0x0,0x0,0x54,0x0,0x0,0x0,
0x0,0x0,0x2,0x0,0x54,0x0,0x0,0x0,
0x0,0x0,0x0,0x0,0x84,0x0,0x0,0x0,
0xfa,0x3,0xd0,0x1,0x0,0x0,0x0,0x0,
0x84,0x0,0x0,0x0,0x0,0x0,0x0,0x0,
0x84,0x0,0x0,0x0,0x0,0x0,0x0,0x0,
0xf1,0x0,0x0,0x0,0x0,0x0,0x7,0x0,
0x7d,0x0,0x0,0x0,0x0,0x0,0x0,0x0,
0xfc,0x3,0x10,0x2,0xfc,0x3,0xc0,0x2,
0x9f,0x0,0x0,0x0,0x0,0x0,0x3,0x0,
0x0,0x0,0x0,0x0,0x5a,0x1,0x0,0x0,
0xfb,0x3,0x10,0x2,0xfb,0x3,0x70,0x2,
0x0,0x0,0x0,0x0,0x4d,0x1,0x0,0x0,
0x0,0x0,0x0,0x0,0x0,0x0,0xff,0xff,
0xff,0xff,0xff,0xff,0x0,0x0,0x0,0x0,
0x54,0x0,0x0,0x0,0x54,0x0,0x0,0x0,
0x54,0x0,0x0,0x0,0x0,0x0,0x0,0x0,
0x54,0x0,0x0,0x0,0x54,0x0,0x0,0x0,
0x0,0x0,0x2,0x0,0x54,0x0,0x0,0x0,
0x0,0x0,0x0,0x0,0x84,0x0,0x0,0x0,
0xfe,0x3,0xd0,0x1,0x0,0x0,0x0,0x0,
0x84,0x0,0x0,0x0,0x0,0x0,0x0,0x0,
0x84,0x0,0x0,0x0,0x0,0x0,0x0,0x0,
0xf1,0x0,0x0,0x0,0x0,0x0,0x7,0x0,
0x7e,0x0,0x0,0x0,0x0,0x0,0x0,0x0,
0x0,0x4,0x10,0x2,0x0,0x4,0xc0,0x2,
0x9f,0x0,0x0,0x0,0x0,0x0,0x3,0x0,
0x0,0x0,0x0,0x0,0x5b,0x1,0x0,0x0,
0xff,0x3,0x10,0x2,0xff,0x3,0x70,0x2,
0x0,0x0,0x0,0x0,0x4d,0x1,0x0,0x0,
0x0,0x0,0x0,0x0,0x0,0x0,0xff,0xff,
0xff,0xff,0xff,0xff,0x0,0x0,0x0,0x0,
0x54,0x0,0x0,0x0,0x54,0x0,0x0,0x0,
0x54,0x0,0x0,0x0,0x0,0x0,0x0,0x0,
0x54,0x0,0x0,0x0,0x54,0x0,0x0,0x0,
0x0,0x0,0x4,0x0,0x54,0x0,0x0,0x0,
0x0,0x0,0x0,0x0,0xb4,0x0,0x0,0x0,
0x2,0x4,0xd0,0x1,0x0,0x0,0x0,0x0,
0xb4,0x0,0x0,0x0,0x0,0x0,0x0,0x0,
0xb4,0x0,0x0,0x0,0x0,0x0,0x0,0x0,
0x55,0x1,0x0,0x0,0x0,0x0,0x7,0x0,
0x80,0x0,0x0,0x0,0x0,0x0,0x0,0x0,
0x6,0x4,0x10,0x2,0x6,0x4,0xd0,0x2,
0x50,0x1,0x0,0x0,0x0,0x0,0x7,0x0,
0x7f,0x0,0x0,0x0,0x0,0x0,0x0,0x0,
0x5,0x4,0x10,0x2,0x5,0x4,0xb0,0x2,
0x4f,0x1,0x0,0x0,0x0,0x0,0x1,0x0,
0x1,0x0,0x0,0x0,0x0,0x0,0x0,0x0,
0x4,0x4,0x10,0x2,0x4,0x4,0xd0,0x2,
0x9f,0x0,0x0,0x0,0x0,0x0,0x3,0x0,
0x0,0x0,0x0,0x0,0x5c,0x1,0x0,0x0,
0x3,0x4,0x10,0x2,0x3,0x4,0x70,0x2,
0x0,0x0,0x0,0x0,0x1b,0x1,0x0,0x0,
0x0,0x0,0x0,0x0,0x0,0x0,0xff,0xff,
0xff,0xff,0xff,0xff,0x0,0x0,0x0,0x0,
0x54,0x0,0x0,0x0,0x54,0x0,0x0,0x0,
0x54,0x0,0x0,0x0,0x0,0x0,0x0,0x0,
0x54,0x0,0x0,0x0,0x54,0x0,0x0,0x0,
0x0,0x0,0x4,0x0,0x54,0x0,0x0,0x0,
0x0,0x0,0x0,0x0,0xb4,0x0,0x0,0x0,
0xe,0x4,0xd0,0x1,0x0,0x0,0x0,0x0,
0xb4,0x0,0x0,0x0,0x0,0x0,0x0,0x0,
0xb4,0x0,0x0,0x0,0x0,0x0,0x0,0x0,
0x1a,0x0,0x0,0x0,0x0,0x0,0x3,0x0,
0x0,0x0,0x0,0x0,0x1f,0x1,0x0,0x0,
0x10,0x4,0x10,0x2,0x10,0x4,0x80,0x2,
0x9f,0x0,0x0,0x0,0x0,0x0,0x3,0x0,
0x0,0x0,0x0,0x0,0x5d,0x1,0x0,0x0,
0xf,0x4,0x10,0x2,0xf,0x4,0x70,0x2,
0x6f,0x0,0x0,0x0,0x0,0x0,0x9,0x0,
0xd9,0x0,0x0,0x0,0x0,0x0,0x0,0x0,
0x11,0x4,0x10,0x2,0x11,0x4,0x80,0x2,
0x1d,0x1,0x0,0x0,0x0,0x0,0xa,0x0,
0xd8,0x0,0x0,0x0,0x0,0x0,0x0,0x0,
0xf,0x4,0xf0,0x2,0xf,0x4,0x40,0x3,
0x0,0x0,0x0,0x0,0x0,0x0,0x0,0x0,
0x0,0x0,0x0,0x0,0x0,0x0,0xff,0xff,
0xff,0xff,0xff,0xff,0x0,0x0,0x0,0x0,
0x54,0x0,0x0,0x0,0x54,0x0,0x0,0x0,
0x54,0x0,0x0,0x0,0x0,0x0,0x0,0x0,
0x54,0x0,0x0,0x0,0x54,0x0,0x0,0x0,
0x0,0x0,0x1,0x0,0x54,0x0,0x0,0x0,
0x0,0x0,0x0,0x0,0x6c,0x0,0x0,0x0,
0xf,0x4,0xf0,0x2,0x0,0x0,0x0,0x0,
0x6c,0x0,0x0,0x0,0x0,0x0,0x0,0x0,
0x6c,0x0,0x0,0x0,0x0,0x0,0x0,0x0,
0x1e,0x1,0x0,0x0,0x0,0x0,0x2,0x0,
0x15,0x0,0x0,0x0,0x0,0x0,0x0,0x0,
0xf,0x4,0x40,0x3,0xf,0x4,0xf0,0x3,
0x0,0x0,0x0,0x0,0x0,0x0,0x0,0x0,
0x0,0x0,0x0,0x0,0x0,0x0,0xff,0xff,
0xff,0xff,0xff,0xff,0x0,0x0,0x0,0x0,
0x54,0x0,0x0,0x0,0x54,0x0,0x0,0x0,
0x54,0x0,0x0,0x0,0x0,0x0,0x0,0x0,
0x54,0x0,0x0,0x0,0x54,0x0,0x0,0x0,
0x0,0x0,0x1,0x0,0x54,0x0,0x0,0x0,
0x0,0x0,0x0,0x0,0x6c,0x0,0x0,0x0,
0x11,0x4,0x10,0x2,0x0,0x0,0x0,0x0,
0x6c,0x0,0x0,0x0,0x0,0x0,0x0,0x0,
0x6c,0x0,0x0,0x0,0x0,0x0,0x0,0x0,
0xe9,0x0,0x0,0x0,0x0,0x0,0x7,0x0,
0x81,0x0,0x0,0x0,0x0,0x0,0x0,0x0,
0x11,0x4,0x80,0x2,0x11,0x4,0x30,0x3,
0x0,0x0,0x0,0x0,0x4d,0x1,0x0,0x0,
0x0,0x0,0x0,0x0,0x0,0x0,0xff,0xff,
0xff,0xff,0xff,0xff,0x0,0x0,0x0,0x0,
0x54,0x0,0x0,0x0,0x54,0x0,0x0,0x0,
0x54,0x0,0x0,0x0,0x0,0x0,0x0,0x0,
0x54,0x0,0x0,0x0,0x54,0x0,0x0,0x0,
0x0,0x0,0x2,0x0,0x54,0x0,0x0,0x0,
0x0,0x0,0x0,0x0,0x84,0x0,0x0,0x0,
0x13,0x4,0xd0,0x1,0x0,0x0,0x0,0x0,
0x84,0x0,0x0,0x0,0x0,0x0,0x0,0x0,
0x84,0x0,0x0,0x0,0x0,0x0,0x0,0x0,
0xf1,0x0,0x0,0x0,0x0,0x0,0x7,0x0,
0x82,0x0,0x0,0x0,0x0,0x0,0x0,0x0,
0x15,0x4,0x10,0x2,0x15,0x4,0xc0,0x2,
0x9f,0x0,0x0,0x0,0x0,0x0,0x3,0x0,
0x0,0x0,0x0,0x0,0x5e,0x1,0x0,0x0,
0x14,0x4,0x10,0x2,0x14,0x4,0x70,0x2,
0x0,0x0,0x0,0x0,0x4d,0x1,0x0,0x0,
0x0,0x0,0x0,0x0,0x0,0x0,0xff,0xff,
0xff,0xff,0xff,0xff,0x0,0x0,0x0,0x0,
0x54,0x0,0x0,0x0,0x54,0x0,0x0,0x0,
0x54,0x0,0x0,0x0,0x0,0x0,0x0,0x0,
0x54,0x0,0x0,0x0,0x54,0x0,0x0,0x0,
0x0,0x0,0x2,0x0,0x54,0x0,0x0,0x0,
0x0,0x0,0x0,0x0,0x84,0x0,0x0,0x0,
0x17,0x4,0xd0,0x1,0x0,0x0,0x0,0x0,
0x84,0x0,0x0,0x0,0x0,0x0,0x0,0x0,
0x84,0x0,0x0,0x0,0x0,0x0,0x0,0x0,
0xf1,0x0,0x0,0x0,0x0,0x0,0x7,0x0,
0x83,0x0,0x0,0x0,0x0,0x0,0x0,0x0,
0x19,0x4,0x10,0x2,0x19,0x4,0xc0,0x2,
0x9f,0x0,0x0,0x0,0x0,0x0,0x3,0x0,
0x0,0x0,0x0,0x0,0x52,0x1,0x0,0x0,
0x18,0x4,0x10,0x2,0x18,0x4,0x70,0x2,
0x0,0x0,0x0,0x0,0x4d,0x1,0x0,0x0,
0x0,0x0,0x0,0x0,0x0,0x0,0xff,0xff,
0xff,0xff,0xff,0xff,0x0,0x0,0x0,0x0,
0x54,0x0,0x0,0x0,0x54,0x0,0x0,0x0,
0x54,0x0,0x0,0x0,0x0,0x0,0x0,0x0,
0x54,0x0,0x0,0x0,0x54,0x0,0x0,0x0,
0x0,0x0,0x4,0x0,0x54,0x0,0x0,0x0,
0x0,0x0,0x0,0x0,0xb4,0x0,0x0,0x0,
0x1b,0x4,0xd0,0x1,0x0,0x0,0x0,0x0,
0xb4,0x0,0x0,0x0,0x0,0x0,0x0,0x0,
0xb4,0x0,0x0,0x0,0x0,0x0,0x0,0x0,
0xf1,0x0,0x0,0x0,0x0,0x0,0x7,0x0,
0x85,0x0,0x0,0x0,0x0,0x0,0x0,0x0,
0x1f,0x4,0x10,0x2,0x1f,0x4,0xc0,0x2,
0x50,0x1,0x0,0x0,0x0,0x0,0x7,0x0,
0x84,0x0,0x0,0x0,0x0,0x0,0x0,0x0,
0x1e,0x4,0x10,0x2,0x1e,0x4,0xb0,0x2,
0x4f,0x1,0x0,0x0,0x0,0x0,0x1,0x0,
0x1,0x0,0x0,0x0,0x0,0x0,0x0,0x0,
0x1d,0x4,0x10,0x2,0x1d,0x4,0xd0,0x2,
0x9f,0x0,0x0,0x0,0x0,0x0,0x3,0x0,
0x0,0x0,0x0,0x0,0x58,0x1,0x0,0x0,
0x1c,0x4,0x10,0x2,0x1c,0x4,0x70,0x2,
0x0,0x0,0x0,0x0,0x4d,0x1,0x0,0x0,
0x0,0x0,0x0,0x0,0x0,0x0,0xff,0xff,
0xff,0xff,0xff,0xff,0x0,0x0,0x0,0x0,
0x54,0x0,0x0,0x0,0x54,0x0,0x0,0x0,
0x54,0x0,0x0,0x0,0x0,0x0,0x0,0x0,
0x54,0x0,0x0,0x0,0x54,0x0,0x0,0x0,
0x0,0x0,0x2,0x0,0x54,0x0,0x0,0x0,
0x0,0x0,0x0,0x0,0x84,0x0,0x0,0x0,
0x21,0x4,0xd0,0x1,0x0,0x0,0x0,0x0,
0x84,0x0,0x0,0x0,0x0,0x0,0x0,0x0,
0x84,0x0,0x0,0x0,0x0,0x0,0x0,0x0,
0xf1,0x0,0x0,0x0,0x0,0x0,0x7,0x0,
0x86,0x0,0x0,0x0,0x0,0x0,0x0,0x0,
0x23,0x4,0x10,0x2,0x23,0x4,0xc0,0x2,
0x9f,0x0,0x0,0x0,0x0,0x0,0x3,0x0,
0x0,0x0,0x0,0x0,0x57,0x1,0x0,0x0,
0x22,0x4,0x10,0x2,0x22,0x4,0x70,0x2,
0x0,0x0,0x0,0x0,0x4d,0x1,0x0,0x0,
0x0,0x0,0x0,0x0,0x0,0x0,0xff,0xff,
0xff,0xff,0xff,0xff,0x0,0x0,0x0,0x0,
0x54,0x0,0x0,0x0,0x54,0x0,0x0,0x0,
0x54,0x0,0x0,0x0,0x0,0x0,0x0,0x0,
0x54,0x0,0x0,0x0,0x54,0x0,0x0,0x0,
0x0,0x0,0x2,0x0,0x54,0x0,0x0,0x0,
0x0,0x0,0x0,0x0,0x84,0x0,0x0,0x0,
0x25,0x4,0xd0,0x1,0x0,0x0,0x0,0x0,
0x84,0x0,0x0,0x0,0x0,0x0,0x0,0x0,
0x84,0x0,0x0,0x0,0x0,0x0,0x0,0x0,
0xf1,0x0,0x0,0x0,0x0,0x0,0x7,0x0,
0x87,0x0,0x0,0x0,0x0,0x0,0x0,0x0,
0x27,0x4,0x10,0x2,0x27,0x4,0xc0,0x2,
0x9f,0x0,0x0,0x0,0x0,0x0,0x3,0x0,
0x0,0x0,0x0,0x0,0x5f,0x1,0x0,0x0,
0x26,0x4,0x10,0x2,0x26,0x4,0x70,0x2,
0x0,0x0,0x0,0x0,0x4d,0x1,0x0,0x0,
0x0,0x0,0x0,0x0,0x0,0x0,0xff,0xff,
0xff,0xff,0xff,0xff,0x0,0x0,0x0,0x0,
0x54,0x0,0x0,0x0,0x54,0x0,0x0,0x0,
0x54,0x0,0x0,0x0,0x0,0x0,0x0,0x0,
0x54,0x0,0x0,0x0,0x54,0x0,0x0,0x0,
0x0,0x0,0x2,0x0,0x54,0x0,0x0,0x0,
0x0,0x0,0x0,0x0,0x84,0x0,0x0,0x0,
0x29,0x4,0xd0,0x1,0x0,0x0,0x0,0x0,
0x84,0x0,0x0,0x0,0x0,0x0,0x0,0x0,
0x84,0x0,0x0,0x0,0x0,0x0,0x0,0x0,
0xf1,0x0,0x0,0x0,0x0,0x0,0x7,0x0,
0x88,0x0,0x0,0x0,0x0,0x0,0x0,0x0,
0x2b,0x4,0x10,0x2,0x2b,0x4,0xc0,0x2,
0x9f,0x0,0x0,0x0,0x0,0x0,0x3,0x0,
0x0,0x0,0x0,0x0,0x60,0x1,0x0,0x0,
0x2a,0x4,0x10,0x2,0x2a,0x4,0x70,0x2,
0x0,0x0,0x0,0x0,0xba,0x0,0x0,0x0,
0x0,0x0,0x0,0x0,0x0,0x0,0xff,0xff,
0xff,0xff,0xff,0xff,0x0,0x0,0x0,0x0,
0x54,0x0,0x0,0x0,0x54,0x0,0x0,0x0,
0x54,0x0,0x0,0x0,0x0,0x0,0x0,0x0,
0x54,0x0,0x0,0x0,0x54,0x0,0x0,0x0,
0x0,0x0,0x17,0x0,0x54,0x0,0x0,0x0,
0x0,0x0,0x0,0x0,0x7c,0x2,0x0,0x0,
0x2f,0x4,0x90,0x1,0x0,0x0,0x0,0x0,
0x7c,0x2,0x0,0x0,0x0,0x0,0x0,0x0,
0x7c,0x2,0x0,0x0,0x0,0x0,0x0,0x0,
0xb2,0x0,0x0,0x0,0x0,0x0,0x7,0x0,
0x89,0x0,0x0,0x0,0x0,0x0,0x0,0x0,
0x30,0x4,0xd0,0x1,0x30,0x4,0x60,0x2,
0x0,0x0,0x0,0x0,0x0,0x0,0x8,0x0,
0xe2,0x0,0x0,0x0,0x0,0x0,0x0,0x0,
0x32,0x4,0xd0,0x1,0x32,0x4,0xd0,0x1,
0x0,0x0,0x0,0x0,0x0,0x0,0x8,0x0,
0xe4,0x0,0x0,0x0,0x0,0x0,0x0,0x0,
0x36,0x4,0xd0,0x1,0x36,0x4,0xd0,0x1,
0x0,0x0,0x0,0x0,0x0,0x0,0x8,0x0,
0xe6,0x0,0x0,0x0,0x0,0x0,0x0,0x0,
0x3d,0x4,0xd0,0x1,0x3d,0x4,0xd0,0x1,
0x0,0x0,0x0,0x0,0x0,0x0,0x8,0x0,
0xe9,0x0,0x0,0x0,0x0,0x0,0x0,0x0,
0x42,0x4,0xd0,0x1,0x42,0x4,0xd0,0x1,
0x0,0x0,0x0,0x0,0x0,0x0,0x8,0x0,
0xea,0x0,0x0,0x0,0x0,0x0,0x0,0x0,
0x60,0x4,0xd0,0x1,0x60,0x4,0xd0,0x1,
0x0,0x0,0x0,0x0,0x0,0x0,0x8,0x0,
0xec,0x0,0x0,0x0,0x0,0x0,0x0,0x0,
0x64,0x4,0xd0,0x1,0x64,0x4,0xd0,0x1,
0x0,0x0,0x0,0x0,0x0,0x0,0x8,0x0,
0xed,0x0,0x0,0x0,0x0,0x0,0x0,0x0,
0x67,0x4,0xd0,0x1,0x67,0x4,0xd0,0x1,
0x0,0x0,0x0,0x0,0x0,0x0,0x8,0x0,
0xf0,0x0,0x0,0x0,0x0,0x0,0x0,0x0,
0x75,0x4,0xd0,0x1,0x75,0x4,0xd0,0x1,
0x0,0x0,0x0,0x0,0x0,0x0,0x8,0x0,
0xf1,0x0,0x0,0x0,0x0,0x0,0x0,0x0,
0x79,0x4,0xd0,0x1,0x79,0x4,0xd0,0x1,
0x0,0x0,0x0,0x0,0x0,0x0,0x8,0x0,
0xf4,0x0,0x0,0x0,0x0,0x0,0x0,0x0,
0x88,0x4,0xd0,0x1,0x88,0x4,0xd0,0x1,
0x0,0x0,0x0,0x0,0x0,0x0,0x8,0x0,
0xf5,0x0,0x0,0x0,0x0,0x0,0x0,0x0,
0x8b,0x4,0xd0,0x1,0x8b,0x4,0xd0,0x1,
0x0,0x0,0x0,0x0,0x0,0x0,0x8,0x0,
0xfa,0x0,0x0,0x0,0x0,0x0,0x0,0x0,
0x96,0x4,0xd0,0x1,0x96,0x4,0xd0,0x1,
0x0,0x0,0x0,0x0,0x0,0x0,0x8,0x0,
0xfb,0x0,0x0,0x0,0x0,0x0,0x0,0x0,
0x99,0x4,0xd0,0x1,0x99,0x4,0xd0,0x1,
0x0,0x0,0x0,0x0,0x0,0x0,0x8,0x0,
0xfc,0x0,0x0,0x0,0x0,0x0,0x0,0x0,
0x9c,0x4,0xd0,0x1,0x9c,0x4,0xd0,0x1,
0x0,0x0,0x0,0x0,0x0,0x0,0x8,0x0,
0x1,0x1,0x0,0x0,0x0,0x0,0x0,0x0,
0xa7,0x4,0xd0,0x1,0xa7,0x4,0xd0,0x1,
0x0,0x0,0x0,0x0,0x0,0x0,0x8,0x0,
0x2,0x1,0x0,0x0,0x0,0x0,0x0,0x0,
0xaa,0x4,0xd0,0x1,0xaa,0x4,0xd0,0x1,
0x0,0x0,0x0,0x0,0x0,0x0,0x8,0x0,
0x7,0x1,0x0,0x0,0x0,0x0,0x0,0x0,
0xb5,0x4,0xd0,0x1,0xb5,0x4,0xd0,0x1,
0x0,0x0,0x0,0x0,0x0,0x0,0x8,0x0,
0x8,0x1,0x0,0x0,0x0,0x0,0x0,0x0,
0xb8,0x4,0xd0,0x1,0xb8,0x4,0xd0,0x1,
0x0,0x0,0x0,0x0,0x0,0x0,0x8,0x0,
0xd,0x1,0x0,0x0,0x0,0x0,0x0,0x0,
0xc3,0x4,0xd0,0x1,0xc3,0x4,0xd0,0x1,
0x0,0x0,0x0,0x0,0x0,0x0,0x8,0x0,
0xe,0x1,0x0,0x0,0x0,0x0,0x0,0x0,
0xc6,0x4,0xd0,0x1,0xc6,0x4,0xd0,0x1,
0x0,0x0,0x0,0x0,0x0,0x0,0x8,0x0,
0x10,0x1,0x0,0x0,0x0,0x0,0x0,0x0,
0xca,0x4,0xd0,0x1,0xca,0x4,0xd0,0x1,
0x64,0x0,0x0,0x0,0x0,0x0,0xa,0x0,
0xe1,0x0,0x0,0x0,0x0,0x0,0x0,0x0,
0x31,0x4,0xd0,0x1,0x31,0x4,0x50,0x2,
0x0,0x0,0x0,0x0,0x0,0x0,0x0,0x0,
0x0,0x0,0x0,0x0,0x0,0x0,0xff,0xff,
0xff,0xff,0xff,0xff,0x0,0x0,0x0,0x0,
0x54,0x0,0x0,0x0,0x54,0x0,0x0,0x0,
0x54,0x0,0x0,0x0,0x0,0x0,0x0,0x0,
0x54,0x0,0x0,0x0,0x54,0x0,0x0,0x0,
0x0,0x0,0x1,0x0,0x54,0x0,0x0,0x0,
0x0,0x0,0x0,0x0,0x6c,0x0,0x0,0x0,
0x31,0x4,0xd0,0x1,0x0,0x0,0x0,0x0,
0x6c,0x0,0x0,0x0,0x0,0x0,0x0,0x0,
0x6c,0x0,0x0,0x0,0x0,0x0,0x0,0x0,
0x17,0x1,0x0,0x0,0x0,0x0,0x7,0x0,
0x8a,0x0,0x0,0x0,0x0,0x0,0x0,0x0,
0x31,0x4,0x50,0x2,0x31,0x4,0x50,0x3,
0x0,0x0,0x0,0x0,0xeb,0x0,0x0,0x0,
0x0,0x0,0x0,0x0,0x0,0x0,0xff,0xff,
0xff,0xff,0xff,0xff,0x0,0x0,0x0,0x0,
0x54,0x0,0x0,0x0,0x54,0x0,0x0,0x0,
0x54,0x0,0x0,0x0,0x0,0x0,0x0,0x0,
0x54,0x0,0x0,0x0,0x54,0x0,0x0,0x0,
0x0,0x0,0x2,0x0,0x54,0x0,0x0,0x0,
0x0,0x0,0x0,0x0,0x84,0x0,0x0,0x0,
0x32,0x4,0xd0,0x1,0x0,0x0,0x0,0x0,
0x84,0x0,0x0,0x0,0x0,0x0,0x0,0x0,
0x84,0x0,0x0,0x0,0x0,0x0,0x0,0x0,
0x9f,0x0,0x0,0x0,0x0,0x0,0x3,0x0,
0x0,0x0,0x0,0x0,0x61,0x1,0x0,0x0,
0x34,0x4,0x10,0x2,0x34,0x4,0x70,0x2,
0x6f,0x0,0x0,0x0,0x0,0x0,0x9,0x0,
0xe3,0x0,0x0,0x0,0x0,0x0,0x0,0x0,
0x33,0x4,0x10,0x2,0x33,0x4,0x80,0x2,
0x0,0x0,0x0,0x0,0x0,0x0,0x0,0x0,
0x0,0x0,0x0,0x0,0x0,0x0,0xff,0xff,
0xff,0xff,0xff,0xff,0x0,0x0,0x0,0x0,
0x54,0x0,0x0,0x0,0x54,0x0,0x0,0x0,
0x54,0x0,0x0,0x0,0x0,0x0,0x0,0x0,
0x54,0x0,0x0,0x0,0x54,0x0,0x0,0x0,
0x0,0x0,0x1,0x0,0x54,0x0,0x0,0x0,
0x0,0x0,0x0,0x0,0x6c,0x0,0x0,0x0,
0x33,0x4,0x10,0x2,0x0,0x0,0x0,0x0,
0x6c,0x0,0x0,0x0,0x0,0x0,0x0,0x0,
0x6c,0x0,0x0,0x0,0x0,0x0,0x0,0x0,
0xa7,0x0,0x0,0x0,0x0,0x0,0x2,0x0,
0x13,0x0,0x0,0x0,0x0,0x0,0x0,0x0,
0x33,0x4,0x80,0x2,0x33,0x4,0x40,0x3,
0x0,0x0,0x0,0x0,0x6a,0x0,0x0,0x0,
0x0,0x0,0x0,0x0,0x0,0x0,0xff,0xff,
0xff,0xff,0xff,0xff,0x0,0x0,0x0,0x0,
0x54,0x0,0x0,0x0,0x54,0x0,0x0,0x0,
0x54,0x0,0x0,0x0,0x0,0x0,0x0,0x0,
0x54,0x0,0x0,0x0,0x54,0x0,0x0,0x0,
0x0,0x0,0x2,0x0,0x54,0x0,0x0,0x0,
0x0,0x0,0x0,0x0,0x84,0x0,0x0,0x0,
0x36,0x4,0xd0,0x1,0x0,0x0,0x0,0x0,
0x84,0x0,0x0,0x0,0x0,0x0,0x0,0x0,
0x84,0x0,0x0,0x0,0x0,0x0,0x0,0x0,
0x1a,0x0,0x0,0x0,0x0,0x0,0x3,0x0,
0x0,0x0,0x0,0x0,0x22,0x0,0x0,0x0,
0x3b,0x4,0x10,0x2,0x3b,0x4,0x80,0x2,
0x6f,0x0,0x0,0x0,0x0,0x0,0x9,0x0,
0xe5,0x0,0x0,0x0,0x0,0x0,0x0,0x0,
0x37,0x4,0x10,0x2,0x37,0x4,0x80,0x2,
0x0,0x0,0x0,0x0,0x0,0x0,0x0,0x0,
0x0,0x0,0x0,0x0,0x0,0x0,0xff,0xff,
0xff,0xff,0xff,0xff,0x0,0x0,0x0,0x0,
0x54,0x0,0x0,0x0,0x54,0x0,0x0,0x0,
0x54,0x0,0x0,0x0,0x0,0x0,0x0,0x0,
0x54,0x0,0x0,0x0,0x54,0x0,0x0,0x0,
0x0,0x0,0x4,0x0,0x54,0x0,0x0,0x0,
0x0,0x0,0x0,0x0,0xb4,0x0,0x0,0x0,
0x37,0x4,0x10,0x2,0x0,0x0,0x0,0x0,
0xb4,0x0,0x0,0x0,0x0,0x0,0x0,0x0,
0xb4,0x0,0x0,0x0,0x0,0x0,0x0,0x0,
0xa9,0x0,0x0,0x0,0x0,0x0,0x2,0x0,
0xf,0x0,0x0,0x0,0x0,0x0,0x0,0x0,
0x3a,0x4,0x80,0x2,0x3a,0x4,0x50,0x3,
0xa7,0x0,0x0,0x0,0x0,0x0,0x2,0x0,
0xf,0x0,0x0,0x0,0x0,0x0,0x0,0x0,
0x39,0x4,0x80,0x2,0x39,0x4,0x40,0x3,
0x70,0x0,0x0,0x0,0x0,0x0,0x2,0x0,
0x1b,0x0,0x0,0x0,0x0,0x0,0x0,0x0,
0x38,0x4,0x80,0x2,0x38,0x4,0x90,0x3,
0x71,0x0,0x0,0x0,0x0,0x0,0x2,0x0,
0xd,0x0,0x0,0x0,0x0,0x0,0x0,0x0,
0x37,0x4,0x80,0x2,0x37,0x4,0x80,0x3,
0x0,0x0,0x0,0x0,0x1b,0x1,0x0,0x0,
0x0,0x0,0x0,0x0,0x0,0x0,0xff,0xff,
0xff,0xff,0xff,0xff,0x0,0x0,0x0,0x0,
0x54,0x0,0x0,0x0,0x54,0x0,0x0,0x0,
0x54,0x0,0x0,0x0,0x0,0x0,0x0,0x0,
0x54,0x0,0x0,0x0,0x54,0x0,0x0,0x0,
0x0,0x0,0x4,0x0,0x54,0x0,0x0,0x0,
0x0,0x0,0x0,0x0,0xb4,0x0,0x0,0x0,
0x3d,0x4,0xd0,0x1,0x0,0x0,0x0,0x0,
0xb4,0x0,0x0,0x0,0x0,0x0,0x0,0x0,
0xb4,0x0,0x0,0x0,0x0,0x0,0x0,0x0,
0x1a,0x0,0x0,0x0,0x0,0x0,0x3,0x0,
0x0,0x0,0x0,0x0,0x1f,0x1,0x0,0x0,
0x3f,0x4,0x10,0x2,0x3f,0x4,0x80,0x2,
0x9f,0x0,0x0,0x0,0x0,0x0,0x3,0x0,
0x0,0x0,0x0,0x0,0x62,0x1,0x0,0x0,
0x3e,0x4,0x10,0x2,0x3e,0x4,0x70,0x2,
0x6f,0x0,0x0,0x0,0x0,0x0,0x9,0x0,
0xe8,0x0,0x0,0x0,0x0,0x0,0x0,0x0,
0x40,0x4,0x10,0x2,0x40,0x4,0x80,0x2,
0x1d,0x1,0x0,0x0,0x0,0x0,0xa,0x0,
0xe7,0x0,0x0,0x0,0x0,0x0,0x0,0x0,
0x3e,0x4,0xd0,0x2,0x3e,0x4,0x20,0x3,
0x0,0x0,0x0,0x0,0x0,0x0,0x0,0x0,
0x0,0x0,0x0,0x0,0x0,0x0,0xff,0xff,
0xff,0xff,0xff,0xff,0x0,0x0,0x0,0x0,
0x54,0x0,0x0,0x0,0x54,0x0,0x0,0x0,
0x54,0x0,0x0,0x0,0x0,0x0,0x0,0x0,
0x54,0x0,0x0,0x0,0x54,0x0,0x0,0x0,
0x0,0x0,0x1,0x0,0x54,0x0,0x0,0x0,
0x0,0x0,0x0,0x0,0x6c,0x0,0x0,0x0,
0x3e,0x4,0xd0,0x2,0x0,0x0,0x0,0x0,
0x6c,0x0,0x0,0x0,0x0,0x0,0x0,0x0,
0x6c,0x0,0x0,0x0,0x0,0x0,0x0,0x0,
0x1e,0x1,0x0,0x0,0x0,0x0,0x2,0x0,
0x15,0x0,0x0,0x0,0x0,0x0,0x0,0x0,
0x3e,0x4,0x20,0x3,0x3e,0x4,0xd0,0x3,
0x0,0x0,0x0,0x0,0x0,0x0,0x0,0x0,
0x0,0x0,0x0,0x0,0x0,0x0,0xff,0xff,
0xff,0xff,0xff,0xff,0x0,0x0,0x0,0x0,
0x54,0x0,0x0,0x0,0x54,0x0,0x0,0x0,
0x54,0x0,0x0,0x0,0x0,0x0,0x0,0x0,
0x54,0x0,0x0,0x0,0x54,0x0,0x0,0x0,
0x0,0x0,0x1,0x0,0x54,0x0,0x0,0x0,
0x0,0x0,0x0,0x0,0x6c,0x0,0x0,0x0,
0x40,0x4,0x10,0x2,0x0,0x0,0x0,0x0,
0x6c,0x0,0x0,0x0,0x0,0x0,0x0,0x0,
0x6c,0x0,0x0,0x0,0x0,0x0,0x0,0x0,
0xe9,0x0,0x0,0x0,0x0,0x0,0x7,0x0,
0x8b,0x0,0x0,0x0,0x0,0x0,0x0,0x0,
0x40,0x4,0x80,0x2,0x40,0x4,0x30,0x3,
0x0,0x0,0x0,0x0,0x4d,0x1,0x0,0x0,
0x0,0x0,0x0,0x0,0x0,0x0,0xff,0xff,
0xff,0xff,0xff,0xff,0x0,0x0,0x0,0x0,
0x54,0x0,0x0,0x0,0x54,0x0,0x0,0x0,
0x54,0x0,0x0,0x0,0x0,0x0,0x0,0x0,
0x54,0x0,0x0,0x0,0x54,0x0,0x0,0x0,
0x0,0x0,0x4,0x0,0x54,0x0,0x0,0x0,
0x0,0x0,0x0,0x0,0xb4,0x0,0x0,0x0,
0x42,0x4,0xd0,0x1,0x0,0x0,0x0,0x0,
0xb4,0x0,0x0,0x0,0x0,0x0,0x0,0x0,
0xb4,0x0,0x0,0x0,0x0,0x0,0x0,0x0,
0x55,0x1,0x0,0x0,0x0,0x2,0x7,0x0,
0x8d,0x0,0x0,0x0,0x0,0x0,0x0,0x0,
0x46,0x4,0x10,0x2,0x46,0x4,0xd0,0x2,
0x50,0x1,0x0,0x0,0x0,0x0,0x7,0x0,
0x8c,0x0,0x0,0x0,0x0,0x0,0x0,0x0,
0x45,0x4,0x10,0x2,0x45,0x4,0xb0,0x2,
0x4f,0x1,0x0,0x0,0x0,0x0,0x1,0x0,
0x1,0x0,0x0,0x0,0x0,0x0,0x0,0x0,
0x44,0x4,0x10,0x2,0x44,0x4,0xd0,0x2,
0x9f,0x0,0x0,0x0,0x0,0x0,0x3,0x0,
0x0,0x0,0x0,0x0,0x63,0x1,0x0,0x0,
0x43,0x4,0x10,0x2,0x43,0x4,0x70,0x2,
0x0,0x0,0x0,0x0,0x1b,0x1,0x0,0x0,
0x0,0x0,0x0,0x0,0x0,0x0,0xff,0xff,
0xff,0xff,0xff,0xff,0x0,0x0,0x0,0x0,
0x54,0x0,0x0,0x0,0x54,0x0,0x0,0x0,
0x54,0x0,0x0,0x0,0x0,0x0,0x0,0x0,
0x54,0x0,0x0,0x0,0x54,0x0,0x0,0x0,
0x0,0x0,0x3,0x0,0x54,0x0,0x0,0x0,
0x0,0x0,0x0,0x0,0x9c,0x0,0x0,0x0,
0x60,0x4,0xd0,0x1,0x0,0x0,0x0,0x0,
0x9c,0x0,0x0,0x0,0x0,0x0,0x0,0x0,
0x9c,0x0,0x0,0x0,0x0,0x0,0x0,0x0,
0x1a,0x0,0x0,0x0,0x0,0x0,0x3,0x0,
0x0,0x0,0x0,0x0,0x1f,0x1,0x0,0x0,
0x62,0x4,0x10,0x2,0x62,0x4,0x80,0x2,
0x9f,0x0,0x0,0x0,0x0,0x0,0x3,0x0,
0x0,0x0,0x0,0x0,0x64,0x1,0x0,0x0,
0x61,0x4,0x10,0x2,0x61,0x4,0x70,0x2,
0x1d,0x1,0x0,0x0,0x0,0x0,0xa,0x0,
0xeb,0x0,0x0,0x0,0x0,0x0,0x0,0x0,
0x61,0x4,0xd0,0x2,0x61,0x4,0x20,0x3,
0x0,0x0,0x0,0x0,0x0,0x0,0x0,0x0,
0x0,0x0,0x0,0x0,0x0,0x0,0xff,0xff,
0xff,0xff,0xff,0xff,0x0,0x0,0x0,0x0,
0x54,0x0,0x0,0x0,0x54,0x0,0x0,0x0,
0x54,0x0,0x0,0x0,0x0,0x0,0x0,0x0,
0x54,0x0,0x0,0x0,0x54,0x0,0x0,0x0,
0x0,0x0,0x1,0x0,0x54,0x0,0x0,0x0,
0x0,0x0,0x0,0x0,0x6c,0x0,0x0,0x0,
0x61,0x4,0xd0,0x2,0x0,0x0,0x0,0x0,
0x6c,0x0,0x0,0x0,0x0,0x0,0x0,0x0,
0x6c,0x0,0x0,0x0,0x0,0x0,0x0,0x0,
0x1e,0x1,0x0,0x0,0x0,0x0,0x2,0x0,
0x15,0x0,0x0,0x0,0x0,0x0,0x0,0x0,
0x61,0x4,0x20,0x3,0x61,0x4,0xd0,0x3,
0x0,0x0,0x0,0x0,0x1b,0x1,0x0,0x0,
0x0,0x0,0x0,0x0,0x0,0x0,0xff,0xff,
0xff,0xff,0xff,0xff,0x0,0x0,0x0,0x0,
0x54,0x0,0x0,0x0,0x54,0x0,0x0,0x0,
0x54,0x0,0x0,0x0,0x0,0x0,0x0,0x0,
0x54,0x0,0x0,0x0,0x54,0x0,0x0,0x0,
0x0,0x0,0x1,0x0,0x54,0x0,0x0,0x0,
0x0,0x0,0x0,0x0,0x6c,0x0,0x0,0x0,
0x64,0x4,0xd0,0x1,0x0,0x0,0x0,0x0,
0x6c,0x0,0x0,0x0,0x0,0x0,0x0,0x0,
0x6c,0x0,0x0,0x0,0x0,0x0,0x0,0x0,
0x9f,0x0,0x0,0x0,0x0,0x0,0x3,0x0,
0x0,0x0,0x0,0x0,0x65,0x1,0x0,0x0,
0x65,0x4,0x10,0x2,0x65,0x4,0x70,0x2,
0x0,0x0,0x0,0x0,0x66,0x1,0x0,0x0,
0x67,0x1,0x0,0x0,0x0,0x0,0xff,0xff,
0xff,0xff,0xff,0xff,0x0,0x0,0x0,0x0,
0x54,0x0,0x0,0x0,0x54,0x0,0x0,0x0,
0x54,0x0,0x0,0x0,0x0,0x0,0x0,0x0,
0x54,0x0,0x0,0x0,0x54,0x0,0x0,0x0,
0x0,0x0,0x6,0x0,0x54,0x0,0x0,0x0,
0x0,0x0,0x0,0x0,0xe4,0x0,0x0,0x0,
0x67,0x4,0xd0,0x1,0x68,0x4,0x10,0x2,
0xe4,0x0,0x0,0x0,0x0,0x0,0x0,0x0,
0xe4,0x0,0x0,0x0,0x0,0x0,0x0,0x0,
0x14,0x1,0x0,0x0,0x0,0x0,0x7,0x0,
0x90,0x0,0x0,0x0,0x0,0x0,0x0,0x0,
0x6f,0x4,0x10,0x2,0x6f,0x4,0x80,0x3,
0x22,0x1,0x0,0x0,0x0,0x0,0x7,0x0,
0x8f,0x0,0x0,0x0,0x0,0x0,0x0,0x0,
0x6e,0x4,0x10,0x2,0x6e,0x4,0x80,0x2,
0xfb,0x0,0x0,0x0,0x0,0x0,0x2,0x0,
0x4,0x0,0x0,0x0,0x0,0x0,0x0,0x0,
0x6c,0x4,0x10,0x2,0x6c,0x4,0xf0,0x2,
0xfa,0x0,0x0,0x0,0x0,0x0,0x2,0x0,
0x4,0x0,0x0,0x0,0x0,0x0,0x0,0x0,
0x6b,0x4,0x10,0x2,0x6b,0x4,0xe0,0x2,
0x3b,0x0,0x0,0x0,0x0,0x0,0x9,0x0,
0xef,0x0,0x0,0x0,0x0,0x0,0x0,0x0,
0x6d,0x4,0x10,0x2,0x6d,0x4,0xa0,0x2,
0x6f,0x0,0x0,0x0,0x0,0x0,0x9,0x0,
0xee,0x0,0x0,0x0,0x0,0x0,0x0,0x0,
0x69,0x4,0x10,0x2,0x69,0x4,0x80,0x2,
0x0,0x0,0x0,0x0,0x0,0x0,0x0,0x0,
0x0,0x0,0x0,0x0,0x0,0x0,0xff,0xff,
0xff,0xff,0xff,0xff,0x0,0x0,0x0,0x0,
0x54,0x0,0x0,0x0,0x54,0x0,0x0,0x0,
0x54,0x0,0x0,0x0,0x0,0x0,0x0,0x0,
0x54,0x0,0x0,0x0,0x54,0x0,0x0,0x0,
0x0,0x0,0x2,0x0,0x54,0x0,0x0,0x0,
0x0,0x0,0x0,0x0,0x84,0x0,0x0,0x0,
0x69,0x4,0x10,0x2,0x0,0x0,0x0,0x0,
0x84,0x0,0x0,0x0,0x0,0x0,0x0,0x0,
0x84,0x0,0x0,0x0,0x0,0x0,0x0,0x0,
0x71,0x0,0x0,0x0,0x0,0x0,0x2,0x0,
0x1d,0x0,0x0,0x0,0x0,0x0,0x0,0x0,
0x6a,0x4,0x80,0x2,0x6a,0x4,0x80,0x3,
0x70,0x0,0x0,0x0,0x0,0x0,0x2,0x0,
0x1c,0x0,0x0,0x0,0x0,0x0,0x0,0x0,
0x69,0x4,0x80,0x2,0x69,0x4,0x90,0x3,
0x0,0x0,0x0,0x0,0x0,0x0,0x0,0x0,
0x0,0x0,0x0,0x0,0x0,0x0,0xff,0xff,
0xff,0xff,0xff,0xff,0x0,0x0,0x0,0x0,
0x54,0x0,0x0,0x0,0x54,0x0,0x0,0x0,
0x54,0x0,0x0,0x0,0x0,0x0,0x0,0x0,
0x54,0x0,0x0,0x0,0x54,0x0,0x0,0x0,
0x0,0x0,0x1,0x0,0x54,0x0,0x0,0x0,
0x0,0x0,0x0,0x0,0x6c,0x0,0x0,0x0,
0x6d,0x4,0x10,0x2,0x0,0x0,0x0,0x0,
0x6c,0x0,0x0,0x0,0x0,0x0,0x0,0x0,
0x6c,0x0,0x0,0x0,0x0,0x0,0x0,0x0,
0x73,0x0,0x0,0x0,0x0,0x0,0x3,0x0,
0x0,0x0,0x0,0x0,0x27,0x0,0x0,0x0,
0x6d,0x4,0xa0,0x2,0x6d,0x4,0x20,0x3,
0x0,0x0,0x0,0x0,0x1b,0x1,0x0,0x0,
0x0,0x0,0x0,0x0,0x0,0x0,0xff,0xff,
0xff,0xff,0xff,0xff,0x0,0x0,0x0,0x0,
0x54,0x0,0x0,0x0,0x54,0x0,0x0,0x0,
0x54,0x0,0x0,0x0,0x0,0x0,0x0,0x0,
0x54,0x0,0x0,0x0,0x54,0x0,0x0,0x0,
0x0,0x0,0x2,0x0,0x54,0x0,0x0,0x0,
0x0,0x0,0x0,0x0,0x84,0x0,0x0,0x0,
0x75,0x4,0xd0,0x1,0x0,0x0,0x0,0x0,
0x84,0x0,0x0,0x0,0x0,0x0,0x0,0x0,
0x84,0x0,0x0,0x0,0x0,0x0,0x0,0x0,
0xf,0x0,0x0,0x0,0x0,0x0,0x7,0x0,
0x91,0x0,0x0,0x0,0x0,0x0,0x0,0x0,
0x77,0x4,0x10,0x2,0x77,0x4,0xa0,0x2,
0x9f,0x0,0x0,0x0,0x0,0x0,0x3,0x0,
0x0,0x0,0x0,0x0,0x68,0x1,0x0,0x0,
0x76,0x4,0x10,0x2,0x76,0x4,0x70,0x2,
0x0,0x0,0x0,0x0,0x6a,0x1,0x0,0x0,
0x6b,0x1,0x0,0x0,0x0,0x0,0xff,0xff,
0xff,0xff,0xff,0xff,0x0,0x0,0x0,0x0,
0x54,0x0,0x0,0x0,0x54,0x0,0x0,0x0,
0x54,0x0,0x0,0x0,0x0,0x0,0x0,0x0,
0x54,0x0,0x0,0x0,0x54,0x0,0x0,0x0,
0x0,0x0,0x9,0x0,0x54,0x0,0x0,0x0,
0x0,0x0,0x0,0x0,0x2c,0x1,0x0,0x0,
0x79,0x4,0xd0,0x1,0x7a,0x4,0x10,0x2,
0x2c,0x1,0x0,0x0,0x0,0x0,0x0,0x0,
0x2c,0x1,0x0,0x0,0x0,0x0,0x0,0x0,
0x73,0x1,0x0,0x0,0x0,0x0,0x7,0x0,
0x94,0x0,0x0,0x0,0x0,0x0,0x0,0x0,
0x84,0x4,0x10,0x2,0x84,0x4,0x0,0x3,
0x72,0x1,0x0,0x0,0x0,0x0,0x8,0x0,
0xf3,0x0,0x0,0x0,0x0,0x0,0x0,0x0,
0x81,0x4,0x10,0x2,0x81,0x4,0xc0,0x2,
0x27,0x1,0x0,0x0,0x0,0x0,0x7,0x0,
0x93,0x0,0x0,0x0,0x0,0x0,0x0,0x0,
0x80,0x4,0x10,0x2,0x80,0x4,0x60,0x3,
0xfb,0x0,0x0,0x0,0x0,0x0,0x2,0x0,
0xf,0x0,0x0,0x0,0x0,0x0,0x0,0x0,
0x7f,0x4,0x10,0x3,0x7f,0x4,0xf0,0x3,
0xfa,0x0,0x0,0x0,0x0,0x0,0x2,0x0,
0xf,0x0,0x0,0x0,0x0,0x0,0x0,0x0,
0x7f,0x4,0x10,0x2,0x7f,0x4,0xe0,0x2,
0x6e,0x1,0x0,0x0,0x0,0x0,0x2,0x0,
0x4,0x0,0x0,0x0,0x0,0x0,0x0,0x0,
0x7e,0x4,0x0,0x3,0x7e,0x4,0xf0,0x3,
0x6d,0x1,0x0,0x0,0x0,0x0,0x2,0x0,
0x4,0x0,0x0,0x0,0x0,0x0,0x0,0x0,
0x7e,0x4,0x10,0x2,0x7e,0x4,0xd0,0x2,
0xf,0x0,0x0,0x0,0x0,0x0,0x7,0x0,
0x92,0x0,0x0,0x0,0x0,0x0,0x0,0x0,
0x7b,0x4,0x10,0x2,0x7b,0x4,0xa0,0x2,
0x6f,0x0,0x0,0x0,0x0,0x0,0x9,0x0,
0xf2,0x0,0x0,0x0,0x0,0x0,0x0,0x0,
0x7c,0x4,0x10,0x2,0x7c,0x4,0x80,0x2,
0x0,0x0,0x0,0x0,0x0,0x0,0x0,0x0,
0x0,0x0,0x0,0x0,0x0,0x0,0xff,0xff,
0xff,0xff,0xff,0xff,0x0,0x0,0x0,0x0,
0x54,0x0,0x0,0x0,0x54,0x0,0x0,0x0,
0x54,0x0,0x0,0x0,0x0,0x0,0x0,0x0,
0x54,0x0,0x0,0x0,0x54,0x0,0x0,0x0,
0x0,0x0,0x2,0x0,0x54,0x0,0x0,0x0,
0x0,0x0,0x0,0x0,0x84,0x0,0x0,0x0,
0x7c,0x4,0x10,0x2,0x0,0x0,0x0,0x0,
0x84,0x0,0x0,0x0,0x0,0x0,0x0,0x0,
0x84,0x0,0x0,0x0,0x0,0x0,0x0,0x0,
0x71,0x0,0x0,0x0,0x0,0x0,0x7,0x0,
0x95,0x0,0x0,0x0,0x0,0x0,0x0,0x0,
0x7d,0x4,0x80,0x2,0x7d,0x4,0x80,0x3,
0x70,0x0,0x0,0x0,0x0,0x0,0x2,0x0,
0x10,0x0,0x0,0x0,0x0,0x0,0x0,0x0,
0x7c,0x4,0x80,0x2,0x7c,0x4,0x90,0x3,
0x0,0x0,0x0,0x0,0x6f,0x1,0x0,0x0,
0x0,0x0,0x0,0x0,0x0,0x0,0xff,0xff,
0xff,0xff,0xff,0xff,0x0,0x0,0x0,0x0,
0x54,0x0,0x0,0x0,0x54,0x0,0x0,0x0,
0x54,0x0,0x0,0x0,0x0,0x0,0x0,0x0,
0x54,0x0,0x0,0x0,0x54,0x0,0x0,0x0,
0x0,0x0,0x2,0x0,0x54,0x0,0x0,0x0,
0x0,0x0,0x0,0x0,0x84,0x0,0x0,0x0,
0x81,0x4,0xc0,0x2,0x0,0x0,0x0,0x0,
0x84,0x0,0x0,0x0,0x0,0x0,0x0,0x0,
0x84,0x0,0x0,0x0,0x0,0x0,0x0,0x0,
0x71,0x1,0x0,0x0,0x0,0x0,0x2,0x0,
0x13,0x0,0x0,0x0,0x0,0x0,0x0,0x0,
0x82,0x4,0x0,0x3,0x82,0x4,0x50,0x3,
0x70,0x1,0x0,0x0,0x0,0x0,0x2,0x0,
0x18,0x0,0x0,0x0,0x0,0x0,0x0,0x0,
0x82,0x4,0x50,0x2,0x82,0x4,0xd0,0x2,
0x0,0x0,0x0,0x0,0x1b,0x1,0x0,0x0,
0x0,0x0,0x0,0x0,0x0,0x0,0xff,0xff,
0xff,0xff,0xff,0xff,0x0,0x0,0x0,0x0,
0x54,0x0,0x0,0x0,0x54,0x0,0x0,0x0,
0x54,0x0,0x0,0x0,0x0,0x0,0x0,0x0,
0x54,0x0,0x0,0x0,0x54,0x0,0x0,0x0,
0x0,0x0,0x1,0x0,0x54,0x0,0x0,0x0,
0x0,0x0,0x0,0x0,0x6c,0x0,0x0,0x0,
0x88,0x4,0xd0,0x1,0x0,0x0,0x0,0x0,
0x6c,0x0,0x0,0x0,0x0,0x0,0x0,0x0,
0x6c,0x0,0x0,0x0,0x0,0x0,0x0,0x0,
0x9f,0x0,0x0,0x0,0x0,0x0,0x3,0x0,
0x0,0x0,0x0,0x0,0x75,0x1,0x0,0x0,
0x89,0x4,0x10,0x2,0x89,0x4,0x70,0x2,
0x0,0x0,0x0,0x0,0x6a,0x1,0x0,0x0,
0x76,0x1,0x0,0x0,0x0,0x0,0xff,0xff,
0xff,0xff,0xff,0xff,0x0,0x0,0x0,0x0,
0x54,0x0,0x0,0x0,0x54,0x0,0x0,0x0,
0x54,0x0,0x0,0x0,0x0,0x0,0x0,0x0,
0x54,0x0,0x0,0x0,0x54,0x0,0x0,0x0,
0x0,0x0,0x9,0x0,0x54,0x0,0x0,0x0,
0x0,0x0,0x0,0x0,0x2c,0x1,0x0,0x0,
0x8b,0x4,0xd0,0x1,0x8c,0x4,0x10,0x2,
0x2c,0x1,0x0,0x0,0x0,0x0,0x0,0x0,
0x2c,0x1,0x0,0x0,0x0,0x0,0x0,0x0,
0x72,0x1,0x0,0x0,0x0,0x0,0x8,0x0,
0xf9,0x0,0x0,0x0,0x0,0x0,0x0,0x0,
0x94,0x4,0x10,0x2,0x94,0x4,0xc0,0x2,
0x27,0x1,0x0,0x0,0x0,0x0,0x7,0x0,
0x96,0x0,0x0,0x0,0x0,0x0,0x0,0x0,
0x93,0x4,0x10,0x2,0x93,0x4,0x60,0x3,
0xfb,0x0,0x0,0x0,0x0,0x0,0x2,0x0,
0xf,0x0,0x0,0x0,0x0,0x0,0x0,0x0,
0x90,0x4,0x10,0x3,0x90,0x4,0xf0,0x3,
0xfa,0x0,0x0,0x0,0x0,0x0,0x2,0x0,
0xf,0x0,0x0,0x0,0x0,0x0,0x0,0x0,
0x90,0x4,0x10,0x2,0x90,0x4,0xe0,0x2,
0x6e,0x1,0x0,0x0,0x0,0x0,0x2,0x0,
0x4,0x0,0x0,0x0,0x0,0x0,0x0,0x0,
0x8f,0x4,0x0,0x3,0x8f,0x4,0xf0,0x3,
0x6d,0x1,0x0,0x0,0x0,0x0,0x2,0x0,
0x4,0x0,0x0,0x0,0x0,0x0,0x0,0x0,
0x8f,0x4,0x10,0x2,0x8f,0x4,0xd0,0x2,
0x3b,0x0,0x0,0x0,0x0,0x0,0x9,0x0,
0xf8,0x0,0x0,0x0,0x0,0x0,0x0,0x0,
0x92,0x4,0x10,0x2,0x92,0x4,0xa0,0x2,
0x6f,0x0,0x0,0x0,0x0,0x0,0x9,0x0,
0xf6,0x0,0x0,0x0,0x0,0x0,0x0,0x0,
0x8d,0x4,0x10,0x2,0x8d,0x4,0x80,0x2,
0x1d,0x1,0x0,0x0,0x0,0x0,0xa,0x0,
0xf7,0x0,0x0,0x0,0x0,0x0,0x0,0x0,
0x91,0x4,0x10,0x2,0x91,0x4,0x60,0x2,
0x0,0x0,0x0,0x0,0x0,0x0,0x0,0x0,
0x0,0x0,0x0,0x0,0x0,0x0,0xff,0xff,
0xff,0xff,0xff,0xff,0x0,0x0,0x0,0x0,
0x54,0x0,0x0,0x0,0x54,0x0,0x0,0x0,
0x54,0x0,0x0,0x0,0x0,0x0,0x0,0x0,
0x54,0x0,0x0,0x0,0x54,0x0,0x0,0x0,
0x0,0x0,0x2,0x0,0x54,0x0,0x0,0x0,
0x0,0x0,0x0,0x0,0x84,0x0,0x0,0x0,
0x8d,0x4,0x10,0x2,0x0,0x0,0x0,0x0,
0x84,0x0,0x0,0x0,0x0,0x0,0x0,0x0,
0x84,0x0,0x0,0x0,0x0,0x0,0x0,0x0,
0x71,0x0,0x0,0x0,0x0,0x0,0x7,0x0,
0x97,0x0,0x0,0x0,0x0,0x0,0x0,0x0,
0x8e,0x4,0x80,0x2,0x8e,0x4,0x80,0x3,
0x70,0x0,0x0,0x0,0x0,0x0,0x2,0x0,
0x10,0x0,0x0,0x0,0x0,0x0,0x0,0x0,
0x8d,0x4,0x80,0x2,0x8d,0x4,0x90,0x3,
0x0,0x0,0x0,0x0,0x0,0x0,0x0,0x0,
0x0,0x0,0x0,0x0,0x0,0x0,0xff,0xff,
0xff,0xff,0xff,0xff,0x0,0x0,0x0,0x0,
0x54,0x0,0x0,0x0,0x54,0x0,0x0,0x0,
0x54,0x0,0x0,0x0,0x0,0x0,0x0,0x0,
0x54,0x0,0x0,0x0,0x54,0x0,0x0,0x0,
0x0,0x0,0x1,0x0,0x54,0x0,0x0,0x0,
0x0,0x0,0x0,0x0,0x6c,0x0,0x0,0x0,
0x91,0x4,0x10,0x2,0x0,0x0,0x0,0x0,
0x6c,0x0,0x0,0x0,0x0,0x0,0x0,0x0,
0x6c,0x0,0x0,0x0,0x0,0x0,0x0,0x0,
0x1e,0x1,0x0,0x0,0x0,0x0,0x2,0x0,
0x15,0x0,0x0,0x0,0x0,0x0,0x0,0x0,
0x91,0x4,0x60,0x2,0x91,0x4,0x10,0x3,
0x0,0x0,0x0,0x0,0x0,0x0,0x0,0x0,
0x0,0x0,0x0,0x0,0x0,0x0,0xff,0xff,
0xff,0xff,0xff,0xff,0x0,0x0,0x0,0x0,
0x54,0x0,0x0,0x0,0x54,0x0,0x0,0x0,
0x54,0x0,0x0,0x0,0x0,0x0,0x0,0x0,
0x54,0x0,0x0,0x0,0x54,0x0,0x0,0x0,
0x0,0x0,0x1,0x0,0x54,0x0,0x0,0x0,
0x0,0x0,0x0,0x0,0x6c,0x0,0x0,0x0,
0x92,0x4,0x10,0x2,0x0,0x0,0x0,0x0,
0x6c,0x0,0x0,0x0,0x0,0x0,0x0,0x0,
0x6c,0x0,0x0,0x0,0x0,0x0,0x0,0x0,
0x73,0x0,0x0,0x0,0x0,0x0,0x3,0x0,
0x0,0x0,0x0,0x0,0x27,0x0,0x0,0x0,
0x92,0x4,0xa0,0x2,0x92,0x4,0x20,0x3,
0x0,0x0,0x0,0x0,0x77,0x1,0x0,0x0,
0x0,0x0,0x0,0x0,0x0,0x0,0xff,0xff,
0xff,0xff,0xff,0xff,0x0,0x0,0x0,0x0,
0x54,0x0,0x0,0x0,0x54,0x0,0x0,0x0,
0x54,0x0,0x0,0x0,0x0,0x0,0x0,0x0,
0x54,0x0,0x0,0x0,0x54,0x0,0x0,0x0,
0x0,0x0,0x0,0x0,0x54,0x0,0x0,0x0,
0x0,0x0,0x0,0x0,0x54,0x0,0x0,0x0,
0x94,0x4,0xc0,0x2,0x0,0x0,0x0,0x0,
0x54,0x0,0x0,0x0,0x0,0x0,0x0,0x0,
0x54,0x0,0x0,0x0,0x0,0x0,0x0,0x0,
0x0,0x0,0x0,0x0,0x1b,0x1,0x0,0x0,
0x0,0x0,0x0,0x0,0x0,0x0,0xff,0xff,
0xff,0xff,0xff,0xff,0x0,0x0,0x0,0x0,
0x54,0x0,0x0,0x0,0x54,0x0,0x0,0x0,
0x54,0x0,0x0,0x0,0x0,0x0,0x0,0x0,
0x54,0x0,0x0,0x0,0x54,0x0,0x0,0x0,
0x0,0x0,0x1,0x0,0x54,0x0,0x0,0x0,
0x0,0x0,0x0,0x0,0x6c,0x0,0x0,0x0,
0x96,0x4,0xd0,0x1,0x0,0x0,0x0,0x0,
0x6c,0x0,0x0,0x0,0x0,0x0,0x0,0x0,
0x6c,0x0,0x0,0x0,0x0,0x0,0x0,0x0,
0x9f,0x0,0x0,0x0,0x0,0x0,0x3,0x0,
0x0,0x0,0x0,0x0,0x78,0x1,0x0,0x0,
0x97,0x4,0x10,0x2,0x97,0x4,0x70,0x2,
0x0,0x0,0x0,0x0,0x1b,0x1,0x0,0x0,
0x0,0x0,0x0,0x0,0x0,0x0,0xff,0xff,
0xff,0xff,0xff,0xff,0x0,0x0,0x0,0x0,
0x54,0x0,0x0,0x0,0x54,0x0,0x0,0x0,
0x54,0x0,0x0,0x0,0x0,0x0,0x0,0x0,
0x54,0x0,0x0,0x0,0x54,0x0,0x0,0x0,
0x0,0x0,0x1,0x0,0x54,0x0,0x0,0x0,
0x0,0x0,0x0,0x0,0x6c,0x0,0x0,0x0,
0x99,0x4,0xd0,0x1,0x0,0x0,0x0,0x0,
0x6c,0x0,0x0,0x0,0x0,0x0,0x0,0x0,
0x6c,0x0,0x0,0x0,0x0,0x0,0x0,0x0,
0x9f,0x0,0x0,0x0,0x0,0x0,0x3,0x0,
0x0,0x0,0x0,0x0,0x79,0x1,0x0,0x0,
0x9a,0x4,0x10,0x2,0x9a,0x4,0x70,0x2,
0x0,0x0,0x0,0x0,0x6a,0x1,0x0,0x0,
0x7a,0x1,0x0,0x0,0x0,0x0,0xff,0xff,
0xff,0xff,0xff,0xff,0x0,0x0,0x0,0x0,
0x54,0x0,0x0,0x0,0x54,0x0,0x0,0x0,
0x54,0x0,0x0,0x0,0x0,0x0,0x0,0x0,
0x54,0x0,0x0,0x0,0x54,0x0,0x0,0x0,
0x0,0x0,0x9,0x0,0x54,0x0,0x0,0x0,
0x0,0x0,0x0,0x0,0x2c,0x1,0x0,0x0,
0x9c,0x4,0xd0,0x1,0x9d,0x4,0x10,0x2,
0x2c,0x1,0x0,0x0,0x0,0x0,0x0,0x0,
0x2c,0x1,0x0,0x0,0x0,0x0,0x0,0x0,
0x72,0x1,0x0,0x0,0x0,0x0,0x8,0x0,
0x0,0x1,0x0,0x0,0x0,0x0,0x0,0x0,
0xa5,0x4,0x10,0x2,0xa5,0x4,0xc0,0x2,
0x27,0x1,0x0,0x0,0x0,0x0,0x7,0x0,
0x98,0x0,0x0,0x0,0x0,0x0,0x0,0x0,
0xa4,0x4,0x10,0x2,0xa4,0x4,0x60,0x3,
0xfb,0x0,0x0,0x0,0x0,0x0,0x2,0x0,
0xf,0x0,0x0,0x0,0x0,0x0,0x0,0x0,
0xa1,0x4,0x10,0x3,0xa1,0x4,0xf0,0x3,
0xfa,0x0,0x0,0x0,0x0,0x0,0x2,0x0,
0xf,0x0,0x0,0x0,0x0,0x0,0x0,0x0,
0xa1,0x4,0x10,0x2,0xa1,0x4,0xe0,0x2,
0x6e,0x1,0x0,0x0,0x0,0x0,0x2,0x0,
0x4,0x0,0x0,0x0,0x0,0x0,0x0,0x0,
0xa0,0x4,0x0,0x3,0xa0,0x4,0xf0,0x3,
0x6d,0x1,0x0,0x0,0x0,0x0,0x2,0x0,
0x4,0x0,0x0,0x0,0x0,0x0,0x0,0x0,
0xa0,0x4,0x10,0x2,0xa0,0x4,0xd0,0x2,
0x3b,0x0,0x0,0x0,0x0,0x0,0x9,0x0,
0xff,0x0,0x0,0x0,0x0,0x0,0x0,0x0,
0xa3,0x4,0x10,0x2,0xa3,0x4,0xa0,0x2,
0x6f,0x0,0x0,0x0,0x0,0x0,0x9,0x0,
0xfd,0x0,0x0,0x0,0x0,0x0,0x0,0x0,
0x9e,0x4,0x10,0x2,0x9e,0x4,0x80,0x2,
0x1d,0x1,0x0,0x0,0x0,0x0,0xa,0x0,
0xfe,0x0,0x0,0x0,0x0,0x0,0x0,0x0,
0xa2,0x4,0x10,0x2,0xa2,0x4,0x60,0x2,
0x0,0x0,0x0,0x0,0x0,0x0,0x0,0x0,
0x0,0x0,0x0,0x0,0x0,0x0,0xff,0xff,
0xff,0xff,0xff,0xff,0x0,0x0,0x0,0x0,
0x54,0x0,0x0,0x0,0x54,0x0,0x0,0x0,
0x54,0x0,0x0,0x0,0x0,0x0,0x0,0x0,
0x54,0x0,0x0,0x0,0x54,0x0,0x0,0x0,
0x0,0x0,0x2,0x0,0x54,0x0,0x0,0x0,
0x0,0x0,0x0,0x0,0x84,0x0,0x0,0x0,
0x9e,0x4,0x10,0x2,0x0,0x0,0x0,0x0,
0x84,0x0,0x0,0x0,0x0,0x0,0x0,0x0,
0x84,0x0,0x0,0x0,0x0,0x0,0x0,0x0,
0x71,0x0,0x0,0x0,0x0,0x0,0x7,0x0,
0x99,0x0,0x0,0x0,0x0,0x0,0x0,0x0,
0x9f,0x4,0x80,0x2,0x9f,0x4,0x90,0x3,
0x70,0x0,0x0,0x0,0x0,0x0,0x2,0x0,
0x10,0x0,0x0,0x0,0x0,0x0,0x0,0x0,
0x9e,0x4,0x80,0x2,0x9e,0x4,0x90,0x3,
0x0,0x0,0x0,0x0,0x0,0x0,0x0,0x0,
0x0,0x0,0x0,0x0,0x0,0x0,0xff,0xff,
0xff,0xff,0xff,0xff,0x0,0x0,0x0,0x0,
0x54,0x0,0x0,0x0,0x54,0x0,0x0,0x0,
0x54,0x0,0x0,0x0,0x0,0x0,0x0,0x0,
0x54,0x0,0x0,0x0,0x54,0x0,0x0,0x0,
0x0,0x0,0x1,0x0,0x54,0x0,0x0,0x0,
0x0,0x0,0x0,0x0,0x6c,0x0,0x0,0x0,
0xa2,0x4,0x10,0x2,0x0,0x0,0x0,0x0,
0x6c,0x0,0x0,0x0,0x0,0x0,0x0,0x0,
0x6c,0x0,0x0,0x0,0x0,0x0,0x0,0x0,
0x1e,0x1,0x0,0x0,0x0,0x0,0x2,0x0,
0x15,0x0,0x0,0x0,0x0,0x0,0x0,0x0,
0xa2,0x4,0x60,0x2,0xa2,0x4,0x10,0x3,
0x0,0x0,0x0,0x0,0x0,0x0,0x0,0x0,
0x0,0x0,0x0,0x0,0x0,0x0,0xff,0xff,
0xff,0xff,0xff,0xff,0x0,0x0,0x0,0x0,
0x54,0x0,0x0,0x0,0x54,0x0,0x0,0x0,
0x54,0x0,0x0,0x0,0x0,0x0,0x0,0x0,
0x54,0x0,0x0,0x0,0x54,0x0,0x0,0x0,
0x0,0x0,0x1,0x0,0x54,0x0,0x0,0x0,
0x0,0x0,0x0,0x0,0x6c,0x0,0x0,0x0,
0xa3,0x4,0x10,0x2,0x0,0x0,0x0,0x0,
0x6c,0x0,0x0,0x0,0x0,0x0,0x0,0x0,
0x6c,0x0,0x0,0x0,0x0,0x0,0x0,0x0,
0x73,0x0,0x0,0x0,0x0,0x0,0x3,0x0,
0x0,0x0,0x0,0x0,0x27,0x0,0x0,0x0,
0xa3,0x4,0xa0,0x2,0xa3,0x4,0x20,0x3,
0x0,0x0,0x0,0x0,0x77,0x1,0x0,0x0,
0x0,0x0,0x0,0x0,0x0,0x0,0xff,0xff,
0xff,0xff,0xff,0xff,0x0,0x0,0x0,0x0,
0x54,0x0,0x0,0x0,0x54,0x0,0x0,0x0,
0x54,0x0,0x0,0x0,0x0,0x0,0x0,0x0,
0x54,0x0,0x0,0x0,0x54,0x0,0x0,0x0,
0x0,0x0,0x0,0x0,0x54,0x0,0x0,0x0,
0x0,0x0,0x0,0x0,0x54,0x0,0x0,0x0,
0xa5,0x4,0xc0,0x2,0x0,0x0,0x0,0x0,
0x54,0x0,0x0,0x0,0x0,0x0,0x0,0x0,
0x54,0x0,0x0,0x0,0x0,0x0,0x0,0x0,
0x0,0x0,0x0,0x0,0x1b,0x1,0x0,0x0,
0x0,0x0,0x0,0x0,0x0,0x0,0xff,0xff,
0xff,0xff,0xff,0xff,0x0,0x0,0x0,0x0,
0x54,0x0,0x0,0x0,0x54,0x0,0x0,0x0,
0x54,0x0,0x0,0x0,0x0,0x0,0x0,0x0,
0x54,0x0,0x0,0x0,0x54,0x0,0x0,0x0,
0x0,0x0,0x1,0x0,0x54,0x0,0x0,0x0,
0x0,0x0,0x0,0x0,0x6c,0x0,0x0,0x0,
0xa7,0x4,0xd0,0x1,0x0,0x0,0x0,0x0,
0x6c,0x0,0x0,0x0,0x0,0x0,0x0,0x0,
0x6c,0x0,0x0,0x0,0x0,0x0,0x0,0x0,
0x9f,0x0,0x0,0x0,0x0,0x0,0x3,0x0,
0x0,0x0,0x0,0x0,0x7b,0x1,0x0,0x0,
0xa8,0x4,0x10,0x2,0xa8,0x4,0x70,0x2,
0x0,0x0,0x0,0x0,0x6a,0x1,0x0,0x0,
0x7c,0x1,0x0,0x0,0x0,0x0,0xff,0xff,
0xff,0xff,0xff,0xff,0x0,0x0,0x0,0x0,
0x54,0x0,0x0,0x0,0x54,0x0,0x0,0x0,
0x54,0x0,0x0,0x0,0x0,0x0,0x0,0x0,
0x54,0x0,0x0,0x0,0x54,0x0,0x0,0x0,
0x0,0x0,0x9,0x0,0x54,0x0,0x0,0x0,
0x0,0x0,0x0,0x0,0x2c,0x1,0x0,0x0,
0xaa,0x4,0xd0,0x1,0xab,0x4,0x10,0x2,
0x2c,0x1,0x0,0x0,0x0,0x0,0x0,0x0,
0x2c,0x1,0x0,0x0,0x0,0x0,0x0,0x0,
0x72,0x1,0x0,0x0,0x0,0x0,0x8,0x0,
0x6,0x1,0x0,0x0,0x0,0x0,0x0,0x0,
0xb3,0x4,0x10,0x2,0xb3,0x4,0xc0,0x2,
0x27,0x1,0x0,0x0,0x0,0x0,0x7,0x0,
0x9a,0x0,0x0,0x0,0x0,0x0,0x0,0x0,
0xb2,0x4,0x10,0x2,0xb2,0x4,0x60,0x3,
0xfb,0x0,0x0,0x0,0x0,0x0,0x2,0x0,
0xf,0x0,0x0,0x0,0x0,0x0,0x0,0x0,
0xaf,0x4,0x10,0x3,0xaf,0x4,0xf0,0x3,
0xfa,0x0,0x0,0x0,0x0,0x0,0x2,0x0,
0xf,0x0,0x0,0x0,0x0,0x0,0x0,0x0,
0xaf,0x4,0x10,0x2,0xaf,0x4,0xe0,0x2,
0x6e,0x1,0x0,0x0,0x0,0x0,0x2,0x0,
0x4,0x0,0x0,0x0,0x0,0x0,0x0,0x0,
0xae,0x4,0x0,0x3,0xae,0x4,0xf0,0x3,
0x6d,0x1,0x0,0x0,0x0,0x0,0x2,0x0,
0x4,0x0,0x0,0x0,0x0,0x0,0x0,0x0,
0xae,0x4,0x10,0x2,0xae,0x4,0xd0,0x2,
0x3b,0x0,0x0,0x0,0x0,0x0,0x9,0x0,
0x5,0x1,0x0,0x0,0x0,0x0,0x0,0x0,
0xb1,0x4,0x10,0x2,0xb1,0x4,0xa0,0x2,
0x6f,0x0,0x0,0x0,0x0,0x0,0x9,0x0,
0x3,0x1,0x0,0x0,0x0,0x0,0x0,0x0,
0xac,0x4,0x10,0x2,0xac,0x4,0x80,0x2,
0x1d,0x1,0x0,0x0,0x0,0x0,0xa,0x0,
0x4,0x1,0x0,0x0,0x0,0x0,0x0,0x0,
0xb0,0x4,0x10,0x2,0xb0,0x4,0x60,0x2,
0x0,0x0,0x0,0x0,0x0,0x0,0x0,0x0,
0x0,0x0,0x0,0x0,0x0,0x0,0xff,0xff,
0xff,0xff,0xff,0xff,0x0,0x0,0x0,0x0,
0x54,0x0,0x0,0x0,0x54,0x0,0x0,0x0,
0x54,0x0,0x0,0x0,0x0,0x0,0x0,0x0,
0x54,0x0,0x0,0x0,0x54,0x0,0x0,0x0,
0x0,0x0,0x2,0x0,0x54,0x0,0x0,0x0,
0x0,0x0,0x0,0x0,0x84,0x0,0x0,0x0,
0xac,0x4,0x10,0x2,0x0,0x0,0x0,0x0,
0x84,0x0,0x0,0x0,0x0,0x0,0x0,0x0,
0x84,0x0,0x0,0x0,0x0,0x0,0x0,0x0,
0x71,0x0,0x0,0x0,0x0,0x0,0x2,0x0,
0x12,0x0,0x0,0x0,0x0,0x0,0x0,0x0,
0xad,0x4,0x80,0x2,0xad,0x4,0x80,0x3,
0x70,0x0,0x0,0x0,0x0,0x0,0x2,0x0,
0x10,0x0,0x0,0x0,0x0,0x0,0x0,0x0,
0xac,0x4,0x80,0x2,0xac,0x4,0x90,0x3,
0x0,0x0,0x0,0x0,0x0,0x0,0x0,0x0,
0x0,0x0,0x0,0x0,0x0,0x0,0xff,0xff,
0xff,0xff,0xff,0xff,0x0,0x0,0x0,0x0,
0x54,0x0,0x0,0x0,0x54,0x0,0x0,0x0,
0x54,0x0,0x0,0x0,0x0,0x0,0x0,0x0,
0x54,0x0,0x0,0x0,0x54,0x0,0x0,0x0,
0x0,0x0,0x1,0x0,0x54,0x0,0x0,0x0,
0x0,0x0,0x0,0x0,0x6c,0x0,0x0,0x0,
0xb0,0x4,0x10,0x2,0x0,0x0,0x0,0x0,
0x6c,0x0,0x0,0x0,0x0,0x0,0x0,0x0,
0x6c,0x0,0x0,0x0,0x0,0x0,0x0,0x0,
0x1e,0x1,0x0,0x0,0x0,0x0,0x2,0x0,
0x15,0x0,0x0,0x0,0x0,0x0,0x0,0x0,
0xb0,0x4,0x60,0x2,0xb0,0x4,0x10,0x3,
0x0,0x0,0x0,0x0,0x0,0x0,0x0,0x0,
0x0,0x0,0x0,0x0,0x0,0x0,0xff,0xff,
0xff,0xff,0xff,0xff,0x0,0x0,0x0,0x0,
0x54,0x0,0x0,0x0,0x54,0x0,0x0,0x0,
0x54,0x0,0x0,0x0,0x0,0x0,0x0,0x0,
0x54,0x0,0x0,0x0,0x54,0x0,0x0,0x0,
0x0,0x0,0x1,0x0,0x54,0x0,0x0,0x0,
0x0,0x0,0x0,0x0,0x6c,0x0,0x0,0x0,
0xb1,0x4,0x10,0x2,0x0,0x0,0x0,0x0,
0x6c,0x0,0x0,0x0,0x0,0x0,0x0,0x0,
0x6c,0x0,0x0,0x0,0x0,0x0,0x0,0x0,
0x73,0x0,0x0,0x0,0x0,0x0,0x3,0x0,
0x0,0x0,0x0,0x0,0x27,0x0,0x0,0x0,
0xb1,0x4,0xa0,0x2,0xb1,0x4,0x20,0x3,
0x0,0x0,0x0,0x0,0x77,0x1,0x0,0x0,
0x0,0x0,0x0,0x0,0x0,0x0,0xff,0xff,
0xff,0xff,0xff,0xff,0x0,0x0,0x0,0x0,
0x54,0x0,0x0,0x0,0x54,0x0,0x0,0x0,
0x54,0x0,0x0,0x0,0x0,0x0,0x0,0x0,
0x54,0x0,0x0,0x0,0x54,0x0,0x0,0x0,
0x0,0x0,0x0,0x0,0x54,0x0,0x0,0x0,
0x0,0x0,0x0,0x0,0x54,0x0,0x0,0x0,
0xb3,0x4,0xc0,0x2,0x0,0x0,0x0,0x0,
0x54,0x0,0x0,0x0,0x0,0x0,0x0,0x0,
0x54,0x0,0x0,0x0,0x0,0x0,0x0,0x0,
0x0,0x0,0x0,0x0,0x1b,0x1,0x0,0x0,
0x0,0x0,0x0,0x0,0x0,0x0,0xff,0xff,
0xff,0xff,0xff,0xff,0x0,0x0,0x0,0x0,
0x54,0x0,0x0,0x0,0x54,0x0,0x0,0x0,
0x54,0x0,0x0,0x0,0x0,0x0,0x0,0x0,
0x54,0x0,0x0,0x0,0x54,0x0,0x0,0x0,
0x0,0x0,0x1,0x0,0x54,0x0,0x0,0x0,
0x0,0x0,0x0,0x0,0x6c,0x0,0x0,0x0,
0xb5,0x4,0xd0,0x1,0x0,0x0,0x0,0x0,
0x6c,0x0,0x0,0x0,0x0,0x0,0x0,0x0,
0x6c,0x0,0x0,0x0,0x0,0x0,0x0,0x0,
0x9f,0x0,0x0,0x0,0x0,0x0,0x3,0x0,
0x0,0x0,0x0,0x0,0x7d,0x1,0x0,0x0,
0xb6,0x4,0x10,0x2,0xb6,0x4,0x70,0x2,
0x0,0x0,0x0,0x0,0x6a,0x1,0x0,0x0,
0x7e,0x1,0x0,0x0,0x0,0x0,0xff,0xff,
0xff,0xff,0xff,0xff,0x0,0x0,0x0,0x0,
0x54,0x0,0x0,0x0,0x54,0x0,0x0,0x0,
0x54,0x0,0x0,0x0,0x0,0x0,0x0,0x0,
0x54,0x0,0x0,0x0,0x54,0x0,0x0,0x0,
0x0,0x0,0x9,0x0,0x54,0x0,0x0,0x0,
0x0,0x0,0x0,0x0,0x2c,0x1,0x0,0x0,
0xb8,0x4,0xd0,0x1,0xb9,0x4,0x10,0x2,
0x2c,0x1,0x0,0x0,0x0,0x0,0x0,0x0,
0x2c,0x1,0x0,0x0,0x0,0x0,0x0,0x0,
0x72,0x1,0x0,0x0,0x0,0x0,0x8,0x0,
0xc,0x1,0x0,0x0,0x0,0x0,0x0,0x0,
0xc1,0x4,0x10,0x2,0xc1,0x4,0xc0,0x2,
0x27,0x1,0x0,0x0,0x0,0x0,0x7,0x0,
0x9b,0x0,0x0,0x0,0x0,0x0,0x0,0x0,
0xc0,0x4,0x10,0x2,0xc0,0x4,0x60,0x3,
0xfb,0x0,0x0,0x0,0x0,0x0,0x2,0x0,
0xf,0x0,0x0,0x0,0x0,0x0,0x0,0x0,
0xbd,0x4,0x10,0x3,0xbd,0x4,0xf0,0x3,
0xfa,0x0,0x0,0x0,0x0,0x0,0x2,0x0,
0xf,0x0,0x0,0x0,0x0,0x0,0x0,0x0,
0xbd,0x4,0x10,0x2,0xbd,0x4,0xe0,0x2,
0x6e,0x1,0x0,0x0,0x0,0x0,0x2,0x0,
0x4,0x0,0x0,0x0,0x0,0x0,0x0,0x0,
0xbc,0x4,0x0,0x3,0xbc,0x4,0xf0,0x3,
0x6d,0x1,0x0,0x0,0x0,0x0,0x2,0x0,
0x4,0x0,0x0,0x0,0x0,0x0,0x0,0x0,
0xbc,0x4,0x10,0x2,0xbc,0x4,0xd0,0x2,
0x3b,0x0,0x0,0x0,0x0,0x0,0x9,0x0,
0xb,0x1,0x0,0x0,0x0,0x0,0x0,0x0,
0xbf,0x4,0x10,0x2,0xbf,0x4,0xa0,0x2,
0x6f,0x0,0x0,0x0,0x0,0x0,0x9,0x0,
0x9,0x1,0x0,0x0,0x0,0x0,0x0,0x0,
0xba,0x4,0x10,0x2,0xba,0x4,0x80,0x2,
0x1d,0x1,0x0,0x0,0x0,0x0,0xa,0x0,
0xa,0x1,0x0,0x0,0x0,0x0,0x0,0x0,
0xbe,0x4,0x10,0x2,0xbe,0x4,0x60,0x2,
0x0,0x0,0x0,0x0,0x0,0x0,0x0,0x0,
0x0,0x0,0x0,0x0,0x0,0x0,0xff,0xff,
0xff,0xff,0xff,0xff,0x0,0x0,0x0,0x0,
0x54,0x0,0x0,0x0,0x54,0x0,0x0,0x0,
0x54,0x0,0x0,0x0,0x0,0x0,0x0,0x0,
0x54,0x0,0x0,0x0,0x54,0x0,0x0,0x0,
0x0,0x0,0x2,0x0,0x54,0x0,0x0,0x0,
0x0,0x0,0x0,0x0,0x84,0x0,0x0,0x0,
0xba,0x4,0x10,0x2,0x0,0x0,0x0,0x0,
0x84,0x0,0x0,0x0,0x0,0x0,0x0,0x0,
0x84,0x0,0x0,0x0,0x0,0x0,0x0,0x0,
0x71,0x0,0x0,0x0,0x0,0x0,0x2,0x0,
0x12,0x0,0x0,0x0,0x0,0x0,0x0,0x0,
0xbb,0x4,0x80,0x2,0xbb,0x4,0x80,0x3,
0x70,0x0,0x0,0x0,0x0,0x0,0x2,0x0,
0x10,0x0,0x0,0x0,0x0,0x0,0x0,0x0,
0xba,0x4,0x80,0x2,0xba,0x4,0x90,0x3,
0x0,0x0,0x0,0x0,0x0,0x0,0x0,0x0,
0x0,0x0,0x0,0x0,0x0,0x0,0xff,0xff,
0xff,0xff,0xff,0xff,0x0,0x0,0x0,0x0,
0x54,0x0,0x0,0x0,0x54,0x0,0x0,0x0,
0x54,0x0,0x0,0x0,0x0,0x0,0x0,0x0,
0x54,0x0,0x0,0x0,0x54,0x0,0x0,0x0,
0x0,0x0,0x1,0x0,0x54,0x0,0x0,0x0,
0x0,0x0,0x0,0x0,0x6c,0x0,0x0,0x0,
0xbe,0x4,0x10,0x2,0x0,0x0,0x0,0x0,
0x6c,0x0,0x0,0x0,0x0,0x0,0x0,0x0,
0x6c,0x0,0x0,0x0,0x0,0x0,0x0,0x0,
0x1e,0x1,0x0,0x0,0x0,0x0,0x2,0x0,
0x15,0x0,0x0,0x0,0x0,0x0,0x0,0x0,
0xbe,0x4,0x60,0x2,0xbe,0x4,0x10,0x3,
0x0,0x0,0x0,0x0,0x0,0x0,0x0,0x0,
0x0,0x0,0x0,0x0,0x0,0x0,0xff,0xff,
0xff,0xff,0xff,0xff,0x0,0x0,0x0,0x0,
0x54,0x0,0x0,0x0,0x54,0x0,0x0,0x0,
0x54,0x0,0x0,0x0,0x0,0x0,0x0,0x0,
0x54,0x0,0x0,0x0,0x54,0x0,0x0,0x0,
0x0,0x0,0x1,0x0,0x54,0x0,0x0,0x0,
0x0,0x0,0x0,0x0,0x6c,0x0,0x0,0x0,
0xbf,0x4,0x10,0x2,0x0,0x0,0x0,0x0,
0x6c,0x0,0x0,0x0,0x0,0x0,0x0,0x0,
0x6c,0x0,0x0,0x0,0x0,0x0,0x0,0x0,
0x73,0x0,0x0,0x0,0x0,0x0,0x3,0x0,
0x0,0x0,0x0,0x0,0x27,0x0,0x0,0x0,
0xbf,0x4,0xa0,0x2,0xbf,0x4,0x20,0x3,
0x0,0x0,0x0,0x0,0x77,0x1,0x0,0x0,
0x0,0x0,0x0,0x0,0x0,0x0,0xff,0xff,
0xff,0xff,0xff,0xff,0x0,0x0,0x0,0x0,
0x54,0x0,0x0,0x0,0x54,0x0,0x0,0x0,
0x54,0x0,0x0,0x0,0x0,0x0,0x0,0x0,
0x54,0x0,0x0,0x0,0x54,0x0,0x0,0x0,
0x0,0x0,0x0,0x0,0x54,0x0,0x0,0x0,
0x0,0x0,0x0,0x0,0x54,0x0,0x0,0x0,
0xc1,0x4,0xc0,0x2,0x0,0x0,0x0,0x0,
0x54,0x0,0x0,0x0,0x0,0x0,0x0,0x0,
0x54,0x0,0x0,0x0,0x0,0x0,0x0,0x0,
0x0,0x0,0x0,0x0,0x1b,0x1,0x0,0x0,
0x0,0x0,0x0,0x0,0x0,0x0,0xff,0xff,
0xff,0xff,0xff,0xff,0x0,0x0,0x0,0x0,
0x54,0x0,0x0,0x0,0x54,0x0,0x0,0x0,
0x54,0x0,0x0,0x0,0x0,0x0,0x0,0x0,
0x54,0x0,0x0,0x0,0x54,0x0,0x0,0x0,
0x0,0x0,0x1,0x0,0x54,0x0,0x0,0x0,
0x0,0x0,0x0,0x0,0x6c,0x0,0x0,0x0,
0xc3,0x4,0xd0,0x1,0x0,0x0,0x0,0x0,
0x6c,0x0,0x0,0x0,0x0,0x0,0x0,0x0,
0x6c,0x0,0x0,0x0,0x0,0x0,0x0,0x0,
0x9f,0x0,0x0,0x0,0x0,0x0,0x3,0x0,
0x0,0x0,0x0,0x0,0x78,0x1,0x0,0x0,
0xc4,0x4,0x10,0x2,0xc4,0x4,0x70,0x2,
0x0,0x0,0x0,0x0,0x1b,0x1,0x0,0x0,
0x0,0x0,0x0,0x0,0x0,0x0,0xff,0xff,
0xff,0xff,0xff,0xff,0x0,0x0,0x0,0x0,
0x54,0x0,0x0,0x0,0x54,0x0,0x0,0x0,
0x54,0x0,0x0,0x0,0x0,0x0,0x0,0x0,
0x54,0x0,0x0,0x0,0x54,0x0,0x0,0x0,
0x0,0x0,0x3,0x0,0x54,0x0,0x0,0x0,
0x0,0x0,0x0,0x0,0x9c,0x0,0x0,0x0,
0xc6,0x4,0xd0,0x1,0x0,0x0,0x0,0x0,
0x9c,0x0,0x0,0x0,0x0,0x0,0x0,0x0,
0x9c,0x0,0x0,0x0,0x0,0x0,0x0,0x0,
0x1a,0x0,0x0,0x0,0x0,0x0,0x3,0x0,
0x0,0x0,0x0,0x0,0x1f,0x1,0x0,0x0,
0xc8,0x4,0x10,0x2,0xc8,0x4,0x80,0x2,
0x9f,0x0,0x0,0x0,0x0,0x0,0x3,0x0,
0x0,0x0,0x0,0x0,0x7f,0x1,0x0,0x0,
0xc7,0x4,0x10,0x2,0xc7,0x4,0x70,0x2,
0x1d,0x1,0x0,0x0,0x0,0x0,0xa,0x0,
0xf,0x1,0x0,0x0,0x0,0x0,0x0,0x0,
0xc7,0x4,0xf0,0x2,0xc7,0x4,0x40,0x3,
0x0,0x0,0x0,0x0,0x0,0x0,0x0,0x0,
0x0,0x0,0x0,0x0,0x0,0x0,0xff,0xff,
0xff,0xff,0xff,0xff,0x0,0x0,0x0,0x0,
0x54,0x0,0x0,0x0,0x54,0x0,0x0,0x0,
0x54,0x0,0x0,0x0,0x0,0x0,0x0,0x0,
0x54,0x0,0x0,0x0,0x54,0x0,0x0,0x0,
0x0,0x0,0x1,0x0,0x54,0x0,0x0,0x0,
0x0,0x0,0x0,0x0,0x6c,0x0,0x0,0x0,
0xc7,0x4,0xf0,0x2,0x0,0x0,0x0,0x0,
0x6c,0x0,0x0,0x0,0x0,0x0,0x0,0x0,
0x6c,0x0,0x0,0x0,0x0,0x0,0x0,0x0,
0x1e,0x1,0x0,0x0,0x0,0x0,0x2,0x0,
0x15,0x0,0x0,0x0,0x0,0x0,0x0,0x0,
0xc7,0x4,0x40,0x3,0xc7,0x4,0xf0,0x3,
0x0,0x0,0x0,0x0,0x66,0x1,0x0,0x0,
0x80,0x1,0x0,0x0,0x0,0x0,0xff,0xff,
0xff,0xff,0xff,0xff,0x0,0x0,0x0,0x0,
0x54,0x0,0x0,0x0,0x54,0x0,0x0,0x0,
0x54,0x0,0x0,0x0,0x0,0x0,0x0,0x0,
0x54,0x0,0x0,0x0,0x54,0x0,0x0,0x0,
0x0,0x0,0x3,0x0,0x54,0x0,0x0,0x0,
0x0,0x0,0x0,0x0,0x9c,0x0,0x0,0x0,
0xca,0x4,0xd0,0x1,0xcb,0x4,0x10,0x2,
0x9c,0x0,0x0,0x0,0x0,0x0,0x0,0x0,
0x9c,0x0,0x0,0x0,0x0,0x0,0x0,0x0,
0x22,0x1,0x0,0x0,0x0,0x0,0x7,0x0,
0x9c,0x0,0x0,0x0,0x0,0x0,0x0,0x0,
0xcf,0x4,0x10,0x2,0xcf,0x4,0x80,0x2,
0x3b,0x0,0x0,0x0,0x0,0x0,0x9,0x0,
0x12,0x1,0x0,0x0,0x0,0x0,0x0,0x0,
0xce,0x4,0x10,0x2,0xce,0x4,0xa0,0x2,
0x6f,0x0,0x0,0x0,0x0,0x0,0x9,0x0,
0x11,0x1,0x0,0x0,0x0,0x0,0x0,0x0,
0xcc,0x4,0x10,0x2,0xcc,0x4,0x80,0x2,
0x0,0x0,0x0,0x0,0x0,0x0,0x0,0x0,
0x0,0x0,0x0,0x0,0x0,0x0,0xff,0xff,
0xff,0xff,0xff,0xff,0x0,0x0,0x0,0x0,
0x54,0x0,0x0,0x0,0x54,0x0,0x0,0x0,
0x54,0x0,0x0,0x0,0x0,0x0,0x0,0x0,
0x54,0x0,0x0,0x0,0x54,0x0,0x0,0x0,
0x0,0x0,0x2,0x0,0x54,0x0,0x0,0x0,
0x0,0x0,0x0,0x0,0x84,0x0,0x0,0x0,
0xcc,0x4,0x10,0x2,0x0,0x0,0x0,0x0,
0x84,0x0,0x0,0x0,0x0,0x0,0x0,0x0,
0x84,0x0,0x0,0x0,0x0,0x0,0x0,0x0,
0x71,0x0,0x0,0x0,0x0,0x0,0x2,0x0,
0x1e,0x0,0x0,0x0,0x0,0x0,0x0,0x0,
0xcd,0x4,0x80,0x2,0xcd,0x4,0x80,0x3,
0x70,0x0,0x0,0x0,0x0,0x0,0x2,0x0,
0x1c,0x0,0x0,0x0,0x0,0x0,0x0,0x0,
0xcc,0x4,0x80,0x2,0xcc,0x4,0x90,0x3,
0x0,0x0,0x0,0x0,0x0,0x0,0x0,0x0,
0x0,0x0,0x0,0x0,0x0,0x0,0xff,0xff,
0xff,0xff,0xff,0xff,0x0,0x0,0x0,0x0,
0x54,0x0,0x0,0x0,0x54,0x0,0x0,0x0,
0x54,0x0,0x0,0x0,0x0,0x0,0x0,0x0,
0x54,0x0,0x0,0x0,0x54,0x0,0x0,0x0,
0x0,0x0,0x1,0x0,0x54,0x0,0x0,0x0,
0x0,0x0,0x0,0x0,0x6c,0x0,0x0,0x0,
0xce,0x4,0x10,0x2,0x0,0x0,0x0,0x0,
0x6c,0x0,0x0,0x0,0x0,0x0,0x0,0x0,
0x6c,0x0,0x0,0x0,0x0,0x0,0x0,0x0,
0x73,0x0,0x0,0x0,0x0,0x0,0x3,0x0,
0x0,0x0,0x0,0x0,0x27,0x0,0x0,0x0,
0xce,0x4,0xa0,0x2,0xce,0x4,0x20,0x3,
0x0,0x0,0x0,0x0,0xba,0x0,0x0,0x0,
0x0,0x0,0x0,0x0,0x0,0x0,0xff,0xff,
0xff,0xff,0xff,0xff,0x0,0x0,0x0,0x0,
0x54,0x0,0x0,0x0,0x54,0x0,0x0,0x0,
0x54,0x0,0x0,0x0,0x0,0x0,0x0,0x0,
0x54,0x0,0x0,0x0,0x54,0x0,0x0,0x0,
0x0,0x0,0x2,0x0,0x54,0x0,0x0,0x0,
0x0,0x0,0x0,0x0,0x84,0x0,0x0,0x0,
0xd3,0x4,0x90,0x1,0x0,0x0,0x0,0x0,
0x84,0x0,0x0,0x0,0x0,0x0,0x0,0x0,
0x84,0x0,0x0,0x0,0x0,0x0,0x0,0x0,
0xb2,0x0,0x0,0x0,0x0,0x0,0x7,0x0,
0x9d,0x0,0x0,0x0,0x0,0x0,0x0,0x0,
0xd4,0x4,0xd0,0x1,0xd4,0x4,0x60,0x2,
0x64,0x0,0x0,0x0,0x0,0x0,0xa,0x0,
0x14,0x1,0x0,0x0,0x0,0x0,0x0,0x0,
0xd5,0x4,0xd0,0x1,0xd5,0x4,0x50,0x2,
0x0,0x0,0x0,0x0,0x0,0x0,0x0,0x0,
0x0,0x0,0x0,0x0,0x0,0x0,0xff,0xff,
0xff,0xff,0xff,0xff,0x0,0x0,0x0,0x0,
0x54,0x0,0x0,0x0,0x54,0x0,0x0,0x0,
0x54,0x0,0x0,0x0,0x0,0x0,0x0,0x0,
0x54,0x0,0x0,0x0,0x54,0x0,0x0,0x0,
0x0,0x0,0x1,0x0,0x54,0x0,0x0,0x0,
0x0,0x0,0x0,0x0,0x6c,0x0,0x0,0x0,
0xd5,0x4,0xd0,0x1,0x0,0x0,0x0,0x0,
0x6c,0x0,0x0,0x0,0x0,0x0,0x0,0x0,
0x6c,0x0,0x0,0x0,0x0,0x0,0x0,0x0,
0x17,0x1,0x0,0x0,0x0,0x0,0x7,0x0,
0x9e,0x0,0x0,0x0,0x0,0x0,0x0,0x0,
0xd5,0x4,0x50,0x2,0xd5,0x4,0x50,0x3,
0x0,0x0,0x0,0x0,0xba,0x0,0x0,0x0,
0x0,0x0,0x0,0x0,0x0,0x0,0xff,0xff,
0xff,0xff,0xff,0xff,0x0,0x0,0x0,0x0,
0x54,0x0,0x0,0x0,0x54,0x0,0x0,0x0,
0x54,0x0,0x0,0x0,0x0,0x0,0x0,0x0,
0x54,0x0,0x0,0x0,0x54,0x0,0x0,0x0,
0x0,0x0,0x5,0x0,0x54,0x0,0x0,0x0,
0x0,0x0,0x0,0x0,0xcc,0x0,0x0,0x0,
0xd8,0x4,0x90,0x1,0x0,0x0,0x0,0x0,
0xcc,0x0,0x0,0x0,0x0,0x0,0x0,0x0,
0xcc,0x0,0x0,0x0,0x0,0x0,0x0,0x0,
0xb2,0x0,0x0,0x0,0x0,0x0,0x7,0x0,
0x9f,0x0,0x0,0x0,0x0,0x0,0x0,0x0,
0xd9,0x4,0xd0,0x1,0xd9,0x4,0x60,0x2,
0x0,0x0,0x0,0x0,0x0,0x0,0x8,0x0,
0x17,0x1,0x0,0x0,0x0,0x0,0x0,0x0,
0xdb,0x4,0xd0,0x1,0xdb,0x4,0xd0,0x1,
0x0,0x0,0x0,0x0,0x0,0x0,0x8,0x0,
0x19,0x1,0x0,0x0,0x0,0x0,0x0,0x0,
0xe3,0x4,0xd0,0x1,0xe3,0x4,0xd0,0x1,
0x0,0x0,0x0,0x0,0x0,0x0,0x8,0x0,
0x1c,0x1,0x0,0x0,0x0,0x0,0x0,0x0,
0xf4,0x4,0xd0,0x1,0xf4,0x4,0xd0,0x1,
0x64,0x0,0x0,0x0,0x0,0x0,0xa,0x0,
0x16,0x1,0x0,0x0,0x0,0x0,0x0,0x0,
0xda,0x4,0xd0,0x1,0xda,0x4,0x50,0x2,
0x0,0x0,0x0,0x0,0x0,0x0,0x0,0x0,
0x0,0x0,0x0,0x0,0x0,0x0,0xff,0xff,
0xff,0xff,0xff,0xff,0x0,0x0,0x0,0x0,
0x54,0x0,0x0,0x0,0x54,0x0,0x0,0x0,
0x54,0x0,0x0,0x0,0x0,0x0,0x0,0x0,
0x54,0x0,0x0,0x0,0x54,0x0,0x0,0x0,
0x0,0x0,0x1,0x0,0x54,0x0,0x0,0x0,
0x0,0x0,0x0,0x0,0x6c,0x0,0x0,0x0,
0xda,0x4,0xd0,0x1,0x0,0x0,0x0,0x0,
0x6c,0x0,0x0,0x0,0x0,0x0,0x0,0x0,
0x6c,0x0,0x0,0x0,0x0,0x0,0x0,0x0,
0x17,0x1,0x0,0x0,0x0,0x0,0x7,0x0,
0xa0,0x0,0x0,0x0,0x0,0x0,0x0,0x0,
0xda,0x4,0x50,0x2,0xda,0x4,0x50,0x3,
0x0,0x0,0x0,0x0,0x45,0x1,0x0,0x0,
0x0,0x0,0x0,0x0,0x0,0x0,0xff,0xff,
0xff,0xff,0xff,0xff,0x0,0x0,0x0,0x0,
0x54,0x0,0x0,0x0,0x54,0x0,0x0,0x0,
0x54,0x0,0x0,0x0,0x0,0x0,0x0,0x0,
0x54,0x0,0x0,0x0,0x54,0x0,0x0,0x0,
0x0,0x0,0x3,0x0,0x54,0x0,0x0,0x0,
0x0,0x0,0x0,0x0,0x9c,0x0,0x0,0x0,
0xdb,0x4,0xd0,0x1,0x0,0x0,0x0,0x0,
0x9c,0x0,0x0,0x0,0x0,0x0,0x0,0x0,
0x9c,0x0,0x0,0x0,0x0,0x0,0x0,0x0,
0x48,0x1,0x0,0x0,0x0,0x0,0x7,0x0,
0xa1,0x0,0x0,0x0,0x0,0x0,0x0,0x0,
0xde,0x4,0x10,0x2,0xde,0x4,0x30,0x3,
0x9f,0x0,0x0,0x0,0x0,0x0,0x3,0x0,
0x0,0x0,0x0,0x0,0x81,0x1,0x0,0x0,
0xdc,0x4,0x10,0x2,0xdc,0x4,0x70,0x2,
0x3b,0x0,0x0,0x0,0x0,0x0,0x9,0x0,
0x18,0x1,0x0,0x0,0x0,0x0,0x0,0x0,
0xdd,0x4,0x10,0x2,0xdd,0x4,0xa0,0x2,
0x0,0x0,0x0,0x0,0x0,0x0,0x0,0x0,
0x0,0x0,0x0,0x0,0x0,0x0,0xff,0xff,
0xff,0xff,0xff,0xff,0x0,0x0,0x0,0x0,
0x54,0x0,0x0,0x0,0x54,0x0,0x0,0x0,
0x54,0x0,0x0,0x0,0x0,0x0,0x0,0x0,
0x54,0x0,0x0,0x0,0x54,0x0,0x0,0x0,
0x0,0x0,0x1,0x0,0x54,0x0,0x0,0x0,
0x0,0x0,0x0,0x0,0x6c,0x0,0x0,0x0,
0xdd,0x4,0x10,0x2,0x0,0x0,0x0,0x0,
0x6c,0x0,0x0,0x0,0x0,0x0,0x0,0x0,
0x6c,0x0,0x0,0x0,0x0,0x0,0x0,0x0,
0x73,0x0,0x0,0x0,0x0,0x0,0x3,0x0,
0x0,0x0,0x0,0x0,0x82,0x1,0x0,0x0,
0xdd,0x4,0xa0,0x2,0xdd,0x4,0x20,0x3,
0x0,0x0,0x0,0x0,0x83,0x1,0x0,0x0,
0x0,0x0,0x0,0x0,0x0,0x0,0xff,0xff,
0xff,0xff,0xff,0xff,0x0,0x0,0x0,0x0,
0x54,0x0,0x0,0x0,0x54,0x0,0x0,0x0,
0x54,0x0,0x0,0x0,0x0,0x0,0x0,0x0,
0x54,0x0,0x0,0x0,0x54,0x0,0x0,0x0,
0x0,0x0,0x3,0x0,0x54,0x0,0x0,0x0,
0x0,0x0,0x0,0x0,0x9c,0x0,0x0,0x0,
0xe3,0x4,0xd0,0x1,0x0,0x0,0x0,0x0,
0x9c,0x0,0x0,0x0,0x0,0x0,0x0,0x0,
0x9c,0x0,0x0,0x0,0x0,0x0,0x0,0x0,
0xf1,0x0,0x0,0x0,0x0,0x0,0x7,0x0,
0xa2,0x0,0x0,0x0,0x0,0x0,0x0,0x0,
0xe5,0x4,0x10,0x2,0xe5,0x4,0xc0,0x2,
0x9f,0x0,0x0,0x0,0x0,0x0,0x3,0x0,
0x0,0x0,0x0,0x0,0x84,0x1,0x0,0x0,
0xe4,0x4,0x10,0x2,0xe4,0x4,0x70,0x2,
0x0,0x0,0x0,0x0,0x0,0x0,0x8,0x0,
0x1a,0x1,0x0,0x0,0x0,0x0,0x0,0x0,
0xeb,0x4,0x10,0x2,0xeb,0x4,0x10,0x2,
0x0,0x0,0x0,0x0,0x62,0x0,0x0,0x0,
0x85,0x1,0x0,0x0,0x0,0x0,0xff,0xff,
0xff,0xff,0xff,0xff,0x0,0x0,0x0,0x0,
0x54,0x0,0x0,0x0,0x54,0x0,0x0,0x0,
0x54,0x0,0x0,0x0,0x0,0x0,0x0,0x0,
0x54,0x0,0x0,0x0,0x54,0x0,0x0,0x0,
0x0,0x0,0x1,0x0,0x54,0x0,0x0,0x0,
0x0,0x0,0x0,0x0,0x6c,0x0,0x0,0x0,
0xeb,0x4,0x10,0x2,0xec,0x4,0x50,0x2,
0x6c,0x0,0x0,0x0,0x0,0x0,0x0,0x0,
0x6c,0x0,0x0,0x0,0x0,0x0,0x0,0x0,
0x0,0x0,0x0,0x0,0x0,0x0,0x8,0x0,
0x1b,0x1,0x0,0x0,0x0,0x0,0x0,0x0,
0xed,0x4,0x50,0x2,0xed,0x4,0x50,0x2,
0x0,0x0,0x0,0x0,0x86,0x1,0x0,0x0,
0x87,0x1,0x0,0x0,0x0,0x0,0xff,0xff,
0xff,0xff,0xff,0xff,0x0,0x0,0x0,0x0,
0x54,0x0,0x0,0x0,0x54,0x0,0x0,0x0,
0x54,0x0,0x0,0x0,0x0,0x0,0x0,0x0,
0x54,0x0,0x0,0x0,0x54,0x0,0x0,0x0,
0x0,0x0,0x2,0x0,0x54,0x0,0x0,0x0,
0x0,0x0,0x0,0x0,0x84,0x0,0x0,0x0,
0xed,0x4,0x50,0x2,0xee,0x4,0x90,0x2,
0x84,0x0,0x0,0x0,0x0,0x0,0x0,0x0,
0x84,0x0,0x0,0x0,0x0,0x0,0x0,0x0,
0xe,0x0,0x0,0x0,0x0,0x0,0x7,0x0,
0xa3,0x0,0x0,0x0,0x0,0x0,0x0,0x0,
0xf0,0x4,0x90,0x2,0xf0,0x4,0x10,0x3,
0xd,0x0,0x0,0x0,0x0,0x0,0x2,0x0,
0x8,0x0,0x0,0x0,0x0,0x0,0x0,0x0,
0xef,0x4,0x90,0x2,0xef,0x4,0xf0,0x2,
0x0,0x0,0x0,0x0,0x6a,0x1,0x0,0x0,
0x89,0x1,0x0,0x0,0x0,0x0,0xff,0xff,
0xff,0xff,0xff,0xff,0x0,0x0,0x0,0x0,
0x54,0x0,0x0,0x0,0x54,0x0,0x0,0x0,
0x54,0x0,0x0,0x0,0x0,0x0,0x0,0x0,
0x54,0x0,0x0,0x0,0x54,0x0,0x0,0x0,
0x0,0x0,0x1,0x0,0x54,0x0,0x0,0x0,
0x0,0x0,0x0,0x0,0x6c,0x0,0x0,0x0,
0xf4,0x4,0xd0,0x1,0xf5,0x4,0x10,0x2,
0x6c,0x0,0x0,0x0,0x0,0x0,0x0,0x0,
0x6c,0x0,0x0,0x0,0x0,0x0,0x0,0x0,
0x26,0x1,0x0,0x0,0x0,0x0,0x3,0x0,
0x0,0x0,0x0,0x0,0x8a,0x1,0x0,0x0,
0xf6,0x4,0x10,0x2,0xf6,0x4,0x20,0x3,
0x0,0x0,0x0,0x0,0x19,0x1,0x0,0x0,
0x8b,0x1,0x0,0x0,0x0,0x0,0xff,0xff,
0xff,0xff,0xff,0xff,0x0,0x0,0x0,0x0,
0x54,0x0,0x0,0x0,0x54,0x0,0x0,0x0,
0x54,0x0,0x0,0x0,0x0,0x0,0x0,0x0,
0x54,0x0,0x0,0x0,0x54,0x0,0x0,0x0,
0x0,0x0,0x4,0x0,0x54,0x0,0x0,0x0,
0x0,0x0,0x0,0x0,0xb4,0x0,0x0,0x0,
0xfd,0x4,0xd0,0x0,0xfe,0x4,0x10,0x1,
0xb4,0x0,0x0,0x0,0x0,0x0,0x0,0x0,
0xb4,0x0,0x0,0x0,0x0,0x0,0x0,0x0,
0x0,0x0,0x0,0x0,0x0,0x0,0x8,0x0,
0x22,0x1,0x0,0x0,0x0,0x0,0x0,0x0,
0x4,0x5,0x10,0x1,0x4,0x5,0x10,0x1,
0x0,0x0,0x0,0x0,0x0,0x0,0x8,0x0,
0x24,0x1,0x0,0x0,0x0,0x0,0x0,0x0,
0xb,0x5,0x10,0x1,0xb,0x5,0x10,0x1,
0x0,0x0,0x0,0x0,0x0,0x0,0x8,0x0,
0x29,0x1,0x0,0x0,0x0,0x0,0x0,0x0,
0x20,0x5,0x10,0x1,0x20,0x5,0x10,0x1,
0xb3,0x0,0x0,0x0,0x0,0x0,0x9,0x0,
0x1e,0x1,0x0,0x0,0x0,0x0,0x0,0x0,
0xff,0x4,0x10,0x1,0xff,0x4,0xb0,0x1,
0x0,0x0,0x0,0x0,0x0,0x0,0x0,0x0,
0x0,0x0,0x0,0x0,0x0,0x0,0xff,0xff,
0xff,0xff,0xff,0xff,0x0,0x0,0x0,0x0,
0x54,0x0,0x0,0x0,0x54,0x0,0x0,0x0,
0x54,0x0,0x0,0x0,0x0,0x0,0x0,0x0,
0x54,0x0,0x0,0x0,0x54,0x0,0x0,0x0,
0x0,0x0,0x3,0x0,0x54,0x0,0x0,0x0,
0x0,0x0,0x0,0x0,0x9c,0x0,0x0,0x0,
0xff,0x4,0x10,0x1,0x0,0x0,0x0,0x0,
0x9c,0x0,0x0,0x0,0x0,0x0,0x0,0x0,
0x9c,0x0,0x0,0x0,0x0,0x0,0x0,0x0,
0x71,0x0,0x0,0x0,0x4,0x0,0x8,0x0,
0x1f,0x1,0x0,0x0,0x0,0x0,0x0,0x0,
0x1,0x5,0x70,0x2,0x1,0x5,0x10,0x1,
0x71,0x0,0x0,0x0,0x0,0x0,0x2,0x0,
0x1f,0x0,0x0,0x0,0x0,0x0,0x0,0x0,
0x0,0x5,0xb0,0x1,0x0,0x5,0xb0,0x2,
0xb7,0x0,0x0,0x0,0x0,0x0,0x1,0x0,
0x1,0x0,0x0,0x0,0x0,0x0,0x0,0x0,
0xff,0x4,0xb0,0x1,0xff,0x4,0x70,0x2,
0x0,0x0,0x0,0x0,0x2d,0x0,0x0,0x0,
0x0,0x0,0x0,0x0,0x0,0x0,0xff,0xff,
0xff,0xff,0xff,0xff,0x0,0x0,0x0,0x0,
0x54,0x0,0x0,0x0,0x54,0x0,0x0,0x0,
0x54,0x0,0x0,0x0,0x0,0x0,0x0,0x0,
0x54,0x0,0x0,0x0,0x54,0x0,0x0,0x0,
0x0,0x0,0x1,0x0,0x54,0x0,0x0,0x0,
0x0,0x0,0x0,0x0,0x6c,0x0,0x0,0x0,
0x1,0x5,0x10,0x1,0x0,0x0,0x0,0x0,
0x6c,0x0,0x0,0x0,0x0,0x0,0x0,0x0,
0x6c,0x0,0x0,0x0,0x0,0x0,0x0,0x0,
0x0,0x0,0x0,0x0,0x0,0x0,0x8,0x0,
0x20,0x1,0x0,0x0,0x0,0x0,0x0,0x0,
0x2,0x5,0x50,0x1,0x2,0x5,0x50,0x1,
0x0,0x0,0x0,0x0,0xb,0x1,0x0,0x0,
0x0,0x0,0x0,0x0,0x0,0x0,0xff,0xff,
0xff,0xff,0xff,0xff,0x0,0x0,0x0,0x0,
0x54,0x0,0x0,0x0,0x54,0x0,0x0,0x0,
0x54,0x0,0x0,0x0,0x0,0x0,0x0,0x0,
0x54,0x0,0x0,0x0,0x54,0x0,0x0,0x0,
0x0,0x0,0x2,0x0,0x54,0x0,0x0,0x0,
0x0,0x0,0x0,0x0,0x84,0x0,0x0,0x0,
0x2,0x5,0x50,0x1,0x0,0x0,0x0,0x0,
0x84,0x0,0x0,0x0,0x0,0x0,0x0,0x0,
0x84,0x0,0x0,0x0,0x0,0x0,0x0,0x0,
0x2f,0x0,0x0,0x0,0x0,0x0,0x2,0x0,
0x2,0x0,0x0,0x0,0x0,0x0,0x0,0x0,
0x2,0x5,0x70,0x2,0x2,0x5,0x10,0x3,
0x10,0x1,0x0,0x0,0x0,0x0,0xa,0x0,
0x21,0x1,0x0,0x0,0x0,0x0,0x0,0x0,
0x2,0x5,0x60,0x3,0x2,0x5,0xd0,0x3,
0x0,0x0,0x0,0x0,0x0,0x0,0x0,0x0,
0x0,0x0,0x0,0x0,0x0,0x0,0xff,0xff,
0xff,0xff,0xff,0xff,0x0,0x0,0x0,0x0,
0x54,0x0,0x0,0x0,0x54,0x0,0x0,0x0,
0x54,0x0,0x0,0x0,0x0,0x0,0x0,0x0,
0x54,0x0,0x0,0x0,0x54,0x0,0x0,0x0,
0x0,0x0,0x1,0x0,0x54,0x0,0x0,0x0,
0x0,0x0,0x0,0x0,0x6c,0x0,0x0,0x0,
0x2,0x5,0x60,0x3,0x0,0x0,0x0,0x0,
0x6c,0x0,0x0,0x0,0x0,0x0,0x0,0x0,
0x6c,0x0,0x0,0x0,0x0,0x0,0x0,0x0,
0x5d,0x0,0x0,0x0,0x0,0x0,0x7,0x0,
0xa4,0x0,0x0,0x0,0x0,0x0,0x0,0x0,
0x2,0x5,0xd0,0x3,0x2,0x5,0x30,0x4,
0x0,0x0,0x0,0x0,0x2,0x1,0x0,0x0,
0x0,0x0,0x0,0x0,0x0,0x0,0xff,0xff,
0xff,0xff,0xff,0xff,0x0,0x0,0x0,0x0,
0x54,0x0,0x0,0x0,0x54,0x0,0x0,0x0,
0x54,0x0,0x0,0x0,0x0,0x0,0x0,0x0,
0x54,0x0,0x0,0x0,0x54,0x0,0x0,0x0,
0x0,0x0,0x5,0x0,0x54,0x0,0x0,0x0,
0x0,0x0,0x0,0x0,0xcc,0x0,0x0,0x0,
0x4,0x5,0x10,0x1,0x0,0x0,0x0,0x0,
0xcc,0x0,0x0,0x0,0x0,0x0,0x0,0x0,
0xcc,0x0,0x0,0x0,0x0,0x0,0x0,0x0,
0x1a,0x0,0x0,0x0,0x0,0x0,0x3,0x0,
0x0,0x0,0x0,0x0,0x8e,0x1,0x0,0x0,
0x9,0x5,0x50,0x1,0x9,0x5,0xc0,0x1,
0x8d,0x1,0x0,0x0,0x0,0x0,0x2,0x0,
0x20,0x0,0x0,0x0,0x0,0x0,0x0,0x0,
0x8,0x5,0x50,0x1,0x8,0x5,0x70,0x2,
0x6b,0x0,0x0,0x0,0x0,0x0,0x2,0x0,
0x14,0x0,0x0,0x0,0x0,0x0,0x0,0x0,
0x7,0x5,0x50,0x1,0x7,0x5,0xd0,0x1,
0xed,0x0,0x0,0x0,0x0,0x0,0x7,0x0,
0xa5,0x0,0x0,0x0,0x0,0x0,0x0,0x0,
0x5,0x5,0x50,0x1,0x5,0x5,0xd0,0x1,
0x64,0x0,0x0,0x0,0x0,0x0,0xa,0x0,
0x23,0x1,0x0,0x0,0x0,0x0,0x0,0x0,
0x6,0x5,0x50,0x1,0x6,0x5,0xd0,0x1,
0x0,0x0,0x0,0x0,0x0,0x0,0x0,0x0,
0x0,0x0,0x0,0x0,0x0,0x0,0xff,0xff,
0xff,0xff,0xff,0xff,0x0,0x0,0x0,0x0,
0x54,0x0,0x0,0x0,0x54,0x0,0x0,0x0,
0x54,0x0,0x0,0x0,0x0,0x0,0x0,0x0,
0x54,0x0,0x0,0x0,0x54,0x0,0x0,0x0,
0x0,0x0,0x1,0x0,0x54,0x0,0x0,0x0,
0x0,0x0,0x0,0x0,0x6c,0x0,0x0,0x0,
0x6,0x5,0x50,0x1,0x0,0x0,0x0,0x0,
0x6c,0x0,0x0,0x0,0x0,0x0,0x0,0x0,
0x6c,0x0,0x0,0x0,0x0,0x0,0x0,0x0,
0xa5,0x0,0x0,0x0,0x0,0x0,0x7,0x0,
0xa6,0x0,0x0,0x0,0x0,0x0,0x0,0x0,
0x6,0x5,0xd0,0x1,0x6,0x5,0x30,0x2,
0x0,0x0,0x0,0x0,0x6a,0x0,0x0,0x0,
0x8f,0x1,0x0,0x0,0x0,0x0,0xff,0xff,
0xff,0xff,0xff,0xff,0x0,0x0,0x0,0x0,
0x54,0x0,0x0,0x0,0x54,0x0,0x0,0x0,
0x54,0x0,0x0,0x0,0x0,0x0,0x0,0x0,
0x54,0x0,0x0,0x0,0x54,0x0,0x0,0x0,
0x0,0x0,0x3,0x0,0x54,0x0,0x0,0x0,
0x0,0x0,0x0,0x0,0x9c,0x0,0x0,0x0,
0xb,0x5,0x10,0x1,0xc,0x5,0x50,0x1,
0x9c,0x0,0x0,0x0,0x0,0x0,0x0,0x0,
0x9c,0x0,0x0,0x0,0x0,0x0,0x0,0x0,
0x1a,0x0,0x0,0x0,0x0,0x0,0x7,0x0,
0xa7,0x0,0x0,0x0,0x0,0x0,0x0,0x0,
0xd,0x5,0x50,0x1,0xd,0x5,0xc0,0x1,
0x0,0x0,0x0,0x0,0x0,0x0,0x8,0x0,
0x26,0x1,0x0,0x0,0x0,0x0,0x0,0x0,
0xf,0x5,0x50,0x1,0xf,0x5,0x50,0x1,
0x64,0x0,0x0,0x0,0x0,0x0,0xa,0x0,
0x25,0x1,0x0,0x0,0x0,0x0,0x0,0x0,
0xe,0x5,0x50,0x1,0xe,0x5,0xd0,0x1,
0x0,0x0,0x0,0x0,0x0,0x0,0x0,0x0,
0x0,0x0,0x0,0x0,0x0,0x0,0xff,0xff,
0xff,0xff,0xff,0xff,0x0,0x0,0x0,0x0,
0x54,0x0,0x0,0x0,0x54,0x0,0x0,0x0,
0x54,0x0,0x0,0x0,0x0,0x0,0x0,0x0,
0x54,0x0,0x0,0x0,0x54,0x0,0x0,0x0,
0x0,0x0,0x1,0x0,0x54,0x0,0x0,0x0,
0x0,0x0,0x0,0x0,0x6c,0x0,0x0,0x0,
0xe,0x5,0x50,0x1,0x0,0x0,0x0,0x0,
0x6c,0x0,0x0,0x0,0x0,0x0,0x0,0x0,
0x6c,0x0,0x0,0x0,0x0,0x0,0x0,0x0,
0xa5,0x0,0x0,0x0,0x0,0x0,0x7,0x0,
0xa8,0x0,0x0,0x0,0x0,0x0,0x0,0x0,
0xe,0x5,0xd0,0x1,0xe,0x5,0x30,0x2,
0x0,0x0,0x0,0x0,0x6a,0x0,0x0,0x0,
0x0,0x0,0x0,0x0,0x0,0x0,0xff,0xff,
0xff,0xff,0xff,0xff,0x0,0x0,0x0,0x0,
0x54,0x0,0x0,0x0,0x54,0x0,0x0,0x0,
0x54,0x0,0x0,0x0,0x0,0x0,0x0,0x0,
0x54,0x0,0x0,0x0,0x54,0x0,0x0,0x0,
0x0,0x0,0x6,0x0,0x54,0x0,0x0,0x0,
0x0,0x0,0x0,0x0,0xe4,0x0,0x0,0x0,
0xf,0x5,0x50,0x1,0x0,0x0,0x0,0x0,
0xe4,0x0,0x0,0x0,0x0,0x0,0x0,0x0,
0xe4,0x0,0x0,0x0,0x0,0x0,0x0,0x0,
0x1a,0x0,0x0,0x0,0x0,0x0,0x7,0x0,
0xab,0x0,0x0,0x0,0x0,0x0,0x0,0x0,
0x12,0x5,0x90,0x1,0x12,0x5,0x0,0x2,
0xe,0x0,0x0,0x0,0x0,0x0,0x7,0x0,
0xaa,0x0,0x0,0x0,0x0,0x0,0x0,0x0,
0x10,0x5,0xe0,0x3,0x10,0x5,0x60,0x4,
0xd,0x0,0x0,0x0,0x0,0x0,0x7,0x0,
0xa9,0x0,0x0,0x0,0x0,0x0,0x0,0x0,
0x10,0x5,0x50,0x2,0x10,0x5,0xc0,0x2,
0xb1,0x0,0x0,0x0,0x0,0x0,0x2,0x0,
0x13,0x0,0x0,0x0,0x0,0x0,0x0,0x0,
0x10,0x5,0xf0,0x1,0x10,0x5,0x20,0x2,
0x90,0x1,0x0,0x0,0x0,0x0,0x2,0x0,
0xf,0x0,0x0,0x0,0x0,0x0,0x0,0x0,
0x10,0x5,0x90,0x1,0x10,0x5,0xc0,0x1,
0x0,0x0,0x0,0x0,0x0,0x0,0x8,0x0,
0x27,0x1,0x0,0x0,0x0,0x0,0x0,0x0,
0x13,0x5,0x90,0x1,0x13,0x5,0x90,0x1,
0x0,0x0,0x0,0x0,0x92,0x1,0x0,0x0,
0x93,0x1,0x0,0x0,0x0,0x0,0xff,0xff,
0xff,0xff,0xff,0xff,0x0,0x0,0x0,0x0,
0x54,0x0,0x0,0x0,0x54,0x0,0x0,0x0,
0x54,0x0,0x0,0x0,0x0,0x0,0x0,0x0,
0x54,0x0,0x0,0x0,0x54,0x0,0x0,0x0,
0x0,0x0,0x2,0x0,0x54,0x0,0x0,0x0,
0x0,0x0,0x0,0x0,0x84,0x0,0x0,0x0,
0x13,0x5,0x90,0x1,0x14,0x5,0xd0,0x1,
0x84,0x0,0x0,0x0,0x0,0x0,0x0,0x0,
0x84,0x0,0x0,0x0,0x0,0x0,0x0,0x0,
0xe,0x0,0x0,0x0,0x0,0x0,0x7,0x0,
0xac,0x0,0x0,0x0,0x0,0x0,0x0,0x0,
0x16,0x5,0xd0,0x1,0x16,0x5,0x50,0x2,
0x64,0x0,0x0,0x0,0x0,0x0,0xa,0x0,
0x28,0x1,0x0,0x0,0x0,0x0,0x0,0x0,
0x15,0x5,0xd0,0x1,0x15,0x5,0x50,0x2,
0x0,0x0,0x0,0x0,0x0,0x0,0x0,0x0,
0x0,0x0,0x0,0x0,0x0,0x0,0xff,0xff,
0xff,0xff,0xff,0xff,0x0,0x0,0x0,0x0,
0x54,0x0,0x0,0x0,0x54,0x0,0x0,0x0,
0x54,0x0,0x0,0x0,0x0,0x0,0x0,0x0,
0x54,0x0,0x0,0x0,0x54,0x0,0x0,0x0,
0x0,0x0,0x1,0x0,0x54,0x0,0x0,0x0,
0x0,0x0,0x0,0x0,0x6c,0x0,0x0,0x0,
0x15,0x5,0xd0,0x1,0x0,0x0,0x0,0x0,
0x6c,0x0,0x0,0x0,0x0,0x0,0x0,0x0,
0x6c,0x0,0x0,0x0,0x0,0x0,0x0,0x0,
0xa5,0x0,0x0,0x0,0x0,0x0,0x7,0x0,
0xad,0x0,0x0,0x0,0x0,0x0,0x0,0x0,
0x15,0x5,0x50,0x2,0x15,0x5,0xb0,0x2,
0x0,0x0,0x0,0x0,0x94,0x1,0x0,0x0,
0x0,0x0,0x0,0x0,0x0,0x0,0xff,0xff,
0xff,0xff,0xff,0xff,0x0,0x0,0x0,0x0,
0x54,0x0,0x0,0x0,0x54,0x0,0x0,0x0,
0x54,0x0,0x0,0x0,0x0,0x0,0x0,0x0,
0x54,0x0,0x0,0x0,0x54,0x0,0x0,0x0,
0x0,0x0,0xa,0x0,0x54,0x0,0x0,0x0,
0x0,0x0,0x0,0x0,0x44,0x1,0x0,0x0,
0x20,0x5,0x10,0x1,0x0,0x0,0x0,0x0,
0x44,0x1,0x0,0x0,0x0,0x0,0x0,0x0,
0x44,0x1,0x0,0x0,0x0,0x0,0x0,0x0,
0xf1,0x0,0x0,0x0,0x0,0x0,0x7,0x0,
0xb0,0x0,0x0,0x0,0x0,0x0,0x0,0x0,
0x2f,0x5,0x50,0x1,0x2f,0x5,0x0,0x2,
0x90,0x1,0x0,0x0,0x0,0x0,0x7,0x0,
0xaf,0x0,0x0,0x0,0x0,0x0,0x0,0x0,
0x29,0x5,0x50,0x1,0x29,0x5,0x80,0x1,
0x73,0x0,0x0,0x0,0x0,0x0,0x3,0x0,
0x0,0x0,0x0,0x0,0x20,0x0,0x0,0x0,
0x27,0x5,0x50,0x1,0x27,0x5,0xd0,0x1,
0xe,0x0,0x0,0x0,0x0,0x0,0x2,0x0,
0x7,0x0,0x0,0x0,0x0,0x0,0x0,0x0,
0x22,0x5,0x0,0x2,0x22,0x5,0x80,0x2,
0xd,0x0,0x0,0x0,0x0,0x0,0x2,0x0,
0x21,0x0,0x0,0x0,0x0,0x0,0x0,0x0,
0x22,0x5,0x50,0x1,0x22,0x5,0xc0,0x1,
0x9f,0x0,0x0,0x0,0x0,0x0,0x7,0x0,
0xae,0x0,0x0,0x0,0x0,0x0,0x0,0x0,
0x21,0x5,0x50,0x1,0x21,0x5,0xb0,0x1,
0x0,0x1,0x0,0x0,0x0,0x0,0xa,0x0,
0x2f,0x1,0x0,0x0,0x0,0x0,0x0,0x0,
0x2a,0x5,0x50,0x1,0x2a,0x5,0xb0,0x1,
0x64,0x0,0x0,0x0,0x0,0x0,0xa,0x0,
0x2e,0x1,0x0,0x0,0x0,0x0,0x0,0x0,
0x28,0x5,0x50,0x1,0x28,0x5,0xd0,0x1,
0x2b,0x1,0x0,0x0,0x0,0x0,0xa,0x0,
0x2c,0x1,0x0,0x0,0x0,0x0,0x0,0x0,
0x25,0x5,0x50,0x1,0x25,0x5,0xb0,0x1,
0x1d,0x0,0x0,0x0,0x0,0x0,0xa,0x0,
0x2a,0x1,0x0,0x0,0x0,0x0,0x0,0x0,
0x23,0x5,0x50,0x1,0x23,0x5,0x80,0x1,
0x0,0x0,0x0,0x0,0x0,0x0,0x0,0x0,
0x0,0x0,0x0,0x0,0x0,0x0,0xff,0xff,
0xff,0xff,0xff,0xff,0x0,0x0,0x0,0x0,
0x54,0x0,0x0,0x0,0x54,0x0,0x0,0x0,
0x54,0x0,0x0,0x0,0x0,0x0,0x0,0x0,
0x54,0x0,0x0,0x0,0x54,0x0,0x0,0x0,
0x0,0x0,0x2,0x0,0x54,0x0,0x0,0x0,
0x0,0x0,0x0,0x0,0x84,0x0,0x0,0x0,
0x23,0x5,0x50,0x1,0x0,0x0,0x0,0x0,
0x84,0x0,0x0,0x0,0x0,0x0,0x0,0x0,
0x84,0x0,0x0,0x0,0x0,0x0,0x0,0x0,
0x6b,0x0,0x0,0x0,0x0,0x0,0x2,0x0,
0x22,0x0,0x0,0x0,0x0,0x0,0x0,0x0,
0x23,0x5,0x80,0x1,0x23,0x5,0x0,0x2,
0x30,0x1,0x0,0x0,0x0,0x0,0xa,0x0,
0x2b,0x1,0x0,0x0,0x0,0x0,0x0,0x0,
0x24,0x5,0x80,0x1,0x24,0x5,0xf0,0x1,
0x0,0x0,0x0,0x0,0x0,0x0,0x0,0x0,
0x0,0x0,0x0,0x0,0x0,0x0,0xff,0xff,
0xff,0xff,0xff,0xff,0x0,0x0,0x0,0x0,
0x54,0x0,0x0,0x0,0x54,0x0,0x0,0x0,
0x54,0x0,0x0,0x0,0x0,0x0,0x0,0x0,
0x54,0x0,0x0,0x0,0x54,0x0,0x0,0x0,
0x0,0x0,0x1,0x0,0x54,0x0,0x0,0x0,
0x0,0x0,0x0,0x0,0x6c,0x0,0x0,0x0,
0x24,0x5,0x80,0x1,0x0,0x0,0x0,0x0,
0x6c,0x0,0x0,0x0,0x0,0x0,0x0,0x0,
0x6c,0x0,0x0,0x0,0x0,0x0,0x0,0x0,
0xd,0x0,0x0,0x0,0x0,0x0,0x2,0x0,
0x4,0x0,0x0,0x0,0x0,0x0,0x0,0x0,
0x24,0x5,0xf0,0x1,0x24,0x5,0x60,0x2,
0x0,0x0,0x0,0x0,0x0,0x0,0x0,0x0,
0x0,0x0,0x0,0x0,0x0,0x0,0xff,0xff,
0xff,0xff,0xff,0xff,0x0,0x0,0x0,0x0,
0x54,0x0,0x0,0x0,0x54,0x0,0x0,0x0,
0x54,0x0,0x0,0x0,0x0,0x0,0x0,0x0,
0x54,0x0,0x0,0x0,0x54,0x0,0x0,0x0,
0x0,0x0,0x2,0x0,0x54,0x0,0x0,0x0,
0x0,0x0,0x0,0x0,0x84,0x0,0x0,0x0,
0x25,0x5,0x50,0x1,0x0,0x0,0x0,0x0,
0x84,0x0,0x0,0x0,0x0,0x0,0x0,0x0,
0x84,0x0,0x0,0x0,0x0,0x0,0x0,0x0,
0x1a,0x0,0x0,0x0,0x0,0x0,0x3,0x0,
0x0,0x0,0x0,0x0,0x1c,0x0,0x0,0x0,
0x26,0x5,0xb0,0x1,0x26,0x5,0x20,0x2,
0x1d,0x1,0x0,0x0,0x0,0x0,0xa,0x0,
0x2d,0x1,0x0,0x0,0x0,0x0,0x0,0x0,
0x25,0x5,0xb0,0x1,0x25,0x5,0x0,0x2,
0x0,0x0,0x0,0x0,0x0,0x0,0x0,0x0,
0x0,0x0,0x0,0x0,0x0,0x0,0xff,0xff,
0xff,0xff,0xff,0xff,0x0,0x0,0x0,0x0,
0x54,0x0,0x0,0x0,0x54,0x0,0x0,0x0,
0x54,0x0,0x0,0x0,0x0,0x0,0x0,0x0,
0x54,0x0,0x0,0x0,0x54,0x0,0x0,0x0,
0x0,0x0,0x1,0x0,0x54,0x0,0x0,0x0,
0x0,0x0,0x0,0x0,0x6c,0x0,0x0,0x0,
0x25,0x5,0xb0,0x1,0x0,0x0,0x0,0x0,
0x6c,0x0,0x0,0x0,0x0,0x0,0x0,0x0,
0x6c,0x0,0x0,0x0,0x0,0x0,0x0,0x0,
0x1e,0x1,0x0,0x0,0x0,0x0,0x2,0x0,
0x15,0x0,0x0,0x0,0x0,0x0,0x0,0x0,
0x25,0x5,0x0,0x2,0x25,0x5,0xb0,0x2,
0x0,0x0,0x0,0x0,0x0,0x0,0x0,0x0,
0x0,0x0,0x0,0x0,0x0,0x0,0xff,0xff,
0xff,0xff,0xff,0xff,0x0,0x0,0x0,0x0,
0x54,0x0,0x0,0x0,0x54,0x0,0x0,0x0,
0x54,0x0,0x0,0x0,0x0,0x0,0x0,0x0,
0x54,0x0,0x0,0x0,0x54,0x0,0x0,0x0,
0x0,0x0,0x1,0x0,0x54,0x0,0x0,0x0,
0x0,0x0,0x0,0x0,0x6c,0x0,0x0,0x0,
0x28,0x5,0x50,0x1,0x0,0x0,0x0,0x0,
0x6c,0x0,0x0,0x0,0x0,0x0,0x0,0x0,
0x6c,0x0,0x0,0x0,0x0,0x0,0x0,0x0,
0x17,0x1,0x0,0x0,0x0,0x0,0x7,0x0,
0xb1,0x0,0x0,0x0,0x0,0x0,0x0,0x0,
0x28,0x5,0xd0,0x1,0x28,0x5,0xd0,0x2,
0x0,0x0,0x0,0x0,0x0,0x0,0x0,0x0,
0x0,0x0,0x0,0x0,0x0,0x0,0xff,0xff,
0xff,0xff,0xff,0xff,0x0,0x0,0x0,0x0,
0x54,0x0,0x0,0x0,0x54,0x0,0x0,0x0,
0x54,0x0,0x0,0x0,0x0,0x0,0x0,0x0,
0x54,0x0,0x0,0x0,0x54,0x0,0x0,0x0,
0x0,0x0,0x2,0x0,0x54,0x0,0x0,0x0,
0x0,0x0,0x0,0x0,0x84,0x0,0x0,0x0,
0x2a,0x5,0x50,0x1,0x0,0x0,0x0,0x0,
0x84,0x0,0x0,0x0,0x0,0x0,0x0,0x0,
0x84,0x0,0x0,0x0,0x0,0x0,0x0,0x0,
0x4,0x1,0x0,0x0,0x0,0x0,0x8,0x0,
0x30,0x1,0x0,0x0,0x0,0x0,0x0,0x0,
0x2b,0x5,0xb0,0x1,0x2b,0x5,0x30,0x2,
0x1,0x1,0x0,0x0,0x0,0x0,0x1,0x0,
0x1,0x0,0x0,0x0,0x0,0x0,0x0,0x0,
0x2a,0x5,0xb0,0x1,0x2a,0x5,0x40,0x2,
0x0,0x0,0x0,0x0,0x2,0x1,0x0,0x0,
0x0,0x0,0x0,0x0,0x0,0x0,0xff,0xff,
0xff,0xff,0xff,0xff,0x0,0x0,0x0,0x0,
0x54,0x0,0x0,0x0,0x54,0x0,0x0,0x0,
0x54,0x0,0x0,0x0,0x0,0x0,0x0,0x0,
0x54,0x0,0x0,0x0,0x54,0x0,0x0,0x0,
0x0,0x0,0x2,0x0,0x54,0x0,0x0,0x0,
0x0,0x0,0x0,0x0,0x84,0x0,0x0,0x0,
0x2b,0x5,0x30,0x2,0x0,0x0,0x0,0x0,
0x84,0x0,0x0,0x0,0x0,0x0,0x0,0x0,
0x84,0x0,0x0,0x0,0x0,0x0,0x0,0x0,
0x1a,0x0,0x0,0x0,0x0,0x0,0x3,0x0,
0x0,0x0,0x0,0x0,0x8e,0x1,0x0,0x0,
0x2d,0x5,0x90,0x1,0x2d,0x5,0x0,0x2,
0x6b,0x0,0x0,0x0,0x0,0x0,0x2,0x0,
0x17,0x0,0x0,0x0,0x0,0x0,0x0,0x0,
0x2c,0x5,0x90,0x1,0x2c,0x5,0x10,0x2,
0x0,0x0,0x0,0x0,0x19,0x1,0x0,0x0,
0x0,0x0,0x0,0x0,0x0,0x0,0xff,0xff,
0xff,0xff,0xff,0xff,0x0,0x0,0x0,0x0,
0x54,0x0,0x0,0x0,0x54,0x0,0x0,0x0,
0x54,0x0,0x0,0x0,0x0,0x0,0x0,0x0,
0x54,0x0,0x0,0x0,0x54,0x0,0x0,0x0,
0x0,0x0,0x3,0x0,0x54,0x0,0x0,0x0,
0x0,0x0,0x0,0x0,0x9c,0x0,0x0,0x0,
0x48,0x5,0x90,0x0,0x0,0x0,0x0,0x0,
0x9c,0x0,0x0,0x0,0x0,0x0,0x0,0x0,
0x9c,0x0,0x0,0x0,0x0,0x0,0x0,0x0,
0xf,0x0,0x0,0x0,0x0,0x0,0x7,0x0,
0xb2,0x0,0x0,0x0,0x0,0x0,0x0,0x0,
0x4c,0x5,0xd0,0x0,0x4c,0x5,0x60,0x1,
0x0,0x0,0x0,0x0,0x0,0x0,0x8,0x0,
0x33,0x1,0x0,0x0,0x0,0x0,0x0,0x0,
0x4d,0x5,0xd0,0x0,0x4d,0x5,0xd0,0x0,
0x6f,0x0,0x0,0x0,0x0,0x0,0x9,0x0,
0x32,0x1,0x0,0x0,0x0,0x0,0x0,0x0,
0x49,0x5,0xd0,0x0,0x49,0x5,0x40,0x1,
0x0,0x0,0x0,0x0,0x0,0x0,0x0,0x0,
0x0,0x0,0x0,0x0,0x0,0x0,0xff,0xff,
0xff,0xff,0xff,0xff,0x0,0x0,0x0,0x0,
0x54,0x0,0x0,0x0,0x54,0x0,0x0,0x0,
0x54,0x0,0x0,0x0,0x0,0x0,0x0,0x0,
0x54,0x0,0x0,0x0,0x54,0x0,0x0,0x0,
0x0,0x0,0x3,0x0,0x54,0x0,0x0,0x0,
0x0,0x0,0x0,0x0,0x9c,0x0,0x0,0x0,
0x49,0x5,0xd0,0x0,0x0,0x0,0x0,0x0,
0x9c,0x0,0x0,0x0,0x0,0x0,0x0,0x0,
0x9c,0x0,0x0,0x0,0x0,0x0,0x0,0x0,
0xab,0x0,0x0,0x0,0x0,0x0,0x2,0x0,
0xf,0x0,0x0,0x0,0x0,0x0,0x0,0x0,
0x4b,0x5,0x40,0x1,0x4b,0x5,0xf0,0x1,
0xb5,0x0,0x0,0x0,0x0,0x0,0x1,0x0,
0x1,0x0,0x0,0x0,0x0,0x0,0x0,0x0,
0x4a,0x5,0x40,0x1,0x4a,0x5,0xf0,0x1,
0xb7,0x0,0x0,0x0,0x0,0x0,0x1,0x0,
0x1,0x0,0x0,0x0,0x0,0x0,0x0,0x0,
0x49,0x5,0x40,0x1,0x49,0x5,0x0,0x2,
0x0,0x0,0x0,0x0,0x97,0x1,0x0,0x0,
0x98,0x1,0x0,0x0,0x0,0x0,0xff,0xff,
0xff,0xff,0xff,0xff,0x0,0x0,0x0,0x0,
0x54,0x0,0x0,0x0,0x54,0x0,0x0,0x0,
0x54,0x0,0x0,0x0,0x0,0x0,0x0,0x0,
0x54,0x0,0x0,0x0,0x54,0x0,0x0,0x0,
0x0,0x0,0x1,0x0,0x54,0x0,0x0,0x0,
0x0,0x0,0x0,0x0,0x6c,0x0,0x0,0x0,
0x4d,0x5,0xd0,0x0,0x4e,0x5,0x10,0x1,
0x6c,0x0,0x0,0x0,0x0,0x0,0x0,0x0,
0x6c,0x0,0x0,0x0,0x0,0x0,0x0,0x0,
0x64,0x0,0x0,0x0,0x0,0x0,0xa,0x0,
0x34,0x1,0x0,0x0,0x0,0x0,0x0,0x0,
0x4f,0x5,0x10,0x1,0x4f,0x5,0x90,0x1,
0x0,0x0,0x0,0x0,0x0,0x0,0x0,0x0,
0x0,0x0,0x0,0x0,0x0,0x0,0xff,0xff,
0xff,0xff,0xff,0xff,0x0,0x0,0x0,0x0,
0x54,0x0,0x0,0x0,0x54,0x0,0x0,0x0,
0x54,0x0,0x0,0x0,0x0,0x0,0x0,0x0,
0x54,0x0,0x0,0x0,0x54,0x0,0x0,0x0,
0x0,0x0,0x1,0x0,0x54,0x0,0x0,0x0,
0x0,0x0,0x0,0x0,0x6c,0x0,0x0,0x0,
0x4f,0x5,0x10,0x1,0x0,0x0,0x0,0x0,
0x6c,0x0,0x0,0x0,0x0,0x0,0x0,0x0,
0x6c,0x0,0x0,0x0,0x0,0x0,0x0,0x0,
0xa5,0x0,0x0,0x0,0x0,0x0,0x7,0x0,
0xb3,0x0,0x0,0x0,0x0,0x0,0x0,0x0,
0x4f,0x5,0x90,0x1,0x4f,0x5,0xf0,0x1,
0x0,0x0,0x0,0x0,0xb3,0x0,0x0,0x0,
0x99,0x1,0x0,0x0,0x0,0x0,0xff,0xff,
0xff,0xff,0xff,0xff,0x0,0x0,0x0,0x0,
0x54,0x0,0x0,0x0,0x54,0x0,0x0,0x0,
0x54,0x0,0x0,0x0,0x0,0x0,0x0,0x0,
0x54,0x0,0x0,0x0,0x54,0x0,0x0,0x0,
0x0,0x0,0x5,0x0,0x54,0x0,0x0,0x0,
0x0,0x0,0x0,0x0,0xcc,0x0,0x0,0x0,
0x53,0x5,0x90,0x0,0x54,0x5,0xd0,0x0,
0xcc,0x0,0x0,0x0,0x0,0x0,0x0,0x0,
0xcc,0x0,0x0,0x0,0x0,0x0,0x0,0x0,
0x9a,0x1,0x0,0x0,0x0,0x0,0x7,0x0,
0xb5,0x0,0x0,0x0,0x0,0x0,0x0,0x0,
0x59,0x5,0xd0,0x0,0x59,0x5,0xa0,0x1,
0xf,0x0,0x0,0x0,0x0,0x0,0x7,0x0,
0xb4,0x0,0x0,0x0,0x0,0x0,0x0,0x0,
0x55,0x5,0xd0,0x0,0x55,0x5,0x60,0x1,
0x0,0x0,0x0,0x0,0x0,0x0,0x8,0x0,
0x37,0x1,0x0,0x0,0x0,0x0,0x0,0x0,
0x5a,0x5,0xd0,0x0,0x5a,0x5,0xd0,0x0,
0x0,0x0,0x0,0x0,0x0,0x0,0x8,0x0,
0x65,0x1,0x0,0x0,0x0,0x0,0x0,0x0,
0x3b,0x6,0xd0,0x0,0x3b,0x6,0xd0,0x0,
0x6f,0x0,0x0,0x0,0x0,0x0,0x9,0x0,
0x36,0x1,0x0,0x0,0x0,0x0,0x0,0x0,
0x56,0x5,0xd0,0x0,0x56,0x5,0x40,0x1,
0x0,0x0,0x0,0x0,0x0,0x0,0x0,0x0,
0x0,0x0,0x0,0x0,0x0,0x0,0xff,0xff,
0xff,0xff,0xff,0xff,0x0,0x0,0x0,0x0,
0x54,0x0,0x0,0x0,0x54,0x0,0x0,0x0,
0x54,0x0,0x0,0x0,0x0,0x0,0x0,0x0,
0x54,0x0,0x0,0x0,0x54,0x0,0x0,0x0,
0x0,0x0,0x3,0x0,0x54,0x0,0x0,0x0,
0x0,0x0,0x0,0x0,0x9c,0x0,0x0,0x0,
0x56,0x5,0xd0,0x0,0x0,0x0,0x0,0x0,
0x9c,0x0,0x0,0x0,0x0,0x0,0x0,0x0,
0x9c,0x0,0x0,0x0,0x0,0x0,0x0,0x0,
0xab,0x0,0x0,0x0,0x0,0x0,0x2,0x0,
0xf,0x0,0x0,0x0,0x0,0x0,0x0,0x0,
0x58,0x5,0x40,0x1,0x58,0x5,0xf0,0x1,
0xb5,0x0,0x0,0x0,0x0,0x0,0x1,0x0,
0x1,0x0,0x0,0x0,0x0,0x0,0x0,0x0,
0x57,0x5,0x40,0x1,0x57,0x5,0xf0,0x1,
0xb7,0x0,0x0,0x0,0x0,0x0,0x1,0x0,
0x1,0x0,0x0,0x0,0x0,0x0,0x0,0x0,
0x56,0x5,0x40,0x1,0x56,0x5,0x0,0x2,
0x0,0x0,0x0,0x0,0x6c,0x0,0x0,0x0,
0x9c,0x1,0x0,0x0,0x0,0x0,0xff,0xff,
0xff,0xff,0xff,0xff,0x0,0x0,0x0,0x0,
0x54,0x0,0x0,0x0,0x54,0x0,0x0,0x0,
0x54,0x0,0x0,0x0,0x0,0x0,0x0,0x0,
0x54,0x0,0x0,0x0,0x54,0x0,0x0,0x0,
0x0,0x0,0x3,0x0,0x54,0x0,0x0,0x0,
0x0,0x0,0x0,0x0,0x9c,0x0,0x0,0x0,
0x5a,0x5,0xd0,0x0,0x5b,0x5,0x10,0x1,
0x9c,0x0,0x0,0x0,0x0,0x0,0x0,0x0,
0x9c,0x0,0x0,0x0,0x0,0x0,0x0,0x0,
0x0,0x0,0x0,0x0,0x0,0x0,0x8,0x0,
0x39,0x1,0x0,0x0,0x0,0x0,0x0,0x0,
0x5e,0x5,0x10,0x1,0x5e,0x5,0x10,0x1,
0x0,0x0,0x0,0x0,0x0,0x0,0x8,0x0,
0x43,0x1,0x0,0x0,0x0,0x0,0x0,0x0,
0x7f,0x5,0x10,0x1,0x7f,0x5,0x10,0x1,
0xb3,0x0,0x0,0x0,0x0,0x0,0x9,0x0,
0x38,0x1,0x0,0x0,0x0,0x0,0x0,0x0,
0x5c,0x5,0x10,0x1,0x5c,0x5,0xb0,0x1,
0x0,0x0,0x0,0x0,0x0,0x0,0x0,0x0,
0x0,0x0,0x0,0x0,0x0,0x0,0xff,0xff,
0xff,0xff,0xff,0xff,0x0,0x0,0x0,0x0,
0x54,0x0,0x0,0x0,0x54,0x0,0x0,0x0,
0x54,0x0,0x0,0x0,0x0,0x0,0x0,0x0,
0x54,0x0,0x0,0x0,0x54,0x0,0x0,0x0,
0x0,0x0,0x2,0x0,0x54,0x0,0x0,0x0,
0x0,0x0,0x0,0x0,0x84,0x0,0x0,0x0,
0x5c,0x5,0x10,0x1,0x0,0x0,0x0,0x0,
0x84,0x0,0x0,0x0,0x0,0x0,0x0,0x0,
0x84,0x0,0x0,0x0,0x0,0x0,0x0,0x0,
0xb5,0x0,0x0,0x0,0x0,0x0,0x1,0x0,
0x1,0x0,0x0,0x0,0x0,0x0,0x0,0x0,
0x5d,0x5,0xb0,0x1,0x5d,0x5,0x60,0x2,
0xb7,0x0,0x0,0x0,0x0,0x0,0x1,0x0,
0x1,0x0,0x0,0x0,0x0,0x0,0x0,0x0,
0x5c,0x5,0xb0,0x1,0x5c,0x5,0x70,0x2,
0x0,0x0,0x0,0x0,0x19,0x1,0x0,0x0,
0x9d,0x1,0x0,0x0,0x0,0x0,0xff,0xff,
0xff,0xff,0xff,0xff,0x0,0x0,0x0,0x0,
0x54,0x0,0x0,0x0,0x54,0x0,0x0,0x0,
0x54,0x0,0x0,0x0,0x0,0x0,0x0,0x0,
0x54,0x0,0x0,0x0,0x54,0x0,0x0,0x0,
0x0,0x0,0x2,0x0,0x54,0x0,0x0,0x0,
0x0,0x0,0x0,0x0,0x84,0x0,0x0,0x0,
0x5e,0x5,0x10,0x1,0x5f,0x5,0x50,0x1,
0x84,0x0,0x0,0x0,0x0,0x0,0x0,0x0,
0x84,0x0,0x0,0x0,0x0,0x0,0x0,0x0,
0x0,0x0,0x0,0x0,0x0,0x0,0x8,0x0,
0x3b,0x1,0x0,0x0,0x0,0x0,0x0,0x0,
0x64,0x5,0x50,0x1,0x64,0x5,0x50,0x1,
0x6f,0x0,0x0,0x0,0x0,0x0,0x9,0x0,
0x3a,0x1,0x0,0x0,0x0,0x0,0x0,0x0,
0x60,0x5,0x50,0x1,0x60,0x5,0xc0,0x1,
0x0,0x0,0x0,0x0,0x0,0x0,0x0,0x0,
0x0,0x0,0x0,0x0,0x0,0x0,0xff,0xff,
0xff,0xff,0xff,0xff,0x0,0x0,0x0,0x0,
0x54,0x0,0x0,0x0,0x54,0x0,0x0,0x0,
0x54,0x0,0x0,0x0,0x0,0x0,0x0,0x0,
0x54,0x0,0x0,0x0,0x54,0x0,0x0,0x0,
0x0,0x0,0x4,0x0,0x54,0x0,0x0,0x0,
0x0,0x0,0x0,0x0,0xb4,0x0,0x0,0x0,
0x60,0x5,0x50,0x1,0x0,0x0,0x0,0x0,
0xb4,0x0,0x0,0x0,0x0,0x0,0x0,0x0,
0xb4,0x0,0x0,0x0,0x0,0x0,0x0,0x0,
0x70,0x0,0x0,0x0,0x0,0x0,0x2,0x0,
0x23,0x0,0x0,0x0,0x0,0x0,0x0,0x0,
0x63,0x5,0xc0,0x1,0x63,0x5,0xd0,0x2,
0xb5,0x0,0x0,0x0,0x0,0x0,0x1,0x0,
0x1,0x0,0x0,0x0,0x0,0x0,0x0,0x0,
0x62,0x5,0xc0,0x1,0x62,0x5,0x70,0x2,
0xad,0x0,0x0,0x0,0x0,0x0,0x2,0x0,
0x17,0x0,0x0,0x0,0x0,0x0,0x0,0x0,
0x61,0x5,0xc0,0x1,0x61,0x5,0xa0,0x2,
0xab,0x0,0x0,0x0,0x0,0x0,0x2,0x0,
0x13,0x0,0x0,0x0,0x0,0x0,0x0,0x0,
0x60,0x5,0xc0,0x1,0x60,0x5,0x70,0x2,
0x0,0x0,0x0,0x0,0x9e,0x1,0x0,0x0,
0x15,0x0,0x0,0x0,0x0,0x0,0xff,0xff,
0xff,0xff,0xff,0xff,0x0,0x0,0x0,0x0,
0x54,0x0,0x0,0x0,0x54,0x0,0x0,0x0,
0x54,0x0,0x0,0x0,0x0,0x0,0x0,0x0,
0x54,0x0,0x0,0x0,0x54,0x0,0x0,0x0,
0x0,0x0,0x5,0x0,0x54,0x0,0x0,0x0,
0x0,0x0,0x0,0x0,0xcc,0x0,0x0,0x0,
0x64,0x5,0x50,0x1,0x65,0x5,0x90,0x1,
0xcc,0x0,0x0,0x0,0x0,0x0,0x0,0x0,
0xcc,0x0,0x0,0x0,0x0,0x0,0x0,0x0,
0xa1,0x1,0x0,0x0,0x20,0x0,0x8,0x0,
0x40,0x1,0x0,0x0,0x0,0x0,0x0,0x0,
0x69,0x5,0x90,0x1,0x6a,0x5,0xd0,0x1,
0xa1,0x1,0x0,0x0,0x20,0x0,0x8,0x0,
0x3c,0x1,0x0,0x0,0x0,0x0,0x0,0x0,
0x69,0x5,0x90,0x1,0x71,0x5,0xd0,0x1,
0xe,0x0,0x0,0x0,0x0,0x0,0x2,0x0,
0x23,0x0,0x0,0x0,0x0,0x0,0x0,0x0,
0x68,0x5,0x90,0x1,0x68,0x5,0x10,0x2,
0x9f,0x1,0x0,0x0,0x0,0x0,0x7,0x0,
0xb7,0x0,0x0,0x0,0x0,0x0,0x0,0x0,
0x67,0x5,0x90,0x1,0x67,0x5,0x10,0x2,
0xd,0x0,0x0,0x0,0x0,0x0,0x7,0x0,
0xb6,0x0,0x0,0x0,0x0,0x0,0x0,0x0,
0x66,0x5,0x90,0x1,0x66,0x5,0x0,0x2,
0x0,0x0,0x0,0x0,0xa2,0x1,0x0,0x0,
0x0,0x0,0x0,0x0,0x0,0x0,0xff,0xff,
0xff,0xff,0xff,0xff,0x0,0x0,0x0,0x0,
0x54,0x0,0x0,0x0,0x54,0x0,0x0,0x0,
0x54,0x0,0x0,0x0,0x0,0x0,0x0,0x0,
0x54,0x0,0x0,0x0,0x54,0x0,0x0,0x0,
0x0,0x0,0x3,0x0,0x54,0x0,0x0,0x0,
0x0,0x0,0x0,0x0,0x9c,0x0,0x0,0x0,
0x71,0x5,0xd0,0x1,0x0,0x0,0x0,0x0,
0x9c,0x0,0x0,0x0,0x0,0x0,0x0,0x0,
0x9c,0x0,0x0,0x0,0x0,0x0,0x0,0x0,
0xa3,0x1,0x0,0x0,0x0,0x0,0x7,0x0,
0xb8,0x0,0x0,0x0,0x0,0x0,0x0,0x0,
0x72,0x5,0x10,0x2,0x72,0x5,0x70,0x2,
0x0,0x0,0x0,0x0,0x0,0x0,0x8,0x0,
0x3d,0x1,0x0,0x0,0x0,0x0,0x0,0x0,
0x73,0x5,0x10,0x2,0x73,0x5,0x10,0x2,
0x0,0x0,0x0,0x0,0x0,0x0,0x8,0x0,
0x3e,0x1,0x0,0x0,0x0,0x0,0x0,0x0,
0x77,0x5,0x10,0x2,0x77,0x5,0x10,0x2,
0x0,0x0,0x0,0x0,0xa5,0x1,0x0,0x0,
0x0,0x0,0x0,0x0,0x0,0x0,0xff,0xff,
0xff,0xff,0xff,0xff,0x0,0x0,0x0,0x0,
0x54,0x0,0x0,0x0,0x54,0x0,0x0,0x0,
0x54,0x0,0x0,0x0,0x0,0x0,0x0,0x0,
0x54,0x0,0x0,0x0,0x54,0x0,0x0,0x0,
0x0,0x0,0x2,0x0,0x54,0x0,0x0,0x0,
0x0,0x0,0x0,0x0,0x84,0x0,0x0,0x0,
0x73,0x5,0x10,0x2,0x0,0x0,0x0,0x0,
0x84,0x0,0x0,0x0,0x0,0x0,0x0,0x0,
0x84,0x0,0x0,0x0,0x0,0x0,0x0,0x0,
0x90,0x1,0x0,0x0,0x0,0x0,0x7,0x0,
0xba,0x0,0x0,0x0,0x0,0x0,0x0,0x0,
0x75,0x5,0x50,0x2,0x75,0x5,0x80,0x2,
0x81,0x0,0x0,0x0,0x0,0x0,0x7,0x0,
0xb9,0x0,0x0,0x0,0x0,0x0,0x0,0x0,
0x74,0x5,0x50,0x2,0x74,0x5,0xd0,0x2,
0x0,0x0,0x0,0x0,0xa6,0x1,0x0,0x0,
0x0,0x0,0x0,0x0,0x0,0x0,0xff,0xff,
0xff,0xff,0xff,0xff,0x0,0x0,0x0,0x0,
0x54,0x0,0x0,0x0,0x54,0x0,0x0,0x0,
0x54,0x0,0x0,0x0,0x0,0x0,0x0,0x0,
0x54,0x0,0x0,0x0,0x54,0x0,0x0,0x0,
0x0,0x0,0x2,0x0,0x54,0x0,0x0,0x0,
0x0,0x0,0x0,0x0,0x84,0x0,0x0,0x0,
0x77,0x5,0x10,0x2,0x0,0x0,0x0,0x0,
0x84,0x0,0x0,0x0,0x0,0x0,0x0,0x0,
0x84,0x0,0x0,0x0,0x0,0x0,0x0,0x0,
0x81,0x0,0x0,0x0,0x0,0x0,0x7,0x0,
0xbb,0x0,0x0,0x0,0x0,0x0,0x0,0x0,
0x78,0x5,0x50,0x2,0x78,0x5,0xd0,0x2,
0x64,0x0,0x0,0x0,0x0,0x0,0xa,0x0,
0x3f,0x1,0x0,0x0,0x0,0x0,0x0,0x0,
0x79,0x5,0x50,0x2,0x79,0x5,0xd0,0x2,
0x0,0x0,0x0,0x0,0x0,0x0,0x0,0x0,
0x0,0x0,0x0,0x0,0x0,0x0,0xff,0xff,
0xff,0xff,0xff,0xff,0x0,0x0,0x0,0x0,
0x54,0x0,0x0,0x0,0x54,0x0,0x0,0x0,
0x54,0x0,0x0,0x0,0x0,0x0,0x0,0x0,
0x54,0x0,0x0,0x0,0x54,0x0,0x0,0x0,
0x0,0x0,0x1,0x0,0x54,0x0,0x0,0x0,
0x0,0x0,0x0,0x0,0x6c,0x0,0x0,0x0,
0x79,0x5,0x50,0x2,0x0,0x0,0x0,0x0,
0x6c,0x0,0x0,0x0,0x0,0x0,0x0,0x0,
0x6c,0x0,0x0,0x0,0x0,0x0,0x0,0x0,
0xa7,0x1,0x0,0x0,0x0,0x0,0x7,0x0,
0xbc,0x0,0x0,0x0,0xa9,0x1,0x0,0x0,
0x79,0x5,0xd0,0x2,0x79,0x5,0xf0,0x3,
0x0,0x0,0x0,0x0,0xa2,0x1,0x0,0x0,
0x0,0x0,0x0,0x0,0x0,0x0,0xff,0xff,
0xff,0xff,0xff,0xff,0x0,0x0,0x0,0x0,
0x54,0x0,0x0,0x0,0x54,0x0,0x0,0x0,
0x54,0x0,0x0,0x0,0x0,0x0,0x0,0x0,
0x54,0x0,0x0,0x0,0x54,0x0,0x0,0x0,
0x0,0x0,0x2,0x0,0x54,0x0,0x0,0x0,
0x0,0x0,0x0,0x0,0x84,0x0,0x0,0x0,
0x6a,0x5,0xd0,0x1,0x0,0x0,0x0,0x0,
0x84,0x0,0x0,0x0,0x0,0x0,0x0,0x0,
0x84,0x0,0x0,0x0,0x0,0x0,0x0,0x0,
0xa3,0x1,0x0,0x0,0x0,0x0,0x7,0x0,
0xbd,0x0,0x0,0x0,0x0,0x0,0x0,0x0,
0x6b,0x5,0x10,0x2,0x6b,0x5,0x70,0x2,
0x0,0x0,0x0,0x0,0x0,0x0,0x8,0x0,
0x41,0x1,0x0,0x0,0x0,0x0,0x0,0x0,
0x6c,0x5,0x10,0x2,0x6c,0x5,0x10,0x2,
0x0,0x0,0x0,0x0,0xa6,0x1,0x0,0x0,
0x0,0x0,0x0,0x0,0x0,0x0,0xff,0xff,
0xff,0xff,0xff,0xff,0x0,0x0,0x0,0x0,
0x54,0x0,0x0,0x0,0x54,0x0,0x0,0x0,
0x54,0x0,0x0,0x0,0x0,0x0,0x0,0x0,
0x54,0x0,0x0,0x0,0x54,0x0,0x0,0x0,
0x0,0x0,0x2,0x0,0x54,0x0,0x0,0x0,
0x0,0x0,0x0,0x0,0x84,0x0,0x0,0x0,
0x6c,0x5,0x10,0x2,0x0,0x0,0x0,0x0,
0x84,0x0,0x0,0x0,0x0,0x0,0x0,0x0,
0x84,0x0,0x0,0x0,0x0,0x0,0x0,0x0,
0x81,0x0,0x0,0x0,0x0,0x0,0x7,0x0,
0xbe,0x0,0x0,0x0,0x0,0x0,0x0,0x0,
0x6d,0x5,0x50,0x2,0x6d,0x5,0xd0,0x2,
0x64,0x0,0x0,0x0,0x0,0x0,0xa,0x0,
0x42,0x1,0x0,0x0,0x0,0x0,0x0,0x0,
0x6e,0x5,0x50,0x2,0x6e,0x5,0xd0,0x2,
0x0,0x0,0x0,0x0,0x0,0x0,0x0,0x0,
0x0,0x0,0x0,0x0,0x0,0x0,0xff,0xff,
0xff,0xff,0xff,0xff,0x0,0x0,0x0,0x0,
0x54,0x0,0x0,0x0,0x54,0x0,0x0,0x0,
0x54,0x0,0x0,0x0,0x0,0x0,0x0,0x0,
0x54,0x0,0x0,0x0,0x54,0x0,0x0,0x0,
0x0,0x0,0x1,0x0,0x54,0x0,0x0,0x0,
0x0,0x0,0x0,0x0,0x6c,0x0,0x0,0x0,
0x6e,0x5,0x50,0x2,0x0,0x0,0x0,0x0,
0x6c,0x0,0x0,0x0,0x0,0x0,0x0,0x0,
0x6c,0x0,0x0,0x0,0x0,0x0,0x0,0x0,
0xa7,0x1,0x0,0x0,0x0,0x0,0x7,0x0,
0xbf,0x0,0x0,0x0,0x0,0x0,0x0,0x0,
0x6e,0x5,0xd0,0x2,0x6e,0x5,0xf0,0x3,
0x0,0x0,0x0,0x0,0x19,0x1,0x0,0x0,
0x0,0x0,0x0,0x0,0x0,0x0,0xff,0xff,
0xff,0xff,0xff,0xff,0x0,0x0,0x0,0x0,
0x54,0x0,0x0,0x0,0x54,0x0,0x0,0x0,
0x54,0x0,0x0,0x0,0x0,0x0,0x0,0x0,
0x54,0x0,0x0,0x0,0x54,0x0,0x0,0x0,
0x0,0x0,0x5,0x0,0x54,0x0,0x0,0x0,
0x0,0x0,0x0,0x0,0xcc,0x0,0x0,0x0,
0x7f,0x5,0x10,0x1,0x0,0x0,0x0,0x0,
0xcc,0x0,0x0,0x0,0x0,0x0,0x0,0x0,
0xcc,0x0,0x0,0x0,0x0,0x0,0x0,0x0,
0x0,0x0,0x0,0x0,0x0,0x0,0x8,0x0,
0x45,0x1,0x0,0x0,0x0,0x0,0x0,0x0,
0x82,0x5,0x50,0x1,0x82,0x5,0x50,0x1,
0x0,0x0,0x0,0x0,0x0,0x0,0x8,0x0,
0x47,0x1,0x0,0x0,0x0,0x0,0x0,0x0,
0x8a,0x5,0x50,0x1,0x8a,0x5,0x50,0x1,
0x0,0x0,0x0,0x0,0x0,0x0,0x8,0x0,
0x49,0x1,0x0,0x0,0x0,0x0,0x0,0x0,
0x91,0x5,0x50,0x1,0x91,0x5,0x50,0x1,
0x0,0x0,0x0,0x0,0x0,0x0,0x8,0x0,
0x58,0x1,0x0,0x0,0x0,0x0,0x0,0x0,
0xf9,0x5,0x50,0x1,0xf9,0x5,0x50,0x1,
0x6f,0x0,0x0,0x0,0x0,0x0,0x9,0x0,
0x44,0x1,0x0,0x0,0x0,0x0,0x0,0x0,
0x80,0x5,0x50,0x1,0x80,0x5,0xc0,0x1,
0x0,0x0,0x0,0x0,0x0,0x0,0x0,0x0,
0x0,0x0,0x0,0x0,0x0,0x0,0xff,0xff,
0xff,0xff,0xff,0xff,0x0,0x0,0x0,0x0,
0x54,0x0,0x0,0x0,0x54,0x0,0x0,0x0,
0x54,0x0,0x0,0x0,0x0,0x0,0x0,0x0,
0x54,0x0,0x0,0x0,0x54,0x0,0x0,0x0,
0x0,0x0,0x2,0x0,0x54,0x0,0x0,0x0,
0x0,0x0,0x0,0x0,0x84,0x0,0x0,0x0,
0x80,0x5,0x50,0x1,0x0,0x0,0x0,0x0,
0x84,0x0,0x0,0x0,0x0,0x0,0x0,0x0,
0x84,0x0,0x0,0x0,0x0,0x0,0x0,0x0,
0xb5,0x0,0x0,0x0,0x0,0x0,0x1,0x0,
0x1,0x0,0x0,0x0,0x0,0x0,0x0,0x0,
0x81,0x5,0xc0,0x1,0x81,0x5,0x70,0x2,
0xb7,0x0,0x0,0x0,0x0,0x0,0x1,0x0,
0x1,0x0,0x0,0x0,0x0,0x0,0x0,0x0,
0x80,0x5,0xc0,0x1,0x80,0x5,0x80,0x2,
0x0,0x0,0x0,0x0,0x6a,0x0,0x0,0x0,
0xaa,0x1,0x0,0x0,0x0,0x0,0xff,0xff,
0xff,0xff,0xff,0xff,0x0,0x0,0x0,0x0,
0x54,0x0,0x0,0x0,0x54,0x0,0x0,0x0,
0x54,0x0,0x0,0x0,0x0,0x0,0x0,0x0,
0x54,0x0,0x0,0x0,0x54,0x0,0x0,0x0,
0x0,0x0,0x5,0x0,0x54,0x0,0x0,0x0,
0x0,0x0,0x0,0x0,0xcc,0x0,0x0,0x0,
0x82,0x5,0x50,0x1,0x83,0x5,0x90,0x1,
0xcc,0x0,0x0,0x0,0x0,0x0,0x0,0x0,
0xcc,0x0,0x0,0x0,0x0,0x0,0x0,0x0,
0xf,0x0,0x0,0x0,0x0,0x0,0x7,0x0,
0xc2,0x0,0x0,0x0,0x0,0x0,0x0,0x0,
0x88,0x5,0x90,0x1,0x88,0x5,0x20,0x2,
0x1a,0x0,0x0,0x0,0x0,0x0,0x3,0x0,
0x0,0x0,0x0,0x0,0xab,0x1,0x0,0x0,
0x87,0x5,0x90,0x1,0x87,0x5,0x0,0x2,
0xe,0x0,0x0,0x0,0x0,0x0,0x7,0x0,
0xc1,0x0,0x0,0x0,0x0,0x0,0x0,0x0,
0x86,0x5,0x90,0x1,0x86,0x5,0x10,0x2,
0xd,0x0,0x0,0x0,0x0,0x0,0x7,0x0,
0xc0,0x0,0x0,0x0,0x0,0x0,0x0,0x0,
0x85,0x5,0x90,0x1,0x85,0x5,0x0,0x2,
0x64,0x0,0x0,0x0,0x0,0x0,0xa,0x0,
0x46,0x1,0x0,0x0,0x0,0x0,0x0,0x0,
0x84,0x5,0x90,0x1,0x84,0x5,0x10,0x2,
0x0,0x0,0x0,0x0,0x0,0x0,0x0,0x0,
0x0,0x0,0x0,0x0,0x0,0x0,0xff,0xff,
0xff,0xff,0xff,0xff,0x0,0x0,0x0,0x0,
0x54,0x0,0x0,0x0,0x54,0x0,0x0,0x0,
0x54,0x0,0x0,0x0,0x0,0x0,0x0,0x0,
0x54,0x0,0x0,0x0,0x54,0x0,0x0,0x0,
0x0,0x0,0x1,0x0,0x54,0x0,0x0,0x0,
0x0,0x0,0x0,0x0,0x6c,0x0,0x0,0x0,
0x84,0x5,0x90,0x1,0x0,0x0,0x0,0x0,
0x6c,0x0,0x0,0x0,0x0,0x0,0x0,0x0,
0x6c,0x0,0x0,0x0,0x0,0x0,0x0,0x0,
0xa7,0x1,0x0,0x0,0x0,0x0,0x7,0x0,
0xc3,0x0,0x0,0x0,0x0,0x0,0x0,0x0,
0x84,0x5,0x10,0x2,0x84,0x5,0x30,0x3,
0x0,0x0,0x0,0x0,0x2,0x1,0x0,0x0,
0x0,0x0,0x0,0x0,0x0,0x0,0xff,0xff,
0xff,0xff,0xff,0xff,0x0,0x0,0x0,0x0,
0x54,0x0,0x0,0x0,0x54,0x0,0x0,0x0,
0x54,0x0,0x0,0x0,0x0,0x0,0x0,0x0,
0x54,0x0,0x0,0x0,0x54,0x0,0x0,0x0,
0x0,0x0,0x5,0x0,0x54,0x0,0x0,0x0,
0x0,0x0,0x0,0x0,0xcc,0x0,0x0,0x0,
0x8a,0x5,0x50,0x1,0x0,0x0,0x0,0x0,
0xcc,0x0,0x0,0x0,0x0,0x0,0x0,0x0,
0xcc,0x0,0x0,0x0,0x0,0x0,0x0,0x0,
0xad,0x1,0x0,0x0,0x0,0x0,0x2,0x0,
0x17,0x0,0x0,0x0,0x0,0x0,0x0,0x0,
0x8f,0x5,0x90,0x1,0x8f,0x5,0x90,0x2,
0x6b,0x0,0x0,0x0,0x0,0x0,0x2,0x0,
0x14,0x0,0x0,0x0,0x0,0x0,0x0,0x0,
0x8e,0x5,0x90,0x1,0x8e,0x5,0x10,0x2,
0xed,0x0,0x0,0x0,0x0,0x0,0x7,0x0,
0xc4,0x0,0x0,0x0,0x0,0x0,0x0,0x0,
0x8d,0x5,0x90,0x1,0x8d,0x5,0x10,0x2,
0x1a,0x0,0x0,0x0,0x0,0x0,0x3,0x0,
0x0,0x0,0x0,0x0,0xac,0x1,0x0,0x0,
0x8c,0x5,0x90,0x1,0x8c,0x5,0x0,0x2,
0x64,0x0,0x0,0x0,0x0,0x0,0xa,0x0,
0x48,0x1,0x0,0x0,0x0,0x0,0x0,0x0,
0x8b,0x5,0x90,0x1,0x8b,0x5,0x10,0x2,
0x0,0x0,0x0,0x0,0x0,0x0,0x0,0x0,
0x0,0x0,0x0,0x0,0x0,0x0,0xff,0xff,
0xff,0xff,0xff,0xff,0x0,0x0,0x0,0x0,
0x54,0x0,0x0,0x0,0x54,0x0,0x0,0x0,
0x54,0x0,0x0,0x0,0x0,0x0,0x0,0x0,
0x54,0x0,0x0,0x0,0x54,0x0,0x0,0x0,
0x0,0x0,0x1,0x0,0x54,0x0,0x0,0x0,
0x0,0x0,0x0,0x0,0x6c,0x0,0x0,0x0,
0x8b,0x5,0x90,0x1,0x0,0x0,0x0,0x0,
0x6c,0x0,0x0,0x0,0x0,0x0,0x0,0x0,
0x6c,0x0,0x0,0x0,0x0,0x0,0x0,0x0,
0xa5,0x0,0x0,0x0,0x0,0x0,0x7,0x0,
0xc5,0x0,0x0,0x0,0x0,0x0,0x0,0x0,
0x8b,0x5,0x10,0x2,0x8b,0x5,0x70,0x2,
0x0,0x0,0x0,0x0,0xae,0x1,0x0,0x0,
0xaf,0x1,0x0,0x0,0x0,0x0,0xff,0xff,
0xff,0xff,0xff,0xff,0x0,0x0,0x3,0x0,
0x54,0x0,0x0,0x0,0x54,0x0,0x0,0x0,
0x78,0x0,0x0,0x0,0x0,0x0,0x0,0x0,
0x78,0x0,0x0,0x0,0x78,0x0,0x0,0x0,
0x0,0x0,0xf,0x0,0x78,0x0,0x0,0x0,
0x0,0x0,0x0,0x0,0xe0,0x1,0x0,0x0,
0x91,0x5,0x50,0x1,0x92,0x5,0x90,0x1,
0xe0,0x1,0x0,0x0,0x0,0x0,0x0,0x0,
0xe0,0x1,0x0,0x0,0x0,0x0,0x0,0x0,
0xb3,0x1,0x0,0x0,0x4,0x0,0x0,0x20,
0x96,0x5,0x90,0x1,0xb5,0x1,0x0,0x0,
0x4,0x0,0x0,0x20,0x97,0x5,0x90,0x1,
0xd1,0x1,0x0,0x0,0x4,0x0,0x0,0x20,
0xd3,0x5,0x90,0x1,0xd5,0x1,0x0,0x0,
0x0,0x0,0x7,0x0,0xcd,0x0,0x0,0x0,
0x0,0x0,0x0,0x0,0xd7,0x5,0x90,0x1,
0xd7,0x5,0xc0,0x2,0xd3,0x1,0x0,0x0,
0x0,0x0,0x7,0x0,0xcc,0x0,0x0,0x0,
0x0,0x0,0x0,0x0,0xd4,0x5,0x90,0x1,
0xd4,0x5,0xa0,0x2,0xd1,0x1,0x0,0x0,
0x0,0x0,0x7,0x0,0xcb,0x0,0x0,0x0,
0x0,0x0,0x0,0x0,0xd3,0x5,0x70,0x2,
0xd3,0x5,0x10,0x3,0xc9,0x1,0x0,0x0,
0x4,0x0,0x8,0x0,0x4f,0x1,0x0,0x0,
0x0,0x0,0x0,0x0,0xbe,0x5,0x40,0x2,
0xbe,0x5,0x90,0x1,0xc4,0x1,0x0,0x0,
0x0,0x0,0x7,0x0,0xca,0x0,0x0,0x0,
0x0,0x0,0x0,0x0,0xbc,0x5,0x90,0x1,
0xbc,0x5,0xd0,0x2,0xbc,0x1,0x0,0x0,
0x0,0x0,0x7,0x0,0xc9,0x0,0x0,0x0,
0x0,0x0,0x0,0x0,0xa3,0x5,0x90,0x1,
0xa3,0x5,0xc0,0x2,0xbb,0x1,0x0,0x0,
0x4,0x0,0x8,0x0,0x4b,0x1,0x0,0x0,
0x0,0x0,0x0,0x0,0x9b,0x5,0x50,0x2,
0x9b,0x5,0x90,0x1,0xb6,0x1,0x0,0x0,
0x0,0x0,0x7,0x0,0xc8,0x0,0x0,0x0,
0x0,0x0,0x0,0x0,0x99,0x5,0x90,0x1,
0x99,0x5,0xa0,0x2,0xb3,0x1,0x0,0x0,
0x0,0x0,0x7,0x0,0xc7,0x0,0x0,0x0,
0x0,0x0,0x0,0x0,0x96,0x5,0x70,0x2,
0x96,0x5,0x10,0x3,0xb2,0x1,0x0,0x0,
0x0,0x0,0x1,0x0,0x1,0x0,0x0,0x0,
0x0,0x0,0x0,0x0,0x95,0x5,0x90,0x1,
0x95,0x5,0xf0,0x1,0xb0,0x1,0x0,0x0,
0x0,0x0,0x7,0x0,0xc6,0x0,0x0,0x0,
0x0,0x0,0x0,0x0,0x94,0x5,0x90,0x1,
0x94,0x5,0x80,0x2,0x0,0x0,0x0,0x0,
0x0,0x0,0x8,0x0,0x4d,0x1,0x0,0x0,
0x0,0x0,0x0,0x0,0xa9,0x5,0x90,0x1,
0xa9,0x5,0x90,0x1,0x0,0x0,0x0,0x0,
0x0,0x0,0x8,0x0,0x53,0x1,0x0,0x0,
0x0,0x0,0x0,0x0,0xda,0x5,0x90,0x1,
0xda,0x5,0x90,0x1,0xca,0x1,0x0,0x0,
0x0,0x0,0x9,0x0,0x51,0x1,0x0,0x0,
0x0,0x0,0x0,0x0,0xc3,0x5,0x90,0x1,
0xc3,0x5,0x30,0x2,0x64,0x0,0x0,0x0,
0x0,0x0,0xa,0x0,0x4a,0x1,0x0,0x0,
0x0,0x0,0x0,0x0,0x93,0x5,0x90,0x1,
0x93,0x5,0x10,0x2,0x0,0x0,0x0,0x0,
0x0,0x0,0x0,0x0,0x0,0x0,0xff,0xff,
0xff,0xff,0xff,0xff,0x0,0x0,0x0,0x0,
0x54,0x0,0x0,0x0,0x54,0x0,0x0,0x0,
0x54,0x0,0x0,0x0,0x0,0x0,0x0,0x0,
0x54,0x0,0x0,0x0,0x54,0x0,0x0,0x0,
0x0,0x0,0x1,0x0,0x54,0x0,0x0,0x0,
0x0,0x0,0x0,0x0,0x6c,0x0,0x0,0x0,
0x93,0x5,0x90,0x1,0x0,0x0,0x0,0x0,
0x6c,0x0,0x0,0x0,0x0,0x0,0x0,0x0,
0x6c,0x0,0x0,0x0,0x0,0x0,0x0,0x0,
0xa5,0x0,0x0,0x0,0x0,0x0,0x7,0x0,
0xce,0x0,0x0,0x0,0x0,0x0,0x0,0x0,
0x93,0x5,0x10,0x2,0x93,0x5,0x70,0x2,
0x0,0x0,0x0,0x0,0x2d,0x0,0x0,0x0,
0x0,0x0,0x0,0x0,0x0,0x0,0xff,0xff,
0xff,0xff,0xff,0xff,0x0,0x0,0x0,0x0,
0x54,0x0,0x0,0x0,0x54,0x0,0x0,0x0,
0x54,0x0,0x0,0x0,0x0,0x0,0x0,0x0,
0x54,0x0,0x0,0x0,0x54,0x0,0x0,0x0,
0x0,0x0,0x2,0x0,0x54,0x0,0x0,0x0,
0x0,0x0,0x0,0x0,0x84,0x0,0x0,0x0,
0x9b,0x5,0x90,0x1,0x0,0x0,0x0,0x0,
0x84,0x0,0x0,0x0,0x0,0x0,0x0,0x0,
0x84,0x0,0x0,0x0,0x0,0x0,0x0,0x0,
0x1,0x1,0x0,0x0,0x0,0x0,0x7,0x0,
0xcf,0x0,0x0,0x0,0x0,0x0,0x0,0x0,
0x9c,0x5,0xd0,0x1,0x9c,0x5,0x60,0x2,
0x0,0x0,0x0,0x0,0x0,0x0,0x8,0x0,
0x4c,0x1,0x0,0x0,0x0,0x0,0x0,0x0,
0x9d,0x5,0xd0,0x1,0x9d,0x5,0xd0,0x1,
0x0,0x0,0x0,0x0,0xb9,0x1,0x0,0x0,
0x0,0x0,0x0,0x0,0x0,0x0,0xff,0xff,
0xff,0xff,0xff,0xff,0x0,0x0,0x0,0x0,
0x54,0x0,0x0,0x0,0x54,0x0,0x0,0x0,
0x54,0x0,0x0,0x0,0x0,0x0,0x0,0x0,
0x54,0x0,0x0,0x0,0x54,0x0,0x0,0x0,
0x0,0x0,0x2,0x0,0x54,0x0,0x0,0x0,
0x0,0x0,0x0,0x0,0x84,0x0,0x0,0x0,
0x9d,0x5,0xd0,0x1,0x0,0x0,0x0,0x0,
0x84,0x0,0x0,0x0,0x0,0x0,0x0,0x0,
0x84,0x0,0x0,0x0,0x0,0x0,0x0,0x0,
0xba,0x1,0x0,0x0,0x0,0x0,0x2,0x0,
0x25,0x0,0x0,0x0,0x0,0x0,0x0,0x0,
0x9f,0x5,0x10,0x2,0x9f,0x5,0xb0,0x2,
0x2f,0x0,0x0,0x0,0x0,0x0,0x2,0x0,
0x24,0x0,0x0,0x0,0x0,0x0,0x0,0x0,
0x9e,0x5,0x10,0x2,0x9e,0x5,0xb0,0x2,
0x0,0x0,0x0,0x0,0xbe,0x1,0x0,0x0,
0xbf,0x1,0x0,0x0,0x0,0x0,0xff,0xff,
0xff,0xff,0xff,0xff,0x0,0x0,0x1,0x0,
0x54,0x0,0x0,0x0,0x54,0x0,0x0,0x0,
0x60,0x0,0x0,0x0,0x0,0x0,0x0,0x0,
0x60,0x0,0x0,0x0,0x60,0x0,0x0,0x0,
0x0,0x0,0x3,0x0,0x60,0x0,0x0,0x0,
0x0,0x0,0x0,0x0,0xa8,0x0,0x0,0x0,
0xa9,0x5,0x90,0x1,0xaa,0x5,0xd0,0x1,
0xa8,0x0,0x0,0x0,0x0,0x0,0x0,0x0,
0xa8,0x0,0x0,0x0,0x0,0x0,0x0,0x0,
0xc0,0x1,0x0,0x0,0x4,0x0,0x0,0xa0,
0xac,0x5,0xd0,0x1,0xc2,0x1,0x0,0x0,
0x0,0x2,0x7,0x0,0xd1,0x0,0x0,0x0,
0x0,0x0,0x0,0x0,0xad,0x5,0xd0,0x1,
0xad,0x5,0x60,0x2,0xc0,0x1,0x0,0x0,
0x8,0x0,0x7,0x0,0xd0,0x0,0x0,0x0,
0x0,0x0,0x0,0x0,0xac,0x5,0x40,0x3,
0xac,0x5,0x0,0x4,0x64,0x0,0x0,0x0,
0x0,0x0,0xa,0x0,0x4e,0x1,0x0,0x0,
0x0,0x0,0x0,0x0,0xab,0x5,0xd0,0x1,
0xab,0x5,0x50,0x2,0x0,0x0,0x0,0x0,
0x0,0x0,0x0,0x0,0x0,0x0,0xff,0xff,
0xff,0xff,0xff,0xff,0x0,0x0,0x0,0x0,
0x54,0x0,0x0,0x0,0x54,0x0,0x0,0x0,
0x54,0x0,0x0,0x0,0x0,0x0,0x0,0x0,
0x54,0x0,0x0,0x0,0x54,0x0,0x0,0x0,
0x0,0x0,0x1,0x0,0x54,0x0,0x0,0x0,
0x0,0x0,0x0,0x0,0x6c,0x0,0x0,0x0,
0xab,0x5,0xd0,0x1,0x0,0x0,0x0,0x0,
0x6c,0x0,0x0,0x0,0x0,0x0,0x0,0x0,
0x6c,0x0,0x0,0x0,0x0,0x0,0x0,0x0,
0xa5,0x0,0x0,0x0,0x0,0x0,0x7,0x0,
0xd3,0x0,0x0,0x0,0x0,0x0,0x0,0x0,
0xab,0x5,0x50,0x2,0xab,0x5,0xb0,0x2,
0x0,0x0,0x0,0x0,0xc6,0x1,0x0,0x0,
0x0,0x0,0x0,0x0,0x0,0x0,0xff,0xff,
0xff,0xff,0xff,0xff,0x0,0x0,0x0,0x0,
0x54,0x0,0x0,0x0,0x54,0x0,0x0,0x0,
0x54,0x0,0x0,0x0,0x0,0x0,0x0,0x0,
0x54,0x0,0x0,0x0,0x54,0x0,0x0,0x0,
0x0,0x0,0x2,0x0,0x54,0x0,0x0,0x0,
0x0,0x0,0x0,0x0,0x84,0x0,0x0,0x0,
0xbe,0x5,0x90,0x1,0x0,0x0,0x0,0x0,
0x84,0x0,0x0,0x0,0x0,0x0,0x0,0x0,
0x84,0x0,0x0,0x0,0x0,0x0,0x0,0x0,
0xc7,0x1,0x0,0x0,0x0,0x0,0x7,0x0,
0xd5,0x0,0x0,0x0,0x0,0x0,0x0,0x0,
0xc0,0x5,0xd0,0x1,0xc0,0x5,0x40,0x2,
0xa3,0x1,0x0,0x0,0x0,0x0,0x7,0x0,
0xd4,0x0,0x0,0x0,0x0,0x0,0x0,0x0,
0xbf,0x5,0xd0,0x1,0xbf,0x5,0x30,0x2,
0x0,0x0,0x0,0x0,0xca,0x1,0x0,0x0,
0xcb,0x1,0x0,0x0,0x0,0x0,0xff,0xff,
0xff,0xff,0xff,0xff,0x0,0x0,0x0,0x0,
0x54,0x0,0x0,0x0,0x54,0x0,0x0,0x0,
0x54,0x0,0x0,0x0,0x0,0x0,0x0,0x0,
0x54,0x0,0x0,0x0,0x54,0x0,0x0,0x0,
0x0,0x0,0x2,0x0,0x54,0x0,0x0,0x0,
0x0,0x0,0x0,0x0,0x84,0x0,0x0,0x0,
0xc3,0x5,0xf0,0x2,0xc4,0x5,0xd0,0x1,
0x84,0x0,0x0,0x0,0x0,0x0,0x0,0x0,
0x84,0x0,0x0,0x0,0x0,0x0,0x0,0x0,
0xf,0x0,0x0,0x0,0x0,0x0,0x7,0x0,
0xd7,0x0,0x0,0x0,0x0,0x0,0x0,0x0,
0xc6,0x5,0xd0,0x1,0xc6,0x5,0x60,0x2,
0xcc,0x1,0x0,0x0,0x0,0x0,0x7,0x0,
0xd6,0x0,0x0,0x0,0x0,0x0,0x0,0x0,
0xc5,0x5,0xd0,0x1,0xc5,0x5,0x50,0x2,
0x0,0x0,0x0,0x0,0x0,0x0,0x0,0x0,
0x0,0x0,0x0,0x0,0x0,0x0,0xff,0xff,
0xff,0xff,0xff,0xff,0x0,0x0,0x0,0x0,
0x54,0x0,0x0,0x0,0x54,0x0,0x0,0x0,
0x54,0x0,0x0,0x0,0x0,0x0,0x0,0x0,
0x54,0x0,0x0,0x0,0x54,0x0,0x0,0x0,
0x0,0x0,0x2,0x0,0x54,0x0,0x0,0x0,
0x0,0x0,0x0,0x0,0x84,0x0,0x0,0x0,
0xc3,0x5,0x90,0x1,0x0,0x0,0x0,0x0,
0x84,0x0,0x0,0x0,0x0,0x0,0x0,0x0,
0x84,0x0,0x0,0x0,0x0,0x0,0x0,0x0,
0xd0,0x1,0x0,0x0,0x0,0x0,0x8,0x0,
0x52,0x1,0x0,0x0,0x0,0x0,0x0,0x0,
0xc8,0x5,0x30,0x2,0xc8,0x5,0xd0,0x2,
0xce,0x1,0x0,0x0,0x0,0x0,0x8,0x0,
0x50,0x1,0x0,0x0,0x0,0x0,0x0,0x0,
0xc3,0x5,0x30,0x2,0xc3,0x5,0xf0,0x2,
0x0,0x0,0x0,0x0,0xca,0x1,0x0,0x0,
0xcf,0x1,0x0,0x0,0x0,0x0,0xff,0xff,
0xff,0xff,0xff,0xff,0x0,0x0,0x0,0x0,
0x54,0x0,0x0,0x0,0x54,0x0,0x0,0x0,
0x54,0x0,0x0,0x0,0x0,0x0,0x0,0x0,
0x54,0x0,0x0,0x0,0x54,0x0,0x0,0x0,
0x0,0x0,0x2,0x0,0x54,0x0,0x0,0x0,
0x0,0x0,0x0,0x0,0x84,0x0,0x0,0x0,
0xc8,0x5,0xd0,0x2,0xc9,0x5,0xd0,0x1,
0x84,0x0,0x0,0x0,0x0,0x0,0x0,0x0,
0x84,0x0,0x0,0x0,0x0,0x0,0x0,0x0,
0xf,0x0,0x0,0x0,0x0,0x0,0x7,0x0,
0xd9,0x0,0x0,0x0,0x0,0x0,0x0,0x0,
0xcb,0x5,0xd0,0x1,0xcb,0x5,0x60,0x2,
0xcc,0x1,0x0,0x0,0x0,0x0,0x7,0x0,
0xd8,0x0,0x0,0x0,0x0,0x0,0x0,0x0,
0xca,0x5,0xd0,0x1,0xca,0x5,0x50,0x2,
0x0,0x0,0x0,0x0,0x19,0x1,0x0,0x0,
0xd7,0x1,0x0,0x0,0x0,0x0,0xff,0xff,
0xff,0xff,0xff,0xff,0x0,0x0,0x0,0x0,
0x54,0x0,0x0,0x0,0x54,0x0,0x0,0x0,
0x54,0x0,0x0,0x0,0x0,0x0,0x0,0x0,
0x54,0x0,0x0,0x0,0x54,0x0,0x0,0x0,
0x0,0x0,0x4,0x0,0x54,0x0,0x0,0x0,
0x0,0x0,0x0,0x0,0xb4,0x0,0x0,0x0,
0xda,0x5,0x90,0x1,0xdb,0x5,0xd0,0x1,
0xb4,0x0,0x0,0x0,0x0,0x0,0x0,0x0,
0xb4,0x0,0x0,0x0,0x0,0x0,0x0,0x0,
0xe,0x0,0x0,0x0,0x0,0x0,0x7,0x0,
0xdb,0x0,0x0,0x0,0x0,0x0,0x0,0x0,
0xdd,0x5,0xd0,0x1,0xdd,0x5,0x50,0x2,
0xd,0x0,0x0,0x0,0x0,0x0,0x7,0x0,
0xda,0x0,0x0,0x0,0x0,0x0,0x0,0x0,
0xdc,0x5,0xd0,0x1,0xdc,0x5,0x40,0x2,
0x0,0x0,0x0,0x0,0x0,0x0,0x8,0x0,
0x55,0x1,0x0,0x0,0x0,0x0,0x0,0x0,
0xe8,0x5,0xd0,0x1,0xe8,0x5,0xd0,0x1,
0x64,0x0,0x0,0x0,0x0,0x0,0xa,0x0,
0x54,0x1,0x0,0x0,0x0,0x0,0x0,0x0,
0xde,0x5,0xd0,0x1,0xde,0x5,0x50,0x2,
0x0,0x0,0x0,0x0,0x0,0x0,0x0,0x0,
0x0,0x0,0x0,0x0,0x0,0x0,0xff,0xff,
0xff,0xff,0xff,0xff,0x0,0x0,0x0,0x0,
0x54,0x0,0x0,0x0,0x54,0x0,0x0,0x0,
0x54,0x0,0x0,0x0,0x0,0x0,0x0,0x0,
0x54,0x0,0x0,0x0,0x54,0x0,0x0,0x0,
0x0,0x0,0x1,0x0,0x54,0x0,0x0,0x0,
0x0,0x0,0x0,0x0,0x6c,0x0,0x0,0x0,
0xde,0x5,0xd0,0x1,0x0,0x0,0x0,0x0,
0x6c,0x0,0x0,0x0,0x0,0x0,0x0,0x0,
0x6c,0x0,0x0,0x0,0x0,0x0,0x0,0x0,
0xa7,0x1,0x0,0x0,0x0,0x0,0x7,0x0,
0xdc,0x0,0x0,0x0,0x0,0x0,0x0,0x0,
0xde,0x5,0x50,0x2,0xdf,0x5,0x10,0x2,
0x0,0x0,0x0,0x0,0xd8,0x1,0x0,0x0,
0x18,0x0,0x0,0x0,0x0,0x0,0xff,0xff,
0xff,0xff,0xff,0xff,0x0,0x0,0x0,0x0,
0x54,0x0,0x0,0x0,0x54,0x0,0x0,0x0,
0x54,0x0,0x0,0x0,0x0,0x0,0x0,0x0,
0x54,0x0,0x0,0x0,0x54,0x0,0x0,0x0,
0x0,0x0,0x3,0x0,0x54,0x0,0x0,0x0,
0x0,0x0,0x0,0x0,0x9c,0x0,0x0,0x0,
0xe8,0x5,0xd0,0x1,0xe9,0x5,0x10,0x2,
0x9c,0x0,0x0,0x0,0x0,0x0,0x0,0x0,
0x9c,0x0,0x0,0x0,0x0,0x0,0x0,0x0,
0xdf,0x1,0x0,0x0,0x0,0x0,0x8,0x0,
0x56,0x1,0x0,0x0,0x0,0x0,0x0,0x0,
0xed,0x5,0x10,0x2,0xed,0x5,0xc0,0x2,
0xd1,0x1,0x0,0x0,0x0,0x0,0x7,0x0,
0xdd,0x0,0x0,0x0,0x0,0x0,0x0,0x0,
0xec,0x5,0x10,0x2,0xec,0x5,0xb0,0x2,
0xd9,0x1,0x0,0x0,0x0,0x0,0x3,0x0,
0x0,0x0,0x0,0x0,0xda,0x1,0x0,0x0,
0xea,0x5,0x10,0x2,0xea,0x5,0xd0,0x2,
0x0,0x0,0x0,0x0,0xdb,0x1,0x0,0x0,
0x0,0x0,0x0,0x0,0x0,0x0,0xff,0xff,
0xff,0xff,0xff,0xff,0x0,0x0,0x0,0x0,
0x54,0x0,0x0,0x0,0x54,0x0,0x0,0x0,
0x54,0x0,0x0,0x0,0x0,0x0,0x0,0x0,
0x54,0x0,0x0,0x0,0x54,0x0,0x0,0x0,
0x0,0x0,0x3,0x0,0x54,0x0,0x0,0x0,
0x0,0x0,0x0,0x0,0x9c,0x0,0x0,0x0,
0xed,0x5,0xc0,0x2,0x0,0x0,0x0,0x0,
0x9c,0x0,0x0,0x0,0x0,0x0,0x0,0x0,
0x9c,0x0,0x0,0x0,0x0,0x0,0x0,0x0,
0xdd,0x1,0x0,0x0,0x0,0x0,0x7,0x0,
0xdf,0x0,0x0,0x0,0x0,0x0,0x0,0x0,
0xf1,0x5,0x50,0x2,0xf1,0x5,0xd0,0x2,
0x9f,0x1,0x0,0x0,0x0,0x0,0x7,0x0,
0xde,0x0,0x0,0x0,0x0,0x0,0x0,0x0,
0xf0,0x5,0x50,0x2,0xf0,0x5,0xd0,0x2,
0xdc,0x1,0x0,0x0,0x0,0x0,0xa,0x0,
0x57,0x1,0x0,0x0,0x0,0x0,0x0,0x0,
0xee,0x5,0x50,0x2,0xee,0x5,0xc0,0x2,
0x0,0x0,0x0,0x0,0x0,0x0,0x0,0x0,
0x0,0x0,0x0,0x0,0x0,0x0,0xff,0xff,
0xff,0xff,0xff,0xff,0x0,0x0,0x0,0x0,
0x54,0x0,0x0,0x0,0x54,0x0,0x0,0x0,
0x54,0x0,0x0,0x0,0x0,0x0,0x0,0x0,
0x54,0x0,0x0,0x0,0x54,0x0,0x0,0x0,
0x0,0x0,0x2,0x0,0x54,0x0,0x0,0x0,
0x0,0x0,0x0,0x0,0x84,0x0,0x0,0x0,
0xee,0x5,0x50,0x2,0x0,0x0,0x0,0x0,
0x84,0x0,0x0,0x0,0x0,0x0,0x0,0x0,
0x84,0x0,0x0,0x0,0x0,0x0,0x0,0x0,
0xb1,0x0,0x0,0x0,0x0,0x0,0x2,0x0,
0x4,0x0,0x0,0x0,0x0,0x0,0x0,0x0,
0xef,0x5,0xc0,0x2,0xef,0x5,0xf0,0x2,
0x90,0x1,0x0,0x0,0x0,0x0,0x2,0x0,
0x4,0x0,0x0,0x0,0x0,0x0,0x0,0x0,
0xee,0x5,0xc0,0x2,0xee,0x5,0xf0,0x2,
0x0,0x0,0x0,0x0,0x6a,0x0,0x0,0x0,
0xe0,0x1,0x0,0x0,0x0,0x0,0xff,0xff,
0xff,0xff,0xff,0xff,0x1,0x0,0x0,0x0,
0x54,0x0,0x0,0x0,0x58,0x0,0x0,0x0,
0x58,0x0,0x0,0x0,0x0,0x0,0x0,0x0,
0x58,0x0,0x0,0x0,0x58,0x0,0x0,0x0,
0x0,0x0,0x7,0x0,0x58,0x0,0x0,0x0,
0x0,0x0,0x0,0x0,0x0,0x1,0x0,0x0,
0xf9,0x5,0x50,0x1,0xfa,0x5,0x90,0x1,
0x0,0x1,0x0,0x0,0x0,0x0,0x0,0x0,
0x0,0x1,0x0,0x0,0x0,0x0,0x0,0x0,
0xe0,0x0,0x0,0x0,0xf,0x0,0x0,0x0,
0x0,0x0,0x1,0x0,0x0,0x0,0x0,0x0,
0x0,0x0,0x0,0x0,0xfc,0x5,0x90,0x1,
0xfc,0x5,0x20,0x2,0x1a,0x0,0x0,0x0,
0x0,0x0,0x3,0x0,0x0,0x0,0x0,0x0,
0xe1,0x1,0x0,0x0,0xfb,0x5,0x90,0x1,
0xfb,0x5,0x0,0x2,0x0,0x0,0x0,0x0,
0x0,0x0,0x8,0x0,0x5a,0x1,0x0,0x0,
0x0,0x0,0x0,0x0,0x3,0x6,0x90,0x1,
0x3,0x6,0x90,0x1,0x0,0x0,0x0,0x0,
0x0,0x0,0x8,0x0,0x5b,0x1,0x0,0x0,
0x0,0x0,0x0,0x0,0x9,0x6,0x90,0x1,
0x9,0x6,0x90,0x1,0x0,0x0,0x0,0x0,
0x0,0x0,0x8,0x0,0x5c,0x1,0x0,0x0,
0x0,0x0,0x0,0x0,0x13,0x6,0x90,0x1,
0x13,0x6,0x90,0x1,0x0,0x0,0x0,0x0,
0x0,0x0,0x8,0x0,0x5e,0x1,0x0,0x0,
0x0,0x0,0x0,0x0,0x1f,0x6,0x90,0x1,
0x1f,0x6,0x90,0x1,0x64,0x0,0x0,0x0,
0x0,0x0,0xa,0x0,0x59,0x1,0x0,0x0,
0x0,0x0,0x0,0x0,0xfd,0x5,0x90,0x1,
0xfd,0x5,0x10,0x2,0x0,0x0,0x0,0x0,
0x0,0x0,0x0,0x0,0x0,0x0,0xff,0xff,
0xff,0xff,0xff,0xff,0x0,0x0,0x0,0x0,
0x54,0x0,0x0,0x0,0x54,0x0,0x0,0x0,
0x54,0x0,0x0,0x0,0x0,0x0,0x0,0x0,
0x54,0x0,0x0,0x0,0x54,0x0,0x0,0x0,
0x0,0x0,0x1,0x0,0x54,0x0,0x0,0x0,
0x0,0x0,0x0,0x0,0x6c,0x0,0x0,0x0,
0xfd,0x5,0x90,0x1,0x0,0x0,0x0,0x0,
0x6c,0x0,0x0,0x0,0x0,0x0,0x0,0x0,
0x6c,0x0,0x0,0x0,0x0,0x0,0x0,0x0,
0xa5,0x0,0x0,0x0,0x0,0x0,0x7,0x0,
0xe1,0x0,0x0,0x0,0x0,0x0,0x0,0x0,
0xfd,0x5,0x10,0x2,0xfd,0x5,0x70,0x2,
0x0,0x0,0x0,0x0,0xe3,0x1,0x0,0x0,
0xe4,0x1,0x0,0x0,0x0,0x0,0xff,0xff,
0xff,0xff,0xff,0xff,0x0,0x0,0x0,0x0,
0x54,0x0,0x0,0x0,0x54,0x0,0x0,0x0,
0x54,0x0,0x0,0x0,0x0,0x0,0x0,0x0,
0x54,0x0,0x0,0x0,0x54,0x0,0x0,0x0,
0x0,0x0,0x3,0x0,0x54,0x0,0x0,0x0,
0x0,0x0,0x0,0x0,0x9c,0x0,0x0,0x0,
0x3,0x6,0x90,0x1,0x4,0x6,0xd0,0x1,
0x9c,0x0,0x0,0x0,0x0,0x0,0x0,0x0,
0x9c,0x0,0x0,0x0,0x0,0x0,0x0,0x0,
0xe,0x1,0x0,0x0,0x0,0x0,0x2,0x0,
0x18,0x0,0x0,0x0,0x0,0x0,0x0,0x0,
0x7,0x6,0xd0,0x1,0x7,0x6,0x10,0x2,
0x2f,0x0,0x0,0x0,0x0,0x0,0x2,0x0,
0x25,0x0,0x0,0x0,0x0,0x0,0x0,0x0,
0x6,0x6,0xd0,0x1,0x6,0x6,0x70,0x2,
0x81,0x0,0x0,0x0,0x0,0x0,0x7,0x0,
0xe2,0x0,0x0,0x0,0x0,0x0,0x0,0x0,
0x5,0x6,0xd0,0x1,0x5,0x6,0x50,0x2,
0x0,0x0,0x0,0x0,0xe3,0x1,0x0,0x0,
0xe5,0x1,0x0,0x0,0x0,0x0,0xff,0xff,
0xff,0xff,0xff,0xff,0x0,0x0,0x0,0x0,
0x54,0x0,0x0,0x0,0x54,0x0,0x0,0x0,
0x54,0x0,0x0,0x0,0x0,0x0,0x0,0x0,
0x54,0x0,0x0,0x0,0x54,0x0,0x0,0x0,
0x0,0x0,0x4,0x0,0x54,0x0,0x0,0x0,
0x0,0x0,0x0,0x0,0xb4,0x0,0x0,0x0,
0x9,0x6,0x90,0x1,0xa,0x6,0xd0,0x1,
0xb4,0x0,0x0,0x0,0x0,0x0,0x0,0x0,
0xb4,0x0,0x0,0x0,0x0,0x0,0x0,0x0,
0x12,0x1,0x0,0x0,0x0,0x0,0x7,0x0,
0xe4,0x0,0x0,0x0,0x0,0x0,0x0,0x0,
0xe,0x6,0xd0,0x1,0xe,0x6,0x90,0x2,
0xe,0x1,0x0,0x0,0x0,0x0,0x2,0x0,
0x4,0x0,0x0,0x0,0x0,0x0,0x0,0x0,
0xd,0x6,0xd0,0x1,0xd,0x6,0x10,0x2,
0x2f,0x0,0x0,0x0,0x0,0x0,0x2,0x0,
0x25,0x0,0x0,0x0,0x0,0x0,0x0,0x0,
0xc,0x6,0xd0,0x1,0xc,0x6,0x70,0x2,
0x81,0x0,0x0,0x0,0x0,0x0,0x7,0x0,
0xe3,0x0,0x0,0x0,0x0,0x0,0x0,0x0,
0xb,0x6,0xd0,0x1,0xb,0x6,0x50,0x2,
0x0,0x0,0x0,0x0,0xbe,0x1,0x0,0x0,
0xe6,0x1,0x0,0x0,0x0,0x0,0xff,0xff,
0xff,0xff,0xff,0xff,0x0,0x0,0x1,0x0,
0x54,0x0,0x0,0x0,0x54,0x0,0x0,0x0,
0x60,0x0,0x0,0x0,0x0,0x0,0x0,0x0,
0x60,0x0,0x0,0x0,0x60,0x0,0x0,0x0,
0x0,0x0,0x3,0x0,0x60,0x0,0x0,0x0,
0x0,0x0,0x0,0x0,0xa8,0x0,0x0,0x0,
0x13,0x6,0x90,0x1,0x14,0x6,0xd0,0x1,
0xa8,0x0,0x0,0x0,0x0,0x0,0x0,0x0,
0xa8,0x0,0x0,0x0,0x0,0x0,0x0,0x0,
0xe9,0x1,0x0,0x0,0x1,0x0,0x0,0x20,
0x17,0x6,0xd0,0x1,0xf1,0x0,0x0,0x0,
0x0,0x2,0x7,0x0,0xe6,0x0,0x0,0x0,
0x0,0x0,0x0,0x0,0x18,0x6,0xd0,0x1,
0x18,0x6,0x80,0x2,0xe7,0x1,0x0,0x0,
0x0,0x0,0x7,0x0,0xe5,0x0,0x0,0x0,
0x0,0x0,0x0,0x0,0x16,0x6,0xd0,0x1,
0x16,0x6,0xa0,0x2,0x64,0x0,0x0,0x0,
0x0,0x0,0xa,0x0,0x5d,0x1,0x0,0x0,
0x0,0x0,0x0,0x0,0x15,0x6,0xd0,0x1,
0x15,0x6,0x50,0x2,0x0,0x0,0x0,0x0,
0x0,0x0,0x0,0x0,0x0,0x0,0xff,0xff,
0xff,0xff,0xff,0xff,0x0,0x0,0x0,0x0,
0x54,0x0,0x0,0x0,0x54,0x0,0x0,0x0,
0x54,0x0,0x0,0x0,0x0,0x0,0x0,0x0,
0x54,0x0,0x0,0x0,0x54,0x0,0x0,0x0,
0x0,0x0,0x1,0x0,0x54,0x0,0x0,0x0,
0x0,0x0,0x0,0x0,0x6c,0x0,0x0,0x0,
0x15,0x6,0xd0,0x1,0x0,0x0,0x0,0x0,
0x6c,0x0,0x0,0x0,0x0,0x0,0x0,0x0,
0x6c,0x0,0x0,0x0,0x0,0x0,0x0,0x0,
0xa5,0x0,0x0,0x0,0x0,0x0,0x7,0x0,
0xe8,0x0,0x0,0x0,0x0,0x0,0x0,0x0,
0x15,0x6,0x50,0x2,0x15,0x6,0xb0,0x2,
0x0,0x0,0x0,0x0,0x6a,0x0,0x0,0x0,
0xea,0x1,0x0,0x0,0x0,0x0,0xff,0xff,
0xff,0xff,0xff,0xff,0x0,0x0,0x0,0x0,
0x54,0x0,0x0,0x0,0x54,0x0,0x0,0x0,
0x54,0x0,0x0,0x0,0x0,0x0,0x0,0x0,
0x54,0x0,0x0,0x0,0x54,0x0,0x0,0x0,
0x0,0x0,0x7,0x0,0x54,0x0,0x0,0x0,
0x0,0x0,0x0,0x0,0xfc,0x0,0x0,0x0,
0x1f,0x6,0x90,0x1,0x20,0x6,0xd0,0x1,
0xfc,0x0,0x0,0x0,0x0,0x0,0x0,0x0,
0xfc,0x0,0x0,0x0,0x0,0x0,0x0,0x0,
0x1a,0x0,0x0,0x0,0x0,0x0,0x3,0x0,
0x0,0x0,0x0,0x0,0xf0,0x1,0x0,0x0,
0x26,0x6,0xd0,0x1,0x26,0x6,0x40,0x2,
0xee,0x1,0x0,0x0,0x0,0x0,0x7,0x0,
0xe9,0x0,0x0,0x0,0x0,0x0,0x0,0x0,
0x25,0x6,0xd0,0x1,0x25,0x6,0x40,0x2,
0xe,0x0,0x0,0x0,0x0,0x0,0x2,0x0,
0x26,0x0,0x0,0x0,0x0,0x0,0x0,0x0,
0x24,0x6,0xd0,0x1,0x24,0x6,0x50,0x2,
0xd,0x0,0x0,0x0,0x0,0x0,0x2,0x0,
0x1d,0x0,0x0,0x0,0x0,0x0,0x0,0x0,
0x23,0x6,0xd0,0x1,0x23,0x6,0x40,0x2,
0x0,0x0,0x0,0x0,0x0,0x0,0x8,0x0,
0x60,0x1,0x0,0x0,0x0,0x0,0x0,0x0,
0x27,0x6,0xd0,0x1,0x27,0x6,0xd0,0x1,
0x0,0x0,0x0,0x0,0x0,0x0,0x8,0x0,
0x63,0x1,0x0,0x0,0x0,0x0,0x0,0x0,
0x2e,0x6,0xd0,0x1,0x2e,0x6,0xd0,0x1,
0x64,0x0,0x0,0x0,0x0,0x0,0xa,0x0,
0x5f,0x1,0x0,0x0,0x0,0x0,0x0,0x0,
0x21,0x6,0xd0,0x1,0x21,0x6,0x50,0x2,
0x0,0x0,0x0,0x0,0x0,0x0,0x0,0x0,
0x0,0x0,0x0,0x0,0x0,0x0,0xff,0xff,
0xff,0xff,0xff,0xff,0x0,0x0,0x0,0x0,
0x54,0x0,0x0,0x0,0x54,0x0,0x0,0x0,
0x54,0x0,0x0,0x0,0x0,0x0,0x0,0x0,
0x54,0x0,0x0,0x0,0x54,0x0,0x0,0x0,
0x0,0x0,0x2,0x0,0x54,0x0,0x0,0x0,
0x0,0x0,0x0,0x0,0x84,0x0,0x0,0x0,
0x21,0x6,0xd0,0x1,0x0,0x0,0x0,0x0,
0x84,0x0,0x0,0x0,0x0,0x0,0x0,0x0,
0x84,0x0,0x0,0x0,0x0,0x0,0x0,0x0,
0x70,0x1,0x0,0x0,0x0,0x0,0x7,0x0,
0xeb,0x0,0x0,0x0,0x0,0x0,0x0,0x0,
0x22,0x6,0x50,0x2,0x22,0x6,0xd0,0x2,
0xeb,0x1,0x0,0x0,0x0,0x0,0x7,0x0,
0xea,0x0,0x0,0x0,0x0,0x0,0x0,0x0,
0x21,0x6,0x50,0x2,0x21,0x6,0xc0,0x2,
0x0,0x0,0x0,0x0,0x1b,0x1,0x0,0x0,
0x0,0x0,0x0,0x0,0x0,0x0,0xff,0xff,
0xff,0xff,0xff,0xff,0x0,0x0,0x0,0x0,
0x54,0x0,0x0,0x0,0x54,0x0,0x0,0x0,
0x54,0x0,0x0,0x0,0x0,0x0,0x0,0x0,
0x54,0x0,0x0,0x0,0x54,0x0,0x0,0x0,
0x0,0x0,0x5,0x0,0x54,0x0,0x0,0x0,
0x0,0x0,0x0,0x0,0xcc,0x0,0x0,0x0,
0x27,0x6,0xd0,0x1,0x0,0x0,0x0,0x0,
0xcc,0x0,0x0,0x0,0x0,0x0,0x0,0x0,
0xcc,0x0,0x0,0x0,0x0,0x0,0x0,0x0,
0xee,0x1,0x0,0x0,0x0,0x0,0x7,0x0,
0xec,0x0,0x0,0x0,0x0,0x0,0x0,0x0,
0x2c,0x6,0x10,0x2,0x2c,0x6,0x80,0x2,
0x1a,0x0,0x0,0x0,0x0,0x0,0x3,0x0,
0x0,0x0,0x0,0x0,0x20,0x0,0x0,0x0,
0x2a,0x6,0x10,0x2,0x2a,0x6,0x80,0x2,
0x9f,0x0,0x0,0x0,0x0,0x0,0x3,0x0,
0x0,0x0,0x0,0x0,0xf1,0x1,0x0,0x0,
0x29,0x6,0x10,0x2,0x29,0x6,0x70,0x2,
0x1d,0x1,0x0,0x0,0x0,0x0,0xa,0x0,
0x62,0x1,0x0,0x0,0x0,0x0,0x0,0x0,
0x2b,0x6,0x10,0x2,0x2b,0x6,0x60,0x2,
0x64,0x0,0x0,0x0,0x0,0x0,0xa,0x0,
0x61,0x1,0x0,0x0,0x0,0x0,0x0,0x0,
0x28,0x6,0x10,0x2,0x28,0x6,0x90,0x2,
0x0,0x0,0x0,0x0,0x0,0x0,0x0,0x0,
0x0,0x0,0x0,0x0,0x0,0x0,0xff,0xff,
0xff,0xff,0xff,0xff,0x0,0x0,0x0,0x0,
0x54,0x0,0x0,0x0,0x54,0x0,0x0,0x0,
0x54,0x0,0x0,0x0,0x0,0x0,0x0,0x0,
0x54,0x0,0x0,0x0,0x54,0x0,0x0,0x0,
0x0,0x0,0x1,0x0,0x54,0x0,0x0,0x0,
0x0,0x0,0x0,0x0,0x6c,0x0,0x0,0x0,
0x28,0x6,0x10,0x2,0x0,0x0,0x0,0x0,
0x6c,0x0,0x0,0x0,0x0,0x0,0x0,0x0,
0x6c,0x0,0x0,0x0,0x0,0x0,0x0,0x0,
0x65,0x0,0x0,0x0,0x0,0x0,0x7,0x0,
0xed,0x0,0x0,0x0,0x0,0x0,0x0,0x0,
0x28,0x6,0x90,0x2,0x28,0x6,0x30,0x3,
0x0,0x0,0x0,0x0,0x0,0x0,0x0,0x0,
0x0,0x0,0x0,0x0,0x0,0x0,0xff,0xff,
0xff,0xff,0xff,0xff,0x0,0x0,0x0,0x0,
0x54,0x0,0x0,0x0,0x54,0x0,0x0,0x0,
0x54,0x0,0x0,0x0,0x0,0x0,0x0,0x0,
0x54,0x0,0x0,0x0,0x54,0x0,0x0,0x0,
0x0,0x0,0x1,0x0,0x54,0x0,0x0,0x0,
0x0,0x0,0x0,0x0,0x6c,0x0,0x0,0x0,
0x2b,0x6,0x10,0x2,0x0,0x0,0x0,0x0,
0x6c,0x0,0x0,0x0,0x0,0x0,0x0,0x0,
0x6c,0x0,0x0,0x0,0x0,0x0,0x0,0x0,
0x2f,0x1,0x0,0x0,0x0,0x0,0x1,0x0,
0x1,0x0,0x0,0x0,0x0,0x0,0x0,0x0,
0x2b,0x6,0x60,0x2,0x2b,0x6,0xc0,0x2,
0x0,0x0,0x0,0x0,0xbe,0x1,0x0,0x0,
0xf2,0x1,0x0,0x0,0x0,0x0,0xff,0xff,
0xff,0xff,0xff,0xff,0x0,0x0,0x0,0x0,
0x54,0x0,0x0,0x0,0x54,0x0,0x0,0x0,
0x54,0x0,0x0,0x0,0x0,0x0,0x0,0x0,
0x54,0x0,0x0,0x0,0x54,0x0,0x0,0x0,
0x0,0x0,0x4,0x0,0x54,0x0,0x0,0x0,
0x0,0x0,0x0,0x0,0xb4,0x0,0x0,0x0,
0x2e,0x6,0xd0,0x1,0x2f,0x6,0x10,0x2,
0xb4,0x0,0x0,0x0,0x0,0x0,0x0,0x0,
0xb4,0x0,0x0,0x0,0x0,0x0,0x0,0x0,
0xf1,0x0,0x0,0x0,0x0,0x0,0x7,0x0,
0xef,0x0,0x0,0x0,0x0,0x0,0x0,0x0,
0x33,0x6,0x10,0x2,0x33,0x6,0xc0,0x2,
0xe7,0x1,0x0,0x0,0x0,0x0,0x7,0x0,
0xee,0x0,0x0,0x0,0x0,0x0,0x0,0x0,
0x32,0x6,0x10,0x2,0x32,0x6,0xe0,0x2,
0xf3,0x1,0x0,0x0,0x0,0x0,0x1,0x0,
0x1,0x0,0x0,0x0,0x0,0x0,0x0,0x0,
0x31,0x6,0x10,0x2,0x31,0x6,0xf0,0x2,
0x64,0x0,0x0,0x0,0x0,0x0,0xa,0x0,
0x64,0x1,0x0,0x0,0x0,0x0,0x0,0x0,
0x30,0x6,0x10,0x2,0x30,0x6,0x90,0x2,
0x0,0x0,0x0,0x0,0x0,0x0,0x0,0x0,
0x0,0x0,0x0,0x0,0x0,0x0,0xff,0xff,
0xff,0xff,0xff,0xff,0x0,0x0,0x0,0x0,
0x54,0x0,0x0,0x0,0x54,0x0,0x0,0x0,
0x54,0x0,0x0,0x0,0x0,0x0,0x0,0x0,
0x54,0x0,0x0,0x0,0x54,0x0,0x0,0x0,
0x0,0x0,0x1,0x0,0x54,0x0,0x0,0x0,
0x0,0x0,0x0,0x0,0x6c,0x0,0x0,0x0,
0x30,0x6,0x10,0x2,0x0,0x0,0x0,0x0,
0x6c,0x0,0x0,0x0,0x0,0x0,0x0,0x0,
0x6c,0x0,0x0,0x0,0x0,0x0,0x0,0x0,
0xa5,0x0,0x0,0x0,0x0,0x0,0x7,0x0,
0xf0,0x0,0x0,0x0,0x0,0x0,0x0,0x0,
0x30,0x6,0x90,0x2,0x30,0x6,0xf0,0x2,
0x0,0x0,0x0,0x0,0x6c,0x0,0x0,0x0,
0xf4,0x1,0x0,0x0,0x0,0x0,0xff,0xff,
0xff,0xff,0xff,0xff,0x0,0x0,0x0,0x0,
0x54,0x0,0x0,0x0,0x54,0x0,0x0,0x0,
0x54,0x0,0x0,0x0,0x0,0x0,0x0,0x0,
0x54,0x0,0x0,0x0,0x54,0x0,0x0,0x0,
0x0,0x0,0x4,0x0,0x54,0x0,0x0,0x0,
0x0,0x0,0x0,0x0,0xb4,0x0,0x0,0x0,
0x3b,0x6,0xd0,0x0,0x3c,0x6,0x10,0x1,
0xb4,0x0,0x0,0x0,0x0,0x0,0x0,0x0,
0xb4,0x0,0x0,0x0,0x0,0x0,0x0,0x0,
0xf,0x0,0x0,0x0,0x0,0x0,0x7,0x0,
0xf1,0x0,0x0,0x0,0x0,0x0,0x0,0x0,
0x41,0x6,0x10,0x1,0x41,0x6,0xa0,0x1,
0x0,0x0,0x0,0x0,0x0,0x0,0x8,0x0,
0x67,0x1,0x0,0x0,0x0,0x0,0x0,0x0,
0x43,0x6,0x10,0x1,0x43,0x6,0x10,0x1,
0x0,0x0,0x0,0x0,0x0,0x0,0x8,0x0,
0x75,0x1,0x0,0x0,0x0,0x0,0x0,0x0,
0x83,0x6,0x10,0x1,0x83,0x6,0x10,0x1,
0xb3,0x0,0x0,0x0,0x0,0x0,0x9,0x0,
0x66,0x1,0x0,0x0,0x0,0x0,0x0,0x0,
0x3d,0x6,0x10,0x1,0x3d,0x6,0xb0,0x1,
0x0,0x0,0x0,0x0,0x0,0x0,0x0,0x0,
0x0,0x0,0x0,0x0,0x0,0x0,0xff,0xff,
0xff,0xff,0xff,0xff,0x0,0x0,0x0,0x0,
0x54,0x0,0x0,0x0,0x54,0x0,0x0,0x0,
0x54,0x0,0x0,0x0,0x0,0x0,0x0,0x0,
0x54,0x0,0x0,0x0,0x54,0x0,0x0,0x0,
0x0,0x0,0x2,0x0,0x54,0x0,0x0,0x0,
0x0,0x0,0x0,0x0,0x84,0x0,0x0,0x0,
0x3d,0x6,0x10,0x1,0x0,0x0,0x0,0x0,
0x84,0x0,0x0,0x0,0x0,0x0,0x0,0x0,
0x84,0x0,0x0,0x0,0x0,0x0,0x0,0x0,
0xb7,0x0,0x0,0x0,0x0,0x0,0x1,0x0,
0x1,0x0,0x0,0x0,0x0,0x0,0x0,0x0,
0x3e,0x6,0xb0,0x1,0x3e,0x6,0x70,0x2,
0x71,0x0,0x0,0x0,0x0,0x0,0x2,0x0,
0x27,0x0,0x0,0x0,0x0,0x0,0x0,0x0,
0x3d,0x6,0xb0,0x1,0x3d,0x6,0xb0,0x2,
0x0,0x0,0x0,0x0,0x19,0x1,0x0,0x0,
0xf5,0x1,0x0,0x0,0x0,0x0,0xff,0xff,
0xff,0xff,0xff,0xff,0x0,0x0,0x0,0x0,
0x54,0x0,0x0,0x0,0x54,0x0,0x0,0x0,
0x54,0x0,0x0,0x0,0x0,0x0,0x0,0x0,
0x54,0x0,0x0,0x0,0x54,0x0,0x0,0x0,
0x0,0x0,0x5,0x0,0x54,0x0,0x0,0x0,
0x0,0x0,0x0,0x0,0xcc,0x0,0x0,0x0,
0x43,0x6,0x10,0x1,0x44,0x6,0x50,0x1,
0xcc,0x0,0x0,0x0,0x0,0x0,0x0,0x0,
0xcc,0x0,0x0,0x0,0x0,0x0,0x0,0x0,
0x0,0x0,0x0,0x0,0x0,0x0,0x8,0x0,
0x69,0x1,0x0,0x0,0x0,0x0,0x0,0x0,
0x47,0x6,0x50,0x1,0x47,0x6,0x50,0x1,
0x0,0x0,0x0,0x0,0x0,0x0,0x8,0x0,
0x6d,0x1,0x0,0x0,0x0,0x0,0x0,0x0,
0x5e,0x6,0x50,0x1,0x5e,0x6,0x50,0x1,
0x0,0x0,0x0,0x0,0x0,0x0,0x8,0x0,
0x70,0x1,0x0,0x0,0x0,0x0,0x0,0x0,
0x67,0x6,0x50,0x1,0x67,0x6,0x50,0x1,
0x0,0x0,0x0,0x0,0x0,0x0,0x8,0x0,
0x73,0x1,0x0,0x0,0x0,0x0,0x0,0x0,
0x73,0x6,0x50,0x1,0x73,0x6,0x50,0x1,
0x6f,0x0,0x0,0x0,0x0,0x0,0x9,0x0,
0x68,0x1,0x0,0x0,0x0,0x0,0x0,0x0,
0x45,0x6,0x50,0x1,0x45,0x6,0xc0,0x1,
0x0,0x0,0x0,0x0,0x0,0x0,0x0,0x0,
0x0,0x0,0x0,0x0,0x0,0x0,0xff,0xff,
0xff,0xff,0xff,0xff,0x0,0x0,0x0,0x0,
0x54,0x0,0x0,0x0,0x54,0x0,0x0,0x0,
0x54,0x0,0x0,0x0,0x0,0x0,0x0,0x0,
0x54,0x0,0x0,0x0,0x54,0x0,0x0,0x0,
0x0,0x0,0x2,0x0,0x54,0x0,0x0,0x0,
0x0,0x0,0x0,0x0,0x84,0x0,0x0,0x0,
0x45,0x6,0x50,0x1,0x0,0x0,0x0,0x0,
0x84,0x0,0x0,0x0,0x0,0x0,0x0,0x0,
0x84,0x0,0x0,0x0,0x0,0x0,0x0,0x0,
0x70,0x0,0x0,0x0,0x0,0x0,0x2,0x0,
0x28,0x0,0x0,0x0,0x0,0x0,0x0,0x0,
0x46,0x6,0xc0,0x1,0x46,0x6,0xd0,0x2,
0xb5,0x0,0x0,0x0,0x0,0x0,0x1,0x0,
0x1,0x0,0x0,0x0,0x0,0x0,0x0,0x0,
0x45,0x6,0xc0,0x1,0x45,0x6,0x70,0x2,
0x0,0x0,0x0,0x0,0xeb,0x0,0x0,0x0,
0x0,0x0,0x0,0x0,0x0,0x0,0xff,0xff,
0xff,0xff,0xff,0xff,0x0,0x0,0x0,0x0,
0x54,0x0,0x0,0x0,0x54,0x0,0x0,0x0,
0x54,0x0,0x0,0x0,0x0,0x0,0x0,0x0,
0x54,0x0,0x0,0x0,0x54,0x0,0x0,0x0,
0x0,0x0,0x5,0x0,0x54,0x0,0x0,0x0,
0x0,0x0,0x0,0x0,0xcc,0x0,0x0,0x0,
0x47,0x6,0x50,0x1,0x0,0x0,0x0,0x0,
0xcc,0x0,0x0,0x0,0x0,0x0,0x0,0x0,
0xcc,0x0,0x0,0x0,0x0,0x0,0x0,0x0,
0xf1,0x0,0x0,0x0,0x0,0x0,0x7,0x0,
0xf2,0x0,0x0,0x0,0x0,0x0,0x0,0x0,
0x4e,0x6,0x90,0x1,0x4e,0x6,0x40,0x2,
0x9f,0x0,0x0,0x0,0x0,0x0,0x3,0x0,
0x0,0x0,0x0,0x0,0xf6,0x1,0x0,0x0,
0x48,0x6,0x90,0x1,0x48,0x6,0xf0,0x1,
0xf7,0x1,0x0,0x0,0x0,0x0,0x9,0x0,
0x6c,0x1,0x0,0x0,0x0,0x0,0x0,0x0,
0x4b,0x6,0x90,0x1,0x4b,0x6,0x10,0x2,
0x1d,0x1,0x0,0x0,0x0,0x0,0xa,0x0,
0x6b,0x1,0x0,0x0,0x0,0x0,0x0,0x0,
0x4a,0x6,0x90,0x1,0x4a,0x6,0xe0,0x1,
0x64,0x0,0x0,0x0,0x0,0x0,0xa,0x0,
0x6a,0x1,0x0,0x0,0x0,0x0,0x0,0x0,
0x49,0x6,0x90,0x1,0x49,0x6,0x10,0x2,
0x0,0x0,0x0,0x0,0x0,0x0,0x0,0x0,
0x0,0x0,0x0,0x0,0x0,0x0,0xff,0xff,
0xff,0xff,0xff,0xff,0x0,0x0,0x0,0x0,
0x54,0x0,0x0,0x0,0x54,0x0,0x0,0x0,
0x54,0x0,0x0,0x0,0x0,0x0,0x0,0x0,
0x54,0x0,0x0,0x0,0x54,0x0,0x0,0x0,
0x0,0x0,0x1,0x0,0x54,0x0,0x0,0x0,
0x0,0x0,0x0,0x0,0x6c,0x0,0x0,0x0,
0x49,0x6,0x90,0x1,0x0,0x0,0x0,0x0,
0x6c,0x0,0x0,0x0,0x0,0x0,0x0,0x0,
0x6c,0x0,0x0,0x0,0x0,0x0,0x0,0x0,
0x17,0x1,0x0,0x0,0x0,0x0,0x7,0x0,
0xf3,0x0,0x0,0x0,0x0,0x0,0x0,0x0,
0x49,0x6,0x10,0x2,0x49,0x6,0x10,0x3,
0x0,0x0,0x0,0x0,0x0,0x0,0x0,0x0,
0x0,0x0,0x0,0x0,0x0,0x0,0xff,0xff,
0xff,0xff,0xff,0xff,0x0,0x0,0x0,0x0,
0x54,0x0,0x0,0x0,0x54,0x0,0x0,0x0,
0x54,0x0,0x0,0x0,0x0,0x0,0x0,0x0,
0x54,0x0,0x0,0x0,0x54,0x0,0x0,0x0,
0x0,0x0,0x1,0x0,0x54,0x0,0x0,0x0,
0x0,0x0,0x0,0x0,0x6c,0x0,0x0,0x0,
0x4a,0x6,0x90,0x1,0x0,0x0,0x0,0x0,
0x6c,0x0,0x0,0x0,0x0,0x0,0x0,0x0,
0x6c,0x0,0x0,0x0,0x0,0x0,0x0,0x0,
0x2f,0x1,0x0,0x0,0x0,0x0,0x1,0x0,
0x1,0x0,0x0,0x0,0x0,0x0,0x0,0x0,
0x4a,0x6,0xe0,0x1,0x4a,0x6,0x40,0x2,
0x0,0x0,0x0,0x0,0x0,0x0,0x0,0x0,
0x0,0x0,0x0,0x0,0x0,0x0,0xff,0xff,
0xff,0xff,0xff,0xff,0x0,0x0,0x0,0x0,
0x54,0x0,0x0,0x0,0x54,0x0,0x0,0x0,
0x54,0x0,0x0,0x0,0x0,0x0,0x0,0x0,
0x54,0x0,0x0,0x0,0x54,0x0,0x0,0x0,
0x0,0x0,0x3,0x0,0x54,0x0,0x0,0x0,
0x0,0x0,0x0,0x0,0x9c,0x0,0x0,0x0,
0x4b,0x6,0x90,0x1,0x0,0x0,0x0,0x0,
0x9c,0x0,0x0,0x0,0x0,0x0,0x0,0x0,
0x9c,0x0,0x0,0x0,0x0,0x0,0x0,0x0,
0xf9,0x1,0x0,0x0,0x0,0x0,0x2,0x0,
0x29,0x0,0x0,0x0,0x0,0x0,0x0,0x0,
0x4d,0x6,0x10,0x2,0x4d,0x6,0x80,0x2,
0x9f,0x0,0x0,0x0,0x0,0x0,0x3,0x0,
0x0,0x0,0x0,0x0,0xf8,0x1,0x0,0x0,
0x4c,0x6,0x10,0x2,0x4c,0x6,0x70,0x2,
0xf,0x0,0x0,0x0,0x0,0x0,0x7,0x0,
0xf4,0x0,0x0,0x0,0x0,0x0,0x0,0x0,
0x4b,0x6,0x10,0x2,0x4b,0x6,0xa0,0x2,
0x0,0x0,0x0,0x0,0x1b,0x1,0x0,0x0,
0xfa,0x1,0x0,0x0,0x0,0x0,0xff,0xff,
0xff,0xff,0xff,0xff,0x0,0x0,0x0,0x0,
0x54,0x0,0x0,0x0,0x54,0x0,0x0,0x0,
0x54,0x0,0x0,0x0,0x0,0x0,0x0,0x0,
0x54,0x0,0x0,0x0,0x54,0x0,0x0,0x0,
0x0,0x0,0x4,0x0,0x54,0x0,0x0,0x0,
0x0,0x0,0x0,0x0,0xb4,0x0,0x0,0x0,
0x5e,0x6,0x50,0x1,0x5f,0x6,0x90,0x1,
0xb4,0x0,0x0,0x0,0x0,0x0,0x0,0x0,
0xb4,0x0,0x0,0x0,0x0,0x0,0x0,0x0,
0x6d,0x1,0x0,0x0,0x0,0x0,0x2,0x0,
0xa,0x0,0x0,0x0,0x0,0x0,0x0,0x0,
0x64,0x6,0x90,0x1,0x64,0x6,0x50,0x2,
0x9f,0x0,0x0,0x0,0x0,0x0,0x3,0x0,
0x0,0x0,0x0,0x0,0xfb,0x1,0x0,0x0,
0x62,0x6,0x90,0x1,0x62,0x6,0xf0,0x1,
0x1d,0x1,0x0,0x0,0x0,0x0,0xa,0x0,
0x6f,0x1,0x0,0x0,0x0,0x0,0x0,0x0,
0x63,0x6,0x90,0x1,0x63,0x6,0xe0,0x1,
0x64,0x0,0x0,0x0,0x0,0x0,0xa,0x0,
0x6e,0x1,0x0,0x0,0x0,0x0,0x0,0x0,
0x60,0x6,0x90,0x1,0x60,0x6,0x10,0x2,
0x0,0x0,0x0,0x0,0x0,0x0,0x0,0x0,
0x0,0x0,0x0,0x0,0x0,0x0,0xff,0xff,
0xff,0xff,0xff,0xff,0x0,0x0,0x0,0x0,
0x54,0x0,0x0,0x0,0x54,0x0,0x0,0x0,
0x54,0x0,0x0,0x0,0x0,0x0,0x0,0x0,
0x54,0x0,0x0,0x0,0x54,0x0,0x0,0x0,
0x0,0x0,0x2,0x0,0x54,0x0,0x0,0x0,
0x0,0x0,0x0,0x0,0x84,0x0,0x0,0x0,
0x60,0x6,0x90,0x1,0x0,0x0,0x0,0x0,
0x84,0x0,0x0,0x0,0x0,0x0,0x0,0x0,
0x84,0x0,0x0,0x0,0x0,0x0,0x0,0x0,
0x17,0x1,0x0,0x0,0x0,0x0,0x7,0x0,
0xf6,0x0,0x0,0x0,0x0,0x0,0x0,0x0,
0x61,0x6,0x10,0x2,0x61,0x6,0x10,0x3,
0xa7,0x1,0x0,0x0,0x0,0x0,0x7,0x0,
0xf5,0x0,0x0,0x0,0x0,0x0,0x0,0x0,
0x60,0x6,0x10,0x2,0x60,0x6,0x30,0x3,
0x0,0x0,0x0,0x0,0x0,0x0,0x0,0x0,
0x0,0x0,0x0,0x0,0x0,0x0,0xff,0xff,
0xff,0xff,0xff,0xff,0x0,0x0,0x0,0x0,
0x54,0x0,0x0,0x0,0x54,0x0,0x0,0x0,
0x54,0x0,0x0,0x0,0x0,0x0,0x0,0x0,
0x54,0x0,0x0,0x0,0x54,0x0,0x0,0x0,
0x0,0x0,0x1,0x0,0x54,0x0,0x0,0x0,
0x0,0x0,0x0,0x0,0x6c,0x0,0x0,0x0,
0x63,0x6,0x90,0x1,0x0,0x0,0x0,0x0,
0x6c,0x0,0x0,0x0,0x0,0x0,0x0,0x0,
0x6c,0x0,0x0,0x0,0x0,0x0,0x0,0x0,
0x1e,0x1,0x0,0x0,0x0,0x0,0x2,0x0,
0x2a,0x0,0x0,0x0,0x0,0x0,0x0,0x0,
0x63,0x6,0xe0,0x1,0x63,0x6,0x90,0x2,
0x0,0x0,0x0,0x0,0xeb,0x0,0x0,0x0,
0x0,0x0,0x0,0x0,0x0,0x0,0xff,0xff,
0xff,0xff,0xff,0xff,0x0,0x0,0x0,0x0,
0x54,0x0,0x0,0x0,0x54,0x0,0x0,0x0,
0x54,0x0,0x0,0x0,0x0,0x0,0x0,0x0,
0x54,0x0,0x0,0x0,0x54,0x0,0x0,0x0,
0x0,0x0,0x4,0x0,0x54,0x0,0x0,0x0,
0x0,0x0,0x0,0x0,0xb4,0x0,0x0,0x0,
0x67,0x6,0x50,0x1,0x0,0x0,0x0,0x0,
0xb4,0x0,0x0,0x0,0x0,0x0,0x0,0x0,
0xb4,0x0,0x0,0x0,0x0,0x0,0x0,0x0,
0xf1,0x0,0x0,0x0,0x0,0x0,0x7,0x0,
0xf7,0x0,0x0,0x0,0x0,0x0,0x0,0x0,
0x6a,0x6,0x90,0x1,0x6a,0x6,0x40,0x2,
0x9f,0x0,0x0,0x0,0x0,0x0,0x3,0x0,
0x0,0x0,0x0,0x0,0xfc,0x1,0x0,0x0,
0x68,0x6,0x90,0x1,0x68,0x6,0xf0,0x1,
0x64,0x0,0x0,0x0,0x0,0x0,0xa,0x0,
0x72,0x1,0x0,0x0,0x0,0x0,0x0,0x0,
0x6f,0x6,0x90,0x1,0x6f,0x6,0x10,0x2,
0x1d,0x1,0x0,0x0,0x0,0x0,0xa,0x0,
0x71,0x1,0x0,0x0,0x0,0x0,0x0,0x0,
0x69,0x6,0x90,0x1,0x69,0x6,0xe0,0x1,
0x0,0x0,0x0,0x0,0x0,0x0,0x0,0x0,
0x0,0x0,0x0,0x0,0x0,0x0,0xff,0xff,
0xff,0xff,0xff,0xff,0x0,0x0,0x0,0x0,
0x54,0x0,0x0,0x0,0x54,0x0,0x0,0x0,
0x54,0x0,0x0,0x0,0x0,0x0,0x0,0x0,
0x54,0x0,0x0,0x0,0x54,0x0,0x0,0x0,
0x0,0x0,0x1,0x0,0x54,0x0,0x0,0x0,
0x0,0x0,0x0,0x0,0x6c,0x0,0x0,0x0,
0x69,0x6,0x90,0x1,0x0,0x0,0x0,0x0,
0x6c,0x0,0x0,0x0,0x0,0x0,0x0,0x0,
0x6c,0x0,0x0,0x0,0x0,0x0,0x0,0x0,
0x2f,0x1,0x0,0x0,0x0,0x0,0x1,0x0,
0x1,0x0,0x0,0x0,0x0,0x0,0x0,0x0,
0x69,0x6,0xe0,0x1,0x69,0x6,0x40,0x2,
0x0,0x0,0x0,0x0,0x0,0x0,0x0,0x0,
0x0,0x0,0x0,0x0,0x0,0x0,0xff,0xff,
0xff,0xff,0xff,0xff,0x0,0x0,0x0,0x0,
0x54,0x0,0x0,0x0,0x54,0x0,0x0,0x0,
0x54,0x0,0x0,0x0,0x0,0x0,0x0,0x0,
0x54,0x0,0x0,0x0,0x54,0x0,0x0,0x0,
0x0,0x0,0x2,0x0,0x54,0x0,0x0,0x0,
0x0,0x0,0x0,0x0,0x84,0x0,0x0,0x0,
0x6f,0x6,0x90,0x1,0x0,0x0,0x0,0x0,
0x84,0x0,0x0,0x0,0x0,0x0,0x0,0x0,
0x84,0x0,0x0,0x0,0x0,0x0,0x0,0x0,
0xeb,0x1,0x0,0x0,0x0,0x0,0x7,0x0,
0xf9,0x0,0x0,0x0,0x0,0x0,0x0,0x0,
0x70,0x6,0x10,0x2,0x70,0x6,0x80,0x2,
0x17,0x1,0x0,0x0,0x0,0x0,0x7,0x0,
0xf8,0x0,0x0,0x0,0x0,0x0,0x0,0x0,
0x6f,0x6,0x10,0x2,0x6f,0x6,0x10,0x3,
0x0,0x0,0x0,0x0,0x6a,0x0,0x0,0x0,
0xfd,0x1,0x0,0x0,0x0,0x0,0xff,0xff,
0xff,0xff,0xff,0xff,0x0,0x0,0x0,0x0,
0x54,0x0,0x0,0x0,0x54,0x0,0x0,0x0,
0x54,0x0,0x0,0x0,0x0,0x0,0x0,0x0,
0x54,0x0,0x0,0x0,0x54,0x0,0x0,0x0,
0x0,0x0,0x4,0x0,0x54,0x0,0x0,0x0,
0x0,0x0,0x0,0x0,0xb4,0x0,0x0,0x0,
0x73,0x6,0x50,0x1,0x74,0x6,0x90,0x1,
0xb4,0x0,0x0,0x0,0x0,0x0,0x0,0x0,
0xb4,0x0,0x0,0x0,0x0,0x0,0x0,0x0,
0x1a,0x0,0x0,0x0,0x0,0x0,0x3,0x0,
0x0,0x0,0x0,0x0,0x27,0x0,0x0,0x0,
0x7a,0x6,0x90,0x1,0x7a,0x6,0x0,0x2,
0xd,0x0,0x0,0x0,0x0,0x0,0x7,0x0,
0xfa,0x0,0x0,0x0,0x0,0x0,0x0,0x0,
0x79,0x6,0x90,0x1,0x79,0x6,0x0,0x2,
0xe,0x0,0x0,0x0,0x0,0x0,0x2,0x0,
0x17,0x0,0x0,0x0,0x0,0x0,0x0,0x0,
0x78,0x6,0x90,0x1,0x78,0x6,0x0,0x2,
0x64,0x0,0x0,0x0,0x0,0x0,0xa,0x0,
0x74,0x1,0x0,0x0,0x0,0x0,0x0,0x0,
0x75,0x6,0x90,0x1,0x75,0x6,0x10,0x2,
0x0,0x0,0x0,0x0,0x0,0x0,0x0,0x0,
0x0,0x0,0x0,0x0,0x0,0x0,0xff,0xff,
0xff,0xff,0xff,0xff,0x0,0x0,0x0,0x0,
0x54,0x0,0x0,0x0,0x54,0x0,0x0,0x0,
0x54,0x0,0x0,0x0,0x0,0x0,0x0,0x0,
0x54,0x0,0x0,0x0,0x54,0x0,0x0,0x0,
0x0,0x0,0x3,0x0,0x54,0x0,0x0,0x0,
0x0,0x0,0x0,0x0,0x9c,0x0,0x0,0x0,
0x75,0x6,0x90,0x1,0x0,0x0,0x0,0x0,
0x9c,0x0,0x0,0x0,0x0,0x0,0x0,0x0,
0x9c,0x0,0x0,0x0,0x0,0x0,0x0,0x0,
0xad,0x0,0x0,0x0,0x0,0x0,0x2,0x0,
0xf,0x0,0x0,0x0,0x0,0x0,0x0,0x0,
0x77,0x6,0x10,0x2,0x77,0x6,0xf0,0x2,
0x70,0x1,0x0,0x0,0x0,0x0,0x7,0x0,
0xfc,0x0,0x0,0x0,0x0,0x0,0x0,0x0,
0x76,0x6,0x10,0x2,0x76,0x6,0x90,0x2,
0xa7,0x1,0x0,0x0,0x0,0x0,0x7,0x0,
0xfb,0x0,0x0,0x0,0x0,0x0,0x0,0x0,
0x75,0x6,0x10,0x2,0x75,0x6,0x30,0x3,
0x0,0x0,0x0,0x0,0x6a,0x0,0x0,0x0,
0xfe,0x1,0x0,0x0,0x0,0x0,0xff,0xff,
0xff,0xff,0xff,0xff,0x0,0x0,0x0,0x0,
0x54,0x0,0x0,0x0,0x54,0x0,0x0,0x0,
0x54,0x0,0x0,0x0,0x0,0x0,0x0,0x0,
0x54,0x0,0x0,0x0,0x54,0x0,0x0,0x0,
0x0,0x0,0x4,0x0,0x54,0x0,0x0,0x0,
0x0,0x0,0x0,0x0,0xb4,0x0,0x0,0x0,
0x83,0x6,0x10,0x1,0x84,0x6,0x50,0x1,
0xb4,0x0,0x0,0x0,0x0,0x0,0x0,0x0,
0xb4,0x0,0x0,0x0,0x0,0x0,0x0,0x0,
0x1a,0x0,0x0,0x0,0x0,0x0,0x7,0x0,
0xfd,0x0,0x0,0x0,0x0,0x0,0x0,0x0,
0x85,0x6,0x50,0x1,0x85,0x6,0xc0,0x1,
0x0,0x0,0x0,0x0,0x0,0x0,0x8,0x0,
0x78,0x1,0x0,0x0,0x0,0x0,0x0,0x0,
0x8a,0x6,0x50,0x1,0x8a,0x6,0x50,0x1,
0x6f,0x0,0x0,0x0,0x0,0x0,0x9,0x0,
0x77,0x1,0x0,0x0,0x0,0x0,0x0,0x0,
0x88,0x6,0x50,0x1,0x88,0x6,0xc0,0x1,
0x30,0x1,0x0,0x0,0x0,0x0,0xa,0x0,
0x76,0x1,0x0,0x0,0x0,0x0,0x0,0x0,
0x86,0x6,0x50,0x1,0x86,0x6,0xc0,0x1,
0x0,0x0,0x0,0x0,0x0,0x0,0x0,0x0,
0x0,0x0,0x0,0x0,0x0,0x0,0xff,0xff,
0xff,0xff,0xff,0xff,0x0,0x0,0x0,0x0,
0x54,0x0,0x0,0x0,0x54,0x0,0x0,0x0,
0x54,0x0,0x0,0x0,0x0,0x0,0x0,0x0,
0x54,0x0,0x0,0x0,0x54,0x0,0x0,0x0,
0x0,0x0,0x2,0x0,0x54,0x0,0x0,0x0,
0x0,0x0,0x0,0x0,0x84,0x0,0x0,0x0,
0x86,0x6,0x50,0x1,0x0,0x0,0x0,0x0,
0x84,0x0,0x0,0x0,0x0,0x0,0x0,0x0,
0x84,0x0,0x0,0x0,0x0,0x0,0x0,0x0,
0x1a,0x0,0x0,0x0,0x0,0x0,0x3,0x0,
0x0,0x0,0x0,0x0,0xff,0x1,0x0,0x0,
0x87,0x6,0xc0,0x1,0x87,0x6,0x30,0x2,
0xd,0x0,0x0,0x0,0x0,0x0,0x2,0x0,
0xd,0x0,0x0,0x0,0x0,0x0,0x0,0x0,
0x86,0x6,0xc0,0x1,0x86,0x6,0x30,0x2,
0x0,0x0,0x0,0x0,0x0,0x0,0x0,0x0,
0x0,0x0,0x0,0x0,0x0,0x0,0xff,0xff,
0xff,0xff,0xff,0xff,0x0,0x0,0x0,0x0,
0x54,0x0,0x0,0x0,0x54,0x0,0x0,0x0,
0x54,0x0,0x0,0x0,0x0,0x0,0x0,0x0,
0x54,0x0,0x0,0x0,0x54,0x0,0x0,0x0,
0x0,0x0,0x2,0x0,0x54,0x0,0x0,0x0,
0x0,0x0,0x0,0x0,0x84,0x0,0x0,0x0,
0x88,0x6,0x50,0x1,0x0,0x0,0x0,0x0,
0x84,0x0,0x0,0x0,0x0,0x0,0x0,0x0,
0x84,0x0,0x0,0x0,0x0,0x0,0x0,0x0,
0xb7,0x0,0x0,0x0,0x0,0x0,0x1,0x0,
0x1,0x0,0x0,0x0,0x0,0x0,0x0,0x0,
0x89,0x6,0xc0,0x1,0x89,0x6,0x80,0x2,
0xb5,0x0,0x0,0x0,0x0,0x0,0x1,0x0,
0x1,0x0,0x0,0x0,0x0,0x0,0x0,0x0,
0x88,0x6,0xc0,0x1,0x88,0x6,0x70,0x2,
0x0,0x0,0x0,0x0,0x0,0x2,0x0,0x0,
0x0,0x0,0x0,0x0,0x0,0x0,0xff,0xff,
0xff,0xff,0xff,0xff,0x0,0x0,0x0,0x0,
0x54,0x0,0x0,0x0,0x54,0x0,0x0,0x0,
0x54,0x0,0x0,0x0,0x0,0x0,0x0,0x0,
0x54,0x0,0x0,0x0,0x54,0x0,0x0,0x0,
0x0,0x0,0x5,0x0,0x54,0x0,0x0,0x0,
0x0,0x0,0x0,0x0,0xcc,0x0,0x0,0x0,
0x8a,0x6,0x50,0x1,0x0,0x0,0x0,0x0,
0xcc,0x0,0x0,0x0,0x0,0x0,0x0,0x0,
0xcc,0x0,0x0,0x0,0x0,0x0,0x0,0x0,
0xb2,0x1,0x0,0x0,0x0,0x0,0x1,0x0,
0x1,0x0,0x0,0x0,0x0,0x0,0x0,0x0,
0x8d,0x6,0x90,0x1,0x8d,0x6,0xf0,0x1,
0xb0,0x1,0x0,0x0,0x0,0x0,0x7,0x0,
0xfe,0x0,0x0,0x0,0x0,0x0,0x0,0x0,
0x8c,0x6,0x90,0x1,0x8c,0x6,0x80,0x2,
0x0,0x0,0x0,0x0,0x0,0x0,0x8,0x0,
0x7d,0x1,0x0,0x0,0x0,0x0,0x0,0x0,
0x90,0x6,0x90,0x1,0x90,0x6,0x90,0x1,
0xca,0x1,0x0,0x0,0x0,0x0,0x9,0x0,
0x7a,0x1,0x0,0x0,0x0,0x0,0x0,0x0,
0x8e,0x6,0x90,0x1,0x8e,0x6,0x30,0x2,
0x64,0x0,0x0,0x0,0x0,0x0,0xa,0x0,
0x79,0x1,0x0,0x0,0x0,0x0,0x0,0x0,
0x8b,0x6,0x90,0x1,0x8b,0x6,0x10,0x2,
0x0,0x0,0x0,0x0,0x0,0x0,0x0,0x0,
0x0,0x0,0x0,0x0,0x0,0x0,0xff,0xff,
0xff,0xff,0xff,0xff,0x0,0x0,0x0,0x0,
0x54,0x0,0x0,0x0,0x54,0x0,0x0,0x0,
0x54,0x0,0x0,0x0,0x0,0x0,0x0,0x0,
0x54,0x0,0x0,0x0,0x54,0x0,0x0,0x0,
0x0,0x0,0x1,0x0,0x54,0x0,0x0,0x0,
0x0,0x0,0x0,0x0,0x6c,0x0,0x0,0x0,
0x8b,0x6,0x90,0x1,0x0,0x0,0x0,0x0,
0x6c,0x0,0x0,0x0,0x0,0x0,0x0,0x0,
0x6c,0x0,0x0,0x0,0x0,0x0,0x0,0x0,
0xa5,0x0,0x0,0x0,0x0,0x0,0x7,0x0,
0xff,0x0,0x0,0x0,0x0,0x0,0x0,0x0,
0x8b,0x6,0x10,0x2,0x8b,0x6,0x70,0x2,
0x0,0x0,0x0,0x0,0x0,0x0,0x0,0x0,
0x0,0x0,0x0,0x0,0x0,0x0,0xff,0xff,
0xff,0xff,0xff,0xff,0x0,0x0,0x0,0x0,
0x54,0x0,0x0,0x0,0x54,0x0,0x0,0x0,
0x54,0x0,0x0,0x0,0x0,0x0,0x0,0x0,
0x54,0x0,0x0,0x0,0x54,0x0,0x0,0x0,
0x0,0x0,0x2,0x0,0x54,0x0,0x0,0x0,
0x0,0x0,0x0,0x0,0x84,0x0,0x0,0x0,
0x8e,0x6,0x90,0x1,0x0,0x0,0x0,0x0,
0x84,0x0,0x0,0x0,0x0,0x0,0x0,0x0,
0x84,0x0,0x0,0x0,0x0,0x0,0x0,0x0,
0xce,0x1,0x0,0x0,0x0,0x0,0xa,0x0,
0x7c,0x1,0x0,0x0,0x0,0x0,0x0,0x0,
0x8f,0x6,0x30,0x2,0x8f,0x6,0xe0,0x2,
0xd0,0x1,0x0,0x0,0x0,0x0,0xa,0x0,
0x7b,0x1,0x0,0x0,0x0,0x0,0x0,0x0,
0x8e,0x6,0x30,0x2,0x8e,0x6,0xc0,0x2,
0x0,0x0,0x0,0x0,0x0,0x0,0x0,0x0,
0x0,0x0,0x0,0x0,0x0,0x0,0xff,0xff,
0xff,0xff,0xff,0xff,0x0,0x0,0x0,0x0,
0x54,0x0,0x0,0x0,0x54,0x0,0x0,0x0,
0x54,0x0,0x0,0x0,0x0,0x0,0x0,0x0,
0x54,0x0,0x0,0x0,0x54,0x0,0x0,0x0,
0x0,0x0,0x1,0x0,0x54,0x0,0x0,0x0,
0x0,0x0,0x0,0x0,0x6c,0x0,0x0,0x0,
0x8e,0x6,0x30,0x2,0x0,0x0,0x0,0x0,
0x6c,0x0,0x0,0x0,0x0,0x0,0x0,0x0,
0x6c,0x0,0x0,0x0,0x0,0x0,0x0,0x0,
0xd,0x0,0x0,0x0,0x0,0x0,0x2,0x0,
0x13,0x0,0x0,0x0,0x0,0x0,0x0,0x0,
0x8e,0x6,0xc0,0x2,0x8e,0x6,0x30,0x3,
0x0,0x0,0x0,0x0,0x0,0x0,0x0,0x0,
0x0,0x0,0x0,0x0,0x0,0x0,0xff,0xff,
0xff,0xff,0xff,0xff,0x0,0x0,0x0,0x0,
0x54,0x0,0x0,0x0,0x54,0x0,0x0,0x0,
0x54,0x0,0x0,0x0,0x0,0x0,0x0,0x0,
0x54,0x0,0x0,0x0,0x54,0x0,0x0,0x0,
0x0,0x0,0x1,0x0,0x54,0x0,0x0,0x0,
0x0,0x0,0x0,0x0,0x6c,0x0,0x0,0x0,
0x8f,0x6,0x30,0x2,0x0,0x0,0x0,0x0,
0x6c,0x0,0x0,0x0,0x0,0x0,0x0,0x0,
0x6c,0x0,0x0,0x0,0x0,0x0,0x0,0x0,
0xe,0x0,0x0,0x0,0x0,0x0,0x2,0x0,
0x13,0x0,0x0,0x0,0x0,0x0,0x0,0x0,
0x8f,0x6,0xe0,0x2,0x8f,0x6,0x60,0x3,
0x0,0x0,0x0,0x0,0x6c,0x0,0x0,0x0,
0x1,0x2,0x0,0x0,0x0,0x0,0xff,0xff,
0xff,0xff,0xff,0xff,0x0,0x0,0x0,0x0,
0x54,0x0,0x0,0x0,0x54,0x0,0x0,0x0,
0x54,0x0,0x0,0x0,0x0,0x0,0x0,0x0,
0x54,0x0,0x0,0x0,0x54,0x0,0x0,0x0,
0x0,0x0,0x4,0x0,0x54,0x0,0x0,0x0,
0x0,0x0,0x0,0x0,0xb4,0x0,0x0,0x0,
0x90,0x6,0x90,0x1,0x91,0x6,0xd0,0x1,
0xb4,0x0,0x0,0x0,0x0,0x0,0x0,0x0,
0xb4,0x0,0x0,0x0,0x0,0x0,0x0,0x0,
0x90,0x1,0x0,0x0,0x0,0x0,0x2,0x0,
0xa,0x0,0x0,0x0,0x0,0x0,0x0,0x0,
0x93,0x6,0xd0,0x1,0x93,0x6,0x0,0x2,
0xd,0x0,0x0,0x0,0x0,0x0,0x7,0x0,
0x0,0x1,0x0,0x0,0x0,0x0,0x0,0x0,
0x92,0x6,0xd0,0x1,0x92,0x6,0x40,0x2,
0x0,0x0,0x0,0x0,0x0,0x0,0x8,0x0,
0x7e,0x1,0x0,0x0,0x0,0x0,0x0,0x0,
0x94,0x6,0xd0,0x1,0x94,0x6,0xd0,0x1,
0x0,0x0,0x0,0x0,0x0,0x0,0x8,0x0,
0x80,0x1,0x0,0x0,0x0,0x0,0x0,0x0,
0x95,0x6,0xd0,0x1,0x95,0x6,0xd0,0x1,
0x0,0x0,0x0,0x0,0x19,0x1,0x0,0x0,
0x0,0x0,0x0,0x0,0x0,0x0,0xff,0xff,
0xff,0xff,0xff,0xff,0x0,0x0,0x0,0x0,
0x54,0x0,0x0,0x0,0x54,0x0,0x0,0x0,
0x54,0x0,0x0,0x0,0x0,0x0,0x0,0x0,
0x54,0x0,0x0,0x0,0x54,0x0,0x0,0x0,
0x0,0x0,0x1,0x0,0x54,0x0,0x0,0x0,
0x0,0x0,0x0,0x0,0x6c,0x0,0x0,0x0,
0x94,0x6,0xd0,0x1,0x0,0x0,0x0,0x0,
0x6c,0x0,0x0,0x0,0x0,0x0,0x0,0x0,
0x6c,0x0,0x0,0x0,0x0,0x0,0x0,0x0,
0x6f,0x0,0x0,0x0,0x0,0x0,0x9,0x0,
0x7f,0x1,0x0,0x0,0x0,0x0,0x0,0x0,
0x94,0x6,0x40,0x2,0x94,0x6,0xb0,0x2,
0x0,0x0,0x0,0x0,0x0,0x0,0x0,0x0,
0x0,0x0,0x0,0x0,0x0,0x0,0xff,0xff,
0xff,0xff,0xff,0xff,0x0,0x0,0x0,0x0,
0x54,0x0,0x0,0x0,0x54,0x0,0x0,0x0,
0x54,0x0,0x0,0x0,0x0,0x0,0x0,0x0,
0x54,0x0,0x0,0x0,0x54,0x0,0x0,0x0,
0x0,0x0,0x1,0x0,0x54,0x0,0x0,0x0,
0x0,0x0,0x0,0x0,0x6c,0x0,0x0,0x0,
0x94,0x6,0x40,0x2,0x0,0x0,0x0,0x0,
0x6c,0x0,0x0,0x0,0x0,0x0,0x0,0x0,
0x6c,0x0,0x0,0x0,0x0,0x0,0x0,0x0,
0x70,0x0,0x0,0x0,0x0,0x0,0x2,0x0,
0x7,0x0,0x0,0x0,0x0,0x0,0x0,0x0,
0x94,0x6,0xb0,0x2,0x94,0x6,0xc0,0x3,
0x0,0x0,0x0,0x0,0x97,0x1,0x0,0x0,
0x2,0x2,0x0,0x0,0x0,0x0,0xff,0xff,
0xff,0xff,0xff,0xff,0x0,0x0,0x0,0x0,
0x54,0x0,0x0,0x0,0x54,0x0,0x0,0x0,
0x54,0x0,0x0,0x0,0x0,0x0,0x0,0x0,
0x54,0x0,0x0,0x0,0x54,0x0,0x0,0x0,
0x0,0x0,0x2,0x0,0x54,0x0,0x0,0x0,
0x0,0x0,0x0,0x0,0x84,0x0,0x0,0x0,
0x95,0x6,0xd0,0x1,0x96,0x6,0x10,0x2,
0x84,0x0,0x0,0x0,0x0,0x0,0x0,0x0,
0x84,0x0,0x0,0x0,0x0,0x0,0x0,0x0,
0x3,0x2,0x0,0x0,0x0,0x0,0x7,0x0,
0x1,0x1,0x0,0x0,0x0,0x0,0x0,0x0,
0x98,0x6,0x10,0x2,0x98,0x6,0xb0,0x3,
0x6f,0x0,0x0,0x0,0x0,0x0,0x9,0x0,
0x81,0x1,0x0,0x0,0x0,0x0,0x0,0x0,
0x97,0x6,0x10,0x2,0x97,0x6,0x80,0x2,
0x0,0x0,0x0,0x0,0x0,0x0,0x0,0x0,
0x0,0x0,0x0,0x0,0x0,0x0,0xff,0xff,
0xff,0xff,0xff,0xff,0x0,0x0,0x0,0x0,
0x54,0x0,0x0,0x0,0x54,0x0,0x0,0x0,
0x54,0x0,0x0,0x0,0x0,0x0,0x0,0x0,
0x54,0x0,0x0,0x0,0x54,0x0,0x0,0x0,
0x0,0x0,0x1,0x0,0x54,0x0,0x0,0x0,
0x0,0x0,0x0,0x0,0x6c,0x0,0x0,0x0,
0x97,0x6,0x10,0x2,0x0,0x0,0x0,0x0,
0x6c,0x0,0x0,0x0,0x0,0x0,0x0,0x0,
0x6c,0x0,0x0,0x0,0x0,0x0,0x0,0x0,
0xb5,0x0,0x0,0x0,0x0,0x0,0x1,0x0,
0x1,0x0,0x0,0x0,0x0,0x0,0x0,0x0,
0x97,0x6,0x80,0x2,0x97,0x6,0x30,0x3,
0x0,0x0,0x0,0x0,0x5,0x2,0x0,0x0,
0x2c,0x0,0x0,0x0,0x0,0x0,0xff,0xff,
0xff,0xff,0xff,0xff,0x0,0x0,0x0,0x0,
0x54,0x0,0x0,0x0,0x54,0x0,0x0,0x0,
0x54,0x0,0x0,0x0,0x0,0x0,0x0,0x0,
0x54,0x0,0x0,0x0,0x54,0x0,0x0,0x0,
0x0,0x0,0x5,0x0,0x54,0x0,0x0,0x0,
0x0,0x0,0x0,0x0,0xcc,0x0,0x0,0x0,
0xa2,0x6,0x90,0x0,0xa3,0x6,0xd0,0x0,
0xcc,0x0,0x0,0x0,0x0,0x0,0x0,0x0,
0xcc,0x0,0x0,0x0,0x0,0x0,0x0,0x0,
0x3e,0x0,0x0,0x0,0x0,0x0,0x8,0x0,
0x84,0x1,0x0,0x0,0x0,0x0,0x0,0x0,
0xa6,0x6,0xd0,0x0,0xa6,0x6,0x90,0x1,
0x6e,0x1,0x0,0x0,0x0,0x0,0x2,0x0,
0x4,0x0,0x0,0x0,0x0,0x0,0x0,0x0,
0xa5,0x6,0xc0,0x1,0xa5,0x6,0xb0,0x2,
0x6d,0x1,0x0,0x0,0x0,0x0,0x2,0x0,
0x4,0x0,0x0,0x0,0x0,0x0,0x0,0x0,
0xa5,0x6,0xd0,0x0,0xa5,0x6,0x90,0x1,
0x0,0x0,0x0,0x0,0x0,0x0,0x8,0x0,
0x86,0x1,0x0,0x0,0x0,0x0,0x0,0x0,
0xae,0x6,0xd0,0x0,0xae,0x6,0xd0,0x0,
0x6f,0x0,0x0,0x0,0x0,0x0,0x9,0x0,
0x83,0x1,0x0,0x0,0x0,0x0,0x0,0x0,
0xa4,0x6,0xd0,0x0,0xa4,0x6,0x40,0x1,
0x0,0x0,0x0,0x0,0x0,0x0,0x0,0x0,
0x0,0x0,0x0,0x0,0x0,0x0,0xff,0xff,
0xff,0xff,0xff,0xff,0x0,0x0,0x0,0x0,
0x54,0x0,0x0,0x0,0x54,0x0,0x0,0x0,
0x54,0x0,0x0,0x0,0x0,0x0,0x0,0x0,
0x54,0x0,0x0,0x0,0x54,0x0,0x0,0x0,
0x0,0x0,0x1,0x0,0x54,0x0,0x0,0x0,
0x0,0x0,0x0,0x0,0x6c,0x0,0x0,0x0,
0xa4,0x6,0xd0,0x0,0x0,0x0,0x0,0x0,
0x6c,0x0,0x0,0x0,0x0,0x0,0x0,0x0,
0x6c,0x0,0x0,0x0,0x0,0x0,0x0,0x0,
0xb5,0x0,0x0,0x0,0x0,0x0,0x1,0x0,
0x1,0x0,0x0,0x0,0x0,0x0,0x0,0x0,
0xa4,0x6,0x40,0x1,0xa4,0x6,0xf0,0x1,
0x0,0x0,0x0,0x0,0x6a,0x0,0x0,0x0,
0x0,0x0,0x0,0x0,0x0,0x0,0xff,0xff,
0xff,0xff,0xff,0xff,0x0,0x0,0x0,0x0,
0x54,0x0,0x0,0x0,0x54,0x0,0x0,0x0,
0x54,0x0,0x0,0x0,0x0,0x0,0x0,0x0,
0x54,0x0,0x0,0x0,0x54,0x0,0x0,0x0,
0x0,0x0,0x2,0x0,0x54,0x0,0x0,0x0,
0x0,0x0,0x0,0x0,0x84,0x0,0x0,0x0,
0xa6,0x6,0x90,0x1,0x0,0x0,0x0,0x0,
0x84,0x0,0x0,0x0,0x0,0x0,0x0,0x0,
0x84,0x0,0x0,0x0,0x0,0x0,0x0,0x0,
0x1a,0x0,0x0,0x0,0x0,0x0,0x7,0x0,
0x2,0x1,0x0,0x0,0x0,0x0,0x0,0x0,
0xa7,0x6,0x10,0x1,0xa7,0x6,0x80,0x1,
0x0,0x0,0x0,0x0,0x0,0x0,0x8,0x0,
0x85,0x1,0x0,0x0,0x0,0x0,0x0,0x0,
0xa8,0x6,0x10,0x1,0xa8,0x6,0x10,0x1,
0x0,0x0,0x0,0x0,0x6a,0x0,0x0,0x0,
0x0,0x0,0x0,0x0,0x0,0x0,0xff,0xff,
0xff,0xff,0xff,0xff,0x0,0x0,0x0,0x0,
0x54,0x0,0x0,0x0,0x54,0x0,0x0,0x0,
0x54,0x0,0x0,0x0,0x0,0x0,0x0,0x0,
0x54,0x0,0x0,0x0,0x54,0x0,0x0,0x0,
0x0,0x0,0x3,0x0,0x54,0x0,0x0,0x0,
0x0,0x0,0x0,0x0,0x9c,0x0,0x0,0x0,
0xa8,0x6,0x10,0x1,0x0,0x0,0x0,0x0,
0x9c,0x0,0x0,0x0,0x0,0x0,0x0,0x0,
0x9c,0x0,0x0,0x0,0x0,0x0,0x0,0x0,
0xe,0x0,0x0,0x0,0x0,0x0,0x2,0x0,
0xd,0x0,0x0,0x0,0x0,0x0,0x0,0x0,
0xab,0x6,0x50,0x1,0xab,0x6,0xd0,0x1,
0xd,0x0,0x0,0x0,0x0,0x0,0x7,0x0,
0x3,0x1,0x0,0x0,0x0,0x0,0x0,0x0,
0xaa,0x6,0x50,0x1,0xaa,0x6,0xc0,0x1,
0x1a,0x0,0x0,0x0,0x0,0x0,0x3,0x0,
0x0,0x0,0x0,0x0,0x6,0x2,0x0,0x0,
0xa9,0x6,0x50,0x1,0xa9,0x6,0xc0,0x1,
0x0,0x0,0x0,0x0,0xba,0x0,0x0,0x0,
0x0,0x0,0x0,0x0,0x0,0x0,0xff,0xff,
0xff,0xff,0xff,0xff,0x0,0x0,0x0,0x0,
0x54,0x0,0x0,0x0,0x54,0x0,0x0,0x0,
0x54,0x0,0x0,0x0,0x0,0x0,0x0,0x0,
0x54,0x0,0x0,0x0,0x54,0x0,0x0,0x0,
0x0,0x0,0x9,0x0,0x54,0x0,0x0,0x0,
0x0,0x0,0x0,0x0,0x2c,0x1,0x0,0x0,
0xae,0x6,0xd0,0x0,0x0,0x0,0x0,0x0,
0x2c,0x1,0x0,0x0,0x0,0x0,0x0,0x0,
0x2c,0x1,0x0,0x0,0x0,0x0,0x0,0x0,
0xd,0x0,0x0,0x0,0x0,0x0,0x7,0x0,
0x4,0x1,0x0,0x0,0x0,0x0,0x0,0x0,
0xaf,0x6,0x10,0x1,0xaf,0x6,0x80,0x1,
0x0,0x0,0x0,0x0,0x0,0x0,0x8,0x0,
0x87,0x1,0x0,0x0,0x0,0x0,0x0,0x0,
0xb0,0x6,0x10,0x1,0xb0,0x6,0x10,0x1,
0x0,0x0,0x0,0x0,0x0,0x0,0x8,0x0,
0x8a,0x1,0x0,0x0,0x0,0x0,0x0,0x0,
0xb5,0x6,0x10,0x1,0xb5,0x6,0x10,0x1,
0x0,0x0,0x0,0x0,0x0,0x0,0x8,0x0,
0x8b,0x1,0x0,0x0,0x0,0x0,0x0,0x0,
0xba,0x6,0x10,0x1,0xba,0x6,0x10,0x1,
0x0,0x0,0x0,0x0,0x0,0x0,0x8,0x0,
0x8e,0x1,0x0,0x0,0x0,0x0,0x0,0x0,
0xc0,0x6,0x10,0x1,0xc0,0x6,0x10,0x1,
0x0,0x0,0x0,0x0,0x0,0x0,0x8,0x0,
0x8f,0x1,0x0,0x0,0x0,0x0,0x0,0x0,
0xc5,0x6,0x10,0x1,0xc5,0x6,0x10,0x1,
0x0,0x0,0x0,0x0,0x0,0x0,0x8,0x0,
0x92,0x1,0x0,0x0,0x0,0x0,0x0,0x0,
0xcd,0x6,0x10,0x1,0xcd,0x6,0x10,0x1,
0x0,0x0,0x0,0x0,0x0,0x0,0x8,0x0,
0x9f,0x1,0x0,0x0,0x0,0x0,0x0,0x0,
0xfa,0x6,0x10,0x1,0xfa,0x6,0x10,0x1,
0x0,0x0,0x0,0x0,0x0,0x0,0x8,0x0,
0xa2,0x1,0x0,0x0,0x0,0x0,0x0,0x0,
0x6,0x7,0x10,0x1,0x6,0x7,0x10,0x1,
0x0,0x0,0x0,0x0,0xeb,0x0,0x0,0x0,
0x0,0x0,0x0,0x0,0x0,0x0,0xff,0xff,
0xff,0xff,0xff,0xff,0x0,0x0,0x0,0x0,
0x54,0x0,0x0,0x0,0x54,0x0,0x0,0x0,
0x54,0x0,0x0,0x0,0x0,0x0,0x0,0x0,
0x54,0x0,0x0,0x0,0x54,0x0,0x0,0x0,
0x0,0x0,0x3,0x0,0x54,0x0,0x0,0x0,
0x0,0x0,0x0,0x0,0x9c,0x0,0x0,0x0,
0xb0,0x6,0x10,0x1,0x0,0x0,0x0,0x0,
0x9c,0x0,0x0,0x0,0x0,0x0,0x0,0x0,
0x9c,0x0,0x0,0x0,0x0,0x0,0x0,0x0,
0x9f,0x0,0x0,0x0,0x0,0x0,0x7,0x0,
0x5,0x1,0x0,0x0,0x0,0x0,0x0,0x0,
0xb2,0x6,0x50,0x1,0xb2,0x6,0xb0,0x1,
0x6f,0x0,0x0,0x0,0x0,0x0,0x9,0x0,
0x88,0x1,0x0,0x0,0x0,0x0,0x0,0x0,
0xb1,0x6,0x50,0x1,0xb1,0x6,0xc0,0x1,
0x1d,0x1,0x0,0x0,0x0,0x0,0xa,0x0,
0x89,0x1,0x0,0x0,0x0,0x0,0x0,0x0,
0xb3,0x6,0x50,0x1,0xb3,0x6,0xa0,0x1,
0x0,0x0,0x0,0x0,0x0,0x0,0x0,0x0,
0x0,0x0,0x0,0x0,0x0,0x0,0xff,0xff,
0xff,0xff,0xff,0xff,0x0,0x0,0x0,0x0,
0x54,0x0,0x0,0x0,0x54,0x0,0x0,0x0,
0x54,0x0,0x0,0x0,0x0,0x0,0x0,0x0,
0x54,0x0,0x0,0x0,0x54,0x0,0x0,0x0,
0x0,0x0,0x1,0x0,0x54,0x0,0x0,0x0,
0x0,0x0,0x0,0x0,0x6c,0x0,0x0,0x0,
0xb1,0x6,0x50,0x1,0x0,0x0,0x0,0x0,
0x6c,0x0,0x0,0x0,0x0,0x0,0x0,0x0,
0x6c,0x0,0x0,0x0,0x0,0x0,0x0,0x0,
0x70,0x0,0x0,0x0,0x0,0x0,0x2,0x0,
0x7,0x0,0x0,0x0,0x0,0x0,0x0,0x0,
0xb1,0x6,0xc0,0x1,0xb1,0x6,0xd0,0x2,
0x0,0x0,0x0,0x0,0x0,0x0,0x0,0x0,
0x0,0x0,0x0,0x0,0x0,0x0,0xff,0xff,
0xff,0xff,0xff,0xff,0x0,0x0,0x0,0x0,
0x54,0x0,0x0,0x0,0x54,0x0,0x0,0x0,
0x54,0x0,0x0,0x0,0x0,0x0,0x0,0x0,
0x54,0x0,0x0,0x0,0x54,0x0,0x0,0x0,
0x0,0x0,0x1,0x0,0x54,0x0,0x0,0x0,
0x0,0x0,0x0,0x0,0x6c,0x0,0x0,0x0,
0xb3,0x6,0x50,0x1,0x0,0x0,0x0,0x0,
0x6c,0x0,0x0,0x0,0x0,0x0,0x0,0x0,
0x6c,0x0,0x0,0x0,0x0,0x0,0x0,0x0,
0x1e,0x1,0x0,0x0,0x0,0x0,0x2,0x0,
0x21,0x0,0x0,0x0,0x0,0x0,0x0,0x0,
0xb3,0x6,0xa0,0x1,0xb3,0x6,0x50,0x2,
0x0,0x0,0x0,0x0,0x6a,0x0,0x0,0x0,
0x0,0x0,0x0,0x0,0x0,0x0,0xff,0xff,
0xff,0xff,0xff,0xff,0x0,0x0,0x0,0x0,
0x54,0x0,0x0,0x0,0x54,0x0,0x0,0x0,
0x54,0x0,0x0,0x0,0x0,0x0,0x0,0x0,
0x54,0x0,0x0,0x0,0x54,0x0,0x0,0x0,
0x0,0x0,0x3,0x0,0x54,0x0,0x0,0x0,
0x0,0x0,0x0,0x0,0x9c,0x0,0x0,0x0,
0xb5,0x6,0x10,0x1,0x0,0x0,0x0,0x0,
0x9c,0x0,0x0,0x0,0x0,0x0,0x0,0x0,
0x9c,0x0,0x0,0x0,0x0,0x0,0x0,0x0,
0x1a,0x0,0x0,0x0,0x0,0x0,0x3,0x0,
0x0,0x0,0x0,0x0,0x8,0x2,0x0,0x0,
0xb8,0x6,0x50,0x1,0xb8,0x6,0xc0,0x1,
0x1a,0x1,0x0,0x0,0x0,0x0,0x2,0x0,
0x18,0x0,0x0,0x0,0x0,0x0,0x0,0x0,
0xb7,0x6,0x50,0x1,0xb7,0x6,0x40,0x2,
0x7,0x2,0x0,0x0,0x0,0x0,0x2,0x0,
0x1a,0x0,0x0,0x0,0x0,0x0,0x0,0x0,
0xb6,0x6,0x50,0x1,0xb6,0x6,0x50,0x2,
0x0,0x0,0x0,0x0,0x1b,0x1,0x0,0x0,
0x9,0x2,0x0,0x0,0x0,0x0,0xff,0xff,
0xff,0xff,0xff,0xff,0x0,0x0,0x0,0x0,
0x54,0x0,0x0,0x0,0x54,0x0,0x0,0x0,
0x54,0x0,0x0,0x0,0x0,0x0,0x0,0x0,
0x54,0x0,0x0,0x0,0x54,0x0,0x0,0x0,
0x0,0x0,0x3,0x0,0x54,0x0,0x0,0x0,
0x0,0x0,0x0,0x0,0x9c,0x0,0x0,0x0,
0xba,0x6,0x10,0x1,0xbb,0x6,0x50,0x1,
0x9c,0x0,0x0,0x0,0x0,0x0,0x0,0x0,
0x9c,0x0,0x0,0x0,0x0,0x0,0x0,0x0,
0x9f,0x0,0x0,0x0,0x0,0x0,0x3,0x0,
0x0,0x0,0x0,0x0,0xa,0x2,0x0,0x0,
0xbd,0x6,0x50,0x1,0xbd,0x6,0xb0,0x1,
0x6f,0x0,0x0,0x0,0x0,0x0,0x9,0x0,
0x8c,0x1,0x0,0x0,0x0,0x0,0x0,0x0,
0xbc,0x6,0x50,0x1,0xbc,0x6,0xc0,0x1,
0x1d,0x1,0x0,0x0,0x0,0x0,0xa,0x0,
0x8d,0x1,0x0,0x0,0x0,0x0,0x0,0x0,
0xbe,0x6,0x50,0x1,0xbe,0x6,0xa0,0x1,
0x0,0x0,0x0,0x0,0x0,0x0,0x0,0x0,
0x0,0x0,0x0,0x0,0x0,0x0,0xff,0xff,
0xff,0xff,0xff,0xff,0x0,0x0,0x0,0x0,
0x54,0x0,0x0,0x0,0x54,0x0,0x0,0x0,
0x54,0x0,0x0,0x0,0x0,0x0,0x0,0x0,
0x54,0x0,0x0,0x0,0x54,0x0,0x0,0x0,
0x0,0x0,0x1,0x0,0x54,0x0,0x0,0x0,
0x0,0x0,0x0,0x0,0x6c,0x0,0x0,0x0,
0xbc,0x6,0x50,0x1,0x0,0x0,0x0,0x0,
0x6c,0x0,0x0,0x0,0x0,0x0,0x0,0x0,
0x6c,0x0,0x0,0x0,0x0,0x0,0x0,0x0,
0xa7,0x0,0x0,0x0,0x0,0x0,0x2,0x0,
0xf,0x0,0x0,0x0,0x0,0x0,0x0,0x0,
0xbc,0x6,0xc0,0x1,0xbc,0x6,0x80,0x2,
0x0,0x0,0x0,0x0,0x0,0x0,0x0,0x0,
0x0,0x0,0x0,0x0,0x0,0x0,0xff,0xff,
0xff,0xff,0xff,0xff,0x0,0x0,0x0,0x0,
0x54,0x0,0x0,0x0,0x54,0x0,0x0,0x0,
0x54,0x0,0x0,0x0,0x0,0x0,0x0,0x0,
0x54,0x0,0x0,0x0,0x54,0x0,0x0,0x0,
0x0,0x0,0x1,0x0,0x54,0x0,0x0,0x0,
0x0,0x0,0x0,0x0,0x6c,0x0,0x0,0x0,
0xbe,0x6,0x50,0x1,0x0,0x0,0x0,0x0,
0x6c,0x0,0x0,0x0,0x0,0x0,0x0,0x0,
0x6c,0x0,0x0,0x0,0x0,0x0,0x0,0x0,
0x1e,0x1,0x0,0x0,0x0,0x0,0x2,0x0,
0x21,0x0,0x0,0x0,0x0,0x0,0x0,0x0,
0xbe,0x6,0xa0,0x1,0xbe,0x6,0x50,0x2,
0x0,0x0,0x0,0x0,0x6a,0x0,0x0,0x0,
0x0,0x0,0x0,0x0,0x0,0x0,0xff,0xff,
0xff,0xff,0xff,0xff,0x0,0x0,0x0,0x0,
0x54,0x0,0x0,0x0,0x54,0x0,0x0,0x0,
0x54,0x0,0x0,0x0,0x0,0x0,0x0,0x0,
0x54,0x0,0x0,0x0,0x54,0x0,0x0,0x0,
0x0,0x0,0x3,0x0,0x54,0x0,0x0,0x0,
0x0,0x0,0x0,0x0,0x9c,0x0,0x0,0x0,
0xc0,0x6,0x10,0x1,0x0,0x0,0x0,0x0,
0x9c,0x0,0x0,0x0,0x0,0x0,0x0,0x0,
0x9c,0x0,0x0,0x0,0x0,0x0,0x0,0x0,
0x1a,0x0,0x0,0x0,0x0,0x0,0x3,0x0,
0x0,0x0,0x0,0x0,0x8,0x2,0x0,0x0,
0xc3,0x6,0x50,0x1,0xc3,0x6,0xc0,0x1,
0x1a,0x1,0x0,0x0,0x0,0x0,0x2,0x0,
0x18,0x0,0x0,0x0,0x0,0x0,0x0,0x0,
0xc2,0x6,0x50,0x1,0xc2,0x6,0x40,0x2,
0x7,0x2,0x0,0x0,0x0,0x0,0x2,0x0,
0x1a,0x0,0x0,0x0,0x0,0x0,0x0,0x0,
0xc1,0x6,0x50,0x1,0xc1,0x6,0x50,0x2,
0x0,0x0,0x0,0x0,0xeb,0x0,0x0,0x0,
0xb,0x2,0x0,0x0,0x0,0x0,0xff,0xff,
0xff,0xff,0xff,0xff,0x0,0x0,0x0,0x0,
0x54,0x0,0x0,0x0,0x54,0x0,0x0,0x0,
0x54,0x0,0x0,0x0,0x0,0x0,0x0,0x0,
0x54,0x0,0x0,0x0,0x54,0x0,0x0,0x0,
0x0,0x0,0x3,0x0,0x54,0x0,0x0,0x0,
0x0,0x0,0x0,0x0,0x9c,0x0,0x0,0x0,
0xc5,0x6,0x10,0x1,0xc6,0x6,0x50,0x1,
0x9c,0x0,0x0,0x0,0x0,0x0,0x0,0x0,
0x9c,0x0,0x0,0x0,0x0,0x0,0x0,0x0,
0x9f,0x0,0x0,0x0,0x0,0x0,0x3,0x0,
0x0,0x0,0x0,0x0,0xc,0x2,0x0,0x0,
0xc9,0x6,0x50,0x1,0xc9,0x6,0xb0,0x1,
0x6f,0x0,0x0,0x0,0x0,0x0,0x9,0x0,
0x90,0x1,0x0,0x0,0x0,0x0,0x0,0x0,
0xc7,0x6,0x50,0x1,0xc7,0x6,0xc0,0x1,
0x1d,0x1,0x0,0x0,0x0,0x0,0xa,0x0,
0x91,0x1,0x0,0x0,0x0,0x0,0x0,0x0,
0xca,0x6,0x50,0x1,0xca,0x6,0xa0,0x1,
0x0,0x0,0x0,0x0,0x0,0x0,0x0,0x0,
0x0,0x0,0x0,0x0,0x0,0x0,0xff,0xff,
0xff,0xff,0xff,0xff,0x0,0x0,0x0,0x0,
0x54,0x0,0x0,0x0,0x54,0x0,0x0,0x0,
0x54,0x0,0x0,0x0,0x0,0x0,0x0,0x0,
0x54,0x0,0x0,0x0,0x54,0x0,0x0,0x0,
0x0,0x0,0x2,0x0,0x54,0x0,0x0,0x0,
0x0,0x0,0x0,0x0,0x84,0x0,0x0,0x0,
0xc7,0x6,0x50,0x1,0x0,0x0,0x0,0x0,
0x84,0x0,0x0,0x0,0x0,0x0,0x0,0x0,
0x84,0x0,0x0,0x0,0x0,0x0,0x0,0x0,
0x70,0x0,0x0,0x0,0x0,0x0,0x2,0x0,
0x2b,0x0,0x0,0x0,0x0,0x0,0x0,0x0,
0xc8,0x6,0xc0,0x1,0xc8,0x6,0xd0,0x2,
0xa7,0x0,0x0,0x0,0x0,0x0,0x2,0x0,
0xf,0x0,0x0,0x0,0x0,0x0,0x0,0x0,
0xc7,0x6,0xc0,0x1,0xc7,0x6,0x80,0x2,
0x0,0x0,0x0,0x0,0x0,0x0,0x0,0x0,
0x0,0x0,0x0,0x0,0x0,0x0,0xff,0xff,
0xff,0xff,0xff,0xff,0x0,0x0,0x0,0x0,
0x54,0x0,0x0,0x0,0x54,0x0,0x0,0x0,
0x54,0x0,0x0,0x0,0x0,0x0,0x0,0x0,
0x54,0x0,0x0,0x0,0x54,0x0,0x0,0x0,
0x0,0x0,0x1,0x0,0x54,0x0,0x0,0x0,
0x0,0x0,0x0,0x0,0x6c,0x0,0x0,0x0,
0xca,0x6,0x50,0x1,0x0,0x0,0x0,0x0,
0x6c,0x0,0x0,0x0,0x0,0x0,0x0,0x0,
0x6c,0x0,0x0,0x0,0x0,0x0,0x0,0x0,
0x1e,0x1,0x0,0x0,0x0,0x0,0x2,0x0,
0x21,0x0,0x0,0x0,0x0,0x0,0x0,0x0,
0xca,0x6,0xa0,0x1,0xca,0x6,0x50,0x2,
0x0,0x0,0x0,0x0,0x19,0x1,0x0,0x0,
0x0,0x0,0x0,0x0,0x0,0x0,0xff,0xff,
0xff,0xff,0xff,0xff,0x0,0x0,0x0,0x0,
0x54,0x0,0x0,0x0,0x54,0x0,0x0,0x0,
0x54,0x0,0x0,0x0,0x0,0x0,0x0,0x0,
0x54,0x0,0x0,0x0,0x54,0x0,0x0,0x0,
0x0,0x0,0x2,0x0,0x54,0x0,0x0,0x0,
0x0,0x0,0x0,0x0,0x84,0x0,0x0,0x0,
0xcd,0x6,0x10,0x1,0x0,0x0,0x0,0x0,
0x84,0x0,0x0,0x0,0x0,0x0,0x0,0x0,
0x84,0x0,0x0,0x0,0x0,0x0,0x0,0x0,
0x0,0x0,0x0,0x0,0x0,0x0,0x8,0x0,
0x94,0x1,0x0,0x0,0x0,0x0,0x0,0x0,
0xd0,0x6,0x50,0x1,0xd0,0x6,0x50,0x1,
0x6f,0x0,0x0,0x0,0x0,0x0,0x9,0x0,
0x93,0x1,0x0,0x0,0x0,0x0,0x0,0x0,
0xce,0x6,0x50,0x1,0xce,0x6,0xc0,0x1,
0x0,0x0,0x0,0x0,0x0,0x0,0x0,0x0,
0x0,0x0,0x0,0x0,0x0,0x0,0xff,0xff,
0xff,0xff,0xff,0xff,0x0,0x0,0x0,0x0,
0x54,0x0,0x0,0x0,0x54,0x0,0x0,0x0,
0x54,0x0,0x0,0x0,0x0,0x0,0x0,0x0,
0x54,0x0,0x0,0x0,0x54,0x0,0x0,0x0,
0x0,0x0,0x2,0x0,0x54,0x0,0x0,0x0,
0x0,0x0,0x0,0x0,0x84,0x0,0x0,0x0,
0xce,0x6,0x50,0x1,0x0,0x0,0x0,0x0,
0x84,0x0,0x0,0x0,0x0,0x0,0x0,0x0,
0x84,0x0,0x0,0x0,0x0,0x0,0x0,0x0,
0xb7,0x0,0x0,0x0,0x0,0x0,0x1,0x0,
0x1,0x0,0x0,0x0,0x0,0x0,0x0,0x0,
0xcf,0x6,0xc0,0x1,0xcf,0x6,0x80,0x2,
0xb5,0x0,0x0,0x0,0x0,0x0,0x1,0x0,
0x1,0x0,0x0,0x0,0x0,0x0,0x0,0x0,
0xce,0x6,0xc0,0x1,0xce,0x6,0x70,0x2,
0x0,0x0,0x0,0x0,0xba,0x0,0x0,0x0,
0xd,0x2,0x0,0x0,0x0,0x0,0xff,0xff,
0xff,0xff,0xff,0xff,0x1,0x0,0x0,0x0,
0x54,0x0,0x0,0x0,0x58,0x0,0x0,0x0,
0x58,0x0,0x0,0x0,0x0,0x0,0x0,0x0,
0x58,0x0,0x0,0x0,0x58,0x0,0x0,0x0,
0x0,0x0,0x2,0x0,0x58,0x0,0x0,0x0,
0x0,0x0,0x0,0x0,0x88,0x0,0x0,0x0,
0xd0,0x6,0x50,0x1,0xd1,0x6,0x90,0x1,
0x88,0x0,0x0,0x0,0x0,0x0,0x0,0x0,
0x88,0x0,0x0,0x0,0x0,0x0,0x0,0x0,
0x6,0x1,0x0,0x0,0x0,0x0,0x0,0x0,
0x0,0x0,0x8,0x0,0x96,0x1,0x0,0x0,
0x0,0x0,0x0,0x0,0xd6,0x6,0x90,0x1,
0xd6,0x6,0x90,0x1,0x64,0x0,0x0,0x0,
0x0,0x0,0xa,0x0,0x95,0x1,0x0,0x0,
0x0,0x0,0x0,0x0,0xd2,0x6,0x90,0x1,
0xd2,0x6,0x10,0x2,0x0,0x0,0x0,0x0,
0x0,0x0,0x0,0x0,0x0,0x0,0xff,0xff,
0xff,0xff,0xff,0xff,0x0,0x0,0x0,0x0,
0x54,0x0,0x0,0x0,0x54,0x0,0x0,0x0,
0x54,0x0,0x0,0x0,0x0,0x0,0x0,0x0,
0x54,0x0,0x0,0x0,0x54,0x0,0x0,0x0,
0x0,0x0,0x1,0x0,0x54,0x0,0x0,0x0,
0x0,0x0,0x0,0x0,0x6c,0x0,0x0,0x0,
0xd2,0x6,0x90,0x1,0x0,0x0,0x0,0x0,
0x6c,0x0,0x0,0x0,0x0,0x0,0x0,0x0,
0x6c,0x0,0x0,0x0,0x0,0x0,0x0,0x0,
0x65,0x0,0x0,0x0,0x0,0x0,0x7,0x0,
0x7,0x1,0x0,0x0,0x0,0x0,0x0,0x0,
0xd2,0x6,0x10,0x2,0xd2,0x6,0xb0,0x2,
0x0,0x0,0x0,0x0,0x49,0x0,0x0,0x0,
0xf,0x2,0x0,0x0,0x0,0x0,0xff,0xff,
0xff,0xff,0xff,0xff,0x0,0x0,0x0,0x0,
0x54,0x0,0x0,0x0,0x54,0x0,0x0,0x0,
0x54,0x0,0x0,0x0,0x0,0x0,0x0,0x0,
0x54,0x0,0x0,0x0,0x54,0x0,0x0,0x0,
0x0,0x0,0x1,0x0,0x54,0x0,0x0,0x0,
0x0,0x0,0x0,0x0,0x6c,0x0,0x0,0x0,
0xd6,0x6,0x90,0x1,0xd7,0x6,0xd0,0x1,
0x6c,0x0,0x0,0x0,0x0,0x0,0x0,0x0,
0x6c,0x0,0x0,0x0,0x0,0x0,0x0,0x0,
0x0,0x0,0x0,0x0,0x0,0x0,0x8,0x0,
0x97,0x1,0x0,0x0,0x0,0x0,0x0,0x0,
0xd8,0x6,0xd0,0x1,0xd8,0x6,0xd0,0x1,
0x0,0x0,0x0,0x0,0xba,0x0,0x0,0x0,
0x0,0x0,0x0,0x0,0x0,0x0,0xff,0xff,
0xff,0xff,0xff,0xff,0x1,0x0,0x1,0x0,
0x54,0x0,0x0,0x0,0x58,0x0,0x0,0x0,
0x64,0x0,0x0,0x0,0x0,0x0,0x0,0x0,
0x64,0x0,0x0,0x0,0x64,0x0,0x0,0x0,
0x0,0x0,0x4,0x0,0x64,0x0,0x0,0x0,
0x0,0x0,0x0,0x0,0xc4,0x0,0x0,0x0,
0xd8,0x6,0xd0,0x1,0x0,0x0,0x0,0x0,
0xc4,0x0,0x0,0x0,0x0,0x0,0x0,0x0,
0xc4,0x0,0x0,0x0,0x0,0x0,0x0,0x0,
0x8,0x1,0x0,0x0,0x9f,0x0,0x0,0x0,
0x5,0x0,0x0,0x20,0xda,0x6,0x10,0x2,
0x9f,0x0,0x0,0x0,0x0,0x0,0x3,0x0,
0x0,0x0,0x0,0x0,0x10,0x2,0x0,0x0,
0xda,0x6,0x10,0x3,0xda,0x6,0x70,0x3,
0x0,0x0,0x0,0x0,0x0,0x0,0x8,0x0,
0x99,0x1,0x0,0x0,0x0,0x0,0x0,0x0,
0xe1,0x6,0x10,0x2,0xe1,0x6,0x10,0x2,
0x0,0x0,0x0,0x0,0x0,0x0,0x8,0x0,
0x9b,0x1,0x0,0x0,0x0,0x0,0x0,0x0,
0xe5,0x6,0x10,0x2,0xe5,0x6,0x10,0x2,
0x6f,0x0,0x0,0x0,0x0,0x0,0x9,0x0,
0x98,0x1,0x0,0x0,0x0,0x0,0x0,0x0,
0xd9,0x6,0x10,0x2,0xd9,0x6,0x80,0x2,
0x0,0x0,0x0,0x0,0x0,0x0,0x0,0x0,
0x0,0x0,0x0,0x0,0x0,0x0,0xff,0xff,
0xff,0xff,0xff,0xff,0x0,0x0,0x0,0x0,
0x54,0x0,0x0,0x0,0x54,0x0,0x0,0x0,
0x54,0x0,0x0,0x0,0x0,0x0,0x0,0x0,
0x54,0x0,0x0,0x0,0x54,0x0,0x0,0x0,
0x0,0x0,0x1,0x0,0x54,0x0,0x0,0x0,
0x0,0x0,0x0,0x0,0x6c,0x0,0x0,0x0,
0xd9,0x6,0x10,0x2,0x0,0x0,0x0,0x0,
0x6c,0x0,0x0,0x0,0x0,0x0,0x0,0x0,
0x6c,0x0,0x0,0x0,0x0,0x0,0x0,0x0,
0xe9,0x0,0x0,0x0,0x0,0x0,0x7,0x0,
0x9,0x1,0x0,0x0,0x0,0x0,0x0,0x0,
0xd9,0x6,0x80,0x2,0xd9,0x6,0x30,0x3,
0x0,0x0,0x0,0x0,0x1b,0x1,0x0,0x0,
0x0,0x0,0x0,0x0,0x0,0x0,0xff,0xff,
0xff,0xff,0xff,0xff,0x0,0x0,0x0,0x0,
0x54,0x0,0x0,0x0,0x54,0x0,0x0,0x0,
0x54,0x0,0x0,0x0,0x0,0x0,0x0,0x0,
0x54,0x0,0x0,0x0,0x54,0x0,0x0,0x0,
0x0,0x0,0x2,0x0,0x54,0x0,0x0,0x0,
0x0,0x0,0x0,0x0,0x84,0x0,0x0,0x0,
0xe1,0x6,0x10,0x2,0x0,0x0,0x0,0x0,
0x84,0x0,0x0,0x0,0x0,0x0,0x0,0x0,
0x84,0x0,0x0,0x0,0x0,0x0,0x0,0x0,
0x9f,0x0,0x0,0x0,0x0,0x0,0x7,0x0,
0xa,0x1,0x0,0x0,0x0,0x0,0x0,0x0,
0xe2,0x6,0x50,0x2,0xe2,0x6,0xb0,0x2,
0x1d,0x1,0x0,0x0,0x0,0x0,0xa,0x0,
0x9a,0x1,0x0,0x0,0x0,0x0,0x0,0x0,
0xe3,0x6,0x50,0x2,0xe3,0x6,0xa0,0x2,
0x0,0x0,0x0,0x0,0x0,0x0,0x0,0x0,
0x0,0x0,0x0,0x0,0x0,0x0,0xff,0xff,
0xff,0xff,0xff,0xff,0x0,0x0,0x0,0x0,
0x54,0x0,0x0,0x0,0x54,0x0,0x0,0x0,
0x54,0x0,0x0,0x0,0x0,0x0,0x0,0x0,
0x54,0x0,0x0,0x0,0x54,0x0,0x0,0x0,
0x0,0x0,0x1,0x0,0x54,0x0,0x0,0x0,
0x0,0x0,0x0,0x0,0x6c,0x0,0x0,0x0,
0xe3,0x6,0x50,0x2,0x0,0x0,0x0,0x0,
0x6c,0x0,0x0,0x0,0x0,0x0,0x0,0x0,
0x6c,0x0,0x0,0x0,0x0,0x0,0x0,0x0,
0x1e,0x1,0x0,0x0,0x0,0x0,0x2,0x0,
0x15,0x0,0x0,0x0,0x0,0x0,0x0,0x0,
0xe3,0x6,0xa0,0x2,0xe3,0x6,0x50,0x3,
0x0,0x0,0x0,0x0,0x19,0x1,0x0,0x0,
0x0,0x0,0x0,0x0,0x0,0x0,0xff,0xff,
0xff,0xff,0xff,0xff,0x0,0x0,0x0,0x0,
0x54,0x0,0x0,0x0,0x54,0x0,0x0,0x0,
0x54,0x0,0x0,0x0,0x0,0x0,0x0,0x0,
0x54,0x0,0x0,0x0,0x54,0x0,0x0,0x0,
0x0,0x0,0x4,0x0,0x54,0x0,0x0,0x0,
0x0,0x0,0x0,0x0,0xb4,0x0,0x0,0x0,
0xe5,0x6,0x10,0x2,0x0,0x0,0x0,0x0,
0xb4,0x0,0x0,0x0,0x0,0x0,0x0,0x0,
0xb4,0x0,0x0,0x0,0x0,0x0,0x0,0x0,
0xe,0x0,0x0,0x0,0x0,0x0,0x2,0x0,
0x21,0x0,0x0,0x0,0x0,0x0,0x0,0x0,
0xe7,0x6,0x50,0x2,0xe7,0x6,0xd0,0x2,
0xd,0x0,0x0,0x0,0x0,0x0,0x2,0x0,
0x2c,0x0,0x0,0x0,0x0,0x0,0x0,0x0,
0xe6,0x6,0x50,0x2,0xe6,0x6,0xc0,0x2,
0x0,0x0,0x0,0x0,0x0,0x0,0x8,0x0,
0x9c,0x1,0x0,0x0,0x0,0x0,0x0,0x0,
0xe8,0x6,0x50,0x2,0xe8,0x6,0x50,0x2,
0x0,0x0,0x0,0x0,0x0,0x0,0x8,0x0,
0x9d,0x1,0x0,0x0,0x0,0x0,0x0,0x0,
0xee,0x6,0x50,0x2,0xee,0x6,0x50,0x2,
0x0,0x0,0x0,0x0,0x6a,0x0,0x0,0x0,
0x13,0x2,0x0,0x0,0x0,0x0,0xff,0xff,
0xff,0xff,0xff,0xff,0x0,0x0,0x0,0x0,
0x54,0x0,0x0,0x0,0x54,0x0,0x0,0x0,
0x54,0x0,0x0,0x0,0x0,0x0,0x0,0x0,
0x54,0x0,0x0,0x0,0x54,0x0,0x0,0x0,
0x0,0x0,0x3,0x0,0x54,0x0,0x0,0x0,
0x0,0x0,0x0,0x0,0x9c,0x0,0x0,0x0,
0xe8,0x6,0x50,0x2,0xe9,0x6,0x90,0x2,
0x9c,0x0,0x0,0x0,0x0,0x0,0x0,0x0,
0x9c,0x0,0x0,0x0,0x0,0x0,0x0,0x0,
0x1a,0x0,0x0,0x0,0x0,0x0,0x3,0x0,
0x0,0x0,0x0,0x0,0x14,0x2,0x0,0x0,
0xec,0x6,0x90,0x2,0xec,0x6,0x0,0x3,
0xe,0x0,0x0,0x0,0x0,0x0,0x2,0x0,
0x21,0x0,0x0,0x0,0x0,0x0,0x0,0x0,
0xeb,0x6,0x90,0x2,0xeb,0x6,0x10,0x3,
0xd,0x0,0x0,0x0,0x0,0x0,0x2,0x0,
0x4,0x0,0x0,0x0,0x0,0x0,0x0,0x0,
0xea,0x6,0x90,0x2,0xea,0x6,0x0,0x3,
0x0,0x0,0x0,0x0,0x6a,0x0,0x0,0x0,
0x0,0x0,0x0,0x0,0x0,0x0,0xff,0xff,
0xff,0xff,0xff,0xff,0x0,0x0,0x0,0x0,
0x54,0x0,0x0,0x0,0x54,0x0,0x0,0x0,
0x54,0x0,0x0,0x0,0x0,0x0,0x0,0x0,
0x54,0x0,0x0,0x0,0x54,0x0,0x0,0x0,
0x0,0x0,0x5,0x0,0x54,0x0,0x0,0x0,
0x0,0x0,0x0,0x0,0xcc,0x0,0x0,0x0,
0xee,0x6,0x50,0x2,0x0,0x0,0x0,0x0,
0xcc,0x0,0x0,0x0,0x0,0x0,0x0,0x0,
0xcc,0x0,0x0,0x0,0x0,0x0,0x0,0x0,
0xb2,0x1,0x0,0x0,0x0,0x0,0x1,0x0,
0x1,0x0,0x0,0x0,0x0,0x0,0x0,0x0,
0xf3,0x6,0x90,0x2,0xf3,0x6,0xf0,0x2,
0x1a,0x0,0x0,0x0,0x0,0x0,0x3,0x0,
0x0,0x0,0x0,0x0,0x15,0x2,0x0,0x0,
0xf1,0x6,0x90,0x2,0xf1,0x6,0x0,0x3,
0xe,0x0,0x0,0x0,0x0,0x0,0x2,0x0,
0x21,0x0,0x0,0x0,0x0,0x0,0x0,0x0,
0xf0,0x6,0x90,0x2,0xf0,0x6,0x10,0x3,
0xd,0x0,0x0,0x0,0x0,0x0,0x2,0x0,
0x2c,0x0,0x0,0x0,0x0,0x0,0x0,0x0,
0xef,0x6,0x90,0x2,0xef,0x6,0x0,0x3,
0x30,0x1,0x0,0x0,0x0,0x0,0xa,0x0,
0x9e,0x1,0x0,0x0,0x0,0x0,0x0,0x0,
0xf2,0x6,0x90,0x2,0xf2,0x6,0x0,0x3,
0x0,0x0,0x0,0x0,0x0,0x0,0x0,0x0,
0x0,0x0,0x0,0x0,0x0,0x0,0xff,0xff,
0xff,0xff,0xff,0xff,0x0,0x0,0x0,0x0,
0x54,0x0,0x0,0x0,0x54,0x0,0x0,0x0,
0x54,0x0,0x0,0x0,0x0,0x0,0x0,0x0,
0x54,0x0,0x0,0x0,0x54,0x0,0x0,0x0,
0x0,0x0,0x1,0x0,0x54,0x0,0x0,0x0,
0x0,0x0,0x0,0x0,0x6c,0x0,0x0,0x0,
0xf2,0x6,0x90,0x2,0x0,0x0,0x0,0x0,
0x6c,0x0,0x0,0x0,0x0,0x0,0x0,0x0,
0x6c,0x0,0x0,0x0,0x0,0x0,0x0,0x0,
0x1a,0x0,0x0,0x0,0x0,0x0,0x3,0x0,
0x0,0x0,0x0,0x0,0x3a,0x0,0x0,0x0,
0xf2,0x6,0x0,0x3,0xf2,0x6,0x70,0x3,
0x0,0x0,0x0,0x0,0xeb,0x0,0x0,0x0,
0x0,0x0,0x0,0x0,0x0,0x0,0xff,0xff,
0xff,0xff,0xff,0xff,0x0,0x0,0x0,0x0,
0x54,0x0,0x0,0x0,0x54,0x0,0x0,0x0,
0x54,0x0,0x0,0x0,0x0,0x0,0x0,0x0,
0x54,0x0,0x0,0x0,0x54,0x0,0x0,0x0,
0x0,0x0,0x4,0x0,0x54,0x0,0x0,0x0,
0x0,0x0,0x0,0x0,0xb4,0x0,0x0,0x0,
0xfa,0x6,0x10,0x1,0x0,0x0,0x0,0x0,
0xb4,0x0,0x0,0x0,0x0,0x0,0x0,0x0,
0xb4,0x0,0x0,0x0,0x0,0x0,0x0,0x0,
0xf1,0x0,0x0,0x0,0x0,0x2,0x7,0x0,
0xc,0x1,0x0,0x0,0x0,0x0,0x0,0x0,
0xfe,0x6,0x50,0x1,0xfe,0x6,0x0,0x2,
0x9f,0x0,0x0,0x0,0x0,0x0,0x7,0x0,
0xb,0x1,0x0,0x0,0x0,0x0,0x0,0x0,
0xfc,0x6,0x50,0x1,0xfc,0x6,0xb0,0x1,
0x6f,0x0,0x0,0x0,0x0,0x0,0x9,0x0,
0xa1,0x1,0x0,0x0,0x0,0x0,0x0,0x0,
0xfd,0x6,0x50,0x1,0xfd,0x6,0xc0,0x1,
0x1d,0x1,0x0,0x0,0x0,0x0,0xa,0x0,
0xa0,0x1,0x0,0x0,0x0,0x0,0x0,0x0,
0xfb,0x6,0x50,0x1,0xfb,0x6,0xa0,0x1,
0x0,0x0,0x0,0x0,0x0,0x0,0x0,0x0,
0x0,0x0,0x0,0x0,0x0,0x0,0xff,0xff,
0xff,0xff,0xff,0xff,0x0,0x0,0x0,0x0,
0x54,0x0,0x0,0x0,0x54,0x0,0x0,0x0,
0x54,0x0,0x0,0x0,0x0,0x0,0x0,0x0,
0x54,0x0,0x0,0x0,0x54,0x0,0x0,0x0,
0x0,0x0,0x1,0x0,0x54,0x0,0x0,0x0,
0x0,0x0,0x0,0x0,0x6c,0x0,0x0,0x0,
0xfb,0x6,0x50,0x1,0x0,0x0,0x0,0x0,
0x6c,0x0,0x0,0x0,0x0,0x0,0x0,0x0,
0x6c,0x0,0x0,0x0,0x0,0x0,0x0,0x0,
0x1e,0x1,0x0,0x0,0x0,0x0,0x2,0x0,
0x21,0x0,0x0,0x0,0x0,0x0,0x0,0x0,
0xfb,0x6,0xa0,0x1,0xfb,0x6,0x50,0x2,
0x0,0x0,0x0,0x0,0x0,0x0,0x0,0x0,
0x0,0x0,0x0,0x0,0x0,0x0,0xff,0xff,
0xff,0xff,0xff,0xff,0x0,0x0,0x0,0x0,
0x54,0x0,0x0,0x0,0x54,0x0,0x0,0x0,
0x54,0x0,0x0,0x0,0x0,0x0,0x0,0x0,
0x54,0x0,0x0,0x0,0x54,0x0,0x0,0x0,
0x0,0x0,0x1,0x0,0x54,0x0,0x0,0x0,
0x0,0x0,0x0,0x0,0x6c,0x0,0x0,0x0,
0xfd,0x6,0x50,0x1,0x0,0x0,0x0,0x0,
0x6c,0x0,0x0,0x0,0x0,0x0,0x0,0x0,
0x6c,0x0,0x0,0x0,0x0,0x0,0x0,0x0,
0x70,0x0,0x0,0x0,0x0,0x0,0x2,0x0,
0x2b,0x0,0x0,0x0,0x0,0x0,0x0,0x0,
0xfd,0x6,0xc0,0x1,0xfd,0x6,0xd0,0x2,
0x0,0x0,0x0,0x0,0x16,0x2,0x0,0x0,
0x17,0x2,0x0,0x0,0x0,0x0,0xff,0xff,
0xff,0xff,0xff,0xff,0x0,0x0,0x1,0x0,
0x54,0x0,0x0,0x0,0x54,0x0,0x0,0x0,
0x60,0x0,0x0,0x0,0x0,0x0,0x0,0x0,
0x60,0x0,0x0,0x0,0x60,0x0,0x0,0x0,
0x0,0x0,0x6,0x0,0x60,0x0,0x0,0x0,
0x0,0x0,0x0,0x0,0xf0,0x0,0x0,0x0,
0x6,0x7,0x10,0x1,0x7,0x7,0x50,0x1,
0xf0,0x0,0x0,0x0,0x0,0x0,0x0,0x0,
0xf0,0x0,0x0,0x0,0x0,0x0,0x0,0x0,
0x18,0x2,0x0,0x0,0x4,0x0,0x0,0x20,
0x8,0x7,0x50,0x1,0xc7,0x1,0x0,0x0,
0x0,0x0,0x2,0x0,0x2e,0x0,0x0,0x0,
0x0,0x0,0x0,0x0,0x13,0x7,0x50,0x1,
0x13,0x7,0xc0,0x1,0xe,0x1,0x0,0x0,
0x0,0x0,0x2,0x0,0x18,0x0,0x0,0x0,
0x0,0x0,0x0,0x0,0x12,0x7,0x30,0x2,
0x12,0x7,0x70,0x2,0xd,0x1,0x0,0x0,
0x0,0x0,0x7,0x0,0xf,0x1,0x0,0x0,
0x0,0x0,0x0,0x0,0x12,0x7,0x50,0x1,
0x12,0x7,0xb0,0x1,0x18,0x2,0x0,0x0,
0x0,0x0,0x7,0x0,0xe,0x1,0x0,0x0,
0x0,0x0,0x0,0x0,0x8,0x7,0x30,0x2,
0x9,0x7,0x90,0x1,0x6f,0x0,0x0,0x0,
0x0,0x0,0x9,0x0,0xa4,0x1,0x0,0x0,
0x0,0x0,0x0,0x0,0x10,0x7,0x50,0x1,
0x10,0x7,0xc0,0x1,0x3b,0x0,0x0,0x0,
0x0,0x0,0x9,0x0,0xa3,0x1,0x0,0x0,
0x0,0x0,0x0,0x0,0xf,0x7,0x50,0x1,
0xf,0x7,0xe0,0x1,0x0,0x0,0x0,0x0,
0x0,0x0,0x0,0x0,0x0,0x0,0xff,0xff,
0xff,0xff,0xff,0xff,0x0,0x0,0x0,0x0,
0x54,0x0,0x0,0x0,0x54,0x0,0x0,0x0,
0x54,0x0,0x0,0x0,0x0,0x0,0x0,0x0,
0x54,0x0,0x0,0x0,0x54,0x0,0x0,0x0,
0x0,0x0,0x1,0x0,0x54,0x0,0x0,0x0,
0x0,0x0,0x0,0x0,0x6c,0x0,0x0,0x0,
0xf,0x7,0x50,0x1,0x0,0x0,0x0,0x0,
0x6c,0x0,0x0,0x0,0x0,0x0,0x0,0x0,
0x6c,0x0,0x0,0x0,0x0,0x0,0x0,0x0,
0x73,0x0,0x0,0x0,0x0,0x0,0x3,0x0,
0x0,0x0,0x0,0x0,0x1a,0x2,0x0,0x0,
0xf,0x7,0xe0,0x1,0xf,0x7,0x60,0x2,
0x0,0x0,0x0,0x0,0x0,0x0,0x0,0x0,
0x0,0x0,0x0,0x0,0x0,0x0,0xff,0xff,
0xff,0xff,0xff,0xff,0x0,0x0,0x0,0x0,
0x54,0x0,0x0,0x0,0x54,0x0,0x0,0x0,
0x54,0x0,0x0,0x0,0x0,0x0,0x0,0x0,
0x54,0x0,0x0,0x0,0x54,0x0,0x0,0x0,
0x0,0x0,0x2,0x0,0x54,0x0,0x0,0x0,
0x0,0x0,0x0,0x0,0x84,0x0,0x0,0x0,
0x10,0x7,0x50,0x1,0x0,0x0,0x0,0x0,
0x84,0x0,0x0,0x0,0x0,0x0,0x0,0x0,
0x84,0x0,0x0,0x0,0x0,0x0,0x0,0x0,
0x71,0x0,0x0,0x0,0x0,0x0,0x2,0x0,
0x2d,0x0,0x0,0x0,0x0,0x0,0x0,0x0,
0x11,0x7,0xc0,0x1,0x11,0x7,0xc0,0x2,
0x70,0x0,0x0,0x0,0x0,0x0,0x2,0x0,
0x5,0x0,0x0,0x0,0x0,0x0,0x0,0x0,
0x10,0x7,0xc0,0x1,0x10,0x7,0xd0,0x2,
0x0,0x0,0x0,0x0,0x1c,0x2,0x0,0x0,
0x1d,0x2,0x0,0x0,0x0,0x0,0xff,0xff,
0xff,0xff,0xff,0xff,0x0,0x0,0x0,0x0,
0x54,0x0,0x0,0x0,0x54,0x0,0x0,0x0,
0x54,0x0,0x0,0x0,0x0,0x0,0x0,0x0,
0x54,0x0,0x0,0x0,0x54,0x0,0x0,0x0,
0x0,0x0,0x3,0x0,0x54,0x0,0x0,0x0,
0x0,0x0,0x0,0x0,0x9c,0x0,0x0,0x0,
0x1a,0x7,0x50,0x0,0x1b,0x7,0x90,0x0,
0x9c,0x0,0x0,0x0,0x0,0x0,0x0,0x0,
0x9c,0x0,0x0,0x0,0x0,0x0,0x0,0x0,
0x90,0x1,0x0,0x0,0x0,0x0,0x7,0x0,
0x12,0x1,0x0,0x0,0x0,0x0,0x0,0x0,
0x1e,0x7,0x90,0x0,0x1e,0x7,0xc0,0x0,
0xb1,0x0,0x0,0x0,0x0,0x0,0x7,0x0,
0x11,0x1,0x0,0x0,0x0,0x0,0x0,0x0,
0x1d,0x7,0x90,0x0,0x1d,0x7,0xc0,0x0,
0xd,0x0,0x0,0x0,0x0,0x0,0x7,0x0,
0x10,0x1,0x0,0x0,0x0,0x0,0x0,0x0,
0x1c,0x7,0x90,0x0,0x1c,0x7,0x0,0x1,
0x0,0x0,0x0,0x0,0x1f,0x2,0x0,0x0,
0x20,0x2,0x0,0x0,0x0,0x0,0xff,0xff,
0xff,0xff,0xff,0xff,0x0,0x0,0x0,0x0,
0x54,0x0,0x0,0x0,0x54,0x0,0x0,0x0,
0x54,0x0,0x0,0x0,0x0,0x0,0x0,0x0,
0x54,0x0,0x0,0x0,0x54,0x0,0x0,0x0,
0x0,0x0,0x2,0x0,0x54,0x0,0x0,0x0,
0x0,0x0,0x0,0x0,0x84,0x0,0x0,0x0,
0x23,0x7,0x50,0x0,0x24,0x7,0x90,0x0,
0x84,0x0,0x0,0x0,0x0,0x0,0x0,0x0,
0x84,0x0,0x0,0x0,0x0,0x0,0x0,0x0,
0x21,0x2,0x0,0x0,0x0,0x0,0x7,0x0,
0x13,0x1,0x0,0x0,0x0,0x0,0x0,0x0,
0x25,0x7,0x90,0x0,0x25,0x7,0x30,0x1,
0x0,0x0,0x0,0x0,0x0,0x0,0x8,0x0,
0xa7,0x1,0x0,0x0,0x0,0x0,0x0,0x0,
0x28,0x7,0x90,0x0,0x28,0x7,0x90,0x0,
0x0,0x0,0x0,0x0,0x6c,0x0,0x0,0x0,
0x0,0x0,0x0,0x0,0x0,0x0,0xff,0xff,
0xff,0xff,0xff,0xff,0x0,0x0,0x0,0x0,
0x54,0x0,0x0,0x0,0x54,0x0,0x0,0x0,
0x54,0x0,0x0,0x0,0x0,0x0,0x0,0x0,
0x54,0x0,0x0,0x0,0x54,0x0,0x0,0x0,
0x0,0x0,0x8,0x0,0x54,0x0,0x0,0x0,
0x0,0x0,0x0,0x0,0x14,0x1,0x0,0x0,
0x28,0x7,0x90,0x0,0x0,0x0,0x0,0x0,
0x14,0x1,0x0,0x0,0x0,0x0,0x0,0x0,
0x14,0x1,0x0,0x0,0x0,0x0,0x0,0x0,
0x0,0x0,0x0,0x0,0x0,0x0,0x8,0x0,
0xa8,0x1,0x0,0x0,0x0,0x0,0x0,0x0,
0x29,0x7,0xd0,0x0,0x29,0x7,0xd0,0x0,
0x0,0x0,0x0,0x0,0x0,0x0,0x8,0x0,
0xa9,0x1,0x0,0x0,0x0,0x0,0x0,0x0,
0x2c,0x7,0xd0,0x0,0x2c,0x7,0xd0,0x0,
0x0,0x0,0x0,0x0,0x0,0x0,0x8,0x0,
0xaa,0x1,0x0,0x0,0x0,0x0,0x0,0x0,
0x34,0x7,0xd0,0x0,0x34,0x7,0xd0,0x0,
0x0,0x0,0x0,0x0,0x0,0x0,0x8,0x0,
0xab,0x1,0x0,0x0,0x0,0x0,0x0,0x0,
0x3c,0x7,0xd0,0x0,0x3c,0x7,0xd0,0x0,
0x0,0x0,0x0,0x0,0x0,0x0,0x8,0x0,
0xac,0x1,0x0,0x0,0x0,0x0,0x0,0x0,
0x44,0x7,0xd0,0x0,0x44,0x7,0xd0,0x0,
0x0,0x0,0x0,0x0,0x0,0x0,0x8,0x0,
0xad,0x1,0x0,0x0,0x0,0x0,0x0,0x0,
0x4c,0x7,0xd0,0x0,0x4c,0x7,0xd0,0x0,
0x0,0x0,0x0,0x0,0x0,0x0,0x8,0x0,
0xae,0x1,0x0,0x0,0x0,0x0,0x0,0x0,
0x4f,0x7,0xd0,0x0,0x4f,0x7,0xd0,0x0,
0x0,0x0,0x0,0x0,0x0,0x0,0x8,0x0,
0xaf,0x1,0x0,0x0,0x0,0x0,0x0,0x0,
0x52,0x7,0xd0,0x0,0x52,0x7,0xd0,0x0,
0x0,0x0,0x0,0x0,0x1b,0x1,0x0,0x0,
0x0,0x0,0x0,0x0,0x0,0x0,0xff,0xff,
0xff,0xff,0xff,0xff,0x0,0x0,0x0,0x0,
0x54,0x0,0x0,0x0,0x54,0x0,0x0,0x0,
0x54,0x0,0x0,0x0,0x0,0x0,0x0,0x0,
0x54,0x0,0x0,0x0,0x54,0x0,0x0,0x0,
0x0,0x0,0x1,0x0,0x54,0x0,0x0,0x0,
0x0,0x0,0x0,0x0,0x6c,0x0,0x0,0x0,
0x29,0x7,0xd0,0x0,0x0,0x0,0x0,0x0,
0x6c,0x0,0x0,0x0,0x0,0x0,0x0,0x0,
0x6c,0x0,0x0,0x0,0x0,0x0,0x0,0x0,
0x9f,0x0,0x0,0x0,0x0,0x0,0x3,0x0,
0x0,0x0,0x0,0x0,0x23,0x2,0x0,0x0,
0x2a,0x7,0x10,0x1,0x2a,0x7,0x70,0x1,
0x0,0x0,0x0,0x0,0x24,0x2,0x0,0x0,
0x0,0x0,0x0,0x0,0x0,0x0,0xff,0xff,
0xff,0xff,0xff,0xff,0x0,0x0,0x0,0x0,
0x54,0x0,0x0,0x0,0x54,0x0,0x0,0x0,
0x54,0x0,0x0,0x0,0x0,0x0,0x0,0x0,
0x54,0x0,0x0,0x0,0x54,0x0,0x0,0x0,
0x0,0x0,0x2,0x0,0x54,0x0,0x0,0x0,
0x0,0x0,0x0,0x0,0x84,0x0,0x0,0x0,
0x2c,0x7,0xd0,0x0,0x0,0x0,0x0,0x0,
0x84,0x0,0x0,0x0,0x0,0x0,0x0,0x0,
0x84,0x0,0x0,0x0,0x0,0x0,0x0,0x0,
0x48,0x1,0x0,0x0,0x0,0x0,0x7,0x0,
0x14,0x1,0x0,0x0,0x0,0x0,0x0,0x0,
0x2e,0x7,0x10,0x1,0x2e,0x7,0x30,0x2,
0x9f,0x0,0x0,0x0,0x0,0x0,0x3,0x0,
0x0,0x0,0x0,0x0,0x25,0x2,0x0,0x0,
0x2d,0x7,0x10,0x1,0x2d,0x7,0x70,0x1,
0x0,0x0,0x0,0x0,0x24,0x2,0x0,0x0,
0x0,0x0,0x0,0x0,0x0,0x0,0xff,0xff,
0xff,0xff,0xff,0xff,0x0,0x0,0x0,0x0,
0x54,0x0,0x0,0x0,0x54,0x0,0x0,0x0,
0x54,0x0,0x0,0x0,0x0,0x0,0x0,0x0,
0x54,0x0,0x0,0x0,0x54,0x0,0x0,0x0,
0x0,0x0,0x2,0x0,0x54,0x0,0x0,0x0,
0x0,0x0,0x0,0x0,0x84,0x0,0x0,0x0,
0x34,0x7,0xd0,0x0,0x0,0x0,0x0,0x0,
0x84,0x0,0x0,0x0,0x0,0x0,0x0,0x0,
0x84,0x0,0x0,0x0,0x0,0x0,0x0,0x0,
0x48,0x1,0x0,0x0,0x0,0x0,0x7,0x0,
0x15,0x1,0x0,0x0,0x0,0x0,0x0,0x0,
0x36,0x7,0x10,0x1,0x36,0x7,0x30,0x2,
0x9f,0x0,0x0,0x0,0x0,0x0,0x3,0x0,
0x0,0x0,0x0,0x0,0x26,0x2,0x0,0x0,
0x35,0x7,0x10,0x1,0x35,0x7,0x70,0x1,
0x0,0x0,0x0,0x0,0x24,0x2,0x0,0x0,
0x0,0x0,0x0,0x0,0x0,0x0,0xff,0xff,
0xff,0xff,0xff,0xff,0x0,0x0,0x0,0x0,
0x54,0x0,0x0,0x0,0x54,0x0,0x0,0x0,
0x54,0x0,0x0,0x0,0x0,0x0,0x0,0x0,
0x54,0x0,0x0,0x0,0x54,0x0,0x0,0x0,
0x0,0x0,0x2,0x0,0x54,0x0,0x0,0x0,
0x0,0x0,0x0,0x0,0x84,0x0,0x0,0x0,
0x3c,0x7,0xd0,0x0,0x0,0x0,0x0,0x0,
0x84,0x0,0x0,0x0,0x0,0x0,0x0,0x0,
0x84,0x0,0x0,0x0,0x0,0x0,0x0,0x0,
0x48,0x1,0x0,0x0,0x0,0x0,0x7,0x0,
0x16,0x1,0x0,0x0,0x0,0x0,0x0,0x0,
0x3e,0x7,0x10,0x1,0x3e,0x7,0x30,0x2,
0x9f,0x0,0x0,0x0,0x0,0x0,0x3,0x0,
0x0,0x0,0x0,0x0,0x27,0x2,0x0,0x0,
0x3d,0x7,0x10,0x1,0x3d,0x7,0x70,0x1,
0x0,0x0,0x0,0x0,0x24,0x2,0x0,0x0,
0x0,0x0,0x0,0x0,0x0,0x0,0xff,0xff,
0xff,0xff,0xff,0xff,0x0,0x0,0x0,0x0,
0x54,0x0,0x0,0x0,0x54,0x0,0x0,0x0,
0x54,0x0,0x0,0x0,0x0,0x0,0x0,0x0,
0x54,0x0,0x0,0x0,0x54,0x0,0x0,0x0,
0x0,0x0,0x2,0x0,0x54,0x0,0x0,0x0,
0x0,0x0,0x0,0x0,0x84,0x0,0x0,0x0,
0x44,0x7,0xd0,0x0,0x0,0x0,0x0,0x0,
0x84,0x0,0x0,0x0,0x0,0x0,0x0,0x0,
0x84,0x0,0x0,0x0,0x0,0x0,0x0,0x0,
0x48,0x1,0x0,0x0,0x0,0x0,0x7,0x0,
0x17,0x1,0x0,0x0,0x0,0x0,0x0,0x0,
0x46,0x7,0x10,0x1,0x46,0x7,0x30,0x2,
0x9f,0x0,0x0,0x0,0x0,0x0,0x3,0x0,
0x0,0x0,0x0,0x0,0x28,0x2,0x0,0x0,
0x45,0x7,0x10,0x1,0x45,0x7,0x70,0x1,
0x0,0x0,0x0,0x0,0x24,0x2,0x0,0x0,
0x0,0x0,0x0,0x0,0x0,0x0,0xff,0xff,
0xff,0xff,0xff,0xff,0x0,0x0,0x0,0x0,
0x54,0x0,0x0,0x0,0x54,0x0,0x0,0x0,
0x54,0x0,0x0,0x0,0x0,0x0,0x0,0x0,
0x54,0x0,0x0,0x0,0x54,0x0,0x0,0x0,
0x0,0x0,0x1,0x0,0x54,0x0,0x0,0x0,
0x0,0x0,0x0,0x0,0x6c,0x0,0x0,0x0,
0x4c,0x7,0xd0,0x0,0x0,0x0,0x0,0x0,
0x6c,0x0,0x0,0x0,0x0,0x0,0x0,0x0,
0x6c,0x0,0x0,0x0,0x0,0x0,0x0,0x0,
0x9f,0x0,0x0,0x0,0x0,0x0,0x3,0x0,
0x0,0x0,0x0,0x0,0x29,0x2,0x0,0x0,
0x4d,0x7,0x10,0x1,0x4d,0x7,0x70,0x1,
0x0,0x0,0x0,0x0,0x1b,0x1,0x0,0x0,
0x0,0x0,0x0,0x0,0x0,0x0,0xff,0xff,
0xff,0xff,0xff,0xff,0x0,0x0,0x0,0x0,
0x54,0x0,0x0,0x0,0x54,0x0,0x0,0x0,
0x54,0x0,0x0,0x0,0x0,0x0,0x0,0x0,
0x54,0x0,0x0,0x0,0x54,0x0,0x0,0x0,
0x0,0x0,0x1,0x0,0x54,0x0,0x0,0x0,
0x0,0x0,0x0,0x0,0x6c,0x0,0x0,0x0,
0x4f,0x7,0xd0,0x0,0x0,0x0,0x0,0x0,
0x6c,0x0,0x0,0x0,0x0,0x0,0x0,0x0,
0x6c,0x0,0x0,0x0,0x0,0x0,0x0,0x0,
0x9f,0x0,0x0,0x0,0x0,0x0,0x3,0x0,
0x0,0x0,0x0,0x0,0x2a,0x2,0x0,0x0,
0x50,0x7,0x10,0x1,0x50,0x7,0x70,0x1,
0x0,0x0,0x0,0x0,0x2b,0x2,0x0,0x0,
0x2c,0x2,0x0,0x0,0x0,0x0,0xff,0xff,
0xff,0xff,0xff,0xff,0x0,0x0,0x0,0x0,
0x54,0x0,0x0,0x0,0x54,0x0,0x0,0x0,
0x54,0x0,0x0,0x0,0x0,0x0,0x0,0x0,
0x54,0x0,0x0,0x0,0x54,0x0,0x0,0x0,
0x0,0x0,0x6,0x0,0x54,0x0,0x0,0x0,
0x0,0x0,0x0,0x0,0xe4,0x0,0x0,0x0,
0x52,0x7,0xd0,0x0,0x53,0x7,0x10,0x1,
0xe4,0x0,0x0,0x0,0x0,0x0,0x0,0x0,
0xe4,0x0,0x0,0x0,0x0,0x0,0x0,0x0,
0x31,0x2,0x0,0x0,0x0,0x0,0x7,0x0,
0x18,0x1,0x0,0x0,0x0,0x0,0x0,0x0,
0x58,0x7,0x10,0x1,0x59,0x7,0x50,0x1,
0x30,0x2,0x0,0x0,0x0,0x0,0x2,0x0,
0x4,0x0,0x0,0x0,0x0,0x0,0x0,0x0,
0x57,0x7,0x10,0x1,0x57,0x7,0xc0,0x1,
0x2e,0x2,0x0,0x0,0x0,0x0,0x3,0x0,
0x0,0x0,0x0,0x0,0x2f,0x2,0x0,0x0,
0x56,0x7,0x10,0x1,0x56,0x7,0x90,0x1,
0x2d,0x2,0x0,0x0,0x0,0x0,0x2,0x0,
0x18,0x0,0x0,0x0,0x0,0x0,0x0,0x0,
0x55,0x7,0x10,0x1,0x55,0x7,0x70,0x1,
0xe,0x1,0x0,0x0,0x0,0x0,0x2,0x0,
0x3,0x0,0x0,0x0,0x0,0x0,0x0,0x0,
0x54,0x7,0xb0,0x1,0x54,0x7,0xf0,0x1,
0xd,0x1,0x0,0x0,0x0,0x0,0x2,0x0,
0x2f,0x0,0x0,0x0,0x0,0x0,0x0,0x0,
0x54,0x7,0x10,0x1,0x54,0x7,0x70,0x1,
0x0,0x0,0x0,0x0,0xb,0x0,0x0,0x0,
0x33,0x2,0x0,0x0,0x0,0x0,0xff,0xff,
0xff,0xff,0xff,0xff,0x0,0x0,0x0,0x0,
0x54,0x0,0x0,0x0,0x54,0x0,0x0,0x0,
0x54,0x0,0x0,0x0,0x0,0x0,0x0,0x0,
0x54,0x0,0x0,0x0,0x54,0x0,0x0,0x0,
0x0,0x0,0x9,0x0,0x54,0x0,0x0,0x0,
0x0,0x0,0x0,0x0,0x2c,0x1,0x0,0x0,
0x61,0x7,0x50,0x0,0x62,0x7,0x90,0x0,
0x2c,0x1,0x0,0x0,0x0,0x0,0x0,0x0,
0x2c,0x1,0x0,0x0,0x0,0x0,0x0,0x0,
0xe,0x0,0x0,0x0,0x0,0x0,0x2,0x0,
0x3,0x0,0x0,0x0,0x0,0x0,0x0,0x0,
0x67,0x7,0x90,0x0,0x67,0x7,0x10,0x1,
0xd,0x0,0x0,0x0,0x0,0x0,0x2,0x0,
0x29,0x0,0x0,0x0,0x0,0x0,0x0,0x0,
0x66,0x7,0x90,0x0,0x66,0x7,0x0,0x1,
0x34,0x2,0x0,0x0,0x0,0x0,0x7,0x0,
0x1a,0x1,0x0,0x0,0x0,0x0,0x0,0x0,
0x65,0x7,0x90,0x0,0x65,0x7,0x30,0x1,
0x4e,0x0,0x0,0x0,0x0,0x0,0x7,0x0,
0x19,0x1,0x0,0x0,0x0,0x0,0x0,0x0,
0x64,0x7,0x90,0x0,0x64,0x7,0x0,0x1,
0xf,0x0,0x0,0x0,0x0,0x0,0x1,0x0,
0x0,0x0,0x0,0x0,0x0,0x0,0x0,0x0,
0x63,0x7,0x90,0x0,0x63,0x7,0x20,0x1,
0x0,0x0,0x0,0x0,0x0,0x0,0x8,0x0,
0xb1,0x1,0x0,0x0,0x0,0x0,0x0,0x0,
0x69,0x7,0x90,0x0,0x69,0x7,0x90,0x0,
0x0,0x0,0x0,0x0,0x0,0x0,0x8,0x0,
0xb9,0x1,0x0,0x0,0x0,0x0,0x0,0x0,
0x85,0x7,0x90,0x0,0x85,0x7,0x90,0x0,
0x0,0x0,0x0,0x0,0x0,0x0,0x8,0x0,
0xc1,0x1,0x0,0x0,0x0,0x0,0x0,0x0,
0x99,0x7,0x90,0x0,0x99,0x7,0x90,0x0,
0x0,0x0,0x0,0x0,0x0,0x0,0x8,0x0,
0xc4,0x1,0x0,0x0,0x0,0x0,0x0,0x0,
0xb1,0x7,0x90,0x0,0xb1,0x7,0x90,0x0,
0x0,0x0,0x0,0x0,0x6a,0x0,0x0,0x0,
0x36,0x2,0x0,0x0,0x0,0x0,0xff,0xff,
0xff,0xff,0xff,0xff,0x0,0x0,0x0,0x0,
0x54,0x0,0x0,0x0,0x54,0x0,0x0,0x0,
0x54,0x0,0x0,0x0,0x0,0x0,0x0,0x0,
0x54,0x0,0x0,0x0,0x54,0x0,0x0,0x0,
0x0,0x0,0x6,0x0,0x54,0x0,0x0,0x0,
0x0,0x0,0x0,0x0,0xe4,0x0,0x0,0x0,
0x69,0x7,0x90,0x0,0x6a,0x7,0xd0,0x0,
0xe4,0x0,0x0,0x0,0x0,0x0,0x0,0x0,
0xe4,0x0,0x0,0x0,0x0,0x0,0x0,0x0,
0x1a,0x0,0x0,0x0,0x0,0x0,0x3,0x0,
0x0,0x0,0x0,0x0,0x37,0x2,0x0,0x0,
0x6d,0x7,0xd0,0x0,0x6d,0x7,0x40,0x1,
0xe,0x0,0x0,0x0,0x0,0x0,0x2,0x0,
0x2f,0x0,0x0,0x0,0x0,0x0,0x0,0x0,
0x6c,0x7,0xd0,0x0,0x6c,0x7,0x50,0x1,
0xd,0x0,0x0,0x0,0x0,0x0,0x7,0x0,
0x1b,0x1,0x0,0x0,0x0,0x0,0x0,0x0,
0x6b,0x7,0xd0,0x0,0x6b,0x7,0x40,0x1,
0x0,0x0,0x0,0x0,0x0,0x0,0x8,0x0,
0xb2,0x1,0x0,0x0,0x0,0x0,0x0,0x0,
0x6e,0x7,0xd0,0x0,0x6e,0x7,0xd0,0x0,
0x0,0x0,0x0,0x0,0x0,0x0,0x8,0x0,
0xb4,0x1,0x0,0x0,0x0,0x0,0x0,0x0,
0x73,0x7,0xd0,0x0,0x73,0x7,0xd0,0x0,
0x0,0x0,0x0,0x0,0x0,0x0,0x8,0x0,
0xb6,0x1,0x0,0x0,0x0,0x0,0x0,0x0,
0x77,0x7,0xd0,0x0,0x77,0x7,0xd0,0x0,
0x0,0x0,0x0,0x0,0x1b,0x1,0x0,0x0,
0x0,0x0,0x0,0x0,0x0,0x0,0xff,0xff,
0xff,0xff,0xff,0xff,0x0,0x0,0x0,0x0,
0x54,0x0,0x0,0x0,0x54,0x0,0x0,0x0,
0x54,0x0,0x0,0x0,0x0,0x0,0x0,0x0,
0x54,0x0,0x0,0x0,0x54,0x0,0x0,0x0,
0x0,0x0,0x3,0x0,0x54,0x0,0x0,0x0,
0x0,0x0,0x0,0x0,0x9c,0x0,0x0,0x0,
0x6e,0x7,0xd0,0x0,0x0,0x0,0x0,0x0,
0x9c,0x0,0x0,0x0,0x0,0x0,0x0,0x0,
0x9c,0x0,0x0,0x0,0x0,0x0,0x0,0x0,
0x1a,0x0,0x0,0x0,0x0,0x0,0x3,0x0,
0x0,0x0,0x0,0x0,0x20,0x0,0x0,0x0,
0x70,0x7,0x10,0x1,0x70,0x7,0x80,0x1,
0x9f,0x0,0x0,0x0,0x0,0x0,0x3,0x0,
0x0,0x0,0x0,0x0,0x38,0x2,0x0,0x0,
0x6f,0x7,0x10,0x1,0x6f,0x7,0x70,0x1,
0x64,0x0,0x0,0x0,0x0,0x0,0xa,0x0,
0xb3,0x1,0x0,0x0,0x0,0x0,0x0,0x0,
0x71,0x7,0x10,0x1,0x71,0x7,0x90,0x1,
0x0,0x0,0x0,0x0,0x0,0x0,0x0,0x0,
0x0,0x0,0x0,0x0,0x0,0x0,0xff,0xff,
0xff,0xff,0xff,0xff,0x0,0x0,0x0,0x0,
0x54,0x0,0x0,0x0,0x54,0x0,0x0,0x0,
0x54,0x0,0x0,0x0,0x0,0x0,0x0,0x0,
0x54,0x0,0x0,0x0,0x54,0x0,0x0,0x0,
0x0,0x0,0x1,0x0,0x54,0x0,0x0,0x0,
0x0,0x0,0x0,0x0,0x6c,0x0,0x0,0x0,
0x71,0x7,0x10,0x1,0x0,0x0,0x0,0x0,
0x6c,0x0,0x0,0x0,0x0,0x0,0x0,0x0,
0x6c,0x0,0x0,0x0,0x0,0x0,0x0,0x0,
0x65,0x0,0x0,0x0,0x0,0x0,0x7,0x0,
0x1c,0x1,0x0,0x0,0x0,0x0,0x0,0x0,
0x71,0x7,0x90,0x1,0x71,0x7,0x30,0x2,
0x0,0x0,0x0,0x0,0xbe,0x1,0x0,0x0,
0x0,0x0,0x0,0x0,0x0,0x0,0xff,0xff,
0xff,0xff,0xff,0xff,0x0,0x0,0x0,0x0,
0x54,0x0,0x0,0x0,0x54,0x0,0x0,0x0,
0x54,0x0,0x0,0x0,0x0,0x0,0x0,0x0,
0x54,0x0,0x0,0x0,0x54,0x0,0x0,0x0,
0x0,0x0,0x2,0x0,0x54,0x0,0x0,0x0,
0x0,0x0,0x0,0x0,0x84,0x0,0x0,0x0,
0x73,0x7,0xd0,0x0,0x0,0x0,0x0,0x0,
0x84,0x0,0x0,0x0,0x0,0x0,0x0,0x0,
0x84,0x0,0x0,0x0,0x0,0x0,0x0,0x0,
0x39,0x2,0x0,0x0,0x0,0x0,0x7,0x0,
0x1d,0x1,0x0,0x0,0x0,0x0,0x0,0x0,
0x75,0x7,0x10,0x1,0x75,0x7,0x40,0x2,
0x64,0x0,0x0,0x0,0x0,0x0,0xa,0x0,
0xb5,0x1,0x0,0x0,0x0,0x0,0x0,0x0,
0x74,0x7,0x10,0x1,0x74,0x7,0x90,0x1,
0x0,0x0,0x0,0x0,0x0,0x0,0x0,0x0,
0x0,0x0,0x0,0x0,0x0,0x0,0xff,0xff,
0xff,0xff,0xff,0xff,0x0,0x0,0x0,0x0,
0x54,0x0,0x0,0x0,0x54,0x0,0x0,0x0,
0x54,0x0,0x0,0x0,0x0,0x0,0x0,0x0,
0x54,0x0,0x0,0x0,0x54,0x0,0x0,0x0,
0x0,0x0,0x1,0x0,0x54,0x0,0x0,0x0,
0x0,0x0,0x0,0x0,0x6c,0x0,0x0,0x0,
0x74,0x7,0x10,0x1,0x0,0x0,0x0,0x0,
0x6c,0x0,0x0,0x0,0x0,0x0,0x0,0x0,
0x6c,0x0,0x0,0x0,0x0,0x0,0x0,0x0,
0xa5,0x0,0x0,0x0,0x0,0x0,0x7,0x0,
0x1e,0x1,0x0,0x0,0x0,0x0,0x0,0x0,
0x74,0x7,0x90,0x1,0x74,0x7,0xf0,0x1,
0x0,0x0,0x0,0x0,0xeb,0x0,0x0,0x0,
0x0,0x0,0x0,0x0,0x0,0x0,0xff,0xff,
0xff,0xff,0xff,0xff,0x0,0x0,0x0,0x0,
0x54,0x0,0x0,0x0,0x54,0x0,0x0,0x0,
0x54,0x0,0x0,0x0,0x0,0x0,0x0,0x0,
0x54,0x0,0x0,0x0,0x54,0x0,0x0,0x0,
0x0,0x0,0x4,0x0,0x54,0x0,0x0,0x0,
0x0,0x0,0x0,0x0,0xb4,0x0,0x0,0x0,
0x77,0x7,0xd0,0x0,0x0,0x0,0x0,0x0,
0xb4,0x0,0x0,0x0,0x0,0x0,0x0,0x0,
0xb4,0x0,0x0,0x0,0x0,0x0,0x0,0x0,
0xf1,0x0,0x0,0x0,0x0,0x0,0x7,0x0,
0x1f,0x1,0x0,0x0,0x0,0x0,0x0,0x0,
0x7c,0x7,0x10,0x1,0x7c,0x7,0xc0,0x1,
0x9f,0x0,0x0,0x0,0x0,0x0,0x3,0x0,
0x0,0x0,0x0,0x0,0x3b,0x2,0x0,0x0,
0x78,0x7,0x10,0x1,0x78,0x7,0x70,0x1,
0x3b,0x0,0x0,0x0,0x0,0x0,0x9,0x0,
0xb8,0x1,0x0,0x0,0x0,0x0,0x0,0x0,
0x7b,0x7,0x10,0x1,0x7b,0x7,0xa0,0x1,
0x64,0x0,0x0,0x0,0x0,0x0,0xa,0x0,
0xb7,0x1,0x0,0x0,0x0,0x0,0x0,0x0,
0x79,0x7,0x10,0x1,0x79,0x7,0x90,0x1,
0x0,0x0,0x0,0x0,0x0,0x0,0x0,0x0,
0x0,0x0,0x0,0x0,0x0,0x0,0xff,0xff,
0xff,0xff,0xff,0xff,0x0,0x0,0x0,0x0,
0x54,0x0,0x0,0x0,0x54,0x0,0x0,0x0,
0x54,0x0,0x0,0x0,0x0,0x0,0x0,0x0,
0x54,0x0,0x0,0x0,0x54,0x0,0x0,0x0,
0x0,0x0,0x2,0x0,0x54,0x0,0x0,0x0,
0x0,0x0,0x0,0x0,0x84,0x0,0x0,0x0,
0x79,0x7,0x10,0x1,0x0,0x0,0x0,0x0,
0x84,0x0,0x0,0x0,0x0,0x0,0x0,0x0,
0x84,0x0,0x0,0x0,0x0,0x0,0x0,0x0,
0xeb,0x1,0x0,0x0,0x0,0x0,0x7,0x0,
0x21,0x1,0x0,0x0,0x0,0x0,0x0,0x0,
0x7a,0x7,0x90,0x1,0x7a,0x7,0x0,0x2,
0x17,0x1,0x0,0x0,0x0,0x0,0x7,0x0,
0x20,0x1,0x0,0x0,0x0,0x0,0x0,0x0,
0x79,0x7,0x90,0x1,0x79,0x7,0x90,0x2,
0x0,0x0,0x0,0x0,0x0,0x0,0x0,0x0,
0x0,0x0,0x0,0x0,0x0,0x0,0xff,0xff,
0xff,0xff,0xff,0xff,0x0,0x0,0x0,0x0,
0x54,0x0,0x0,0x0,0x54,0x0,0x0,0x0,
0x54,0x0,0x0,0x0,0x0,0x0,0x0,0x0,
0x54,0x0,0x0,0x0,0x54,0x0,0x0,0x0,
0x0,0x0,0x1,0x0,0x54,0x0,0x0,0x0,
0x0,0x0,0x0,0x0,0x6c,0x0,0x0,0x0,
0x7b,0x7,0x10,0x1,0x0,0x0,0x0,0x0,
0x6c,0x0,0x0,0x0,0x0,0x0,0x0,0x0,
0x6c,0x0,0x0,0x0,0x0,0x0,0x0,0x0,
0x3c,0x0,0x0,0x0,0x0,0x0,0x3,0x0,
0x0,0x0,0x0,0x0,0x20,0x0,0x0,0x0,
0x7b,0x7,0xa0,0x1,0x7b,0x7,0x60,0x2,
0x0,0x0,0x0,0x0,0x0,0x2,0x0,0x0,
0x0,0x0,0x0,0x0,0x0,0x0,0xff,0xff,
0xff,0xff,0xff,0xff,0x0,0x0,0x0,0x0,
0x54,0x0,0x0,0x0,0x54,0x0,0x0,0x0,
0x54,0x0,0x0,0x0,0x0,0x0,0x0,0x0,
0x54,0x0,0x0,0x0,0x54,0x0,0x0,0x0,
0x0,0x0,0x7,0x0,0x54,0x0,0x0,0x0,
0x0,0x0,0x0,0x0,0xfc,0x0,0x0,0x0,
0x85,0x7,0x90,0x0,0x0,0x0,0x0,0x0,
0xfc,0x0,0x0,0x0,0x0,0x0,0x0,0x0,
0xfc,0x0,0x0,0x0,0x0,0x0,0x0,0x0,
0xb2,0x1,0x0,0x0,0x0,0x0,0x1,0x0,
0x1,0x0,0x0,0x0,0x0,0x0,0x0,0x0,
0x8a,0x7,0xd0,0x0,0x8a,0x7,0x30,0x1,
0xb0,0x1,0x0,0x0,0x0,0x0,0x7,0x0,
0x25,0x1,0x0,0x0,0x0,0x0,0x0,0x0,
0x89,0x7,0xd0,0x0,0x89,0x7,0xc0,0x1,
0xe,0x0,0x0,0x0,0x0,0x0,0x7,0x0,
0x24,0x1,0x0,0x0,0x0,0x0,0x0,0x0,
0x88,0x7,0xd0,0x0,0x88,0x7,0x50,0x1,
0xb1,0x0,0x0,0x0,0x0,0x0,0x7,0x0,
0x23,0x1,0x0,0x0,0x0,0x0,0x0,0x0,
0x87,0x7,0xd0,0x0,0x87,0x7,0x0,0x1,
0xd,0x0,0x0,0x0,0x0,0x0,0x7,0x0,
0x22,0x1,0x0,0x0,0x0,0x0,0x0,0x0,
0x86,0x7,0xd0,0x0,0x86,0x7,0x40,0x1,
0x0,0x0,0x0,0x0,0x0,0x0,0x8,0x0,
0xbc,0x1,0x0,0x0,0x0,0x0,0x0,0x0,
0x8c,0x7,0xd0,0x0,0x8c,0x7,0xd0,0x0,
0xca,0x1,0x0,0x0,0x0,0x0,0x9,0x0,
0xba,0x1,0x0,0x0,0x0,0x0,0x0,0x0,
0x8b,0x7,0xd0,0x0,0x8b,0x7,0x70,0x1,
0x0,0x0,0x0,0x0,0x0,0x0,0x0,0x0,
0x0,0x0,0x0,0x0,0x0,0x0,0xff,0xff,
0xff,0xff,0xff,0xff,0x0,0x0,0x0,0x0,
0x54,0x0,0x0,0x0,0x54,0x0,0x0,0x0,
0x54,0x0,0x0,0x0,0x0,0x0,0x0,0x0,
0x54,0x0,0x0,0x0,0x54,0x0,0x0,0x0,
0x0,0x0,0x1,0x0,0x54,0x0,0x0,0x0,
0x0,0x0,0x0,0x0,0x6c,0x0,0x0,0x0,
0x8b,0x7,0xd0,0x0,0x0,0x0,0x0,0x0,
0x6c,0x0,0x0,0x0,0x0,0x0,0x0,0x0,
0x6c,0x0,0x0,0x0,0x0,0x0,0x0,0x0,
0xd0,0x1,0x0,0x0,0x0,0x0,0xa,0x0,
0xbb,0x1,0x0,0x0,0x0,0x0,0x0,0x0,
0x8b,0x7,0x70,0x1,0x8b,0x7,0x0,0x2,
0x0,0x0,0x0,0x0,0x0,0x0,0x0,0x0,
0x0,0x0,0x0,0x0,0x0,0x0,0xff,0xff,
0xff,0xff,0xff,0xff,0x0,0x0,0x0,0x0,
0x54,0x0,0x0,0x0,0x54,0x0,0x0,0x0,
0x54,0x0,0x0,0x0,0x0,0x0,0x0,0x0,
0x54,0x0,0x0,0x0,0x54,0x0,0x0,0x0,
0x0,0x0,0x1,0x0,0x54,0x0,0x0,0x0,
0x0,0x0,0x0,0x0,0x6c,0x0,0x0,0x0,
0x8b,0x7,0x70,0x1,0x0,0x0,0x0,0x0,
0x6c,0x0,0x0,0x0,0x0,0x0,0x0,0x0,
0x6c,0x0,0x0,0x0,0x0,0x0,0x0,0x0,
0xd,0x0,0x0,0x0,0x0,0x0,0x2,0x0,
0x13,0x0,0x0,0x0,0x0,0x0,0x0,0x0,
0x8b,0x7,0x0,0x2,0x8b,0x7,0x70,0x2,
0x0,0x0,0x0,0x0,0x6c,0x0,0x0,0x0,
0x3c,0x2,0x0,0x0,0x0,0x0,0xff,0xff,
0xff,0xff,0xff,0xff,0x0,0x0,0x0,0x0,
0x54,0x0,0x0,0x0,0x54,0x0,0x0,0x0,
0x54,0x0,0x0,0x0,0x0,0x0,0x0,0x0,
0x54,0x0,0x0,0x0,0x54,0x0,0x0,0x0,
0x0,0x0,0x4,0x0,0x54,0x0,0x0,0x0,
0x0,0x0,0x0,0x0,0xb4,0x0,0x0,0x0,
0x8c,0x7,0xd0,0x0,0x8d,0x7,0x10,0x1,
0xb4,0x0,0x0,0x0,0x0,0x0,0x0,0x0,
0xb4,0x0,0x0,0x0,0x0,0x0,0x0,0x0,
0x90,0x1,0x0,0x0,0x0,0x0,0x2,0x0,
0xa,0x0,0x0,0x0,0x0,0x0,0x0,0x0,
0x8f,0x7,0x10,0x1,0x8f,0x7,0x40,0x1,
0xd,0x0,0x0,0x0,0x0,0x0,0x7,0x0,
0x26,0x1,0x0,0x0,0x0,0x0,0x0,0x0,
0x8e,0x7,0x10,0x1,0x8e,0x7,0x80,0x1,
0x0,0x0,0x0,0x0,0x0,0x0,0x8,0x0,
0xbd,0x1,0x0,0x0,0x0,0x0,0x0,0x0,
0x90,0x7,0x10,0x1,0x90,0x7,0x10,0x1,
0x0,0x0,0x0,0x0,0x0,0x0,0x8,0x0,
0xbf,0x1,0x0,0x0,0x0,0x0,0x0,0x0,
0x91,0x7,0x10,0x1,0x91,0x7,0x10,0x1,
0x0,0x0,0x0,0x0,0x19,0x1,0x0,0x0,
0x0,0x0,0x0,0x0,0x0,0x0,0xff,0xff,
0xff,0xff,0xff,0xff,0x0,0x0,0x0,0x0,
0x54,0x0,0x0,0x0,0x54,0x0,0x0,0x0,
0x54,0x0,0x0,0x0,0x0,0x0,0x0,0x0,
0x54,0x0,0x0,0x0,0x54,0x0,0x0,0x0,
0x0,0x0,0x1,0x0,0x54,0x0,0x0,0x0,
0x0,0x0,0x0,0x0,0x6c,0x0,0x0,0x0,
0x90,0x7,0x10,0x1,0x0,0x0,0x0,0x0,
0x6c,0x0,0x0,0x0,0x0,0x0,0x0,0x0,
0x6c,0x0,0x0,0x0,0x0,0x0,0x0,0x0,
0x6f,0x0,0x0,0x0,0x0,0x0,0x9,0x0,
0xbe,0x1,0x0,0x0,0x0,0x0,0x0,0x0,
0x90,0x7,0x80,0x1,0x90,0x7,0xf0,0x1,
0x0,0x0,0x0,0x0,0x0,0x0,0x0,0x0,
0x0,0x0,0x0,0x0,0x0,0x0,0xff,0xff,
0xff,0xff,0xff,0xff,0x0,0x0,0x0,0x0,
0x54,0x0,0x0,0x0,0x54,0x0,0x0,0x0,
0x54,0x0,0x0,0x0,0x0,0x0,0x0,0x0,
0x54,0x0,0x0,0x0,0x54,0x0,0x0,0x0,
0x0,0x0,0x1,0x0,0x54,0x0,0x0,0x0,
0x0,0x0,0x0,0x0,0x6c,0x0,0x0,0x0,
0x90,0x7,0x80,0x1,0x0,0x0,0x0,0x0,
0x6c,0x0,0x0,0x0,0x0,0x0,0x0,0x0,
0x6c,0x0,0x0,0x0,0x0,0x0,0x0,0x0,
0x70,0x0,0x0,0x0,0x0,0x0,0x2,0x0,
0x7,0x0,0x0,0x0,0x0,0x0,0x0,0x0,
0x90,0x7,0xf0,0x1,0x90,0x7,0x0,0x3,
0x0,0x0,0x0,0x0,0x97,0x1,0x0,0x0,
0x3d,0x2,0x0,0x0,0x0,0x0,0xff,0xff,
0xff,0xff,0xff,0xff,0x0,0x0,0x0,0x0,
0x54,0x0,0x0,0x0,0x54,0x0,0x0,0x0,
0x54,0x0,0x0,0x0,0x0,0x0,0x0,0x0,
0x54,0x0,0x0,0x0,0x54,0x0,0x0,0x0,
0x0,0x0,0x1,0x0,0x54,0x0,0x0,0x0,
0x0,0x0,0x0,0x0,0x6c,0x0,0x0,0x0,
0x91,0x7,0x10,0x1,0x92,0x7,0x50,0x1,
0x6c,0x0,0x0,0x0,0x0,0x0,0x0,0x0,
0x6c,0x0,0x0,0x0,0x0,0x0,0x0,0x0,
0x6f,0x0,0x0,0x0,0x0,0x0,0x9,0x0,
0xc0,0x1,0x0,0x0,0x0,0x0,0x0,0x0,
0x93,0x7,0x50,0x1,0x93,0x7,0xc0,0x1,
0x0,0x0,0x0,0x0,0x0,0x0,0x0,0x0,
0x0,0x0,0x0,0x0,0x0,0x0,0xff,0xff,
0xff,0xff,0xff,0xff,0x0,0x0,0x0,0x0,
0x54,0x0,0x0,0x0,0x54,0x0,0x0,0x0,
0x54,0x0,0x0,0x0,0x0,0x0,0x0,0x0,
0x54,0x0,0x0,0x0,0x54,0x0,0x0,0x0,
0x0,0x0,0x1,0x0,0x54,0x0,0x0,0x0,
0x0,0x0,0x0,0x0,0x6c,0x0,0x0,0x0,
0x93,0x7,0x50,0x1,0x0,0x0,0x0,0x0,
0x6c,0x0,0x0,0x0,0x0,0x0,0x0,0x0,
0x6c,0x0,0x0,0x0,0x0,0x0,0x0,0x0,
0xb5,0x0,0x0,0x0,0x0,0x0,0x1,0x0,
0x1,0x0,0x0,0x0,0x0,0x0,0x0,0x0,
0x93,0x7,0xc0,0x1,0x93,0x7,0x70,0x2,
0x0,0x0,0x0,0x0,0x3e,0x2,0x0,0x0,
0x0,0x0,0x0,0x0,0x0,0x0,0xff,0xff,
0xff,0xff,0xff,0xff,0x0,0x0,0x0,0x0,
0x54,0x0,0x0,0x0,0x54,0x0,0x0,0x0,
0x54,0x0,0x0,0x0,0x0,0x0,0x0,0x0,
0x54,0x0,0x0,0x0,0x54,0x0,0x0,0x0,
0x0,0x0,0x6,0x0,0x54,0x0,0x0,0x0,
0x0,0x0,0x0,0x0,0xe4,0x0,0x0,0x0,
0x99,0x7,0x90,0x0,0x0,0x0,0x0,0x0,
0xe4,0x0,0x0,0x0,0x0,0x0,0x0,0x0,
0xe4,0x0,0x0,0x0,0x0,0x0,0x0,0x0,
0x3f,0x2,0x0,0x0,0x0,0x0,0x7,0x0,
0x29,0x1,0x0,0x0,0x0,0x0,0x0,0x0,
0x9e,0x7,0xd0,0x0,0x9e,0x7,0x60,0x1,
0xb1,0x0,0x0,0x0,0x0,0x0,0x7,0x0,
0x28,0x1,0x0,0x0,0x0,0x0,0x0,0x0,
0x9d,0x7,0xd0,0x0,0x9d,0x7,0x0,0x1,
0xd,0x0,0x0,0x0,0x0,0x0,0x2,0x0,
0x23,0x0,0x0,0x0,0x0,0x0,0x0,0x0,
0x9c,0x7,0xd0,0x0,0x9c,0x7,0x40,0x1,
0xe,0x0,0x0,0x0,0x0,0x0,0x2,0x0,
0x23,0x0,0x0,0x0,0x0,0x0,0x0,0x0,
0x9b,0x7,0xd0,0x0,0x9b,0x7,0x50,0x1,
0x90,0x1,0x0,0x0,0x0,0x0,0x7,0x0,
0x27,0x1,0x0,0x0,0x0,0x0,0x0,0x0,
0x9a,0x7,0xd0,0x0,0x9a,0x7,0x0,0x1,
0x0,0x0,0x0,0x0,0x0,0x0,0x8,0x0,
0xc2,0x1,0x0,0x0,0x0,0x0,0x0,0x0,
0xa8,0x7,0xd0,0x0,0xa8,0x7,0xd0,0x0,
0x0,0x0,0x0,0x0,0xbe,0x1,0x0,0x0,
0x41,0x2,0x0,0x0,0x0,0x0,0xff,0xff,
0xff,0xff,0xff,0xff,0x0,0x0,0x0,0x0,
0x54,0x0,0x0,0x0,0x54,0x0,0x0,0x0,
0x54,0x0,0x0,0x0,0x0,0x0,0x0,0x0,
0x54,0x0,0x0,0x0,0x54,0x0,0x0,0x0,
0x0,0x0,0x2,0x0,0x54,0x0,0x0,0x0,
0x0,0x0,0x0,0x0,0x84,0x0,0x0,0x0,
0xa8,0x7,0xd0,0x0,0xa9,0x7,0x10,0x1,
0x84,0x0,0x0,0x0,0x0,0x0,0x0,0x0,
0x84,0x0,0x0,0x0,0x0,0x0,0x0,0x0,
0x39,0x2,0x0,0x0,0x0,0x0,0x7,0x0,
0x2a,0x1,0x0,0x0,0x0,0x0,0x0,0x0,
0xab,0x7,0x10,0x1,0xab,0x7,0x40,0x2,
0x64,0x0,0x0,0x0,0x0,0x0,0xa,0x0,
0xc3,0x1,0x0,0x0,0x0,0x0,0x0,0x0,
0xaa,0x7,0x10,0x1,0xaa,0x7,0x90,0x1,
0x0,0x0,0x0,0x0,0x0,0x0,0x0,0x0,
0x0,0x0,0x0,0x0,0x0,0x0,0xff,0xff,
0xff,0xff,0xff,0xff,0x0,0x0,0x0,0x0,
0x54,0x0,0x0,0x0,0x54,0x0,0x0,0x0,
0x54,0x0,0x0,0x0,0x0,0x0,0x0,0x0,
0x54,0x0,0x0,0x0,0x54,0x0,0x0,0x0,
0x0,0x0,0x1,0x0,0x54,0x0,0x0,0x0,
0x0,0x0,0x0,0x0,0x6c,0x0,0x0,0x0,
0xaa,0x7,0x10,0x1,0x0,0x0,0x0,0x0,
0x6c,0x0,0x0,0x0,0x0,0x0,0x0,0x0,
0x6c,0x0,0x0,0x0,0x0,0x0,0x0,0x0,
0xa5,0x0,0x0,0x0,0x0,0x0,0x7,0x0,
0x2b,0x1,0x0,0x0,0x0,0x0,0x0,0x0,
0xaa,0x7,0x90,0x1,0xaa,0x7,0xf0,0x1,
0x0,0x0,0x0,0x0,0x6a,0x0,0x0,0x0,
0x0,0x0,0x0,0x0,0x0,0x0,0xff,0xff,
0xff,0xff,0xff,0xff,0x0,0x0,0x0,0x0,
0x54,0x0,0x0,0x0,0x54,0x0,0x0,0x0,
0x54,0x0,0x0,0x0,0x0,0x0,0x0,0x0,
0x54,0x0,0x0,0x0,0x54,0x0,0x0,0x0,
0x0,0x0,0x3,0x0,0x54,0x0,0x0,0x0,
0x0,0x0,0x0,0x0,0x9c,0x0,0x0,0x0,
0xb1,0x7,0x90,0x0,0x0,0x0,0x0,0x0,
0x9c,0x0,0x0,0x0,0x0,0x0,0x0,0x0,
0x9c,0x0,0x0,0x0,0x0,0x0,0x0,0x0,
0x1a,0x0,0x0,0x0,0x0,0x0,0x3,0x0,
0x0,0x0,0x0,0x0,0xef,0x0,0x0,0x0,
0xb3,0x7,0xd0,0x0,0xb3,0x7,0x40,0x1,
0x30,0x1,0x0,0x0,0x0,0x0,0xa,0x0,
0xc6,0x1,0x0,0x0,0x0,0x0,0x0,0x0,
0xb4,0x7,0xd0,0x0,0xb4,0x7,0x40,0x1,
0x64,0x0,0x0,0x0,0x0,0x0,0xa,0x0,
0xc5,0x1,0x0,0x0,0x0,0x0,0x0,0x0,
0xb2,0x7,0xd0,0x0,0xb2,0x7,0x50,0x1,
0x0,0x0,0x0,0x0,0x0,0x0,0x0,0x0,
0x0,0x0,0x0,0x0,0x0,0x0,0xff,0xff,
0xff,0xff,0xff,0xff,0x0,0x0,0x0,0x0,
0x54,0x0,0x0,0x0,0x54,0x0,0x0,0x0,
0x54,0x0,0x0,0x0,0x0,0x0,0x0,0x0,
0x54,0x0,0x0,0x0,0x54,0x0,0x0,0x0,
0x0,0x0,0x1,0x0,0x54,0x0,0x0,0x0,
0x0,0x0,0x0,0x0,0x6c,0x0,0x0,0x0,
0xb2,0x7,0xd0,0x0,0x0,0x0,0x0,0x0,
0x6c,0x0,0x0,0x0,0x0,0x0,0x0,0x0,
0x6c,0x0,0x0,0x0,0x0,0x0,0x0,0x0,
0xa5,0x0,0x0,0x0,0x0,0x0,0x7,0x0,
0x2c,0x1,0x0,0x0,0x0,0x0,0x0,0x0,
0xb2,0x7,0x50,0x1,0xb2,0x7,0xb0,0x1,
0x0,0x0,0x0,0x0,0x0,0x0,0x0,0x0,
0x0,0x0,0x0,0x0,0x0,0x0,0xff,0xff,
0xff,0xff,0xff,0xff,0x0,0x0,0x0,0x0,
0x54,0x0,0x0,0x0,0x54,0x0,0x0,0x0,
0x54,0x0,0x0,0x0,0x0,0x0,0x0,0x0,
0x54,0x0,0x0,0x0,0x54,0x0,0x0,0x0,
0x0,0x0,0x2,0x0,0x54,0x0,0x0,0x0,
0x0,0x0,0x0,0x0,0x84,0x0,0x0,0x0,
0xb4,0x7,0xd0,0x0,0x0,0x0,0x0,0x0,
0x84,0x0,0x0,0x0,0x0,0x0,0x0,0x0,
0x84,0x0,0x0,0x0,0x0,0x0,0x0,0x0,
0x1a,0x0,0x0,0x0,0x0,0x0,0x3,0x0,
0x0,0x0,0x0,0x0,0x37,0x2,0x0,0x0,
0xb5,0x7,0x40,0x1,0xb5,0x7,0xb0,0x1,
0xd,0x0,0x0,0x0,0x0,0x0,0x2,0x0,
0xd,0x0,0x0,0x0,0x0,0x0,0x0,0x0,
0xb4,0x7,0x40,0x1,0xb4,0x7,0xb0,0x1,
0x0,0x0,0x0,0x0,0x49,0x0,0x0,0x0,
0x48,0x2,0x0,0x0,0x0,0x0,0xff,0xff,
0xff,0xff,0xff,0xff,0x0,0x0,0x0,0x0,
0x54,0x0,0x0,0x0,0x54,0x0,0x0,0x0,
0x54,0x0,0x0,0x0,0x0,0x0,0x0,0x0,
0x54,0x0,0x0,0x0,0x54,0x0,0x0,0x0,
0x0,0x0,0x1,0x0,0x54,0x0,0x0,0x0,
0x0,0x0,0x0,0x0,0x6c,0x0,0x0,0x0,
0xd2,0x7,0x50,0x0,0xd3,0x7,0x90,0x0,
0x6c,0x0,0x0,0x0,0x0,0x0,0x0,0x0,
0x6c,0x0,0x0,0x0,0x0,0x0,0x0,0x0,
0x0,0x0,0x0,0x0,0x0,0x0,0x8,0x0,
0xc8,0x1,0x0,0x0,0x0,0x0,0x0,0x0,
0xd4,0x7,0x90,0x0,0xd4,0x7,0x90,0x0,
0x0,0x0,0x0,0x0,0x49,0x2,0x0,0x0,
0x0,0x0,0x0,0x0,0x0,0x0,0xff,0xff,
0xff,0xff,0xff,0xff,0x0,0x0,0x0,0x0,
0x54,0x0,0x0,0x0,0x54,0x0,0x0,0x0,
0x54,0x0,0x0,0x0,0x0,0x0,0x0,0x0,
0x54,0x0,0x0,0x0,0x54,0x0,0x0,0x0,
0x0,0x0,0x1,0x0,0x54,0x0,0x0,0x0,
0x0,0x0,0x0,0x0,0x6c,0x0,0x0,0x0,
0xd4,0x7,0x90,0x0,0x0,0x0,0x0,0x0,
0x6c,0x0,0x0,0x0,0x0,0x0,0x0,0x0,
0x6c,0x0,0x0,0x0,0x0,0x0,0x0,0x0,
0x34,0x2,0x0,0x0,0x0,0x0,0x7,0x0,
0x2d,0x1,0x0,0x0,0x0,0x0,0x0,0x0,
0xd5,0x7,0xd0,0x0,0xd5,0x7,0x70,0x1,
0x0,0x0,0x0,0x0
};
QT_WARNING_PUSH
QT_WARNING_DISABLE_MSVC(4573)
extern const QQmlPrivate::AOTCompiledFunction aotBuiltFunctions[];
extern const QQmlPrivate::AOTCompiledFunction aotBuiltFunctions[] = {
{ 0, 0, [](QV4::ExecutableCompilationUnit *unit, QMetaType *argTypes) {
    struct { QV4::ExecutableCompilationUnit *compilationUnit; } c { unit };
    const auto *aotContext = &c;
    Q_UNUSED(aotContext);
    argTypes[0] = QMetaType::fromType<double>();
}, 
    [](const QQmlPrivate::AOTCompiledContext *aotContext, void **argv) {
Q_UNUSED(aotContext)
Q_UNUSED(argv)
// expression for windowShadowBW at line 21, column 5
double r8_0;
int r2_1;
int r7_0;
int r2_2;
QObject *r2_0;
double r2_5;
double r2_4;
bool r2_3;
// generate_LoadQmlContextPropertyLookup
#ifndef QT_NO_DEBUG
aotContext->setInstructionPointer(2);
#endif
while (!aotContext->loadContextIdLookup(0, &r2_0)) {
#ifdef QT_NO_DEBUG
aotContext->setInstructionPointer(2);
#endif
aotContext->initLoadContextIdLookup(0);
if (aotContext->engine->hasError()) {
aotContext->setReturnValueUndefined();
if (argv[0]) {
    *static_cast<double *>(argv[0]) = double();
}
return;
}
}
{
}
// generate_GetLookup
#ifndef QT_NO_DEBUG
aotContext->setInstructionPointer(4);
#endif
while (!aotContext->getObjectLookup(1, r2_0, &r2_1)) {
#ifdef QT_NO_DEBUG
aotContext->setInstructionPointer(4);
#endif
aotContext->initGetObjectLookup(1, r2_0);
if (aotContext->engine->hasError()) {
aotContext->setReturnValueUndefined();
if (argv[0]) {
    *static_cast<double *>(argv[0]) = double();
}
return;
}
}
{
}
// generate_StoreReg
r7_0 = r2_1;
{
}
{
}
// generate_GetLookup
#ifndef QT_NO_DEBUG
aotContext->setInstructionPointer(10);
#endif
while (!aotContext->getEnumLookup(3, &r2_2)) {
#ifdef QT_NO_DEBUG
aotContext->setInstructionPointer(10);
#endif
aotContext->initGetEnumLookup(3, []() { static const auto t = QMetaType::fromName("QWindow*"); return t; }().metaObject(), "Visibility", "Maximized");
if (aotContext->engine->hasError()) {
aotContext->setReturnValueUndefined();
if (argv[0]) {
    *static_cast<double *>(argv[0]) = double();
}
return;
}
}
{
}
// generate_CmpEq
r2_3 = r7_0 == r2_2;
{
}
// generate_JumpFalse
if (!r2_3) {
    goto label_0;
}
{
}
// generate_LoadQmlContextPropertyLookup
#ifndef QT_NO_DEBUG
aotContext->setInstructionPointer(16);
#endif
while (!aotContext->loadScopeObjectPropertyLookup(4, &r2_4)) {
#ifdef QT_NO_DEBUG
aotContext->setInstructionPointer(16);
#endif
aotContext->initLoadScopeObjectPropertyLookup(4);
if (aotContext->engine->hasError()) {
aotContext->setReturnValueUndefined();
if (argv[0]) {
    *static_cast<double *>(argv[0]) = double();
}
return;
}
}
{
}
// generate_StoreReg
r8_0 = r2_4;
{
}
// generate_LoadInt
r2_5 = double(1);
{
}
// generate_Add
r2_5 = (r8_0 + r2_5);
{
}
// generate_Jump
{
    goto label_1;
}
label_0:;
// generate_LoadZero
r2_5 = double(0);
{
}
label_1:;
{
}
// generate_Ret
if (argv[0]) {
    *static_cast<double *>(argv[0]) = r2_5;
}
return;
}
 },{ 1, 0, [](QV4::ExecutableCompilationUnit *unit, QMetaType *argTypes) {
    struct { QV4::ExecutableCompilationUnit *compilationUnit; } c { unit };
    const auto *aotContext = &c;
    Q_UNUSED(aotContext);
    argTypes[0] = QMetaType::fromType<bool>();
}, 
    [](const QQmlPrivate::AOTCompiledContext *aotContext, void **argv) {
Q_UNUSED(aotContext)
Q_UNUSED(argv)
// expression for isProtectEyeMode at line 109, column 5
bool r2_1;
QObject *r2_0;
// generate_LoadQmlContextPropertyLookup
#ifndef QT_NO_DEBUG
aotContext->setInstructionPointer(2);
#endif
while (!aotContext->loadContextIdLookup(5, &r2_0)) {
#ifdef QT_NO_DEBUG
aotContext->setInstructionPointer(2);
#endif
aotContext->initLoadContextIdLookup(5);
if (aotContext->engine->hasError()) {
aotContext->setReturnValueUndefined();
if (argv[0]) {
    *static_cast<bool *>(argv[0]) = bool();
}
return;
}
}
{
}
// generate_GetLookup
#ifndef QT_NO_DEBUG
aotContext->setInstructionPointer(4);
#endif
while (!aotContext->getObjectLookup(6, r2_0, &r2_1)) {
#ifdef QT_NO_DEBUG
aotContext->setInstructionPointer(4);
#endif
aotContext->initGetObjectLookup(6, r2_0);
if (aotContext->engine->hasError()) {
aotContext->setReturnValueUndefined();
if (argv[0]) {
    *static_cast<bool *>(argv[0]) = bool();
}
return;
}
}
{
}
{
}
// generate_Ret
if (argv[0]) {
    *static_cast<bool *>(argv[0]) = r2_1;
}
return;
}
 },{ 2, 0, [](QV4::ExecutableCompilationUnit *unit, QMetaType *argTypes) {
    struct { QV4::ExecutableCompilationUnit *compilationUnit; } c { unit };
    const auto *aotContext = &c;
    Q_UNUSED(aotContext);
    argTypes[0] = QMetaType::fromType<bool>();
}, 
    [](const QQmlPrivate::AOTCompiledContext *aotContext, void **argv) {
Q_UNUSED(aotContext)
Q_UNUSED(argv)
// expression for darkMode at line 111, column 5
bool r2_0;
// generate_LoadQmlContextPropertyLookup
#ifndef QT_NO_DEBUG
aotContext->setInstructionPointer(2);
#endif
while (!aotContext->loadScopeObjectPropertyLookup(7, &r2_0)) {
#ifdef QT_NO_DEBUG
aotContext->setInstructionPointer(2);
#endif
aotContext->initLoadScopeObjectPropertyLookup(7);
if (aotContext->engine->hasError()) {
aotContext->setReturnValueUndefined();
if (argv[0]) {
    *static_cast<bool *>(argv[0]) = bool();
}
return;
}
}
{
}
{
}
// generate_Ret
if (argv[0]) {
    *static_cast<bool *>(argv[0]) = r2_0;
}
return;
}
 },{ 4, 0, [](QV4::ExecutableCompilationUnit *unit, QMetaType *argTypes) {
    struct { QV4::ExecutableCompilationUnit *compilationUnit; } c { unit };
    const auto *aotContext = &c;
    Q_UNUSED(aotContext);
    argTypes[0] = []() { static const auto t = QMetaType::fromName("Qt::WindowFlags"); return t; }();
}, 
    [](const QQmlPrivate::AOTCompiledContext *aotContext, void **argv) {
Q_UNUSED(aotContext)
Q_UNUSED(argv)
// expression for flags at line 146, column 5
int r7_0;
int r2_0;
int r8_0;
{
}
// generate_GetLookup
#ifndef QT_NO_DEBUG
aotContext->setInstructionPointer(4);
#endif
while (!aotContext->getEnumLookup(45, &r2_0)) {
#ifdef QT_NO_DEBUG
aotContext->setInstructionPointer(4);
#endif
aotContext->initGetEnumLookup(45, []() { static const auto t = QMetaType::fromName("Qt"); return t; }().metaObject(), "WindowType", "Window");
if (aotContext->engine->hasError()) {
aotContext->setReturnValueUndefined();
if (argv[0]) {
    const QMetaType returnType = []() { static const auto t = QMetaType::fromName("Qt::WindowFlags"); return t; }();
    returnType.destruct(argv[0]);
    returnType.construct(argv[0]);
 }
return;
}
}
{
}
// generate_StoreReg
r7_0 = r2_0;
{
}
{
}
// generate_GetLookup
#ifndef QT_NO_DEBUG
aotContext->setInstructionPointer(10);
#endif
while (!aotContext->getEnumLookup(47, &r2_0)) {
#ifdef QT_NO_DEBUG
aotContext->setInstructionPointer(10);
#endif
aotContext->initGetEnumLookup(47, []() { static const auto t = QMetaType::fromName("Qt"); return t; }().metaObject(), "WindowType", "FramelessWindowHint");
if (aotContext->engine->hasError()) {
aotContext->setReturnValueUndefined();
if (argv[0]) {
    const QMetaType returnType = []() { static const auto t = QMetaType::fromName("Qt::WindowFlags"); return t; }();
    returnType.destruct(argv[0]);
    returnType.construct(argv[0]);
 }
return;
}
}
{
}
// generate_BitOr
r2_0 = (r7_0 | r2_0);
{
}
// generate_StoreReg
r8_0 = r2_0;
{
}
{
}
// generate_GetLookup
#ifndef QT_NO_DEBUG
aotContext->setInstructionPointer(18);
#endif
while (!aotContext->getEnumLookup(49, &r2_0)) {
#ifdef QT_NO_DEBUG
aotContext->setInstructionPointer(18);
#endif
aotContext->initGetEnumLookup(49, []() { static const auto t = QMetaType::fromName("Qt"); return t; }().metaObject(), "WindowType", "WindowMinimizeButtonHint");
if (aotContext->engine->hasError()) {
aotContext->setReturnValueUndefined();
if (argv[0]) {
    const QMetaType returnType = []() { static const auto t = QMetaType::fromName("Qt::WindowFlags"); return t; }();
    returnType.destruct(argv[0]);
    returnType.construct(argv[0]);
 }
return;
}
}
{
}
// generate_BitOr
r2_0 = (r8_0 | r2_0);
{
}
{
}
// generate_Ret
if (argv[0]) {
    const QMetaType returnType = QMetaType::fromType<int>();
    returnType.destruct(argv[0]);
    returnType.construct(argv[0], &r2_0);
}
return;
}
 },{ 5, 0, [](QV4::ExecutableCompilationUnit *unit, QMetaType *argTypes) {
    struct { QV4::ExecutableCompilationUnit *compilationUnit; } c { unit };
    const auto *aotContext = &c;
    Q_UNUSED(aotContext);
    argTypes[0] = QMetaType();
}, 
    [](const QQmlPrivate::AOTCompiledContext *aotContext, void **argv) {
Q_UNUSED(aotContext)
Q_UNUSED(argv)
// doQuit at line 272, column 5
QObject *r7_0;
QObject *r2_0;
// generate_LoadQmlContextPropertyLookup
#ifndef QT_NO_DEBUG
aotContext->setInstructionPointer(2);
#endif
while (!aotContext->loadSingletonLookup(50, &r2_0)) {
#ifdef QT_NO_DEBUG
aotContext->setInstructionPointer(2);
#endif
aotContext->initLoadSingletonLookup(50, QQmlPrivate::AOTCompiledContext::InvalidStringId);
if (aotContext->engine->hasError()) {
aotContext->setReturnValueUndefined();
return;
}
}
{
}
// generate_StoreReg
r7_0 = r2_0;
{
}
// generate_CallPropertyLookup
{
const auto doCall = [&]() {
    void *args[] = {nullptr};
    return aotContext->callObjectPropertyLookup(51, r7_0, args, 0);
};
const auto doInit = [&]() {
    aotContext->initCallObjectPropertyLookup(51, r7_0, 78);
};
#ifndef QT_NO_DEBUG
aotContext->setInstructionPointer(9);
#endif
while (!doCall()) {
#ifdef QT_NO_DEBUG
aotContext->setInstructionPointer(9);
#endif
doInit();
if (aotContext->engine->hasError()) {
aotContext->setReturnValueUndefined();
return;
}
}
}
{
}
{
}
// generate_Ret
return;
}
 },{ 19, 0, [](QV4::ExecutableCompilationUnit *unit, QMetaType *argTypes) {
    struct { QV4::ExecutableCompilationUnit *compilationUnit; } c { unit };
    const auto *aotContext = &c;
    Q_UNUSED(aotContext);
    argTypes[0] = QMetaType::fromType<QVariant>();
}, 
    [](const QQmlPrivate::AOTCompiledContext *aotContext, void **argv) {
Q_UNUSED(aotContext)
Q_UNUSED(argv)
// expression for foreground at line 102, column 5
QObject *r2_0;
QVariant r2_1;
// generate_LoadQmlContextPropertyLookup
#ifndef QT_NO_DEBUG
aotContext->setInstructionPointer(2);
#endif
while (!aotContext->loadContextIdLookup(113, &r2_0)) {
#ifdef QT_NO_DEBUG
aotContext->setInstructionPointer(2);
#endif
aotContext->initLoadContextIdLookup(113);
if (aotContext->engine->hasError()) {
aotContext->setReturnValueUndefined();
if (argv[0]) {
    *static_cast<QVariant *>(argv[0]) = QVariant();
}
return;
}
}
{
}
// generate_GetLookup
{
QVariant retrieved;
#ifndef QT_NO_DEBUG
aotContext->setInstructionPointer(4);
#endif
retrieved = QVariant(aotContext->lookupResultMetaType(114));
while (!aotContext->getObjectLookup(114, r2_0, retrieved.data())) {
#ifdef QT_NO_DEBUG
aotContext->setInstructionPointer(4);
#endif
aotContext->initGetObjectLookup(114, r2_0);
if (aotContext->engine->hasError()) {
aotContext->setReturnValueUndefined();
if (argv[0]) {
    *static_cast<QVariant *>(argv[0]) = QVariant();
}
return;
}
retrieved = QVariant(aotContext->lookupResultMetaType(114));
}
r2_1 = std::move(retrieved);
}
{
}
{
}
// generate_Ret
if (argv[0]) {
    if (!r2_1.isValid())
        aotContext->setReturnValueUndefined();
    *static_cast<QVariant *>(argv[0]) = std::move(r2_1);
}
return;
}
 },{ 20, 0, [](QV4::ExecutableCompilationUnit *unit, QMetaType *argTypes) {
    struct { QV4::ExecutableCompilationUnit *compilationUnit; } c { unit };
    const auto *aotContext = &c;
    Q_UNUSED(aotContext);
    argTypes[0] = QMetaType::fromType<QVariant>();
}, 
    [](const QQmlPrivate::AOTCompiledContext *aotContext, void **argv) {
Q_UNUSED(aotContext)
Q_UNUSED(argv)
// expression for background at line 103, column 5
QObject *r2_0;
QVariant r2_1;
// generate_LoadQmlContextPropertyLookup
#ifndef QT_NO_DEBUG
aotContext->setInstructionPointer(2);
#endif
while (!aotContext->loadContextIdLookup(115, &r2_0)) {
#ifdef QT_NO_DEBUG
aotContext->setInstructionPointer(2);
#endif
aotContext->initLoadContextIdLookup(115);
if (aotContext->engine->hasError()) {
aotContext->setReturnValueUndefined();
if (argv[0]) {
    *static_cast<QVariant *>(argv[0]) = QVariant();
}
return;
}
}
{
}
// generate_GetLookup
{
QVariant retrieved;
#ifndef QT_NO_DEBUG
aotContext->setInstructionPointer(4);
#endif
retrieved = QVariant(aotContext->lookupResultMetaType(116));
while (!aotContext->getObjectLookup(116, r2_0, retrieved.data())) {
#ifdef QT_NO_DEBUG
aotContext->setInstructionPointer(4);
#endif
aotContext->initGetObjectLookup(116, r2_0);
if (aotContext->engine->hasError()) {
aotContext->setReturnValueUndefined();
if (argv[0]) {
    *static_cast<QVariant *>(argv[0]) = QVariant();
}
return;
}
retrieved = QVariant(aotContext->lookupResultMetaType(116));
}
r2_1 = std::move(retrieved);
}
{
}
{
}
// generate_Ret
if (argv[0]) {
    if (!r2_1.isValid())
        aotContext->setReturnValueUndefined();
    *static_cast<QVariant *>(argv[0]) = std::move(r2_1);
}
return;
}
 },{ 21, 0, [](QV4::ExecutableCompilationUnit *unit, QMetaType *argTypes) {
    struct { QV4::ExecutableCompilationUnit *compilationUnit; } c { unit };
    const auto *aotContext = &c;
    Q_UNUSED(aotContext);
    argTypes[0] = QMetaType::fromType<QVariant>();
}, 
    [](const QQmlPrivate::AOTCompiledContext *aotContext, void **argv) {
Q_UNUSED(aotContext)
Q_UNUSED(argv)
// expression for primary at line 104, column 5
QObject *r2_0;
QVariant r2_1;
// generate_LoadQmlContextPropertyLookup
#ifndef QT_NO_DEBUG
aotContext->setInstructionPointer(2);
#endif
while (!aotContext->loadContextIdLookup(117, &r2_0)) {
#ifdef QT_NO_DEBUG
aotContext->setInstructionPointer(2);
#endif
aotContext->initLoadContextIdLookup(117);
if (aotContext->engine->hasError()) {
aotContext->setReturnValueUndefined();
if (argv[0]) {
    *static_cast<QVariant *>(argv[0]) = QVariant();
}
return;
}
}
{
}
// generate_GetLookup
{
QVariant retrieved;
#ifndef QT_NO_DEBUG
aotContext->setInstructionPointer(4);
#endif
retrieved = QVariant(aotContext->lookupResultMetaType(118));
while (!aotContext->getObjectLookup(118, r2_0, retrieved.data())) {
#ifdef QT_NO_DEBUG
aotContext->setInstructionPointer(4);
#endif
aotContext->initGetObjectLookup(118, r2_0);
if (aotContext->engine->hasError()) {
aotContext->setReturnValueUndefined();
if (argv[0]) {
    *static_cast<QVariant *>(argv[0]) = QVariant();
}
return;
}
retrieved = QVariant(aotContext->lookupResultMetaType(118));
}
r2_1 = std::move(retrieved);
}
{
}
{
}
// generate_Ret
if (argv[0]) {
    if (!r2_1.isValid())
        aotContext->setReturnValueUndefined();
    *static_cast<QVariant *>(argv[0]) = std::move(r2_1);
}
return;
}
 },{ 22, 0, [](QV4::ExecutableCompilationUnit *unit, QMetaType *argTypes) {
    struct { QV4::ExecutableCompilationUnit *compilationUnit; } c { unit };
    const auto *aotContext = &c;
    Q_UNUSED(aotContext);
    argTypes[0] = []() { static const auto t = QMetaType::fromName("QQuickMaterialStyle::Theme"); return t; }();
}, 
    [](const QQmlPrivate::AOTCompiledContext *aotContext, void **argv) {
Q_UNUSED(aotContext)
Q_UNUSED(argv)
// expression for theme at line 105, column 5
bool r2_0;
int r2_1;
// generate_LoadQmlContextPropertyLookup
#ifndef QT_NO_DEBUG
aotContext->setInstructionPointer(2);
#endif
while (!aotContext->loadScopeObjectPropertyLookup(119, &r2_0)) {
#ifdef QT_NO_DEBUG
aotContext->setInstructionPointer(2);
#endif
aotContext->initLoadScopeObjectPropertyLookup(119);
if (aotContext->engine->hasError()) {
aotContext->setReturnValueUndefined();
if (argv[0]) {
    const QMetaType returnType = []() { static const auto t = QMetaType::fromName("QQuickMaterialStyle::Theme"); return t; }();
    returnType.destruct(argv[0]);
    returnType.construct(argv[0]);
 }
return;
}
}
{
}
// generate_JumpFalse
if (!r2_0) {
    goto label_0;
}
{
}
{
}
// generate_GetLookup
#ifndef QT_NO_DEBUG
aotContext->setInstructionPointer(8);
#endif
while (!aotContext->getEnumLookup(121, &r2_1)) {
#ifdef QT_NO_DEBUG
aotContext->setInstructionPointer(8);
#endif
aotContext->initGetEnumLookup(121, []() { static const auto t = QMetaType::fromName("QQuickMaterialStyle*"); return t; }().metaObject(), "Theme", "Dark");
if (aotContext->engine->hasError()) {
aotContext->setReturnValueUndefined();
if (argv[0]) {
    const QMetaType returnType = []() { static const auto t = QMetaType::fromName("QQuickMaterialStyle::Theme"); return t; }();
    returnType.destruct(argv[0]);
    returnType.construct(argv[0]);
 }
return;
}
}
{
}
// generate_Jump
{
    goto label_1;
}
label_0:;
{
}
// generate_GetLookup
#ifndef QT_NO_DEBUG
aotContext->setInstructionPointer(14);
#endif
while (!aotContext->getEnumLookup(123, &r2_1)) {
#ifdef QT_NO_DEBUG
aotContext->setInstructionPointer(14);
#endif
aotContext->initGetEnumLookup(123, []() { static const auto t = QMetaType::fromName("QQuickMaterialStyle*"); return t; }().metaObject(), "Theme", "Light");
if (aotContext->engine->hasError()) {
aotContext->setReturnValueUndefined();
if (argv[0]) {
    const QMetaType returnType = []() { static const auto t = QMetaType::fromName("QQuickMaterialStyle::Theme"); return t; }();
    returnType.destruct(argv[0]);
    returnType.construct(argv[0]);
 }
return;
}
}
{
}
label_1:;
{
}
// generate_Ret
if (argv[0]) {
    const QMetaType returnType = QMetaType::fromType<int>();
    returnType.destruct(argv[0]);
    returnType.construct(argv[0], &r2_1);
}
return;
}
 },{ 24, 0, [](QV4::ExecutableCompilationUnit *unit, QMetaType *argTypes) {
    struct { QV4::ExecutableCompilationUnit *compilationUnit; } c { unit };
    const auto *aotContext = &c;
    Q_UNUSED(aotContext);
    argTypes[0] = []() { static const auto t = QMetaType::fromName("QQuickPopup::ClosePolicy"); return t; }();
}, 
    [](const QQmlPrivate::AOTCompiledContext *aotContext, void **argv) {
Q_UNUSED(aotContext)
Q_UNUSED(argv)
// expression for closePolicy at line 332, column 9
int r2_0;
{
}
// generate_GetLookup
#ifndef QT_NO_DEBUG
aotContext->setInstructionPointer(10);
#endif
while (!aotContext->getEnumLookup(131, &r2_0)) {
#ifdef QT_NO_DEBUG
aotContext->setInstructionPointer(10);
#endif
aotContext->initGetEnumLookup(131, []() { static const auto t = QMetaType::fromName("QQuickPopup*"); return t; }().metaObject(), "ClosePolicyFlag", "NoAutoClose");
if (aotContext->engine->hasError()) {
aotContext->setReturnValueUndefined();
if (argv[0]) {
    const QMetaType returnType = []() { static const auto t = QMetaType::fromName("QQuickPopup::ClosePolicy"); return t; }();
    returnType.destruct(argv[0]);
    returnType.construct(argv[0]);
 }
return;
}
}
{
}
{
}
// generate_Ret
if (argv[0]) {
    const QMetaType returnType = QMetaType::fromType<int>();
    returnType.destruct(argv[0]);
    returnType.construct(argv[0], &r2_0);
}
return;
}
 },{ 25, 0, [](QV4::ExecutableCompilationUnit *unit, QMetaType *argTypes) {
    struct { QV4::ExecutableCompilationUnit *compilationUnit; } c { unit };
    const auto *aotContext = &c;
    Q_UNUSED(aotContext);
    argTypes[0] = []() { static const auto t = QMetaType::fromName("QQuickItem*"); return t; }();
}, 
    [](const QQmlPrivate::AOTCompiledContext *aotContext, void **argv) {
Q_UNUSED(aotContext)
Q_UNUSED(argv)
// expression for centerIn at line 330, column 9
QObject *r2_1;
QObject *r2_0;
// generate_LoadQmlContextPropertyLookup
#ifndef QT_NO_DEBUG
aotContext->setInstructionPointer(5);
#endif
while (!aotContext->loadAttachedLookup(132, aotContext->qmlScopeObject, &r2_0)) {
#ifdef QT_NO_DEBUG
aotContext->setInstructionPointer(5);
#endif
aotContext->initLoadAttachedLookup(132, QQmlPrivate::AOTCompiledContext::InvalidStringId, aotContext->qmlScopeObject);
if (aotContext->engine->hasError()) {
aotContext->setReturnValueUndefined();
if (argv[0]) {
    *static_cast<QObject * *>(argv[0]) = nullptr;
}
return;
}
}
{
}
// generate_GetLookup
#ifndef QT_NO_DEBUG
aotContext->setInstructionPointer(10);
#endif
while (!aotContext->getObjectLookup(133, r2_0, &r2_1)) {
#ifdef QT_NO_DEBUG
aotContext->setInstructionPointer(10);
#endif
aotContext->initGetObjectLookup(133, r2_0);
if (aotContext->engine->hasError()) {
aotContext->setReturnValueUndefined();
if (argv[0]) {
    *static_cast<QObject * *>(argv[0]) = nullptr;
}
return;
}
}
{
}
{
}
// generate_Ret
if (argv[0]) {
    *static_cast<QObject * *>(argv[0]) = r2_1;
}
return;
}
 },{ 26, 0, [](QV4::ExecutableCompilationUnit *unit, QMetaType *argTypes) {
    struct { QV4::ExecutableCompilationUnit *compilationUnit; } c { unit };
    const auto *aotContext = &c;
    Q_UNUSED(aotContext);
    argTypes[0] = []() { static const auto t = QMetaType::fromName("QQuickFileDialog::FileMode"); return t; }();
}, 
    [](const QQmlPrivate::AOTCompiledContext *aotContext, void **argv) {
Q_UNUSED(aotContext)
Q_UNUSED(argv)
// expression for fileMode at line 355, column 9
int r2_0;
{
}
{
}
// generate_GetLookup
#ifndef QT_NO_DEBUG
aotContext->setInstructionPointer(15);
#endif
while (!aotContext->getEnumLookup(136, &r2_0)) {
#ifdef QT_NO_DEBUG
aotContext->setInstructionPointer(15);
#endif
aotContext->initGetEnumLookup(136, []() { static const auto t = QMetaType::fromName("QQuickFileDialog*"); return t; }().metaObject(), "FileMode", "SaveFile");
if (aotContext->engine->hasError()) {
aotContext->setReturnValueUndefined();
if (argv[0]) {
    const QMetaType returnType = []() { static const auto t = QMetaType::fromName("QQuickFileDialog::FileMode"); return t; }();
    returnType.destruct(argv[0]);
    returnType.construct(argv[0]);
 }
return;
}
}
{
}
{
}
// generate_Ret
if (argv[0]) {
    const QMetaType returnType = QMetaType::fromType<int>();
    returnType.destruct(argv[0]);
    returnType.construct(argv[0], &r2_0);
}
return;
}
 },{ 27, 0, [](QV4::ExecutableCompilationUnit *unit, QMetaType *argTypes) {
    struct { QV4::ExecutableCompilationUnit *compilationUnit; } c { unit };
    const auto *aotContext = &c;
    Q_UNUSED(aotContext);
    argTypes[0] = QMetaType::fromType<QStringList>();
}, 
    [](const QQmlPrivate::AOTCompiledContext *aotContext, void **argv) {
Q_UNUSED(aotContext)
Q_UNUSED(argv)
// expression for nameFilters at line 356, column 9
QStringList r2_1;
QString r2_0;
QString r7_0;
// generate_LoadRuntimeString
r2_0 = QStringLiteral("PDF Document (*.pdf)");
{
}
// generate_StoreReg
r7_0 = std::move(r2_0);
{
}
// generate_DefineArray
r2_1 = QStringList{std::move(r7_0)};
{
}
{
}
// generate_Ret
if (argv[0]) {
    *static_cast<QStringList *>(argv[0]) = std::move(r2_1);
}
return;
}
 },{ 30, 0, [](QV4::ExecutableCompilationUnit *unit, QMetaType *argTypes) {
    struct { QV4::ExecutableCompilationUnit *compilationUnit; } c { unit };
    const auto *aotContext = &c;
    Q_UNUSED(aotContext);
    argTypes[0] = QMetaType();
}, 
    [](const QQmlPrivate::AOTCompiledContext *aotContext, void **argv) {
Q_UNUSED(aotContext)
Q_UNUSED(argv)
// onBeginLoadDocument at line 364, column 9
QObject *r7_0;
QObject *r2_0;
// generate_LoadQmlContextPropertyLookup
#ifndef QT_NO_DEBUG
aotContext->setInstructionPointer(5);
#endif
while (!aotContext->loadContextIdLookup(143, &r2_0)) {
#ifdef QT_NO_DEBUG
aotContext->setInstructionPointer(5);
#endif
aotContext->initLoadContextIdLookup(143);
if (aotContext->engine->hasError()) {
aotContext->setReturnValueUndefined();
return;
}
}
{
}
// generate_StoreReg
r7_0 = r2_0;
{
}
// generate_CallPropertyLookup
{
const auto doCall = [&]() {
    void *args[] = {nullptr};
    return aotContext->callObjectPropertyLookup(144, r7_0, args, 0);
};
const auto doInit = [&]() {
    aotContext->initCallObjectPropertyLookup(144, r7_0, 60);
};
#ifndef QT_NO_DEBUG
aotContext->setInstructionPointer(24);
#endif
while (!doCall()) {
#ifdef QT_NO_DEBUG
aotContext->setInstructionPointer(24);
#endif
doInit();
if (aotContext->engine->hasError()) {
aotContext->setReturnValueUndefined();
return;
}
}
}
{
}
{
}
// generate_Ret
return;
}
 },{ 32, 0, [](QV4::ExecutableCompilationUnit *unit, QMetaType *argTypes) {
    struct { QV4::ExecutableCompilationUnit *compilationUnit; } c { unit };
    const auto *aotContext = &c;
    Q_UNUSED(aotContext);
    argTypes[0] = QMetaType();
}, 
    [](const QQmlPrivate::AOTCompiledContext *aotContext, void **argv) {
Q_UNUSED(aotContext)
Q_UNUSED(argv)
// onFileLoaded at line 370, column 9
QObject *r2_0;
QObject *r7_0;
// generate_LoadQmlContextPropertyLookup
#ifndef QT_NO_DEBUG
aotContext->setInstructionPointer(5);
#endif
while (!aotContext->loadContextIdLookup(147, &r2_0)) {
#ifdef QT_NO_DEBUG
aotContext->setInstructionPointer(5);
#endif
aotContext->initLoadContextIdLookup(147);
if (aotContext->engine->hasError()) {
aotContext->setReturnValueUndefined();
return;
}
}
{
}
// generate_StoreReg
r7_0 = r2_0;
{
}
// generate_CallPropertyLookup
{
const auto doCall = [&]() {
    void *args[] = {nullptr};
    return aotContext->callObjectPropertyLookup(148, r7_0, args, 0);
};
const auto doInit = [&]() {
    aotContext->initCallObjectPropertyLookup(148, r7_0, 61);
};
#ifndef QT_NO_DEBUG
aotContext->setInstructionPointer(24);
#endif
while (!doCall()) {
#ifdef QT_NO_DEBUG
aotContext->setInstructionPointer(24);
#endif
doInit();
if (aotContext->engine->hasError()) {
aotContext->setReturnValueUndefined();
return;
}
}
}
{
}
{
}
// generate_Ret
return;
}
 },{ 35, 0, [](QV4::ExecutableCompilationUnit *unit, QMetaType *argTypes) {
    struct { QV4::ExecutableCompilationUnit *compilationUnit; } c { unit };
    const auto *aotContext = &c;
    Q_UNUSED(aotContext);
    argTypes[0] = QMetaType::fromType<QVariant>();
}, 
    [](const QQmlPrivate::AOTCompiledContext *aotContext, void **argv) {
Q_UNUSED(aotContext)
Q_UNUSED(argv)
// expression for soupleEdit at line 394, column 9
QVariant r2_0;
// generate_LoadQmlContextPropertyLookup
{
QObject * retrieved;
#ifndef QT_NO_DEBUG
aotContext->setInstructionPointer(5);
#endif
while (!aotContext->loadContextIdLookup(154, &retrieved)) {
#ifdef QT_NO_DEBUG
aotContext->setInstructionPointer(5);
#endif
aotContext->initLoadContextIdLookup(154);
if (aotContext->engine->hasError()) {
aotContext->setReturnValueUndefined();
if (argv[0]) {
    *static_cast<QVariant *>(argv[0]) = QVariant();
}
return;
}
}
r2_0 = QVariant::fromValue(std::move(retrieved));
}
{
}
{
}
// generate_Ret
if (argv[0]) {
    if (!r2_0.isValid())
        aotContext->setReturnValueUndefined();
    *static_cast<QVariant *>(argv[0]) = std::move(r2_0);
}
return;
}
 },{ 36, 0, [](QV4::ExecutableCompilationUnit *unit, QMetaType *argTypes) {
    struct { QV4::ExecutableCompilationUnit *compilationUnit; } c { unit };
    const auto *aotContext = &c;
    Q_UNUSED(aotContext);
    argTypes[0] = QMetaType();
}, 
    [](const QQmlPrivate::AOTCompiledContext *aotContext, void **argv) {
Q_UNUSED(aotContext)
Q_UNUSED(argv)
// expression for onAccepted at line 423, column 9
// generate_CreateCallContext
{
{
}
{
}
{
}
// generate_PopContext
{}
}
{
}
{
}
// generate_Ret
return;
}
 },{ 40, 0, [](QV4::ExecutableCompilationUnit *unit, QMetaType *argTypes) {
    struct { QV4::ExecutableCompilationUnit *compilationUnit; } c { unit };
    const auto *aotContext = &c;
    Q_UNUSED(aotContext);
    argTypes[0] = []() { static const auto t = QMetaType::fromName("QQuickItem*"); return t; }();
}, 
    [](const QQmlPrivate::AOTCompiledContext *aotContext, void **argv) {
Q_UNUSED(aotContext)
Q_UNUSED(argv)
// expression for parent at line 444, column 9
QObject *r2_0;
QObject *r2_1;
// generate_LoadQmlContextPropertyLookup
#ifndef QT_NO_DEBUG
aotContext->setInstructionPointer(5);
#endif
while (!aotContext->loadAttachedLookup(162, aotContext->qmlScopeObject, &r2_0)) {
#ifdef QT_NO_DEBUG
aotContext->setInstructionPointer(5);
#endif
aotContext->initLoadAttachedLookup(162, QQmlPrivate::AOTCompiledContext::InvalidStringId, aotContext->qmlScopeObject);
if (aotContext->engine->hasError()) {
aotContext->setReturnValueUndefined();
if (argv[0]) {
    *static_cast<QObject * *>(argv[0]) = nullptr;
}
return;
}
}
{
}
// generate_GetLookup
#ifndef QT_NO_DEBUG
aotContext->setInstructionPointer(10);
#endif
while (!aotContext->getObjectLookup(163, r2_0, &r2_1)) {
#ifdef QT_NO_DEBUG
aotContext->setInstructionPointer(10);
#endif
aotContext->initGetObjectLookup(163, r2_0);
if (aotContext->engine->hasError()) {
aotContext->setReturnValueUndefined();
if (argv[0]) {
    *static_cast<QObject * *>(argv[0]) = nullptr;
}
return;
}
}
{
}
{
}
// generate_Ret
if (argv[0]) {
    *static_cast<QObject * *>(argv[0]) = r2_1;
}
return;
}
 },{ 41, 0, [](QV4::ExecutableCompilationUnit *unit, QMetaType *argTypes) {
    struct { QV4::ExecutableCompilationUnit *compilationUnit; } c { unit };
    const auto *aotContext = &c;
    Q_UNUSED(aotContext);
    argTypes[0] = []() { static const auto t = QMetaType::fromName("QQuickItem*"); return t; }();
}, 
    [](const QQmlPrivate::AOTCompiledContext *aotContext, void **argv) {
Q_UNUSED(aotContext)
Q_UNUSED(argv)
// expression for centerIn at line 445, column 9
QObject *r2_0;
// generate_LoadQmlContextPropertyLookup
#ifndef QT_NO_DEBUG
aotContext->setInstructionPointer(5);
#endif
while (!aotContext->loadScopeObjectPropertyLookup(164, &r2_0)) {
#ifdef QT_NO_DEBUG
aotContext->setInstructionPointer(5);
#endif
aotContext->initLoadScopeObjectPropertyLookup(164);
if (aotContext->engine->hasError()) {
aotContext->setReturnValueUndefined();
if (argv[0]) {
    *static_cast<QObject * *>(argv[0]) = nullptr;
}
return;
}
}
{
}
{
}
// generate_Ret
if (argv[0]) {
    *static_cast<QObject * *>(argv[0]) = r2_0;
}
return;
}
 },{ 42, 0, [](QV4::ExecutableCompilationUnit *unit, QMetaType *argTypes) {
    struct { QV4::ExecutableCompilationUnit *compilationUnit; } c { unit };
    const auto *aotContext = &c;
    Q_UNUSED(aotContext);
    argTypes[0] = []() { static const auto t = QMetaType::fromName("QQuickItem*"); return t; }();
}, 
    [](const QQmlPrivate::AOTCompiledContext *aotContext, void **argv) {
Q_UNUSED(aotContext)
Q_UNUSED(argv)
// expression for fill at line 487, column 9
QObject *r2_0;
// generate_LoadQmlContextPropertyLookup
#ifndef QT_NO_DEBUG
aotContext->setInstructionPointer(5);
#endif
while (!aotContext->loadScopeObjectPropertyLookup(165, &r2_0)) {
#ifdef QT_NO_DEBUG
aotContext->setInstructionPointer(5);
#endif
aotContext->initLoadScopeObjectPropertyLookup(165);
if (aotContext->engine->hasError()) {
aotContext->setReturnValueUndefined();
if (argv[0]) {
    *static_cast<QObject * *>(argv[0]) = nullptr;
}
return;
}
}
{
}
{
}
// generate_Ret
if (argv[0]) {
    *static_cast<QObject * *>(argv[0]) = r2_0;
}
return;
}
 },{ 47, 0, [](QV4::ExecutableCompilationUnit *unit, QMetaType *argTypes) {
    struct { QV4::ExecutableCompilationUnit *compilationUnit; } c { unit };
    const auto *aotContext = &c;
    Q_UNUSED(aotContext);
    argTypes[0] = []() { static const auto t = QMetaType::fromName("QColor"); return t; }();
}, 
    [](const QQmlPrivate::AOTCompiledContext *aotContext, void **argv) {
Q_UNUSED(aotContext)
Q_UNUSED(argv)
// expression for color at line 509, column 9
QVariant r2_1;
QObject *r2_0;
// generate_LoadQmlContextPropertyLookup
#ifndef QT_NO_DEBUG
aotContext->setInstructionPointer(5);
#endif
while (!aotContext->loadContextIdLookup(170, &r2_0)) {
#ifdef QT_NO_DEBUG
aotContext->setInstructionPointer(5);
#endif
aotContext->initLoadContextIdLookup(170);
if (aotContext->engine->hasError()) {
aotContext->setReturnValueUndefined();
if (argv[0]) {
    const QMetaType returnType = []() { static const auto t = QMetaType::fromName("QColor"); return t; }();
    returnType.destruct(argv[0]);
    returnType.construct(argv[0]);
 }
return;
}
}
{
}
// generate_GetLookup
#ifndef QT_NO_DEBUG
aotContext->setInstructionPointer(10);
#endif
r2_1 = QVariant(aotContext->lookupResultMetaType(171));
while (!aotContext->getObjectLookup(171, r2_0, r2_1.data())) {
#ifdef QT_NO_DEBUG
aotContext->setInstructionPointer(10);
#endif
aotContext->initGetObjectLookup(171, r2_0);
if (aotContext->engine->hasError()) {
aotContext->setReturnValueUndefined();
if (argv[0]) {
    const QMetaType returnType = []() { static const auto t = QMetaType::fromName("QColor"); return t; }();
    returnType.destruct(argv[0]);
    returnType.construct(argv[0]);
 }
return;
}
r2_1 = QVariant(aotContext->lookupResultMetaType(171));
}
{
}
{
}
// generate_Ret
if (argv[0]) {
    if (!r2_1.isValid())
        aotContext->setReturnValueUndefined();
    const QMetaType returnType = r2_1.metaType();
    returnType.destruct(argv[0]);
    returnType.construct(argv[0], r2_1.data());
}
return;
}
 },{ 48, 0, [](QV4::ExecutableCompilationUnit *unit, QMetaType *argTypes) {
    struct { QV4::ExecutableCompilationUnit *compilationUnit; } c { unit };
    const auto *aotContext = &c;
    Q_UNUSED(aotContext);
    argTypes[0] = []() { static const auto t = QMetaType::fromName("QQuickItem*"); return t; }();
}, 
    [](const QQmlPrivate::AOTCompiledContext *aotContext, void **argv) {
Q_UNUSED(aotContext)
Q_UNUSED(argv)
// expression for fill at line 504, column 9
QObject *r2_0;
// generate_LoadQmlContextPropertyLookup
#ifndef QT_NO_DEBUG
aotContext->setInstructionPointer(5);
#endif
while (!aotContext->loadScopeObjectPropertyLookup(172, &r2_0)) {
#ifdef QT_NO_DEBUG
aotContext->setInstructionPointer(5);
#endif
aotContext->initLoadScopeObjectPropertyLookup(172);
if (aotContext->engine->hasError()) {
aotContext->setReturnValueUndefined();
if (argv[0]) {
    *static_cast<QObject * *>(argv[0]) = nullptr;
}
return;
}
}
{
}
{
}
// generate_Ret
if (argv[0]) {
    *static_cast<QObject * *>(argv[0]) = r2_0;
}
return;
}
 },{ 53, 0, [](QV4::ExecutableCompilationUnit *unit, QMetaType *argTypes) {
    struct { QV4::ExecutableCompilationUnit *compilationUnit; } c { unit };
    const auto *aotContext = &c;
    Q_UNUSED(aotContext);
    argTypes[0] = []() { static const auto t = QMetaType::fromName("QQuickItem*"); return t; }();
}, 
    [](const QQmlPrivate::AOTCompiledContext *aotContext, void **argv) {
Q_UNUSED(aotContext)
Q_UNUSED(argv)
// expression for fill at line 516, column 9
QObject *r2_0;
// generate_LoadQmlContextPropertyLookup
#ifndef QT_NO_DEBUG
aotContext->setInstructionPointer(5);
#endif
while (!aotContext->loadScopeObjectPropertyLookup(181, &r2_0)) {
#ifdef QT_NO_DEBUG
aotContext->setInstructionPointer(5);
#endif
aotContext->initLoadScopeObjectPropertyLookup(181);
if (aotContext->engine->hasError()) {
aotContext->setReturnValueUndefined();
if (argv[0]) {
    *static_cast<QObject * *>(argv[0]) = nullptr;
}
return;
}
}
{
}
{
}
// generate_Ret
if (argv[0]) {
    *static_cast<QObject * *>(argv[0]) = r2_0;
}
return;
}
 },{ 58, 0, [](QV4::ExecutableCompilationUnit *unit, QMetaType *argTypes) {
    struct { QV4::ExecutableCompilationUnit *compilationUnit; } c { unit };
    const auto *aotContext = &c;
    Q_UNUSED(aotContext);
    argTypes[0] = QMetaType::fromType<QObject *>();
}, 
    [](const QQmlPrivate::AOTCompiledContext *aotContext, void **argv) {
Q_UNUSED(aotContext)
Q_UNUSED(argv)
// expression for target at line 536, column 21
QObject *r2_0;
// generate_LoadQmlContextPropertyLookup
#ifndef QT_NO_DEBUG
aotContext->setInstructionPointer(5);
#endif
while (!aotContext->loadContextIdLookup(188, &r2_0)) {
#ifdef QT_NO_DEBUG
aotContext->setInstructionPointer(5);
#endif
aotContext->initLoadContextIdLookup(188);
if (aotContext->engine->hasError()) {
aotContext->setReturnValueUndefined();
if (argv[0]) {
    *static_cast<QObject * *>(argv[0]) = nullptr;
}
return;
}
}
{
}
{
}
// generate_Ret
if (argv[0]) {
    *static_cast<QObject * *>(argv[0]) = r2_0;
}
return;
}
 },{ 60, 0, [](QV4::ExecutableCompilationUnit *unit, QMetaType *argTypes) {
    struct { QV4::ExecutableCompilationUnit *compilationUnit; } c { unit };
    const auto *aotContext = &c;
    Q_UNUSED(aotContext);
    argTypes[0] = QMetaType::fromType<QVariant>();
}, 
    [](const QQmlPrivate::AOTCompiledContext *aotContext, void **argv) {
Q_UNUSED(aotContext)
Q_UNUSED(argv)
// expression for background at line 545, column 32
QVariant r2_1;
QObject *r2_0;
// generate_LoadQmlContextPropertyLookup
#ifndef QT_NO_DEBUG
aotContext->setInstructionPointer(5);
#endif
while (!aotContext->loadContextIdLookup(198, &r2_0)) {
#ifdef QT_NO_DEBUG
aotContext->setInstructionPointer(5);
#endif
aotContext->initLoadContextIdLookup(198);
if (aotContext->engine->hasError()) {
aotContext->setReturnValueUndefined();
if (argv[0]) {
    *static_cast<QVariant *>(argv[0]) = QVariant();
}
return;
}
}
{
}
// generate_GetLookup
{
QVariant retrieved;
#ifndef QT_NO_DEBUG
aotContext->setInstructionPointer(10);
#endif
retrieved = QVariant(aotContext->lookupResultMetaType(199));
while (!aotContext->getObjectLookup(199, r2_0, retrieved.data())) {
#ifdef QT_NO_DEBUG
aotContext->setInstructionPointer(10);
#endif
aotContext->initGetObjectLookup(199, r2_0);
if (aotContext->engine->hasError()) {
aotContext->setReturnValueUndefined();
if (argv[0]) {
    *static_cast<QVariant *>(argv[0]) = QVariant();
}
return;
}
retrieved = QVariant(aotContext->lookupResultMetaType(199));
}
r2_1 = std::move(retrieved);
}
{
}
{
}
// generate_Ret
if (argv[0]) {
    if (!r2_1.isValid())
        aotContext->setReturnValueUndefined();
    *static_cast<QVariant *>(argv[0]) = std::move(r2_1);
}
return;
}
 },{ 63, 1, [](QV4::ExecutableCompilationUnit *unit, QMetaType *argTypes) {
    struct { QV4::ExecutableCompilationUnit *compilationUnit; } c { unit };
    const auto *aotContext = &c;
    Q_UNUSED(aotContext);
    argTypes[0] = QMetaType();
    argTypes[1] = QMetaType::fromType<QObject *>();
}, 
    [](const QQmlPrivate::AOTCompiledContext *aotContext, void **argv) {
Q_UNUSED(aotContext)
Q_UNUSED(argv)
// expression for onTriggered at line 578, column 33
QObject *r7_0;
QObject *r2_0;
// generate_CreateCallContext
{
{
}
// generate_LoadQmlContextPropertyLookup
#ifndef QT_NO_DEBUG
aotContext->setInstructionPointer(6);
#endif
while (!aotContext->loadContextIdLookup(228, &r2_0)) {
#ifdef QT_NO_DEBUG
aotContext->setInstructionPointer(6);
#endif
aotContext->initLoadContextIdLookup(228);
if (aotContext->engine->hasError()) {
aotContext->setReturnValueUndefined();
return;
}
}
{
}
// generate_StoreReg
r7_0 = r2_0;
{
}
// generate_CallPropertyLookup
{
const auto doCall = [&]() {
    void *args[] = {nullptr};
    return aotContext->callObjectPropertyLookup(229, r7_0, args, 0);
};
const auto doInit = [&]() {
    aotContext->initCallObjectPropertyLookup(229, r7_0, 8);
};
#ifndef QT_NO_DEBUG
aotContext->setInstructionPointer(25);
#endif
while (!doCall()) {
#ifdef QT_NO_DEBUG
aotContext->setInstructionPointer(25);
#endif
doInit();
if (aotContext->engine->hasError()) {
aotContext->setReturnValueUndefined();
return;
}
}
}
{
}
{
}
// generate_PopContext
{}
}
{
}
{
}
// generate_Ret
return;
}
 },{ 69, 0, [](QV4::ExecutableCompilationUnit *unit, QMetaType *argTypes) {
    struct { QV4::ExecutableCompilationUnit *compilationUnit; } c { unit };
    const auto *aotContext = &c;
    Q_UNUSED(aotContext);
    argTypes[0] = []() { static const auto t = QMetaType::fromName("QColor"); return t; }();
}, 
    [](const QQmlPrivate::AOTCompiledContext *aotContext, void **argv) {
Q_UNUSED(aotContext)
Q_UNUSED(argv)
// expression for color at line 700, column 25
QObject *r2_0;
QVariant r2_1;
// generate_LoadQmlContextPropertyLookup
#ifndef QT_NO_DEBUG
aotContext->setInstructionPointer(5);
#endif
while (!aotContext->loadContextIdLookup(240, &r2_0)) {
#ifdef QT_NO_DEBUG
aotContext->setInstructionPointer(5);
#endif
aotContext->initLoadContextIdLookup(240);
if (aotContext->engine->hasError()) {
aotContext->setReturnValueUndefined();
if (argv[0]) {
    const QMetaType returnType = []() { static const auto t = QMetaType::fromName("QColor"); return t; }();
    returnType.destruct(argv[0]);
    returnType.construct(argv[0]);
 }
return;
}
}
{
}
// generate_GetLookup
#ifndef QT_NO_DEBUG
aotContext->setInstructionPointer(10);
#endif
r2_1 = QVariant(aotContext->lookupResultMetaType(241));
while (!aotContext->getObjectLookup(241, r2_0, r2_1.data())) {
#ifdef QT_NO_DEBUG
aotContext->setInstructionPointer(10);
#endif
aotContext->initGetObjectLookup(241, r2_0);
if (aotContext->engine->hasError()) {
aotContext->setReturnValueUndefined();
if (argv[0]) {
    const QMetaType returnType = []() { static const auto t = QMetaType::fromName("QColor"); return t; }();
    returnType.destruct(argv[0]);
    returnType.construct(argv[0]);
 }
return;
}
r2_1 = QVariant(aotContext->lookupResultMetaType(241));
}
{
}
{
}
// generate_Ret
if (argv[0]) {
    if (!r2_1.isValid())
        aotContext->setReturnValueUndefined();
    const QMetaType returnType = r2_1.metaType();
    returnType.destruct(argv[0]);
    returnType.construct(argv[0], r2_1.data());
}
return;
}
 },{ 70, 0, [](QV4::ExecutableCompilationUnit *unit, QMetaType *argTypes) {
    struct { QV4::ExecutableCompilationUnit *compilationUnit; } c { unit };
    const auto *aotContext = &c;
    Q_UNUSED(aotContext);
    argTypes[0] = []() { static const auto t = QMetaType::fromName("Qt::Alignment"); return t; }();
}, 
    [](const QQmlPrivate::AOTCompiledContext *aotContext, void **argv) {
Q_UNUSED(aotContext)
Q_UNUSED(argv)
// expression for alignment at line 699, column 25
int r2_0;
{
}
// generate_GetLookup
#ifndef QT_NO_DEBUG
aotContext->setInstructionPointer(10);
#endif
while (!aotContext->getEnumLookup(243, &r2_0)) {
#ifdef QT_NO_DEBUG
aotContext->setInstructionPointer(10);
#endif
aotContext->initGetEnumLookup(243, []() { static const auto t = QMetaType::fromName("Qt"); return t; }().metaObject(), "AlignmentFlag", "AlignVCenter");
if (aotContext->engine->hasError()) {
aotContext->setReturnValueUndefined();
if (argv[0]) {
    const QMetaType returnType = []() { static const auto t = QMetaType::fromName("Qt::Alignment"); return t; }();
    returnType.destruct(argv[0]);
    returnType.construct(argv[0]);
 }
return;
}
}
{
}
{
}
// generate_Ret
if (argv[0]) {
    const QMetaType returnType = QMetaType::fromType<int>();
    returnType.destruct(argv[0]);
    returnType.construct(argv[0], &r2_0);
}
return;
}
 },{ 75, 0, [](QV4::ExecutableCompilationUnit *unit, QMetaType *argTypes) {
    struct { QV4::ExecutableCompilationUnit *compilationUnit; } c { unit };
    const auto *aotContext = &c;
    Q_UNUSED(aotContext);
    argTypes[0] = []() { static const auto t = QMetaType::fromName("QColor"); return t; }();
}, 
    [](const QQmlPrivate::AOTCompiledContext *aotContext, void **argv) {
Q_UNUSED(aotContext)
Q_UNUSED(argv)
// expression for color at line 729, column 25
QVariant r2_1;
QObject *r2_0;
// generate_LoadQmlContextPropertyLookup
#ifndef QT_NO_DEBUG
aotContext->setInstructionPointer(5);
#endif
while (!aotContext->loadContextIdLookup(250, &r2_0)) {
#ifdef QT_NO_DEBUG
aotContext->setInstructionPointer(5);
#endif
aotContext->initLoadContextIdLookup(250);
if (aotContext->engine->hasError()) {
aotContext->setReturnValueUndefined();
if (argv[0]) {
    const QMetaType returnType = []() { static const auto t = QMetaType::fromName("QColor"); return t; }();
    returnType.destruct(argv[0]);
    returnType.construct(argv[0]);
 }
return;
}
}
{
}
// generate_GetLookup
#ifndef QT_NO_DEBUG
aotContext->setInstructionPointer(10);
#endif
r2_1 = QVariant(aotContext->lookupResultMetaType(251));
while (!aotContext->getObjectLookup(251, r2_0, r2_1.data())) {
#ifdef QT_NO_DEBUG
aotContext->setInstructionPointer(10);
#endif
aotContext->initGetObjectLookup(251, r2_0);
if (aotContext->engine->hasError()) {
aotContext->setReturnValueUndefined();
if (argv[0]) {
    const QMetaType returnType = []() { static const auto t = QMetaType::fromName("QColor"); return t; }();
    returnType.destruct(argv[0]);
    returnType.construct(argv[0]);
 }
return;
}
r2_1 = QVariant(aotContext->lookupResultMetaType(251));
}
{
}
{
}
// generate_Ret
if (argv[0]) {
    if (!r2_1.isValid())
        aotContext->setReturnValueUndefined();
    const QMetaType returnType = r2_1.metaType();
    returnType.destruct(argv[0]);
    returnType.construct(argv[0], r2_1.data());
}
return;
}
 },{ 76, 0, [](QV4::ExecutableCompilationUnit *unit, QMetaType *argTypes) {
    struct { QV4::ExecutableCompilationUnit *compilationUnit; } c { unit };
    const auto *aotContext = &c;
    Q_UNUSED(aotContext);
    argTypes[0] = []() { static const auto t = QMetaType::fromName("Qt::Alignment"); return t; }();
}, 
    [](const QQmlPrivate::AOTCompiledContext *aotContext, void **argv) {
Q_UNUSED(aotContext)
Q_UNUSED(argv)
// expression for alignment at line 728, column 25
int r2_0;
{
}
// generate_GetLookup
#ifndef QT_NO_DEBUG
aotContext->setInstructionPointer(10);
#endif
while (!aotContext->getEnumLookup(253, &r2_0)) {
#ifdef QT_NO_DEBUG
aotContext->setInstructionPointer(10);
#endif
aotContext->initGetEnumLookup(253, []() { static const auto t = QMetaType::fromName("Qt"); return t; }().metaObject(), "AlignmentFlag", "AlignVCenter");
if (aotContext->engine->hasError()) {
aotContext->setReturnValueUndefined();
if (argv[0]) {
    const QMetaType returnType = []() { static const auto t = QMetaType::fromName("Qt::Alignment"); return t; }();
    returnType.destruct(argv[0]);
    returnType.construct(argv[0]);
 }
return;
}
}
{
}
{
}
// generate_Ret
if (argv[0]) {
    const QMetaType returnType = QMetaType::fromType<int>();
    returnType.destruct(argv[0]);
    returnType.construct(argv[0], &r2_0);
}
return;
}
 },{ 77, 0, [](QV4::ExecutableCompilationUnit *unit, QMetaType *argTypes) {
    struct { QV4::ExecutableCompilationUnit *compilationUnit; } c { unit };
    const auto *aotContext = &c;
    Q_UNUSED(aotContext);
    argTypes[0] = []() { static const auto t = QMetaType::fromName("Qt::Alignment"); return t; }();
}, 
    [](const QQmlPrivate::AOTCompiledContext *aotContext, void **argv) {
Q_UNUSED(aotContext)
Q_UNUSED(argv)
// expression for alignment at line 739, column 25
int r2_0;
{
}
// generate_GetLookup
#ifndef QT_NO_DEBUG
aotContext->setInstructionPointer(10);
#endif
while (!aotContext->getEnumLookup(255, &r2_0)) {
#ifdef QT_NO_DEBUG
aotContext->setInstructionPointer(10);
#endif
aotContext->initGetEnumLookup(255, []() { static const auto t = QMetaType::fromName("Qt"); return t; }().metaObject(), "AlignmentFlag", "AlignBottom");
if (aotContext->engine->hasError()) {
aotContext->setReturnValueUndefined();
if (argv[0]) {
    const QMetaType returnType = []() { static const auto t = QMetaType::fromName("Qt::Alignment"); return t; }();
    returnType.destruct(argv[0]);
    returnType.construct(argv[0]);
 }
return;
}
}
{
}
{
}
// generate_Ret
if (argv[0]) {
    const QMetaType returnType = QMetaType::fromType<int>();
    returnType.destruct(argv[0]);
    returnType.construct(argv[0], &r2_0);
}
return;
}
 },{ 78, 0, [](QV4::ExecutableCompilationUnit *unit, QMetaType *argTypes) {
    struct { QV4::ExecutableCompilationUnit *compilationUnit; } c { unit };
    const auto *aotContext = &c;
    Q_UNUSED(aotContext);
    argTypes[0] = QMetaType::fromType<QVariant>();
}, 
    [](const QQmlPrivate::AOTCompiledContext *aotContext, void **argv) {
Q_UNUSED(aotContext)
Q_UNUSED(argv)
// expression for accent at line 741, column 25
QVariant r2_1;
QObject *r2_0;
// generate_LoadQmlContextPropertyLookup
#ifndef QT_NO_DEBUG
aotContext->setInstructionPointer(5);
#endif
while (!aotContext->loadContextIdLookup(256, &r2_0)) {
#ifdef QT_NO_DEBUG
aotContext->setInstructionPointer(5);
#endif
aotContext->initLoadContextIdLookup(256);
if (aotContext->engine->hasError()) {
aotContext->setReturnValueUndefined();
if (argv[0]) {
    *static_cast<QVariant *>(argv[0]) = QVariant();
}
return;
}
}
{
}
// generate_GetLookup
{
QVariant retrieved;
#ifndef QT_NO_DEBUG
aotContext->setInstructionPointer(10);
#endif
retrieved = QVariant(aotContext->lookupResultMetaType(257));
while (!aotContext->getObjectLookup(257, r2_0, retrieved.data())) {
#ifdef QT_NO_DEBUG
aotContext->setInstructionPointer(10);
#endif
aotContext->initGetObjectLookup(257, r2_0);
if (aotContext->engine->hasError()) {
aotContext->setReturnValueUndefined();
if (argv[0]) {
    *static_cast<QVariant *>(argv[0]) = QVariant();
}
return;
}
retrieved = QVariant(aotContext->lookupResultMetaType(257));
}
r2_1 = std::move(retrieved);
}
{
}
{
}
// generate_Ret
if (argv[0]) {
    if (!r2_1.isValid())
        aotContext->setReturnValueUndefined();
    *static_cast<QVariant *>(argv[0]) = std::move(r2_1);
}
return;
}
 },{ 79, 0, [](QV4::ExecutableCompilationUnit *unit, QMetaType *argTypes) {
    struct { QV4::ExecutableCompilationUnit *compilationUnit; } c { unit };
    const auto *aotContext = &c;
    Q_UNUSED(aotContext);
    argTypes[0] = []() { static const auto t = QMetaType::fromName("QColor"); return t; }();
}, 
    [](const QQmlPrivate::AOTCompiledContext *aotContext, void **argv) {
Q_UNUSED(aotContext)
Q_UNUSED(argv)
// expression for color at line 778, column 21
QObject *r2_0;
QVariant r2_1;
// generate_LoadQmlContextPropertyLookup
#ifndef QT_NO_DEBUG
aotContext->setInstructionPointer(5);
#endif
while (!aotContext->loadContextIdLookup(258, &r2_0)) {
#ifdef QT_NO_DEBUG
aotContext->setInstructionPointer(5);
#endif
aotContext->initLoadContextIdLookup(258);
if (aotContext->engine->hasError()) {
aotContext->setReturnValueUndefined();
if (argv[0]) {
    const QMetaType returnType = []() { static const auto t = QMetaType::fromName("QColor"); return t; }();
    returnType.destruct(argv[0]);
    returnType.construct(argv[0]);
 }
return;
}
}
{
}
// generate_GetLookup
#ifndef QT_NO_DEBUG
aotContext->setInstructionPointer(10);
#endif
r2_1 = QVariant(aotContext->lookupResultMetaType(259));
while (!aotContext->getObjectLookup(259, r2_0, r2_1.data())) {
#ifdef QT_NO_DEBUG
aotContext->setInstructionPointer(10);
#endif
aotContext->initGetObjectLookup(259, r2_0);
if (aotContext->engine->hasError()) {
aotContext->setReturnValueUndefined();
if (argv[0]) {
    const QMetaType returnType = []() { static const auto t = QMetaType::fromName("QColor"); return t; }();
    returnType.destruct(argv[0]);
    returnType.construct(argv[0]);
 }
return;
}
r2_1 = QVariant(aotContext->lookupResultMetaType(259));
}
{
}
{
}
// generate_Ret
if (argv[0]) {
    if (!r2_1.isValid())
        aotContext->setReturnValueUndefined();
    const QMetaType returnType = r2_1.metaType();
    returnType.destruct(argv[0]);
    returnType.construct(argv[0], r2_1.data());
}
return;
}
 },{ 80, 0, [](QV4::ExecutableCompilationUnit *unit, QMetaType *argTypes) {
    struct { QV4::ExecutableCompilationUnit *compilationUnit; } c { unit };
    const auto *aotContext = &c;
    Q_UNUSED(aotContext);
    argTypes[0] = QMetaType::fromType<int>();
}, 
    [](const QQmlPrivate::AOTCompiledContext *aotContext, void **argv) {
Q_UNUSED(aotContext)
Q_UNUSED(argv)
// expression for currentIndex at line 788, column 25
QObject *r2_0;
int r2_1;
// generate_LoadQmlContextPropertyLookup
#ifndef QT_NO_DEBUG
aotContext->setInstructionPointer(5);
#endif
while (!aotContext->loadContextIdLookup(260, &r2_0)) {
#ifdef QT_NO_DEBUG
aotContext->setInstructionPointer(5);
#endif
aotContext->initLoadContextIdLookup(260);
if (aotContext->engine->hasError()) {
aotContext->setReturnValueUndefined();
if (argv[0]) {
    *static_cast<int *>(argv[0]) = int();
}
return;
}
}
{
}
// generate_GetLookup
#ifndef QT_NO_DEBUG
aotContext->setInstructionPointer(10);
#endif
while (!aotContext->getObjectLookup(261, r2_0, &r2_1)) {
#ifdef QT_NO_DEBUG
aotContext->setInstructionPointer(10);
#endif
aotContext->initGetObjectLookup(261, r2_0);
if (aotContext->engine->hasError()) {
aotContext->setReturnValueUndefined();
if (argv[0]) {
    *static_cast<int *>(argv[0]) = int();
}
return;
}
}
{
}
{
}
// generate_Ret
if (argv[0]) {
    *static_cast<int *>(argv[0]) = r2_1;
}
return;
}
 },{ 81, 0, [](QV4::ExecutableCompilationUnit *unit, QMetaType *argTypes) {
    struct { QV4::ExecutableCompilationUnit *compilationUnit; } c { unit };
    const auto *aotContext = &c;
    Q_UNUSED(aotContext);
    argTypes[0] = QMetaType::fromType<double>();
}, 
    [](const QQmlPrivate::AOTCompiledContext *aotContext, void **argv) {
Q_UNUSED(aotContext)
Q_UNUSED(argv)
// expression for dynamic_spacing at line 789, column 25
double r2_1;
double r11_0;
double r12_0;
double r2_0;
double r10_0;
{
}
{
}
// generate_LoadQmlContextPropertyLookup
#ifndef QT_NO_DEBUG
aotContext->setInstructionPointer(12);
#endif
while (!aotContext->loadScopeObjectPropertyLookup(263, &r2_0)) {
#ifdef QT_NO_DEBUG
aotContext->setInstructionPointer(12);
#endif
aotContext->initLoadScopeObjectPropertyLookup(263);
if (aotContext->engine->hasError()) {
aotContext->setReturnValueUndefined();
if (argv[0]) {
    *static_cast<double *>(argv[0]) = double();
}
return;
}
}
{
}
// generate_StoreReg
r12_0 = r2_0;
{
}
// generate_LoadConst
r2_1 = 0.00800000000000000;
{
}
// generate_Mul
r2_1 = (r12_0 * r2_1);
{
}
// generate_StoreReg
r10_0 = r2_1;
{
}
// generate_MoveConst
r11_0 = double(8);
{
}
// generate_CallPropertyLookup
{
const double arg1 = r10_0;
const double arg2 = r11_0;
r2_1 = [&]() { 
auto  tmpMin = (qIsNull(arg2) && qIsNull(arg1) && std::copysign(1.0, arg2) == -1) ? arg2 : ((arg2 < arg1 || std::isnan(arg2)) ? arg2 : arg1);
return tmpMin;
}();
}
{
}
{
}
// generate_Ret
if (argv[0]) {
    *static_cast<double *>(argv[0]) = r2_1;
}
return;
}
 },{ 82, 0, [](QV4::ExecutableCompilationUnit *unit, QMetaType *argTypes) {
    struct { QV4::ExecutableCompilationUnit *compilationUnit; } c { unit };
    const auto *aotContext = &c;
    Q_UNUSED(aotContext);
    argTypes[0] = QMetaType();
}, 
    [](const QQmlPrivate::AOTCompiledContext *aotContext, void **argv) {
Q_UNUSED(aotContext)
Q_UNUSED(argv)
// expression for onCurrentIndexChanged at line 799, column 25
QObject *r7_0;
QObject *r2_0;
// generate_CreateCallContext
{
{
}
// generate_LoadQmlContextPropertyLookup
#ifndef QT_NO_DEBUG
aotContext->setInstructionPointer(6);
#endif
while (!aotContext->loadContextIdLookup(265, &r2_0)) {
#ifdef QT_NO_DEBUG
aotContext->setInstructionPointer(6);
#endif
aotContext->initLoadContextIdLookup(265);
if (aotContext->engine->hasError()) {
aotContext->setReturnValueUndefined();
return;
}
}
{
}
// generate_StoreReg
r7_0 = r2_0;
{
}
// generate_CallPropertyLookup
{
const auto doCall = [&]() {
    void *args[] = {nullptr};
    return aotContext->callObjectPropertyLookup(266, r7_0, args, 0);
};
const auto doInit = [&]() {
    aotContext->initCallObjectPropertyLookup(266, r7_0, 8);
};
#ifndef QT_NO_DEBUG
aotContext->setInstructionPointer(25);
#endif
while (!doCall()) {
#ifdef QT_NO_DEBUG
aotContext->setInstructionPointer(25);
#endif
doInit();
if (aotContext->engine->hasError()) {
aotContext->setReturnValueUndefined();
return;
}
}
}
{
}
{
}
// generate_PopContext
{}
}
{
}
{
}
// generate_Ret
return;
}
 },{ 83, 0, [](QV4::ExecutableCompilationUnit *unit, QMetaType *argTypes) {
    struct { QV4::ExecutableCompilationUnit *compilationUnit; } c { unit };
    const auto *aotContext = &c;
    Q_UNUSED(aotContext);
    argTypes[0] = []() { static const auto t = QMetaType::fromName("QQuickItem*"); return t; }();
}, 
    [](const QQmlPrivate::AOTCompiledContext *aotContext, void **argv) {
Q_UNUSED(aotContext)
Q_UNUSED(argv)
// expression for fill at line 787, column 25
QObject *r2_0;
// generate_LoadQmlContextPropertyLookup
#ifndef QT_NO_DEBUG
aotContext->setInstructionPointer(5);
#endif
while (!aotContext->loadScopeObjectPropertyLookup(267, &r2_0)) {
#ifdef QT_NO_DEBUG
aotContext->setInstructionPointer(5);
#endif
aotContext->initLoadScopeObjectPropertyLookup(267);
if (aotContext->engine->hasError()) {
aotContext->setReturnValueUndefined();
if (argv[0]) {
    *static_cast<QObject * *>(argv[0]) = nullptr;
}
return;
}
}
{
}
{
}
// generate_Ret
if (argv[0]) {
    *static_cast<QObject * *>(argv[0]) = r2_0;
}
return;
}
 },{ 84, 0, [](QV4::ExecutableCompilationUnit *unit, QMetaType *argTypes) {
    struct { QV4::ExecutableCompilationUnit *compilationUnit; } c { unit };
    const auto *aotContext = &c;
    Q_UNUSED(aotContext);
    argTypes[0] = QMetaType::fromType<double>();
}, 
    [](const QQmlPrivate::AOTCompiledContext *aotContext, void **argv) {
Q_UNUSED(aotContext)
Q_UNUSED(argv)
// expression for to at line 792, column 40
double r12_0;
double r2_2;
QObject *r2_0;
double r11_0;
double r2_1;
double r10_0;
{
}
{
}
// generate_LoadQmlContextPropertyLookup
#ifndef QT_NO_DEBUG
aotContext->setInstructionPointer(12);
#endif
while (!aotContext->loadContextIdLookup(269, &r2_0)) {
#ifdef QT_NO_DEBUG
aotContext->setInstructionPointer(12);
#endif
aotContext->initLoadContextIdLookup(269);
if (aotContext->engine->hasError()) {
aotContext->setReturnValueUndefined();
if (argv[0]) {
    *static_cast<double *>(argv[0]) = double();
}
return;
}
}
{
}
// generate_GetLookup
#ifndef QT_NO_DEBUG
aotContext->setInstructionPointer(17);
#endif
while (!aotContext->getObjectLookup(270, r2_0, &r2_1)) {
#ifdef QT_NO_DEBUG
aotContext->setInstructionPointer(17);
#endif
aotContext->initGetObjectLookup(270, r2_0);
if (aotContext->engine->hasError()) {
aotContext->setReturnValueUndefined();
if (argv[0]) {
    *static_cast<double *>(argv[0]) = double();
}
return;
}
}
{
}
// generate_StoreReg
r12_0 = r2_1;
{
}
// generate_LoadConst
r2_2 = 0.01000000000000000;
{
}
// generate_Mul
r2_2 = (r12_0 * r2_2);
{
}
// generate_StoreReg
r10_0 = r2_2;
{
}
// generate_MoveConst
r11_0 = double(15);
{
}
// generate_CallPropertyLookup
{
const double arg1 = r10_0;
const double arg2 = r11_0;
r2_2 = [&]() { 
auto  tmpMin = (qIsNull(arg2) && qIsNull(arg1) && std::copysign(1.0, arg2) == -1) ? arg2 : ((arg2 < arg1 || std::isnan(arg2)) ? arg2 : arg1);
return tmpMin;
}();
}
{
}
{
}
// generate_Ret
if (argv[0]) {
    *static_cast<double *>(argv[0]) = r2_2;
}
return;
}
 },{ 87, 0, [](QV4::ExecutableCompilationUnit *unit, QMetaType *argTypes) {
    struct { QV4::ExecutableCompilationUnit *compilationUnit; } c { unit };
    const auto *aotContext = &c;
    Q_UNUSED(aotContext);
    argTypes[0] = []() { static const auto t = QMetaType::fromName("QQmlEasingEnums::Type"); return t; }();
}, 
    [](const QQmlPrivate::AOTCompiledContext *aotContext, void **argv) {
Q_UNUSED(aotContext)
Q_UNUSED(argv)
// expression for type at line 793, column 44
int r2_0;
{
}
// generate_GetLookup
#ifndef QT_NO_DEBUG
aotContext->setInstructionPointer(10);
#endif
while (!aotContext->getEnumLookup(281, &r2_0)) {
#ifdef QT_NO_DEBUG
aotContext->setInstructionPointer(10);
#endif
aotContext->initGetEnumLookup(281, []() { static const auto t = QMetaType::fromName("QQmlEasingEnums"); return t; }().metaObject(), "Type", "InOutQuad");
if (aotContext->engine->hasError()) {
aotContext->setReturnValueUndefined();
if (argv[0]) {
    const QMetaType returnType = []() { static const auto t = QMetaType::fromName("QQmlEasingEnums::Type"); return t; }();
    returnType.destruct(argv[0]);
    returnType.construct(argv[0]);
 }
return;
}
}
{
}
{
}
// generate_Ret
if (argv[0]) {
    const QMetaType returnType = QMetaType::fromType<int>();
    returnType.destruct(argv[0]);
    returnType.construct(argv[0], &r2_0);
}
return;
}
 },{ 88, 0, [](QV4::ExecutableCompilationUnit *unit, QMetaType *argTypes) {
    struct { QV4::ExecutableCompilationUnit *compilationUnit; } c { unit };
    const auto *aotContext = &c;
    Q_UNUSED(aotContext);
    argTypes[0] = QMetaType::fromType<double>();
}, 
    [](const QQmlPrivate::AOTCompiledContext *aotContext, void **argv) {
Q_UNUSED(aotContext)
Q_UNUSED(argv)
// expression for spacing at line 801, column 29
QObject *r2_0;
double r2_1;
// generate_LoadQmlContextPropertyLookup
#ifndef QT_NO_DEBUG
aotContext->setInstructionPointer(5);
#endif
while (!aotContext->loadContextIdLookup(282, &r2_0)) {
#ifdef QT_NO_DEBUG
aotContext->setInstructionPointer(5);
#endif
aotContext->initLoadContextIdLookup(282);
if (aotContext->engine->hasError()) {
aotContext->setReturnValueUndefined();
if (argv[0]) {
    *static_cast<double *>(argv[0]) = double();
}
return;
}
}
{
}
// generate_GetLookup
#ifndef QT_NO_DEBUG
aotContext->setInstructionPointer(10);
#endif
while (!aotContext->getObjectLookup(283, r2_0, &r2_1)) {
#ifdef QT_NO_DEBUG
aotContext->setInstructionPointer(10);
#endif
aotContext->initGetObjectLookup(283, r2_0);
if (aotContext->engine->hasError()) {
aotContext->setReturnValueUndefined();
if (argv[0]) {
    *static_cast<double *>(argv[0]) = double();
}
return;
}
}
{
}
{
}
// generate_Ret
if (argv[0]) {
    *static_cast<double *>(argv[0]) = r2_1;
}
return;
}
 },{ 89, 0, [](QV4::ExecutableCompilationUnit *unit, QMetaType *argTypes) {
    struct { QV4::ExecutableCompilationUnit *compilationUnit; } c { unit };
    const auto *aotContext = &c;
    Q_UNUSED(aotContext);
    argTypes[0] = []() { static const auto t = QMetaType::fromName("QQuickAnchorLine"); return t; }();
}, 
    [](const QQmlPrivate::AOTCompiledContext *aotContext, void **argv) {
Q_UNUSED(aotContext)
Q_UNUSED(argv)
// expression for verticalCenter at line 802, column 29
QObject *r2_0;
QVariant r2_1;
// generate_LoadQmlContextPropertyLookup
#ifndef QT_NO_DEBUG
aotContext->setInstructionPointer(5);
#endif
while (!aotContext->loadScopeObjectPropertyLookup(284, &r2_0)) {
#ifdef QT_NO_DEBUG
aotContext->setInstructionPointer(5);
#endif
aotContext->initLoadScopeObjectPropertyLookup(284);
if (aotContext->engine->hasError()) {
aotContext->setReturnValueUndefined();
if (argv[0]) {
    const QMetaType returnType = []() { static const auto t = QMetaType::fromName("QQuickAnchorLine"); return t; }();
    returnType.destruct(argv[0]);
    returnType.construct(argv[0]);
 }
return;
}
}
{
}
// generate_GetLookup
#ifndef QT_NO_DEBUG
aotContext->setInstructionPointer(10);
#endif
r2_1 = QVariant(aotContext->lookupResultMetaType(285));
while (!aotContext->getObjectLookup(285, r2_0, r2_1.data())) {
#ifdef QT_NO_DEBUG
aotContext->setInstructionPointer(10);
#endif
aotContext->initGetObjectLookup(285, r2_0);
if (aotContext->engine->hasError()) {
aotContext->setReturnValueUndefined();
if (argv[0]) {
    const QMetaType returnType = []() { static const auto t = QMetaType::fromName("QQuickAnchorLine"); return t; }();
    returnType.destruct(argv[0]);
    returnType.construct(argv[0]);
 }
return;
}
r2_1 = QVariant(aotContext->lookupResultMetaType(285));
}
{
}
{
}
// generate_Ret
if (argv[0]) {
    if (!r2_1.isValid())
        aotContext->setReturnValueUndefined();
    const QMetaType returnType = r2_1.metaType();
    returnType.destruct(argv[0]);
    returnType.construct(argv[0], r2_1.data());
}
return;
}
 },{ 90, 0, [](QV4::ExecutableCompilationUnit *unit, QMetaType *argTypes) {
    struct { QV4::ExecutableCompilationUnit *compilationUnit; } c { unit };
    const auto *aotContext = &c;
    Q_UNUSED(aotContext);
    argTypes[0] = []() { static const auto t = QMetaType::fromName("Qt::Alignment"); return t; }();
}, 
    [](const QQmlPrivate::AOTCompiledContext *aotContext, void **argv) {
Q_UNUSED(aotContext)
Q_UNUSED(argv)
// expression for alignment at line 808, column 33
int r2_0;
{
}
// generate_GetLookup
#ifndef QT_NO_DEBUG
aotContext->setInstructionPointer(10);
#endif
while (!aotContext->getEnumLookup(287, &r2_0)) {
#ifdef QT_NO_DEBUG
aotContext->setInstructionPointer(10);
#endif
aotContext->initGetEnumLookup(287, []() { static const auto t = QMetaType::fromName("Qt"); return t; }().metaObject(), "AlignmentFlag", "AlignVCenter");
if (aotContext->engine->hasError()) {
aotContext->setReturnValueUndefined();
if (argv[0]) {
    const QMetaType returnType = []() { static const auto t = QMetaType::fromName("Qt::Alignment"); return t; }();
    returnType.destruct(argv[0]);
    returnType.construct(argv[0]);
 }
return;
}
}
{
}
{
}
// generate_Ret
if (argv[0]) {
    const QMetaType returnType = QMetaType::fromType<int>();
    returnType.destruct(argv[0]);
    returnType.construct(argv[0], &r2_0);
}
return;
}
 },{ 92, 0, [](QV4::ExecutableCompilationUnit *unit, QMetaType *argTypes) {
    struct { QV4::ExecutableCompilationUnit *compilationUnit; } c { unit };
    const auto *aotContext = &c;
    Q_UNUSED(aotContext);
    argTypes[0] = []() { static const auto t = QMetaType::fromName("Qt::Alignment"); return t; }();
}, 
    [](const QQmlPrivate::AOTCompiledContext *aotContext, void **argv) {
Q_UNUSED(aotContext)
Q_UNUSED(argv)
// expression for alignment at line 813, column 33
int r2_0;
{
}
// generate_GetLookup
#ifndef QT_NO_DEBUG
aotContext->setInstructionPointer(10);
#endif
while (!aotContext->getEnumLookup(289, &r2_0)) {
#ifdef QT_NO_DEBUG
aotContext->setInstructionPointer(10);
#endif
aotContext->initGetEnumLookup(289, []() { static const auto t = QMetaType::fromName("Qt"); return t; }().metaObject(), "AlignmentFlag", "AlignVCenter");
if (aotContext->engine->hasError()) {
aotContext->setReturnValueUndefined();
if (argv[0]) {
    const QMetaType returnType = []() { static const auto t = QMetaType::fromName("Qt::Alignment"); return t; }();
    returnType.destruct(argv[0]);
    returnType.construct(argv[0]);
 }
return;
}
}
{
}
{
}
// generate_Ret
if (argv[0]) {
    const QMetaType returnType = QMetaType::fromType<int>();
    returnType.destruct(argv[0]);
    returnType.construct(argv[0], &r2_0);
}
return;
}
 },{ 93, 0, [](QV4::ExecutableCompilationUnit *unit, QMetaType *argTypes) {
    struct { QV4::ExecutableCompilationUnit *compilationUnit; } c { unit };
    const auto *aotContext = &c;
    Q_UNUSED(aotContext);
    argTypes[0] = []() { static const auto t = QMetaType::fromName("Qt::Alignment"); return t; }();
}, 
    [](const QQmlPrivate::AOTCompiledContext *aotContext, void **argv) {
Q_UNUSED(aotContext)
Q_UNUSED(argv)
// expression for alignment at line 819, column 33
int r2_0;
{
}
// generate_GetLookup
#ifndef QT_NO_DEBUG
aotContext->setInstructionPointer(10);
#endif
while (!aotContext->getEnumLookup(291, &r2_0)) {
#ifdef QT_NO_DEBUG
aotContext->setInstructionPointer(10);
#endif
aotContext->initGetEnumLookup(291, []() { static const auto t = QMetaType::fromName("Qt"); return t; }().metaObject(), "AlignmentFlag", "AlignVCenter");
if (aotContext->engine->hasError()) {
aotContext->setReturnValueUndefined();
if (argv[0]) {
    const QMetaType returnType = []() { static const auto t = QMetaType::fromName("Qt::Alignment"); return t; }();
    returnType.destruct(argv[0]);
    returnType.construct(argv[0]);
 }
return;
}
}
{
}
{
}
// generate_Ret
if (argv[0]) {
    const QMetaType returnType = QMetaType::fromType<int>();
    returnType.destruct(argv[0]);
    returnType.construct(argv[0], &r2_0);
}
return;
}
 },{ 94, 0, [](QV4::ExecutableCompilationUnit *unit, QMetaType *argTypes) {
    struct { QV4::ExecutableCompilationUnit *compilationUnit; } c { unit };
    const auto *aotContext = &c;
    Q_UNUSED(aotContext);
    argTypes[0] = []() { static const auto t = QMetaType::fromName("QQuickTextInput::HAlignment"); return t; }();
}, 
    [](const QQmlPrivate::AOTCompiledContext *aotContext, void **argv) {
Q_UNUSED(aotContext)
Q_UNUSED(argv)
// expression for horizontalAlignment at line 825, column 33
int r2_0;
{
}
// generate_GetLookup
#ifndef QT_NO_DEBUG
aotContext->setInstructionPointer(10);
#endif
while (!aotContext->getEnumLookup(293, &r2_0)) {
#ifdef QT_NO_DEBUG
aotContext->setInstructionPointer(10);
#endif
aotContext->initGetEnumLookup(293, []() { static const auto t = QMetaType::fromName("QQuickText*"); return t; }().metaObject(), "HAlignment", "AlignHCenter");
if (aotContext->engine->hasError()) {
aotContext->setReturnValueUndefined();
if (argv[0]) {
    const QMetaType returnType = []() { static const auto t = QMetaType::fromName("QQuickTextInput::HAlignment"); return t; }();
    returnType.destruct(argv[0]);
    returnType.construct(argv[0]);
 }
return;
}
}
{
}
{
}
// generate_Ret
if (argv[0]) {
    const QMetaType returnType = QMetaType::fromType<int>();
    returnType.destruct(argv[0]);
    returnType.construct(argv[0], &r2_0);
}
return;
}
 },{ 95, 0, [](QV4::ExecutableCompilationUnit *unit, QMetaType *argTypes) {
    struct { QV4::ExecutableCompilationUnit *compilationUnit; } c { unit };
    const auto *aotContext = &c;
    Q_UNUSED(aotContext);
    argTypes[0] = []() { static const auto t = QMetaType::fromName("QColor"); return t; }();
}, 
    [](const QQmlPrivate::AOTCompiledContext *aotContext, void **argv) {
Q_UNUSED(aotContext)
Q_UNUSED(argv)
// expression for color at line 826, column 33
QVariant r2_1;
QObject *r2_0;
// generate_LoadQmlContextPropertyLookup
#ifndef QT_NO_DEBUG
aotContext->setInstructionPointer(5);
#endif
while (!aotContext->loadContextIdLookup(294, &r2_0)) {
#ifdef QT_NO_DEBUG
aotContext->setInstructionPointer(5);
#endif
aotContext->initLoadContextIdLookup(294);
if (aotContext->engine->hasError()) {
aotContext->setReturnValueUndefined();
if (argv[0]) {
    const QMetaType returnType = []() { static const auto t = QMetaType::fromName("QColor"); return t; }();
    returnType.destruct(argv[0]);
    returnType.construct(argv[0]);
 }
return;
}
}
{
}
// generate_GetLookup
#ifndef QT_NO_DEBUG
aotContext->setInstructionPointer(10);
#endif
r2_1 = QVariant(aotContext->lookupResultMetaType(295));
while (!aotContext->getObjectLookup(295, r2_0, r2_1.data())) {
#ifdef QT_NO_DEBUG
aotContext->setInstructionPointer(10);
#endif
aotContext->initGetObjectLookup(295, r2_0);
if (aotContext->engine->hasError()) {
aotContext->setReturnValueUndefined();
if (argv[0]) {
    const QMetaType returnType = []() { static const auto t = QMetaType::fromName("QColor"); return t; }();
    returnType.destruct(argv[0]);
    returnType.construct(argv[0]);
 }
return;
}
r2_1 = QVariant(aotContext->lookupResultMetaType(295));
}
{
}
{
}
// generate_Ret
if (argv[0]) {
    if (!r2_1.isValid())
        aotContext->setReturnValueUndefined();
    const QMetaType returnType = r2_1.metaType();
    returnType.destruct(argv[0]);
    returnType.construct(argv[0], r2_1.data());
}
return;
}
 },{ 96, 0, [](QV4::ExecutableCompilationUnit *unit, QMetaType *argTypes) {
    struct { QV4::ExecutableCompilationUnit *compilationUnit; } c { unit };
    const auto *aotContext = &c;
    Q_UNUSED(aotContext);
    argTypes[0] = []() { static const auto t = QMetaType::fromName("Qt::Alignment"); return t; }();
}, 
    [](const QQmlPrivate::AOTCompiledContext *aotContext, void **argv) {
Q_UNUSED(aotContext)
Q_UNUSED(argv)
// expression for alignment at line 822, column 33
int r2_0;
{
}
// generate_GetLookup
#ifndef QT_NO_DEBUG
aotContext->setInstructionPointer(10);
#endif
while (!aotContext->getEnumLookup(297, &r2_0)) {
#ifdef QT_NO_DEBUG
aotContext->setInstructionPointer(10);
#endif
aotContext->initGetEnumLookup(297, []() { static const auto t = QMetaType::fromName("Qt"); return t; }().metaObject(), "AlignmentFlag", "AlignVCenter");
if (aotContext->engine->hasError()) {
aotContext->setReturnValueUndefined();
if (argv[0]) {
    const QMetaType returnType = []() { static const auto t = QMetaType::fromName("Qt::Alignment"); return t; }();
    returnType.destruct(argv[0]);
    returnType.construct(argv[0]);
 }
return;
}
}
{
}
{
}
// generate_Ret
if (argv[0]) {
    const QMetaType returnType = QMetaType::fromType<int>();
    returnType.destruct(argv[0]);
    returnType.construct(argv[0], &r2_0);
}
return;
}
 },{ 98, 0, [](QV4::ExecutableCompilationUnit *unit, QMetaType *argTypes) {
    struct { QV4::ExecutableCompilationUnit *compilationUnit; } c { unit };
    const auto *aotContext = &c;
    Q_UNUSED(aotContext);
    argTypes[0] = []() { static const auto t = QMetaType::fromName("QQuickText::TextFormat"); return t; }();
}, 
    [](const QQmlPrivate::AOTCompiledContext *aotContext, void **argv) {
Q_UNUSED(aotContext)
Q_UNUSED(argv)
// expression for textFormat at line 835, column 37
int r2_0;
{
}
// generate_GetLookup
#ifndef QT_NO_DEBUG
aotContext->setInstructionPointer(10);
#endif
while (!aotContext->getEnumLookup(301, &r2_0)) {
#ifdef QT_NO_DEBUG
aotContext->setInstructionPointer(10);
#endif
aotContext->initGetEnumLookup(301, []() { static const auto t = QMetaType::fromName("QQuickText*"); return t; }().metaObject(), "TextFormat", "RichText");
if (aotContext->engine->hasError()) {
aotContext->setReturnValueUndefined();
if (argv[0]) {
    const QMetaType returnType = []() { static const auto t = QMetaType::fromName("QQuickText::TextFormat"); return t; }();
    returnType.destruct(argv[0]);
    returnType.construct(argv[0]);
 }
return;
}
}
{
}
{
}
// generate_Ret
if (argv[0]) {
    const QMetaType returnType = QMetaType::fromType<int>();
    returnType.destruct(argv[0]);
    returnType.construct(argv[0], &r2_0);
}
return;
}
 },{ 99, 0, [](QV4::ExecutableCompilationUnit *unit, QMetaType *argTypes) {
    struct { QV4::ExecutableCompilationUnit *compilationUnit; } c { unit };
    const auto *aotContext = &c;
    Q_UNUSED(aotContext);
    argTypes[0] = []() { static const auto t = QMetaType::fromName("QQuickText::TextFormat"); return t; }();
}, 
    [](const QQmlPrivate::AOTCompiledContext *aotContext, void **argv) {
Q_UNUSED(aotContext)
Q_UNUSED(argv)
// expression for textFormat at line 847, column 37
int r2_0;
{
}
// generate_GetLookup
#ifndef QT_NO_DEBUG
aotContext->setInstructionPointer(10);
#endif
while (!aotContext->getEnumLookup(303, &r2_0)) {
#ifdef QT_NO_DEBUG
aotContext->setInstructionPointer(10);
#endif
aotContext->initGetEnumLookup(303, []() { static const auto t = QMetaType::fromName("QQuickText*"); return t; }().metaObject(), "TextFormat", "RichText");
if (aotContext->engine->hasError()) {
aotContext->setReturnValueUndefined();
if (argv[0]) {
    const QMetaType returnType = []() { static const auto t = QMetaType::fromName("QQuickText::TextFormat"); return t; }();
    returnType.destruct(argv[0]);
    returnType.construct(argv[0]);
 }
return;
}
}
{
}
{
}
// generate_Ret
if (argv[0]) {
    const QMetaType returnType = QMetaType::fromType<int>();
    returnType.destruct(argv[0]);
    returnType.construct(argv[0], &r2_0);
}
return;
}
 },{ 100, 0, [](QV4::ExecutableCompilationUnit *unit, QMetaType *argTypes) {
    struct { QV4::ExecutableCompilationUnit *compilationUnit; } c { unit };
    const auto *aotContext = &c;
    Q_UNUSED(aotContext);
    argTypes[0] = []() { static const auto t = QMetaType::fromName("Qt::Alignment"); return t; }();
}, 
    [](const QQmlPrivate::AOTCompiledContext *aotContext, void **argv) {
Q_UNUSED(aotContext)
Q_UNUSED(argv)
// expression for alignment at line 860, column 33
int r2_0;
{
}
// generate_GetLookup
#ifndef QT_NO_DEBUG
aotContext->setInstructionPointer(10);
#endif
while (!aotContext->getEnumLookup(305, &r2_0)) {
#ifdef QT_NO_DEBUG
aotContext->setInstructionPointer(10);
#endif
aotContext->initGetEnumLookup(305, []() { static const auto t = QMetaType::fromName("Qt"); return t; }().metaObject(), "AlignmentFlag", "AlignVCenter");
if (aotContext->engine->hasError()) {
aotContext->setReturnValueUndefined();
if (argv[0]) {
    const QMetaType returnType = []() { static const auto t = QMetaType::fromName("Qt::Alignment"); return t; }();
    returnType.destruct(argv[0]);
    returnType.construct(argv[0]);
 }
return;
}
}
{
}
{
}
// generate_Ret
if (argv[0]) {
    const QMetaType returnType = QMetaType::fromType<int>();
    returnType.destruct(argv[0]);
    returnType.construct(argv[0], &r2_0);
}
return;
}
 },{ 101, 0, [](QV4::ExecutableCompilationUnit *unit, QMetaType *argTypes) {
    struct { QV4::ExecutableCompilationUnit *compilationUnit; } c { unit };
    const auto *aotContext = &c;
    Q_UNUSED(aotContext);
    argTypes[0] = []() { static const auto t = QMetaType::fromName("Qt::Alignment"); return t; }();
}, 
    [](const QQmlPrivate::AOTCompiledContext *aotContext, void **argv) {
Q_UNUSED(aotContext)
Q_UNUSED(argv)
// expression for alignment at line 866, column 33
int r2_0;
{
}
// generate_GetLookup
#ifndef QT_NO_DEBUG
aotContext->setInstructionPointer(10);
#endif
while (!aotContext->getEnumLookup(307, &r2_0)) {
#ifdef QT_NO_DEBUG
aotContext->setInstructionPointer(10);
#endif
aotContext->initGetEnumLookup(307, []() { static const auto t = QMetaType::fromName("Qt"); return t; }().metaObject(), "AlignmentFlag", "AlignVCenter");
if (aotContext->engine->hasError()) {
aotContext->setReturnValueUndefined();
if (argv[0]) {
    const QMetaType returnType = []() { static const auto t = QMetaType::fromName("Qt::Alignment"); return t; }();
    returnType.destruct(argv[0]);
    returnType.construct(argv[0]);
 }
return;
}
}
{
}
{
}
// generate_Ret
if (argv[0]) {
    const QMetaType returnType = QMetaType::fromType<int>();
    returnType.destruct(argv[0]);
    returnType.construct(argv[0], &r2_0);
}
return;
}
 },{ 102, 0, [](QV4::ExecutableCompilationUnit *unit, QMetaType *argTypes) {
    struct { QV4::ExecutableCompilationUnit *compilationUnit; } c { unit };
    const auto *aotContext = &c;
    Q_UNUSED(aotContext);
    argTypes[0] = []() { static const auto t = QMetaType::fromName("Qt::Alignment"); return t; }();
}, 
    [](const QQmlPrivate::AOTCompiledContext *aotContext, void **argv) {
Q_UNUSED(aotContext)
Q_UNUSED(argv)
// expression for alignment at line 872, column 33
int r2_0;
{
}
// generate_GetLookup
#ifndef QT_NO_DEBUG
aotContext->setInstructionPointer(10);
#endif
while (!aotContext->getEnumLookup(309, &r2_0)) {
#ifdef QT_NO_DEBUG
aotContext->setInstructionPointer(10);
#endif
aotContext->initGetEnumLookup(309, []() { static const auto t = QMetaType::fromName("Qt"); return t; }().metaObject(), "AlignmentFlag", "AlignVCenter");
if (aotContext->engine->hasError()) {
aotContext->setReturnValueUndefined();
if (argv[0]) {
    const QMetaType returnType = []() { static const auto t = QMetaType::fromName("Qt::Alignment"); return t; }();
    returnType.destruct(argv[0]);
    returnType.construct(argv[0]);
 }
return;
}
}
{
}
{
}
// generate_Ret
if (argv[0]) {
    const QMetaType returnType = QMetaType::fromType<int>();
    returnType.destruct(argv[0]);
    returnType.construct(argv[0], &r2_0);
}
return;
}
 },{ 103, 0, [](QV4::ExecutableCompilationUnit *unit, QMetaType *argTypes) {
    struct { QV4::ExecutableCompilationUnit *compilationUnit; } c { unit };
    const auto *aotContext = &c;
    Q_UNUSED(aotContext);
    argTypes[0] = []() { static const auto t = QMetaType::fromName("Qt::Alignment"); return t; }();
}, 
    [](const QQmlPrivate::AOTCompiledContext *aotContext, void **argv) {
Q_UNUSED(aotContext)
Q_UNUSED(argv)
// expression for alignment at line 878, column 33
int r2_0;
{
}
// generate_GetLookup
#ifndef QT_NO_DEBUG
aotContext->setInstructionPointer(10);
#endif
while (!aotContext->getEnumLookup(311, &r2_0)) {
#ifdef QT_NO_DEBUG
aotContext->setInstructionPointer(10);
#endif
aotContext->initGetEnumLookup(311, []() { static const auto t = QMetaType::fromName("Qt"); return t; }().metaObject(), "AlignmentFlag", "AlignVCenter");
if (aotContext->engine->hasError()) {
aotContext->setReturnValueUndefined();
if (argv[0]) {
    const QMetaType returnType = []() { static const auto t = QMetaType::fromName("Qt::Alignment"); return t; }();
    returnType.destruct(argv[0]);
    returnType.construct(argv[0]);
 }
return;
}
}
{
}
{
}
// generate_Ret
if (argv[0]) {
    const QMetaType returnType = QMetaType::fromType<int>();
    returnType.destruct(argv[0]);
    returnType.construct(argv[0], &r2_0);
}
return;
}
 },{ 104, 0, [](QV4::ExecutableCompilationUnit *unit, QMetaType *argTypes) {
    struct { QV4::ExecutableCompilationUnit *compilationUnit; } c { unit };
    const auto *aotContext = &c;
    Q_UNUSED(aotContext);
    argTypes[0] = []() { static const auto t = QMetaType::fromName("Qt::Alignment"); return t; }();
}, 
    [](const QQmlPrivate::AOTCompiledContext *aotContext, void **argv) {
Q_UNUSED(aotContext)
Q_UNUSED(argv)
// expression for alignment at line 884, column 33
int r2_0;
{
}
// generate_GetLookup
#ifndef QT_NO_DEBUG
aotContext->setInstructionPointer(10);
#endif
while (!aotContext->getEnumLookup(313, &r2_0)) {
#ifdef QT_NO_DEBUG
aotContext->setInstructionPointer(10);
#endif
aotContext->initGetEnumLookup(313, []() { static const auto t = QMetaType::fromName("Qt"); return t; }().metaObject(), "AlignmentFlag", "AlignVCenter");
if (aotContext->engine->hasError()) {
aotContext->setReturnValueUndefined();
if (argv[0]) {
    const QMetaType returnType = []() { static const auto t = QMetaType::fromName("Qt::Alignment"); return t; }();
    returnType.destruct(argv[0]);
    returnType.construct(argv[0]);
 }
return;
}
}
{
}
{
}
// generate_Ret
if (argv[0]) {
    const QMetaType returnType = QMetaType::fromType<int>();
    returnType.destruct(argv[0]);
    returnType.construct(argv[0], &r2_0);
}
return;
}
 },{ 105, 0, [](QV4::ExecutableCompilationUnit *unit, QMetaType *argTypes) {
    struct { QV4::ExecutableCompilationUnit *compilationUnit; } c { unit };
    const auto *aotContext = &c;
    Q_UNUSED(aotContext);
    argTypes[0] = []() { static const auto t = QMetaType::fromName("Qt::Alignment"); return t; }();
}, 
    [](const QQmlPrivate::AOTCompiledContext *aotContext, void **argv) {
Q_UNUSED(aotContext)
Q_UNUSED(argv)
// expression for alignment at line 890, column 33
int r2_0;
{
}
// generate_GetLookup
#ifndef QT_NO_DEBUG
aotContext->setInstructionPointer(10);
#endif
while (!aotContext->getEnumLookup(315, &r2_0)) {
#ifdef QT_NO_DEBUG
aotContext->setInstructionPointer(10);
#endif
aotContext->initGetEnumLookup(315, []() { static const auto t = QMetaType::fromName("Qt"); return t; }().metaObject(), "AlignmentFlag", "AlignVCenter");
if (aotContext->engine->hasError()) {
aotContext->setReturnValueUndefined();
if (argv[0]) {
    const QMetaType returnType = []() { static const auto t = QMetaType::fromName("Qt::Alignment"); return t; }();
    returnType.destruct(argv[0]);
    returnType.construct(argv[0]);
 }
return;
}
}
{
}
{
}
// generate_Ret
if (argv[0]) {
    const QMetaType returnType = QMetaType::fromType<int>();
    returnType.destruct(argv[0]);
    returnType.construct(argv[0], &r2_0);
}
return;
}
 },{ 106, 0, [](QV4::ExecutableCompilationUnit *unit, QMetaType *argTypes) {
    struct { QV4::ExecutableCompilationUnit *compilationUnit; } c { unit };
    const auto *aotContext = &c;
    Q_UNUSED(aotContext);
    argTypes[0] = []() { static const auto t = QMetaType::fromName("QQuickText::TextStyle"); return t; }();
}, 
    [](const QQmlPrivate::AOTCompiledContext *aotContext, void **argv) {
Q_UNUSED(aotContext)
Q_UNUSED(argv)
// expression for style at line 894, column 33
int r2_0;
{
}
// generate_GetLookup
#ifndef QT_NO_DEBUG
aotContext->setInstructionPointer(10);
#endif
while (!aotContext->getEnumLookup(317, &r2_0)) {
#ifdef QT_NO_DEBUG
aotContext->setInstructionPointer(10);
#endif
aotContext->initGetEnumLookup(317, []() { static const auto t = QMetaType::fromName("QQuickText*"); return t; }().metaObject(), "TextStyle", "Outline");
if (aotContext->engine->hasError()) {
aotContext->setReturnValueUndefined();
if (argv[0]) {
    const QMetaType returnType = []() { static const auto t = QMetaType::fromName("QQuickText::TextStyle"); return t; }();
    returnType.destruct(argv[0]);
    returnType.construct(argv[0]);
 }
return;
}
}
{
}
{
}
// generate_Ret
if (argv[0]) {
    const QMetaType returnType = QMetaType::fromType<int>();
    returnType.destruct(argv[0]);
    returnType.construct(argv[0], &r2_0);
}
return;
}
 },{ 107, 0, [](QV4::ExecutableCompilationUnit *unit, QMetaType *argTypes) {
    struct { QV4::ExecutableCompilationUnit *compilationUnit; } c { unit };
    const auto *aotContext = &c;
    Q_UNUSED(aotContext);
    argTypes[0] = []() { static const auto t = QMetaType::fromName("Qt::Alignment"); return t; }();
}, 
    [](const QQmlPrivate::AOTCompiledContext *aotContext, void **argv) {
Q_UNUSED(aotContext)
Q_UNUSED(argv)
// expression for alignment at line 897, column 33
int r2_0;
{
}
// generate_GetLookup
#ifndef QT_NO_DEBUG
aotContext->setInstructionPointer(10);
#endif
while (!aotContext->getEnumLookup(319, &r2_0)) {
#ifdef QT_NO_DEBUG
aotContext->setInstructionPointer(10);
#endif
aotContext->initGetEnumLookup(319, []() { static const auto t = QMetaType::fromName("Qt"); return t; }().metaObject(), "AlignmentFlag", "AlignVCenter");
if (aotContext->engine->hasError()) {
aotContext->setReturnValueUndefined();
if (argv[0]) {
    const QMetaType returnType = []() { static const auto t = QMetaType::fromName("Qt::Alignment"); return t; }();
    returnType.destruct(argv[0]);
    returnType.construct(argv[0]);
 }
return;
}
}
{
}
{
}
// generate_Ret
if (argv[0]) {
    const QMetaType returnType = QMetaType::fromType<int>();
    returnType.destruct(argv[0]);
    returnType.construct(argv[0], &r2_0);
}
return;
}
 },{ 108, 0, [](QV4::ExecutableCompilationUnit *unit, QMetaType *argTypes) {
    struct { QV4::ExecutableCompilationUnit *compilationUnit; } c { unit };
    const auto *aotContext = &c;
    Q_UNUSED(aotContext);
    argTypes[0] = []() { static const auto t = QMetaType::fromName("Qt::Alignment"); return t; }();
}, 
    [](const QQmlPrivate::AOTCompiledContext *aotContext, void **argv) {
Q_UNUSED(aotContext)
Q_UNUSED(argv)
// expression for alignment at line 902, column 33
int r2_0;
{
}
// generate_GetLookup
#ifndef QT_NO_DEBUG
aotContext->setInstructionPointer(10);
#endif
while (!aotContext->getEnumLookup(321, &r2_0)) {
#ifdef QT_NO_DEBUG
aotContext->setInstructionPointer(10);
#endif
aotContext->initGetEnumLookup(321, []() { static const auto t = QMetaType::fromName("Qt"); return t; }().metaObject(), "AlignmentFlag", "AlignVCenter");
if (aotContext->engine->hasError()) {
aotContext->setReturnValueUndefined();
if (argv[0]) {
    const QMetaType returnType = []() { static const auto t = QMetaType::fromName("Qt::Alignment"); return t; }();
    returnType.destruct(argv[0]);
    returnType.construct(argv[0]);
 }
return;
}
}
{
}
{
}
// generate_Ret
if (argv[0]) {
    const QMetaType returnType = QMetaType::fromType<int>();
    returnType.destruct(argv[0]);
    returnType.construct(argv[0], &r2_0);
}
return;
}
 },{ 109, 0, [](QV4::ExecutableCompilationUnit *unit, QMetaType *argTypes) {
    struct { QV4::ExecutableCompilationUnit *compilationUnit; } c { unit };
    const auto *aotContext = &c;
    Q_UNUSED(aotContext);
    argTypes[0] = []() { static const auto t = QMetaType::fromName("Qt::Alignment"); return t; }();
}, 
    [](const QQmlPrivate::AOTCompiledContext *aotContext, void **argv) {
Q_UNUSED(aotContext)
Q_UNUSED(argv)
// expression for alignment at line 908, column 33
int r2_0;
{
}
// generate_GetLookup
#ifndef QT_NO_DEBUG
aotContext->setInstructionPointer(10);
#endif
while (!aotContext->getEnumLookup(323, &r2_0)) {
#ifdef QT_NO_DEBUG
aotContext->setInstructionPointer(10);
#endif
aotContext->initGetEnumLookup(323, []() { static const auto t = QMetaType::fromName("Qt"); return t; }().metaObject(), "AlignmentFlag", "AlignVCenter");
if (aotContext->engine->hasError()) {
aotContext->setReturnValueUndefined();
if (argv[0]) {
    const QMetaType returnType = []() { static const auto t = QMetaType::fromName("Qt::Alignment"); return t; }();
    returnType.destruct(argv[0]);
    returnType.construct(argv[0]);
 }
return;
}
}
{
}
{
}
// generate_Ret
if (argv[0]) {
    const QMetaType returnType = QMetaType::fromType<int>();
    returnType.destruct(argv[0]);
    returnType.construct(argv[0], &r2_0);
}
return;
}
 },{ 110, 0, [](QV4::ExecutableCompilationUnit *unit, QMetaType *argTypes) {
    struct { QV4::ExecutableCompilationUnit *compilationUnit; } c { unit };
    const auto *aotContext = &c;
    Q_UNUSED(aotContext);
    argTypes[0] = []() { static const auto t = QMetaType::fromName("QColor"); return t; }();
}, 
    [](const QQmlPrivate::AOTCompiledContext *aotContext, void **argv) {
Q_UNUSED(aotContext)
Q_UNUSED(argv)
// expression for color at line 919, column 33
QObject *r2_0;
QVariant r2_1;
// generate_LoadQmlContextPropertyLookup
#ifndef QT_NO_DEBUG
aotContext->setInstructionPointer(5);
#endif
while (!aotContext->loadContextIdLookup(324, &r2_0)) {
#ifdef QT_NO_DEBUG
aotContext->setInstructionPointer(5);
#endif
aotContext->initLoadContextIdLookup(324);
if (aotContext->engine->hasError()) {
aotContext->setReturnValueUndefined();
if (argv[0]) {
    const QMetaType returnType = []() { static const auto t = QMetaType::fromName("QColor"); return t; }();
    returnType.destruct(argv[0]);
    returnType.construct(argv[0]);
 }
return;
}
}
{
}
// generate_GetLookup
#ifndef QT_NO_DEBUG
aotContext->setInstructionPointer(10);
#endif
r2_1 = QVariant(aotContext->lookupResultMetaType(325));
while (!aotContext->getObjectLookup(325, r2_0, r2_1.data())) {
#ifdef QT_NO_DEBUG
aotContext->setInstructionPointer(10);
#endif
aotContext->initGetObjectLookup(325, r2_0);
if (aotContext->engine->hasError()) {
aotContext->setReturnValueUndefined();
if (argv[0]) {
    const QMetaType returnType = []() { static const auto t = QMetaType::fromName("QColor"); return t; }();
    returnType.destruct(argv[0]);
    returnType.construct(argv[0]);
 }
return;
}
r2_1 = QVariant(aotContext->lookupResultMetaType(325));
}
{
}
{
}
// generate_Ret
if (argv[0]) {
    if (!r2_1.isValid())
        aotContext->setReturnValueUndefined();
    const QMetaType returnType = r2_1.metaType();
    returnType.destruct(argv[0]);
    returnType.construct(argv[0], r2_1.data());
}
return;
}
 },{ 111, 0, [](QV4::ExecutableCompilationUnit *unit, QMetaType *argTypes) {
    struct { QV4::ExecutableCompilationUnit *compilationUnit; } c { unit };
    const auto *aotContext = &c;
    Q_UNUSED(aotContext);
    argTypes[0] = []() { static const auto t = QMetaType::fromName("QColor"); return t; }();
}, 
    [](const QQmlPrivate::AOTCompiledContext *aotContext, void **argv) {
Q_UNUSED(aotContext)
Q_UNUSED(argv)
// expression for color at line 929, column 33
QVariant r2_1;
QObject *r2_0;
// generate_LoadQmlContextPropertyLookup
#ifndef QT_NO_DEBUG
aotContext->setInstructionPointer(5);
#endif
while (!aotContext->loadContextIdLookup(326, &r2_0)) {
#ifdef QT_NO_DEBUG
aotContext->setInstructionPointer(5);
#endif
aotContext->initLoadContextIdLookup(326);
if (aotContext->engine->hasError()) {
aotContext->setReturnValueUndefined();
if (argv[0]) {
    const QMetaType returnType = []() { static const auto t = QMetaType::fromName("QColor"); return t; }();
    returnType.destruct(argv[0]);
    returnType.construct(argv[0]);
 }
return;
}
}
{
}
// generate_GetLookup
#ifndef QT_NO_DEBUG
aotContext->setInstructionPointer(10);
#endif
r2_1 = QVariant(aotContext->lookupResultMetaType(327));
while (!aotContext->getObjectLookup(327, r2_0, r2_1.data())) {
#ifdef QT_NO_DEBUG
aotContext->setInstructionPointer(10);
#endif
aotContext->initGetObjectLookup(327, r2_0);
if (aotContext->engine->hasError()) {
aotContext->setReturnValueUndefined();
if (argv[0]) {
    const QMetaType returnType = []() { static const auto t = QMetaType::fromName("QColor"); return t; }();
    returnType.destruct(argv[0]);
    returnType.construct(argv[0]);
 }
return;
}
r2_1 = QVariant(aotContext->lookupResultMetaType(327));
}
{
}
{
}
// generate_Ret
if (argv[0]) {
    if (!r2_1.isValid())
        aotContext->setReturnValueUndefined();
    const QMetaType returnType = r2_1.metaType();
    returnType.destruct(argv[0]);
    returnType.construct(argv[0], r2_1.data());
}
return;
}
 },{ 113, 0, [](QV4::ExecutableCompilationUnit *unit, QMetaType *argTypes) {
    struct { QV4::ExecutableCompilationUnit *compilationUnit; } c { unit };
    const auto *aotContext = &c;
    Q_UNUSED(aotContext);
    argTypes[0] = QMetaType::fromType<double>();
}, 
    [](const QQmlPrivate::AOTCompiledContext *aotContext, void **argv) {
Q_UNUSED(aotContext)
Q_UNUSED(argv)
// expression for spacing at line 948, column 29
QObject *r2_0;
double r2_1;
// generate_LoadQmlContextPropertyLookup
#ifndef QT_NO_DEBUG
aotContext->setInstructionPointer(5);
#endif
while (!aotContext->loadContextIdLookup(331, &r2_0)) {
#ifdef QT_NO_DEBUG
aotContext->setInstructionPointer(5);
#endif
aotContext->initLoadContextIdLookup(331);
if (aotContext->engine->hasError()) {
aotContext->setReturnValueUndefined();
if (argv[0]) {
    *static_cast<double *>(argv[0]) = double();
}
return;
}
}
{
}
// generate_GetLookup
#ifndef QT_NO_DEBUG
aotContext->setInstructionPointer(10);
#endif
while (!aotContext->getObjectLookup(332, r2_0, &r2_1)) {
#ifdef QT_NO_DEBUG
aotContext->setInstructionPointer(10);
#endif
aotContext->initGetObjectLookup(332, r2_0);
if (aotContext->engine->hasError()) {
aotContext->setReturnValueUndefined();
if (argv[0]) {
    *static_cast<double *>(argv[0]) = double();
}
return;
}
}
{
}
{
}
// generate_Ret
if (argv[0]) {
    *static_cast<double *>(argv[0]) = r2_1;
}
return;
}
 },{ 114, 0, [](QV4::ExecutableCompilationUnit *unit, QMetaType *argTypes) {
    struct { QV4::ExecutableCompilationUnit *compilationUnit; } c { unit };
    const auto *aotContext = &c;
    Q_UNUSED(aotContext);
    argTypes[0] = []() { static const auto t = QMetaType::fromName("QQuickAnchorLine"); return t; }();
}, 
    [](const QQmlPrivate::AOTCompiledContext *aotContext, void **argv) {
Q_UNUSED(aotContext)
Q_UNUSED(argv)
// expression for verticalCenter at line 949, column 29
QVariant r2_1;
QObject *r2_0;
// generate_LoadQmlContextPropertyLookup
#ifndef QT_NO_DEBUG
aotContext->setInstructionPointer(5);
#endif
while (!aotContext->loadScopeObjectPropertyLookup(333, &r2_0)) {
#ifdef QT_NO_DEBUG
aotContext->setInstructionPointer(5);
#endif
aotContext->initLoadScopeObjectPropertyLookup(333);
if (aotContext->engine->hasError()) {
aotContext->setReturnValueUndefined();
if (argv[0]) {
    const QMetaType returnType = []() { static const auto t = QMetaType::fromName("QQuickAnchorLine"); return t; }();
    returnType.destruct(argv[0]);
    returnType.construct(argv[0]);
 }
return;
}
}
{
}
// generate_GetLookup
#ifndef QT_NO_DEBUG
aotContext->setInstructionPointer(10);
#endif
r2_1 = QVariant(aotContext->lookupResultMetaType(334));
while (!aotContext->getObjectLookup(334, r2_0, r2_1.data())) {
#ifdef QT_NO_DEBUG
aotContext->setInstructionPointer(10);
#endif
aotContext->initGetObjectLookup(334, r2_0);
if (aotContext->engine->hasError()) {
aotContext->setReturnValueUndefined();
if (argv[0]) {
    const QMetaType returnType = []() { static const auto t = QMetaType::fromName("QQuickAnchorLine"); return t; }();
    returnType.destruct(argv[0]);
    returnType.construct(argv[0]);
 }
return;
}
r2_1 = QVariant(aotContext->lookupResultMetaType(334));
}
{
}
{
}
// generate_Ret
if (argv[0]) {
    if (!r2_1.isValid())
        aotContext->setReturnValueUndefined();
    const QMetaType returnType = r2_1.metaType();
    returnType.destruct(argv[0]);
    returnType.construct(argv[0], r2_1.data());
}
return;
}
 },{ 115, 0, [](QV4::ExecutableCompilationUnit *unit, QMetaType *argTypes) {
    struct { QV4::ExecutableCompilationUnit *compilationUnit; } c { unit };
    const auto *aotContext = &c;
    Q_UNUSED(aotContext);
    argTypes[0] = []() { static const auto t = QMetaType::fromName("Qt::Alignment"); return t; }();
}, 
    [](const QQmlPrivate::AOTCompiledContext *aotContext, void **argv) {
Q_UNUSED(aotContext)
Q_UNUSED(argv)
// expression for alignment at line 953, column 33
int r2_0;
{
}
// generate_GetLookup
#ifndef QT_NO_DEBUG
aotContext->setInstructionPointer(10);
#endif
while (!aotContext->getEnumLookup(336, &r2_0)) {
#ifdef QT_NO_DEBUG
aotContext->setInstructionPointer(10);
#endif
aotContext->initGetEnumLookup(336, []() { static const auto t = QMetaType::fromName("Qt"); return t; }().metaObject(), "AlignmentFlag", "AlignVCenter");
if (aotContext->engine->hasError()) {
aotContext->setReturnValueUndefined();
if (argv[0]) {
    const QMetaType returnType = []() { static const auto t = QMetaType::fromName("Qt::Alignment"); return t; }();
    returnType.destruct(argv[0]);
    returnType.construct(argv[0]);
 }
return;
}
}
{
}
{
}
// generate_Ret
if (argv[0]) {
    const QMetaType returnType = QMetaType::fromType<int>();
    returnType.destruct(argv[0]);
    returnType.construct(argv[0], &r2_0);
}
return;
}
 },{ 116, 0, [](QV4::ExecutableCompilationUnit *unit, QMetaType *argTypes) {
    struct { QV4::ExecutableCompilationUnit *compilationUnit; } c { unit };
    const auto *aotContext = &c;
    Q_UNUSED(aotContext);
    argTypes[0] = QMetaType::fromType<QList<QString>>();
}, 
    [](const QQmlPrivate::AOTCompiledContext *aotContext, void **argv) {
Q_UNUSED(aotContext)
Q_UNUSED(argv)
// expression for listText at line 959, column 33
QVariant r2_1;
QString r2_0;
QString r7_0;
QVariant r8_0;
QList<QString> r2_2;
// generate_LoadRuntimeString
r2_0 = QStringLiteral("水平标线");
{
}
// generate_StoreReg
r7_0 = std::move(r2_0);
{
}
// generate_LoadRuntimeString
r2_1 = QVariant::fromValue(QStringLiteral("垂直标线"));
{
}
// generate_StoreReg
r8_0 = std::move(r2_1);
{
}
// generate_DefineArray
r2_2 = QList<QString>{std::move(r7_0), aotContext->engine->fromVariant<QString>(std::move(r8_0))};
{
}
{
}
// generate_Ret
if (argv[0]) {
    *static_cast<QList<QString> *>(argv[0]) = std::move(r2_2);
}
return;
}
 },{ 120, 0, [](QV4::ExecutableCompilationUnit *unit, QMetaType *argTypes) {
    struct { QV4::ExecutableCompilationUnit *compilationUnit; } c { unit };
    const auto *aotContext = &c;
    Q_UNUSED(aotContext);
    argTypes[0] = QMetaType::fromType<QList<QString>>();
}, 
    [](const QQmlPrivate::AOTCompiledContext *aotContext, void **argv) {
Q_UNUSED(aotContext)
Q_UNUSED(argv)
// expression for listText at line 992, column 33
QVariant r10_0;
QVariant r13_0;
QVariant r2_1;
QString r2_0;
QString r7_0;
QVariant r9_0;
QVariant r12_0;
QVariant r8_0;
QList<QString> r2_2;
QVariant r11_0;
// generate_LoadRuntimeString
r2_0 = QStringLiteral("占位矩形");
{
}
// generate_StoreReg
r7_0 = std::move(r2_0);
{
}
// generate_LoadRuntimeString
r2_1 = QVariant::fromValue(QStringLiteral("段落"));
{
}
// generate_StoreReg
r8_0 = std::move(r2_1);
{
}
// generate_LoadRuntimeString
r2_1 = QVariant::fromValue(QStringLiteral("换行"));
{
}
// generate_StoreReg
r9_0 = std::move(r2_1);
{
}
// generate_LoadRuntimeString
r2_1 = QVariant::fromValue(QStringLiteral("居中占位"));
{
}
// generate_StoreReg
r10_0 = std::move(r2_1);
{
}
// generate_LoadRuntimeString
r2_1 = QVariant::fromValue(QStringLiteral("左占位"));
{
}
// generate_StoreReg
r11_0 = std::move(r2_1);
{
}
// generate_LoadRuntimeString
r2_1 = QVariant::fromValue(QStringLiteral("右占位"));
{
}
// generate_StoreReg
r12_0 = std::move(r2_1);
{
}
// generate_LoadRuntimeString
r2_1 = QVariant::fromValue(QStringLiteral("整行占位"));
{
}
// generate_StoreReg
r13_0 = std::move(r2_1);
{
}
// generate_DefineArray
r2_2 = QList<QString>{std::move(r7_0), aotContext->engine->fromVariant<QString>(std::move(r8_0)), aotContext->engine->fromVariant<QString>(std::move(r9_0)), aotContext->engine->fromVariant<QString>(std::move(r10_0)), aotContext->engine->fromVariant<QString>(std::move(r11_0)), aotContext->engine->fromVariant<QString>(std::move(r12_0)), aotContext->engine->fromVariant<QString>(std::move(r13_0))};
{
}
{
}
// generate_Ret
if (argv[0]) {
    *static_cast<QList<QString> *>(argv[0]) = std::move(r2_2);
}
return;
}
 },{ 123, 0, [](QV4::ExecutableCompilationUnit *unit, QMetaType *argTypes) {
    struct { QV4::ExecutableCompilationUnit *compilationUnit; } c { unit };
    const auto *aotContext = &c;
    Q_UNUSED(aotContext);
    argTypes[0] = QMetaType::fromType<QList<QString>>();
}, 
    [](const QQmlPrivate::AOTCompiledContext *aotContext, void **argv) {
Q_UNUSED(aotContext)
Q_UNUSED(argv)
// expression for listText at line 1012, column 33
QVariant r2_1;
QString r2_0;
QString r7_0;
QVariant r9_0;
QVariant r8_0;
QList<QString> r2_2;
// generate_LoadRuntimeString
r2_0 = QStringLiteral("矩形");
{
}
// generate_StoreReg
r7_0 = std::move(r2_0);
{
}
// generate_LoadRuntimeString
r2_1 = QVariant::fromValue(QStringLiteral("圆形"));
{
}
// generate_StoreReg
r8_0 = std::move(r2_1);
{
}
// generate_LoadRuntimeString
r2_1 = QVariant::fromValue(QStringLiteral("三角形"));
{
}
// generate_StoreReg
r9_0 = std::move(r2_1);
{
}
// generate_DefineArray
r2_2 = QList<QString>{std::move(r7_0), aotContext->engine->fromVariant<QString>(std::move(r8_0)), aotContext->engine->fromVariant<QString>(std::move(r9_0))};
{
}
{
}
// generate_Ret
if (argv[0]) {
    *static_cast<QList<QString> *>(argv[0]) = std::move(r2_2);
}
return;
}
 },{ 127, 0, [](QV4::ExecutableCompilationUnit *unit, QMetaType *argTypes) {
    struct { QV4::ExecutableCompilationUnit *compilationUnit; } c { unit };
    const auto *aotContext = &c;
    Q_UNUSED(aotContext);
    argTypes[0] = QMetaType::fromType<QList<QString>>();
}, 
    [](const QQmlPrivate::AOTCompiledContext *aotContext, void **argv) {
Q_UNUSED(aotContext)
Q_UNUSED(argv)
// expression for listText at line 1029, column 33
QVariant r2_1;
QString r2_0;
QString r7_0;
QVariant r9_0;
QVariant r8_0;
QList<QString> r2_2;
// generate_LoadRuntimeString
r2_0 = QStringLiteral("换行");
{
}
// generate_StoreReg
r7_0 = std::move(r2_0);
{
}
// generate_LoadRuntimeString
r2_1 = QVariant::fromValue(QStringLiteral("弹簧"));
{
}
// generate_StoreReg
r8_0 = std::move(r2_1);
{
}
// generate_LoadRuntimeString
r2_1 = QVariant::fromValue(QStringLiteral("导航符"));
{
}
// generate_StoreReg
r9_0 = std::move(r2_1);
{
}
// generate_DefineArray
r2_2 = QList<QString>{std::move(r7_0), aotContext->engine->fromVariant<QString>(std::move(r8_0)), aotContext->engine->fromVariant<QString>(std::move(r9_0))};
{
}
{
}
// generate_Ret
if (argv[0]) {
    *static_cast<QList<QString> *>(argv[0]) = std::move(r2_2);
}
return;
}
 },{ 129, 0, [](QV4::ExecutableCompilationUnit *unit, QMetaType *argTypes) {
    struct { QV4::ExecutableCompilationUnit *compilationUnit; } c { unit };
    const auto *aotContext = &c;
    Q_UNUSED(aotContext);
    argTypes[0] = []() { static const auto t = QMetaType::fromName("Qt::Alignment"); return t; }();
}, 
    [](const QQmlPrivate::AOTCompiledContext *aotContext, void **argv) {
Q_UNUSED(aotContext)
Q_UNUSED(argv)
// expression for alignment at line 1041, column 33
int r2_0;
{
}
// generate_GetLookup
#ifndef QT_NO_DEBUG
aotContext->setInstructionPointer(10);
#endif
while (!aotContext->getEnumLookup(381, &r2_0)) {
#ifdef QT_NO_DEBUG
aotContext->setInstructionPointer(10);
#endif
aotContext->initGetEnumLookup(381, []() { static const auto t = QMetaType::fromName("Qt"); return t; }().metaObject(), "AlignmentFlag", "AlignVCenter");
if (aotContext->engine->hasError()) {
aotContext->setReturnValueUndefined();
if (argv[0]) {
    const QMetaType returnType = []() { static const auto t = QMetaType::fromName("Qt::Alignment"); return t; }();
    returnType.destruct(argv[0]);
    returnType.construct(argv[0]);
 }
return;
}
}
{
}
{
}
// generate_Ret
if (argv[0]) {
    const QMetaType returnType = QMetaType::fromType<int>();
    returnType.destruct(argv[0]);
    returnType.construct(argv[0], &r2_0);
}
return;
}
 },{ 132, 0, [](QV4::ExecutableCompilationUnit *unit, QMetaType *argTypes) {
    struct { QV4::ExecutableCompilationUnit *compilationUnit; } c { unit };
    const auto *aotContext = &c;
    Q_UNUSED(aotContext);
    argTypes[0] = QMetaType::fromType<QList<QString>>();
}, 
    [](const QQmlPrivate::AOTCompiledContext *aotContext, void **argv) {
Q_UNUSED(aotContext)
Q_UNUSED(argv)
// expression for listText at line 1054, column 33
QVariant r2_1;
QString r2_0;
QString r7_0;
QVariant r9_0;
QVariant r8_0;
QList<QString> r2_2;
// generate_LoadRuntimeString
r2_0 = QStringLiteral("矩形");
{
}
// generate_StoreReg
r7_0 = std::move(r2_0);
{
}
// generate_LoadRuntimeString
r2_1 = QVariant::fromValue(QStringLiteral("圆形"));
{
}
// generate_StoreReg
r8_0 = std::move(r2_1);
{
}
// generate_LoadRuntimeString
r2_1 = QVariant::fromValue(QStringLiteral("三角形"));
{
}
// generate_StoreReg
r9_0 = std::move(r2_1);
{
}
// generate_DefineArray
r2_2 = QList<QString>{std::move(r7_0), aotContext->engine->fromVariant<QString>(std::move(r8_0)), aotContext->engine->fromVariant<QString>(std::move(r9_0))};
{
}
{
}
// generate_Ret
if (argv[0]) {
    *static_cast<QList<QString> *>(argv[0]) = std::move(r2_2);
}
return;
}
 },{ 137, 0, [](QV4::ExecutableCompilationUnit *unit, QMetaType *argTypes) {
    struct { QV4::ExecutableCompilationUnit *compilationUnit; } c { unit };
    const auto *aotContext = &c;
    Q_UNUSED(aotContext);
    argTypes[0] = QMetaType::fromType<double>();
}, 
    [](const QQmlPrivate::AOTCompiledContext *aotContext, void **argv) {
Q_UNUSED(aotContext)
Q_UNUSED(argv)
// expression for spacing at line 1072, column 29
QObject *r2_0;
double r2_1;
// generate_LoadQmlContextPropertyLookup
#ifndef QT_NO_DEBUG
aotContext->setInstructionPointer(5);
#endif
while (!aotContext->loadContextIdLookup(395, &r2_0)) {
#ifdef QT_NO_DEBUG
aotContext->setInstructionPointer(5);
#endif
aotContext->initLoadContextIdLookup(395);
if (aotContext->engine->hasError()) {
aotContext->setReturnValueUndefined();
if (argv[0]) {
    *static_cast<double *>(argv[0]) = double();
}
return;
}
}
{
}
// generate_GetLookup
#ifndef QT_NO_DEBUG
aotContext->setInstructionPointer(10);
#endif
while (!aotContext->getObjectLookup(396, r2_0, &r2_1)) {
#ifdef QT_NO_DEBUG
aotContext->setInstructionPointer(10);
#endif
aotContext->initGetObjectLookup(396, r2_0);
if (aotContext->engine->hasError()) {
aotContext->setReturnValueUndefined();
if (argv[0]) {
    *static_cast<double *>(argv[0]) = double();
}
return;
}
}
{
}
{
}
// generate_Ret
if (argv[0]) {
    *static_cast<double *>(argv[0]) = r2_1;
}
return;
}
 },{ 138, 0, [](QV4::ExecutableCompilationUnit *unit, QMetaType *argTypes) {
    struct { QV4::ExecutableCompilationUnit *compilationUnit; } c { unit };
    const auto *aotContext = &c;
    Q_UNUSED(aotContext);
    argTypes[0] = []() { static const auto t = QMetaType::fromName("QQuickAnchorLine"); return t; }();
}, 
    [](const QQmlPrivate::AOTCompiledContext *aotContext, void **argv) {
Q_UNUSED(aotContext)
Q_UNUSED(argv)
// expression for verticalCenter at line 1073, column 29
QVariant r2_1;
QObject *r2_0;
// generate_LoadQmlContextPropertyLookup
#ifndef QT_NO_DEBUG
aotContext->setInstructionPointer(5);
#endif
while (!aotContext->loadScopeObjectPropertyLookup(397, &r2_0)) {
#ifdef QT_NO_DEBUG
aotContext->setInstructionPointer(5);
#endif
aotContext->initLoadScopeObjectPropertyLookup(397);
if (aotContext->engine->hasError()) {
aotContext->setReturnValueUndefined();
if (argv[0]) {
    const QMetaType returnType = []() { static const auto t = QMetaType::fromName("QQuickAnchorLine"); return t; }();
    returnType.destruct(argv[0]);
    returnType.construct(argv[0]);
 }
return;
}
}
{
}
// generate_GetLookup
#ifndef QT_NO_DEBUG
aotContext->setInstructionPointer(10);
#endif
r2_1 = QVariant(aotContext->lookupResultMetaType(398));
while (!aotContext->getObjectLookup(398, r2_0, r2_1.data())) {
#ifdef QT_NO_DEBUG
aotContext->setInstructionPointer(10);
#endif
aotContext->initGetObjectLookup(398, r2_0);
if (aotContext->engine->hasError()) {
aotContext->setReturnValueUndefined();
if (argv[0]) {
    const QMetaType returnType = []() { static const auto t = QMetaType::fromName("QQuickAnchorLine"); return t; }();
    returnType.destruct(argv[0]);
    returnType.construct(argv[0]);
 }
return;
}
r2_1 = QVariant(aotContext->lookupResultMetaType(398));
}
{
}
{
}
// generate_Ret
if (argv[0]) {
    if (!r2_1.isValid())
        aotContext->setReturnValueUndefined();
    const QMetaType returnType = r2_1.metaType();
    returnType.destruct(argv[0]);
    returnType.construct(argv[0], r2_1.data());
}
return;
}
 },{ 139, 0, [](QV4::ExecutableCompilationUnit *unit, QMetaType *argTypes) {
    struct { QV4::ExecutableCompilationUnit *compilationUnit; } c { unit };
    const auto *aotContext = &c;
    Q_UNUSED(aotContext);
    argTypes[0] = []() { static const auto t = QMetaType::fromName("Qt::Alignment"); return t; }();
}, 
    [](const QQmlPrivate::AOTCompiledContext *aotContext, void **argv) {
Q_UNUSED(aotContext)
Q_UNUSED(argv)
// expression for alignment at line 1088, column 33
int r2_0;
{
}
// generate_GetLookup
#ifndef QT_NO_DEBUG
aotContext->setInstructionPointer(10);
#endif
while (!aotContext->getEnumLookup(400, &r2_0)) {
#ifdef QT_NO_DEBUG
aotContext->setInstructionPointer(10);
#endif
aotContext->initGetEnumLookup(400, []() { static const auto t = QMetaType::fromName("Qt"); return t; }().metaObject(), "AlignmentFlag", "AlignVCenter");
if (aotContext->engine->hasError()) {
aotContext->setReturnValueUndefined();
if (argv[0]) {
    const QMetaType returnType = []() { static const auto t = QMetaType::fromName("Qt::Alignment"); return t; }();
    returnType.destruct(argv[0]);
    returnType.construct(argv[0]);
 }
return;
}
}
{
}
{
}
// generate_Ret
if (argv[0]) {
    const QMetaType returnType = QMetaType::fromType<int>();
    returnType.destruct(argv[0]);
    returnType.construct(argv[0], &r2_0);
}
return;
}
 },{ 140, 0, [](QV4::ExecutableCompilationUnit *unit, QMetaType *argTypes) {
    struct { QV4::ExecutableCompilationUnit *compilationUnit; } c { unit };
    const auto *aotContext = &c;
    Q_UNUSED(aotContext);
    argTypes[0] = QMetaType::fromType<QList<QString>>();
}, 
    [](const QQmlPrivate::AOTCompiledContext *aotContext, void **argv) {
Q_UNUSED(aotContext)
Q_UNUSED(argv)
// expression for listText at line 1093, column 33
QVariant r10_0;
QVariant r2_1;
QString r2_0;
QString r7_0;
QVariant r9_0;
QVariant r12_0;
QVariant r8_0;
QList<QString> r2_2;
QVariant r11_0;
// generate_LoadRuntimeString
r2_0 = QStringLiteral("▶ 继承格式");
{
}
// generate_StoreReg
r7_0 = std::move(r2_0);
{
}
// generate_LoadRuntimeString
r2_1 = QVariant::fromValue(QStringLiteral("▶ A3页面"));
{
}
// generate_StoreReg
r8_0 = std::move(r2_1);
{
}
// generate_LoadRuntimeString
r2_1 = QVariant::fromValue(QStringLiteral("▶ A4页面"));
{
}
// generate_StoreReg
r9_0 = std::move(r2_1);
{
}
// generate_LoadRuntimeString
r2_1 = QVariant::fromValue(QStringLiteral("▶ A5页面"));
{
}
// generate_StoreReg
r10_0 = std::move(r2_1);
{
}
// generate_LoadRuntimeString
r2_1 = QVariant::fromValue(QStringLiteral("▶ A6页面"));
{
}
// generate_StoreReg
r11_0 = std::move(r2_1);
{
}
// generate_LoadRuntimeString
r2_1 = QVariant::fromValue(QStringLiteral("▶ 标准信纸页面"));
{
}
// generate_StoreReg
r12_0 = std::move(r2_1);
{
}
// generate_DefineArray
r2_2 = QList<QString>{std::move(r7_0), aotContext->engine->fromVariant<QString>(std::move(r8_0)), aotContext->engine->fromVariant<QString>(std::move(r9_0)), aotContext->engine->fromVariant<QString>(std::move(r10_0)), aotContext->engine->fromVariant<QString>(std::move(r11_0)), aotContext->engine->fromVariant<QString>(std::move(r12_0))};
{
}
{
}
// generate_Ret
if (argv[0]) {
    *static_cast<QList<QString> *>(argv[0]) = std::move(r2_2);
}
return;
}
 },{ 141, 2, [](QV4::ExecutableCompilationUnit *unit, QMetaType *argTypes) {
    struct { QV4::ExecutableCompilationUnit *compilationUnit; } c { unit };
    const auto *aotContext = &c;
    Q_UNUSED(aotContext);
    argTypes[0] = QMetaType();
    argTypes[1] = QMetaType::fromType<int>();
    argTypes[2] = QMetaType::fromType<QString>();
}, 
    [](const QQmlPrivate::AOTCompiledContext *aotContext, void **argv) {
Q_UNUSED(aotContext)
Q_UNUSED(argv)
// expression for onSelected at line 1094, column 33
// generate_CreateCallContext
{
{
}
{
}
{
}
// generate_PopContext
{}
}
{
}
{
}
// generate_Ret
return;
}
 },{ 145, 0, [](QV4::ExecutableCompilationUnit *unit, QMetaType *argTypes) {
    struct { QV4::ExecutableCompilationUnit *compilationUnit; } c { unit };
    const auto *aotContext = &c;
    Q_UNUSED(aotContext);
    argTypes[0] = QMetaType::fromType<bool>();
}, 
    [](const QQmlPrivate::AOTCompiledContext *aotContext, void **argv) {
Q_UNUSED(aotContext)
Q_UNUSED(argv)
// expression for visible at line 1143, column 33
QObject *r2_0;
int r7_0;
int r2_1;
int r2_2;
bool r2_3;
// generate_LoadQmlContextPropertyLookup
#ifndef QT_NO_DEBUG
aotContext->setInstructionPointer(5);
#endif
while (!aotContext->loadContextIdLookup(460, &r2_0)) {
#ifdef QT_NO_DEBUG
aotContext->setInstructionPointer(5);
#endif
aotContext->initLoadContextIdLookup(460);
if (aotContext->engine->hasError()) {
aotContext->setReturnValueUndefined();
if (argv[0]) {
    *static_cast<bool *>(argv[0]) = bool();
}
return;
}
}
{
}
// generate_GetLookup
#ifndef QT_NO_DEBUG
aotContext->setInstructionPointer(10);
#endif
while (!aotContext->getObjectLookup(461, r2_0, &r2_1)) {
#ifdef QT_NO_DEBUG
aotContext->setInstructionPointer(10);
#endif
aotContext->initGetObjectLookup(461, r2_0);
if (aotContext->engine->hasError()) {
aotContext->setReturnValueUndefined();
if (argv[0]) {
    *static_cast<bool *>(argv[0]) = bool();
}
return;
}
}
{
}
// generate_StoreReg
r7_0 = r2_1;
{
}
// generate_LoadInt
r2_2 = 1;
{
}
// generate_CmpStrictEqual
r2_3 = r7_0 == r2_2;
{
}
{
}
// generate_Ret
if (argv[0]) {
    *static_cast<bool *>(argv[0]) = r2_3;
}
return;
}
 },{ 146, 0, [](QV4::ExecutableCompilationUnit *unit, QMetaType *argTypes) {
    struct { QV4::ExecutableCompilationUnit *compilationUnit; } c { unit };
    const auto *aotContext = &c;
    Q_UNUSED(aotContext);
    argTypes[0] = QMetaType::fromType<bool>();
}, 
    [](const QQmlPrivate::AOTCompiledContext *aotContext, void **argv) {
Q_UNUSED(aotContext)
Q_UNUSED(argv)
// expression for visible at line 1147, column 33
int r2_1;
int r7_0;
QObject *r2_0;
int r2_2;
bool r2_3;
// generate_LoadQmlContextPropertyLookup
#ifndef QT_NO_DEBUG
aotContext->setInstructionPointer(5);
#endif
while (!aotContext->loadContextIdLookup(462, &r2_0)) {
#ifdef QT_NO_DEBUG
aotContext->setInstructionPointer(5);
#endif
aotContext->initLoadContextIdLookup(462);
if (aotContext->engine->hasError()) {
aotContext->setReturnValueUndefined();
if (argv[0]) {
    *static_cast<bool *>(argv[0]) = bool();
}
return;
}
}
{
}
// generate_GetLookup
#ifndef QT_NO_DEBUG
aotContext->setInstructionPointer(10);
#endif
while (!aotContext->getObjectLookup(463, r2_0, &r2_1)) {
#ifdef QT_NO_DEBUG
aotContext->setInstructionPointer(10);
#endif
aotContext->initGetObjectLookup(463, r2_0);
if (aotContext->engine->hasError()) {
aotContext->setReturnValueUndefined();
if (argv[0]) {
    *static_cast<bool *>(argv[0]) = bool();
}
return;
}
}
{
}
// generate_StoreReg
r7_0 = r2_1;
{
}
// generate_LoadInt
r2_2 = 1;
{
}
// generate_CmpStrictEqual
r2_3 = r7_0 == r2_2;
{
}
{
}
// generate_Ret
if (argv[0]) {
    *static_cast<bool *>(argv[0]) = r2_3;
}
return;
}
 },{ 147, 0, [](QV4::ExecutableCompilationUnit *unit, QMetaType *argTypes) {
    struct { QV4::ExecutableCompilationUnit *compilationUnit; } c { unit };
    const auto *aotContext = &c;
    Q_UNUSED(aotContext);
    argTypes[0] = []() { static const auto t = QMetaType::fromName("QQuickTextInput::HAlignment"); return t; }();
}, 
    [](const QQmlPrivate::AOTCompiledContext *aotContext, void **argv) {
Q_UNUSED(aotContext)
Q_UNUSED(argv)
// expression for horizontalAlignment at line 1152, column 33
int r2_0;
{
}
// generate_GetLookup
#ifndef QT_NO_DEBUG
aotContext->setInstructionPointer(10);
#endif
while (!aotContext->getEnumLookup(465, &r2_0)) {
#ifdef QT_NO_DEBUG
aotContext->setInstructionPointer(10);
#endif
aotContext->initGetEnumLookup(465, []() { static const auto t = QMetaType::fromName("QQuickText*"); return t; }().metaObject(), "HAlignment", "AlignHCenter");
if (aotContext->engine->hasError()) {
aotContext->setReturnValueUndefined();
if (argv[0]) {
    const QMetaType returnType = []() { static const auto t = QMetaType::fromName("QQuickTextInput::HAlignment"); return t; }();
    returnType.destruct(argv[0]);
    returnType.construct(argv[0]);
 }
return;
}
}
{
}
{
}
// generate_Ret
if (argv[0]) {
    const QMetaType returnType = QMetaType::fromType<int>();
    returnType.destruct(argv[0]);
    returnType.construct(argv[0], &r2_0);
}
return;
}
 },{ 149, 0, [](QV4::ExecutableCompilationUnit *unit, QMetaType *argTypes) {
    struct { QV4::ExecutableCompilationUnit *compilationUnit; } c { unit };
    const auto *aotContext = &c;
    Q_UNUSED(aotContext);
    argTypes[0] = QMetaType::fromType<double>();
}, 
    [](const QQmlPrivate::AOTCompiledContext *aotContext, void **argv) {
Q_UNUSED(aotContext)
Q_UNUSED(argv)
// expression for preferredWidth at line 1149, column 33
double r2_1;
bool r2_0;
// generate_LoadQmlContextPropertyLookup
#ifndef QT_NO_DEBUG
aotContext->setInstructionPointer(5);
#endif
while (!aotContext->loadScopeObjectPropertyLookup(470, &r2_0)) {
#ifdef QT_NO_DEBUG
aotContext->setInstructionPointer(5);
#endif
aotContext->initLoadScopeObjectPropertyLookup(470);
if (aotContext->engine->hasError()) {
aotContext->setReturnValueUndefined();
if (argv[0]) {
    *static_cast<double *>(argv[0]) = double();
}
return;
}
}
{
}
// generate_JumpFalse
if (!r2_0) {
    goto label_0;
}
{
}
// generate_LoadInt
r2_1 = double(60);
{
}
// generate_Jump
{
    goto label_1;
}
label_0:;
// generate_LoadInt
r2_1 = double(30);
{
}
label_1:;
{
}
// generate_Ret
if (argv[0]) {
    *static_cast<double *>(argv[0]) = r2_1;
}
return;
}
 },{ 150, 0, [](QV4::ExecutableCompilationUnit *unit, QMetaType *argTypes) {
    struct { QV4::ExecutableCompilationUnit *compilationUnit; } c { unit };
    const auto *aotContext = &c;
    Q_UNUSED(aotContext);
    argTypes[0] = []() { static const auto t = QMetaType::fromName("QQuickTextInput::HAlignment"); return t; }();
}, 
    [](const QQmlPrivate::AOTCompiledContext *aotContext, void **argv) {
Q_UNUSED(aotContext)
Q_UNUSED(argv)
// expression for horizontalAlignment at line 1171, column 33
int r2_0;
{
}
// generate_GetLookup
#ifndef QT_NO_DEBUG
aotContext->setInstructionPointer(10);
#endif
while (!aotContext->getEnumLookup(472, &r2_0)) {
#ifdef QT_NO_DEBUG
aotContext->setInstructionPointer(10);
#endif
aotContext->initGetEnumLookup(472, []() { static const auto t = QMetaType::fromName("QQuickText*"); return t; }().metaObject(), "HAlignment", "AlignHCenter");
if (aotContext->engine->hasError()) {
aotContext->setReturnValueUndefined();
if (argv[0]) {
    const QMetaType returnType = []() { static const auto t = QMetaType::fromName("QQuickTextInput::HAlignment"); return t; }();
    returnType.destruct(argv[0]);
    returnType.construct(argv[0]);
 }
return;
}
}
{
}
{
}
// generate_Ret
if (argv[0]) {
    const QMetaType returnType = QMetaType::fromType<int>();
    returnType.destruct(argv[0]);
    returnType.construct(argv[0], &r2_0);
}
return;
}
 },{ 151, 0, [](QV4::ExecutableCompilationUnit *unit, QMetaType *argTypes) {
    struct { QV4::ExecutableCompilationUnit *compilationUnit; } c { unit };
    const auto *aotContext = &c;
    Q_UNUSED(aotContext);
    argTypes[0] = QMetaType::fromType<double>();
}, 
    [](const QQmlPrivate::AOTCompiledContext *aotContext, void **argv) {
Q_UNUSED(aotContext)
Q_UNUSED(argv)
// expression for preferredWidth at line 1166, column 33
bool r2_0;
double r2_1;
// generate_LoadQmlContextPropertyLookup
#ifndef QT_NO_DEBUG
aotContext->setInstructionPointer(5);
#endif
while (!aotContext->loadScopeObjectPropertyLookup(473, &r2_0)) {
#ifdef QT_NO_DEBUG
aotContext->setInstructionPointer(5);
#endif
aotContext->initLoadScopeObjectPropertyLookup(473);
if (aotContext->engine->hasError()) {
aotContext->setReturnValueUndefined();
if (argv[0]) {
    *static_cast<double *>(argv[0]) = double();
}
return;
}
}
{
}
// generate_JumpFalse
if (!r2_0) {
    goto label_0;
}
{
}
// generate_LoadInt
r2_1 = double(80);
{
}
// generate_Jump
{
    goto label_1;
}
label_0:;
// generate_LoadInt
r2_1 = double(40);
{
}
label_1:;
{
}
// generate_Ret
if (argv[0]) {
    *static_cast<double *>(argv[0]) = r2_1;
}
return;
}
 },{ 152, 0, [](QV4::ExecutableCompilationUnit *unit, QMetaType *argTypes) {
    struct { QV4::ExecutableCompilationUnit *compilationUnit; } c { unit };
    const auto *aotContext = &c;
    Q_UNUSED(aotContext);
    argTypes[0] = []() { static const auto t = QMetaType::fromName("QQuickTextInput::HAlignment"); return t; }();
}, 
    [](const QQmlPrivate::AOTCompiledContext *aotContext, void **argv) {
Q_UNUSED(aotContext)
Q_UNUSED(argv)
// expression for horizontalAlignment at line 1188, column 33
int r2_0;
{
}
// generate_GetLookup
#ifndef QT_NO_DEBUG
aotContext->setInstructionPointer(10);
#endif
while (!aotContext->getEnumLookup(475, &r2_0)) {
#ifdef QT_NO_DEBUG
aotContext->setInstructionPointer(10);
#endif
aotContext->initGetEnumLookup(475, []() { static const auto t = QMetaType::fromName("QQuickText*"); return t; }().metaObject(), "HAlignment", "AlignHCenter");
if (aotContext->engine->hasError()) {
aotContext->setReturnValueUndefined();
if (argv[0]) {
    const QMetaType returnType = []() { static const auto t = QMetaType::fromName("QQuickTextInput::HAlignment"); return t; }();
    returnType.destruct(argv[0]);
    returnType.construct(argv[0]);
 }
return;
}
}
{
}
{
}
// generate_Ret
if (argv[0]) {
    const QMetaType returnType = QMetaType::fromType<int>();
    returnType.destruct(argv[0]);
    returnType.construct(argv[0], &r2_0);
}
return;
}
 },{ 153, 0, [](QV4::ExecutableCompilationUnit *unit, QMetaType *argTypes) {
    struct { QV4::ExecutableCompilationUnit *compilationUnit; } c { unit };
    const auto *aotContext = &c;
    Q_UNUSED(aotContext);
    argTypes[0] = QMetaType::fromType<double>();
}, 
    [](const QQmlPrivate::AOTCompiledContext *aotContext, void **argv) {
Q_UNUSED(aotContext)
Q_UNUSED(argv)
// expression for preferredWidth at line 1183, column 33
double r2_1;
bool r2_0;
// generate_LoadQmlContextPropertyLookup
#ifndef QT_NO_DEBUG
aotContext->setInstructionPointer(5);
#endif
while (!aotContext->loadScopeObjectPropertyLookup(476, &r2_0)) {
#ifdef QT_NO_DEBUG
aotContext->setInstructionPointer(5);
#endif
aotContext->initLoadScopeObjectPropertyLookup(476);
if (aotContext->engine->hasError()) {
aotContext->setReturnValueUndefined();
if (argv[0]) {
    *static_cast<double *>(argv[0]) = double();
}
return;
}
}
{
}
// generate_JumpFalse
if (!r2_0) {
    goto label_0;
}
{
}
// generate_LoadInt
r2_1 = double(80);
{
}
// generate_Jump
{
    goto label_1;
}
label_0:;
// generate_LoadInt
r2_1 = double(40);
{
}
label_1:;
{
}
// generate_Ret
if (argv[0]) {
    *static_cast<double *>(argv[0]) = r2_1;
}
return;
}
 },{ 154, 0, [](QV4::ExecutableCompilationUnit *unit, QMetaType *argTypes) {
    struct { QV4::ExecutableCompilationUnit *compilationUnit; } c { unit };
    const auto *aotContext = &c;
    Q_UNUSED(aotContext);
    argTypes[0] = []() { static const auto t = QMetaType::fromName("QQuickTextInput::HAlignment"); return t; }();
}, 
    [](const QQmlPrivate::AOTCompiledContext *aotContext, void **argv) {
Q_UNUSED(aotContext)
Q_UNUSED(argv)
// expression for horizontalAlignment at line 1202, column 33
int r2_0;
{
}
// generate_GetLookup
#ifndef QT_NO_DEBUG
aotContext->setInstructionPointer(10);
#endif
while (!aotContext->getEnumLookup(478, &r2_0)) {
#ifdef QT_NO_DEBUG
aotContext->setInstructionPointer(10);
#endif
aotContext->initGetEnumLookup(478, []() { static const auto t = QMetaType::fromName("QQuickText*"); return t; }().metaObject(), "HAlignment", "AlignHCenter");
if (aotContext->engine->hasError()) {
aotContext->setReturnValueUndefined();
if (argv[0]) {
    const QMetaType returnType = []() { static const auto t = QMetaType::fromName("QQuickTextInput::HAlignment"); return t; }();
    returnType.destruct(argv[0]);
    returnType.construct(argv[0]);
 }
return;
}
}
{
}
{
}
// generate_Ret
if (argv[0]) {
    const QMetaType returnType = QMetaType::fromType<int>();
    returnType.destruct(argv[0]);
    returnType.construct(argv[0], &r2_0);
}
return;
}
 },{ 155, 0, [](QV4::ExecutableCompilationUnit *unit, QMetaType *argTypes) {
    struct { QV4::ExecutableCompilationUnit *compilationUnit; } c { unit };
    const auto *aotContext = &c;
    Q_UNUSED(aotContext);
    argTypes[0] = []() { static const auto t = QMetaType::fromName("QQuickTextInput::HAlignment"); return t; }();
}, 
    [](const QQmlPrivate::AOTCompiledContext *aotContext, void **argv) {
Q_UNUSED(aotContext)
Q_UNUSED(argv)
// expression for horizontalAlignment at line 1216, column 33
int r2_0;
{
}
// generate_GetLookup
#ifndef QT_NO_DEBUG
aotContext->setInstructionPointer(10);
#endif
while (!aotContext->getEnumLookup(480, &r2_0)) {
#ifdef QT_NO_DEBUG
aotContext->setInstructionPointer(10);
#endif
aotContext->initGetEnumLookup(480, []() { static const auto t = QMetaType::fromName("QQuickText*"); return t; }().metaObject(), "HAlignment", "AlignHCenter");
if (aotContext->engine->hasError()) {
aotContext->setReturnValueUndefined();
if (argv[0]) {
    const QMetaType returnType = []() { static const auto t = QMetaType::fromName("QQuickTextInput::HAlignment"); return t; }();
    returnType.destruct(argv[0]);
    returnType.construct(argv[0]);
 }
return;
}
}
{
}
{
}
// generate_Ret
if (argv[0]) {
    const QMetaType returnType = QMetaType::fromType<int>();
    returnType.destruct(argv[0]);
    returnType.construct(argv[0], &r2_0);
}
return;
}
 },{ 157, 0, [](QV4::ExecutableCompilationUnit *unit, QMetaType *argTypes) {
    struct { QV4::ExecutableCompilationUnit *compilationUnit; } c { unit };
    const auto *aotContext = &c;
    Q_UNUSED(aotContext);
    argTypes[0] = QMetaType::fromType<double>();
}, 
    [](const QQmlPrivate::AOTCompiledContext *aotContext, void **argv) {
Q_UNUSED(aotContext)
Q_UNUSED(argv)
// expression for spacing at line 1236, column 29
double r2_1;
QObject *r2_0;
// generate_LoadQmlContextPropertyLookup
#ifndef QT_NO_DEBUG
aotContext->setInstructionPointer(5);
#endif
while (!aotContext->loadContextIdLookup(481, &r2_0)) {
#ifdef QT_NO_DEBUG
aotContext->setInstructionPointer(5);
#endif
aotContext->initLoadContextIdLookup(481);
if (aotContext->engine->hasError()) {
aotContext->setReturnValueUndefined();
if (argv[0]) {
    *static_cast<double *>(argv[0]) = double();
}
return;
}
}
{
}
// generate_GetLookup
#ifndef QT_NO_DEBUG
aotContext->setInstructionPointer(10);
#endif
while (!aotContext->getObjectLookup(482, r2_0, &r2_1)) {
#ifdef QT_NO_DEBUG
aotContext->setInstructionPointer(10);
#endif
aotContext->initGetObjectLookup(482, r2_0);
if (aotContext->engine->hasError()) {
aotContext->setReturnValueUndefined();
if (argv[0]) {
    *static_cast<double *>(argv[0]) = double();
}
return;
}
}
{
}
{
}
// generate_Ret
if (argv[0]) {
    *static_cast<double *>(argv[0]) = r2_1;
}
return;
}
 },{ 158, 0, [](QV4::ExecutableCompilationUnit *unit, QMetaType *argTypes) {
    struct { QV4::ExecutableCompilationUnit *compilationUnit; } c { unit };
    const auto *aotContext = &c;
    Q_UNUSED(aotContext);
    argTypes[0] = []() { static const auto t = QMetaType::fromName("QQuickAnchorLine"); return t; }();
}, 
    [](const QQmlPrivate::AOTCompiledContext *aotContext, void **argv) {
Q_UNUSED(aotContext)
Q_UNUSED(argv)
// expression for verticalCenter at line 1237, column 29
QObject *r2_0;
QVariant r2_1;
// generate_LoadQmlContextPropertyLookup
#ifndef QT_NO_DEBUG
aotContext->setInstructionPointer(5);
#endif
while (!aotContext->loadScopeObjectPropertyLookup(483, &r2_0)) {
#ifdef QT_NO_DEBUG
aotContext->setInstructionPointer(5);
#endif
aotContext->initLoadScopeObjectPropertyLookup(483);
if (aotContext->engine->hasError()) {
aotContext->setReturnValueUndefined();
if (argv[0]) {
    const QMetaType returnType = []() { static const auto t = QMetaType::fromName("QQuickAnchorLine"); return t; }();
    returnType.destruct(argv[0]);
    returnType.construct(argv[0]);
 }
return;
}
}
{
}
// generate_GetLookup
#ifndef QT_NO_DEBUG
aotContext->setInstructionPointer(10);
#endif
r2_1 = QVariant(aotContext->lookupResultMetaType(484));
while (!aotContext->getObjectLookup(484, r2_0, r2_1.data())) {
#ifdef QT_NO_DEBUG
aotContext->setInstructionPointer(10);
#endif
aotContext->initGetObjectLookup(484, r2_0);
if (aotContext->engine->hasError()) {
aotContext->setReturnValueUndefined();
if (argv[0]) {
    const QMetaType returnType = []() { static const auto t = QMetaType::fromName("QQuickAnchorLine"); return t; }();
    returnType.destruct(argv[0]);
    returnType.construct(argv[0]);
 }
return;
}
r2_1 = QVariant(aotContext->lookupResultMetaType(484));
}
{
}
{
}
// generate_Ret
if (argv[0]) {
    if (!r2_1.isValid())
        aotContext->setReturnValueUndefined();
    const QMetaType returnType = r2_1.metaType();
    returnType.destruct(argv[0]);
    returnType.construct(argv[0], r2_1.data());
}
return;
}
 },{ 159, 0, [](QV4::ExecutableCompilationUnit *unit, QMetaType *argTypes) {
    struct { QV4::ExecutableCompilationUnit *compilationUnit; } c { unit };
    const auto *aotContext = &c;
    Q_UNUSED(aotContext);
    argTypes[0] = QMetaType::fromType<double>();
}, 
    [](const QQmlPrivate::AOTCompiledContext *aotContext, void **argv) {
Q_UNUSED(aotContext)
Q_UNUSED(argv)
// expression for spacing at line 1241, column 29
double r2_1;
QObject *r2_0;
// generate_LoadQmlContextPropertyLookup
#ifndef QT_NO_DEBUG
aotContext->setInstructionPointer(5);
#endif
while (!aotContext->loadContextIdLookup(485, &r2_0)) {
#ifdef QT_NO_DEBUG
aotContext->setInstructionPointer(5);
#endif
aotContext->initLoadContextIdLookup(485);
if (aotContext->engine->hasError()) {
aotContext->setReturnValueUndefined();
if (argv[0]) {
    *static_cast<double *>(argv[0]) = double();
}
return;
}
}
{
}
// generate_GetLookup
#ifndef QT_NO_DEBUG
aotContext->setInstructionPointer(10);
#endif
while (!aotContext->getObjectLookup(486, r2_0, &r2_1)) {
#ifdef QT_NO_DEBUG
aotContext->setInstructionPointer(10);
#endif
aotContext->initGetObjectLookup(486, r2_0);
if (aotContext->engine->hasError()) {
aotContext->setReturnValueUndefined();
if (argv[0]) {
    *static_cast<double *>(argv[0]) = double();
}
return;
}
}
{
}
{
}
// generate_Ret
if (argv[0]) {
    *static_cast<double *>(argv[0]) = r2_1;
}
return;
}
 },{ 160, 0, [](QV4::ExecutableCompilationUnit *unit, QMetaType *argTypes) {
    struct { QV4::ExecutableCompilationUnit *compilationUnit; } c { unit };
    const auto *aotContext = &c;
    Q_UNUSED(aotContext);
    argTypes[0] = []() { static const auto t = QMetaType::fromName("QQuickAnchorLine"); return t; }();
}, 
    [](const QQmlPrivate::AOTCompiledContext *aotContext, void **argv) {
Q_UNUSED(aotContext)
Q_UNUSED(argv)
// expression for verticalCenter at line 1242, column 29
QVariant r2_1;
QObject *r2_0;
// generate_LoadQmlContextPropertyLookup
#ifndef QT_NO_DEBUG
aotContext->setInstructionPointer(5);
#endif
while (!aotContext->loadScopeObjectPropertyLookup(487, &r2_0)) {
#ifdef QT_NO_DEBUG
aotContext->setInstructionPointer(5);
#endif
aotContext->initLoadScopeObjectPropertyLookup(487);
if (aotContext->engine->hasError()) {
aotContext->setReturnValueUndefined();
if (argv[0]) {
    const QMetaType returnType = []() { static const auto t = QMetaType::fromName("QQuickAnchorLine"); return t; }();
    returnType.destruct(argv[0]);
    returnType.construct(argv[0]);
 }
return;
}
}
{
}
// generate_GetLookup
#ifndef QT_NO_DEBUG
aotContext->setInstructionPointer(10);
#endif
r2_1 = QVariant(aotContext->lookupResultMetaType(488));
while (!aotContext->getObjectLookup(488, r2_0, r2_1.data())) {
#ifdef QT_NO_DEBUG
aotContext->setInstructionPointer(10);
#endif
aotContext->initGetObjectLookup(488, r2_0);
if (aotContext->engine->hasError()) {
aotContext->setReturnValueUndefined();
if (argv[0]) {
    const QMetaType returnType = []() { static const auto t = QMetaType::fromName("QQuickAnchorLine"); return t; }();
    returnType.destruct(argv[0]);
    returnType.construct(argv[0]);
 }
return;
}
r2_1 = QVariant(aotContext->lookupResultMetaType(488));
}
{
}
{
}
// generate_Ret
if (argv[0]) {
    if (!r2_1.isValid())
        aotContext->setReturnValueUndefined();
    const QMetaType returnType = r2_1.metaType();
    returnType.destruct(argv[0]);
    returnType.construct(argv[0], r2_1.data());
}
return;
}
 },{ 163, 0, [](QV4::ExecutableCompilationUnit *unit, QMetaType *argTypes) {
    struct { QV4::ExecutableCompilationUnit *compilationUnit; } c { unit };
    const auto *aotContext = &c;
    Q_UNUSED(aotContext);
    argTypes[0] = QMetaType::fromType<double>();
}, 
    [](const QQmlPrivate::AOTCompiledContext *aotContext, void **argv) {
Q_UNUSED(aotContext)
Q_UNUSED(argv)
// expression for height at line 1264, column 41
double r8_0;
double r2_5;
QVariant r2_4;
double r2_1;
double r2_2;
double r2_3;
QVariant r2_0;
double r7_0;
// generate_LoadQmlContextPropertyLookup
#ifndef QT_NO_DEBUG
aotContext->setInstructionPointer(5);
#endif
r2_0 = QVariant(aotContext->lookupResultMetaType(505));
while (!aotContext->loadScopeObjectPropertyLookup(505, r2_0.data())) {
#ifdef QT_NO_DEBUG
aotContext->setInstructionPointer(5);
#endif
aotContext->initLoadScopeObjectPropertyLookup(505);
if (aotContext->engine->hasError()) {
aotContext->setReturnValueUndefined();
if (argv[0]) {
    *static_cast<double *>(argv[0]) = double();
}
return;
}
r2_0 = QVariant(aotContext->lookupResultMetaType(505));
}
{
}
// generate_GetLookup
{
int retrieved;
#ifndef QT_NO_DEBUG
aotContext->setInstructionPointer(10);
#endif
while (!aotContext->getValueLookup(506, r2_0.data(), &retrieved)) {
#ifdef QT_NO_DEBUG
aotContext->setInstructionPointer(10);
#endif
aotContext->initGetValueLookup(506, []() { static const auto t = QMetaType::fromName("QQmlSizeValueType"); return t; }().metaObject());
if (aotContext->engine->hasError()) {
aotContext->setReturnValueUndefined();
if (argv[0]) {
    *static_cast<double *>(argv[0]) = double();
}
return;
}
}
r2_1 = double(std::move(retrieved));
}
{
}
// generate_StoreReg
r7_0 = r2_1;
{
}
// generate_LoadQmlContextPropertyLookup
#ifndef QT_NO_DEBUG
aotContext->setInstructionPointer(17);
#endif
while (!aotContext->loadScopeObjectPropertyLookup(507, &r2_2)) {
#ifdef QT_NO_DEBUG
aotContext->setInstructionPointer(17);
#endif
aotContext->initLoadScopeObjectPropertyLookup(507);
if (aotContext->engine->hasError()) {
aotContext->setReturnValueUndefined();
if (argv[0]) {
    *static_cast<double *>(argv[0]) = double();
}
return;
}
}
{
}
// generate_Mul
r2_3 = (r7_0 * r2_2);
{
}
// generate_StoreReg
r8_0 = r2_3;
{
}
// generate_LoadQmlContextPropertyLookup
#ifndef QT_NO_DEBUG
aotContext->setInstructionPointer(26);
#endif
r2_4 = QVariant(aotContext->lookupResultMetaType(508));
while (!aotContext->loadScopeObjectPropertyLookup(508, r2_4.data())) {
#ifdef QT_NO_DEBUG
aotContext->setInstructionPointer(26);
#endif
aotContext->initLoadScopeObjectPropertyLookup(508);
if (aotContext->engine->hasError()) {
aotContext->setReturnValueUndefined();
if (argv[0]) {
    *static_cast<double *>(argv[0]) = double();
}
return;
}
r2_4 = QVariant(aotContext->lookupResultMetaType(508));
}
{
}
// generate_GetLookup
{
int retrieved;
#ifndef QT_NO_DEBUG
aotContext->setInstructionPointer(31);
#endif
while (!aotContext->getValueLookup(509, r2_4.data(), &retrieved)) {
#ifdef QT_NO_DEBUG
aotContext->setInstructionPointer(31);
#endif
aotContext->initGetValueLookup(509, []() { static const auto t = QMetaType::fromName("QQmlSizeValueType"); return t; }().metaObject());
if (aotContext->engine->hasError()) {
aotContext->setReturnValueUndefined();
if (argv[0]) {
    *static_cast<double *>(argv[0]) = double();
}
return;
}
}
r2_5 = double(std::move(retrieved));
}
{
}
// generate_Div
r2_3 = (r8_0 / r2_5);
{
}
{
}
// generate_Ret
if (argv[0]) {
    *static_cast<double *>(argv[0]) = r2_3;
}
return;
}
 },{ 164, 0, [](QV4::ExecutableCompilationUnit *unit, QMetaType *argTypes) {
    struct { QV4::ExecutableCompilationUnit *compilationUnit; } c { unit };
    const auto *aotContext = &c;
    Q_UNUSED(aotContext);
    argTypes[0] = []() { static const auto t = QMetaType::fromName("QQmlEasingEnums::Type"); return t; }();
}, 
    [](const QQmlPrivate::AOTCompiledContext *aotContext, void **argv) {
Q_UNUSED(aotContext)
Q_UNUSED(argv)
// expression for type at line 1282, column 54
int r2_0;
{
}
// generate_GetLookup
#ifndef QT_NO_DEBUG
aotContext->setInstructionPointer(10);
#endif
while (!aotContext->getEnumLookup(511, &r2_0)) {
#ifdef QT_NO_DEBUG
aotContext->setInstructionPointer(10);
#endif
aotContext->initGetEnumLookup(511, []() { static const auto t = QMetaType::fromName("QQmlEasingEnums"); return t; }().metaObject(), "Type", "InOutQuad");
if (aotContext->engine->hasError()) {
aotContext->setReturnValueUndefined();
if (argv[0]) {
    const QMetaType returnType = []() { static const auto t = QMetaType::fromName("QQmlEasingEnums::Type"); return t; }();
    returnType.destruct(argv[0]);
    returnType.construct(argv[0]);
 }
return;
}
}
{
}
{
}
// generate_Ret
if (argv[0]) {
    const QMetaType returnType = QMetaType::fromType<int>();
    returnType.destruct(argv[0]);
    returnType.construct(argv[0], &r2_0);
}
return;
}
 },{ 165, 0, [](QV4::ExecutableCompilationUnit *unit, QMetaType *argTypes) {
    struct { QV4::ExecutableCompilationUnit *compilationUnit; } c { unit };
    const auto *aotContext = &c;
    Q_UNUSED(aotContext);
    argTypes[0] = QMetaType::fromType<QVariant>();
}, 
    [](const QQmlPrivate::AOTCompiledContext *aotContext, void **argv) {
Q_UNUSED(aotContext)
Q_UNUSED(argv)
// expression for source at line 1285, column 21
QVariant r2_0;
// generate_LoadQmlContextPropertyLookup
{
QObject * retrieved;
#ifndef QT_NO_DEBUG
aotContext->setInstructionPointer(5);
#endif
while (!aotContext->loadContextIdLookup(512, &retrieved)) {
#ifdef QT_NO_DEBUG
aotContext->setInstructionPointer(5);
#endif
aotContext->initLoadContextIdLookup(512);
if (aotContext->engine->hasError()) {
aotContext->setReturnValueUndefined();
if (argv[0]) {
    *static_cast<QVariant *>(argv[0]) = QVariant();
}
return;
}
}
r2_0 = QVariant::fromValue(std::move(retrieved));
}
{
}
{
}
// generate_Ret
if (argv[0]) {
    if (!r2_0.isValid())
        aotContext->setReturnValueUndefined();
    *static_cast<QVariant *>(argv[0]) = std::move(r2_0);
}
return;
}
 },{ 166, 0, [](QV4::ExecutableCompilationUnit *unit, QMetaType *argTypes) {
    struct { QV4::ExecutableCompilationUnit *compilationUnit; } c { unit };
    const auto *aotContext = &c;
    Q_UNUSED(aotContext);
    argTypes[0] = []() { static const auto t = QMetaType::fromName("QQuickItem*"); return t; }();
}, 
    [](const QQmlPrivate::AOTCompiledContext *aotContext, void **argv) {
Q_UNUSED(aotContext)
Q_UNUSED(argv)
// expression for fill at line 1286, column 21
QObject *r2_0;
// generate_LoadQmlContextPropertyLookup
#ifndef QT_NO_DEBUG
aotContext->setInstructionPointer(5);
#endif
while (!aotContext->loadScopeObjectPropertyLookup(513, &r2_0)) {
#ifdef QT_NO_DEBUG
aotContext->setInstructionPointer(5);
#endif
aotContext->initLoadScopeObjectPropertyLookup(513);
if (aotContext->engine->hasError()) {
aotContext->setReturnValueUndefined();
if (argv[0]) {
    *static_cast<QObject * *>(argv[0]) = nullptr;
}
return;
}
}
{
}
{
}
// generate_Ret
if (argv[0]) {
    *static_cast<QObject * *>(argv[0]) = r2_0;
}
return;
}
 },{ 167, 0, [](QV4::ExecutableCompilationUnit *unit, QMetaType *argTypes) {
    struct { QV4::ExecutableCompilationUnit *compilationUnit; } c { unit };
    const auto *aotContext = &c;
    Q_UNUSED(aotContext);
    argTypes[0] = []() { static const auto t = QMetaType::fromName("QColor"); return t; }();
}, 
    [](const QQmlPrivate::AOTCompiledContext *aotContext, void **argv) {
Q_UNUSED(aotContext)
Q_UNUSED(argv)
// expression for color at line 1293, column 21
QObject *r2_0;
QVariant r2_1;
// generate_LoadQmlContextPropertyLookup
#ifndef QT_NO_DEBUG
aotContext->setInstructionPointer(5);
#endif
while (!aotContext->loadContextIdLookup(514, &r2_0)) {
#ifdef QT_NO_DEBUG
aotContext->setInstructionPointer(5);
#endif
aotContext->initLoadContextIdLookup(514);
if (aotContext->engine->hasError()) {
aotContext->setReturnValueUndefined();
if (argv[0]) {
    const QMetaType returnType = []() { static const auto t = QMetaType::fromName("QColor"); return t; }();
    returnType.destruct(argv[0]);
    returnType.construct(argv[0]);
 }
return;
}
}
{
}
// generate_GetLookup
#ifndef QT_NO_DEBUG
aotContext->setInstructionPointer(10);
#endif
r2_1 = QVariant(aotContext->lookupResultMetaType(515));
while (!aotContext->getObjectLookup(515, r2_0, r2_1.data())) {
#ifdef QT_NO_DEBUG
aotContext->setInstructionPointer(10);
#endif
aotContext->initGetObjectLookup(515, r2_0);
if (aotContext->engine->hasError()) {
aotContext->setReturnValueUndefined();
if (argv[0]) {
    const QMetaType returnType = []() { static const auto t = QMetaType::fromName("QColor"); return t; }();
    returnType.destruct(argv[0]);
    returnType.construct(argv[0]);
 }
return;
}
r2_1 = QVariant(aotContext->lookupResultMetaType(515));
}
{
}
{
}
// generate_Ret
if (argv[0]) {
    if (!r2_1.isValid())
        aotContext->setReturnValueUndefined();
    const QMetaType returnType = r2_1.metaType();
    returnType.destruct(argv[0]);
    returnType.construct(argv[0], r2_1.data());
}
return;
}
 },{ 168, 0, [](QV4::ExecutableCompilationUnit *unit, QMetaType *argTypes) {
    struct { QV4::ExecutableCompilationUnit *compilationUnit; } c { unit };
    const auto *aotContext = &c;
    Q_UNUSED(aotContext);
    argTypes[0] = []() { static const auto t = QMetaType::fromName("QQuickItem*"); return t; }();
}, 
    [](const QQmlPrivate::AOTCompiledContext *aotContext, void **argv) {
Q_UNUSED(aotContext)
Q_UNUSED(argv)
// expression for fill at line 1294, column 21
QObject *r2_0;
// generate_LoadQmlContextPropertyLookup
#ifndef QT_NO_DEBUG
aotContext->setInstructionPointer(5);
#endif
while (!aotContext->loadScopeObjectPropertyLookup(516, &r2_0)) {
#ifdef QT_NO_DEBUG
aotContext->setInstructionPointer(5);
#endif
aotContext->initLoadScopeObjectPropertyLookup(516);
if (aotContext->engine->hasError()) {
aotContext->setReturnValueUndefined();
if (argv[0]) {
    *static_cast<QObject * *>(argv[0]) = nullptr;
}
return;
}
}
{
}
{
}
// generate_Ret
if (argv[0]) {
    *static_cast<QObject * *>(argv[0]) = r2_0;
}
return;
}
 },{ 169, 0, [](QV4::ExecutableCompilationUnit *unit, QMetaType *argTypes) {
    struct { QV4::ExecutableCompilationUnit *compilationUnit; } c { unit };
    const auto *aotContext = &c;
    Q_UNUSED(aotContext);
    argTypes[0] = QMetaType::fromType<double>();
}, 
    [](const QQmlPrivate::AOTCompiledContext *aotContext, void **argv) {
Q_UNUSED(aotContext)
Q_UNUSED(argv)
// expression for width at line 1296, column 37
double r2_1;
double r7_0;
QObject *r2_0;
double r2_2;
// generate_LoadQmlContextPropertyLookup
#ifndef QT_NO_DEBUG
aotContext->setInstructionPointer(5);
#endif
while (!aotContext->loadScopeObjectPropertyLookup(517, &r2_0)) {
#ifdef QT_NO_DEBUG
aotContext->setInstructionPointer(5);
#endif
aotContext->initLoadScopeObjectPropertyLookup(517);
if (aotContext->engine->hasError()) {
aotContext->setReturnValueUndefined();
if (argv[0]) {
    *static_cast<double *>(argv[0]) = double();
}
return;
}
}
{
}
// generate_GetLookup
#ifndef QT_NO_DEBUG
aotContext->setInstructionPointer(10);
#endif
while (!aotContext->getObjectLookup(518, r2_0, &r2_1)) {
#ifdef QT_NO_DEBUG
aotContext->setInstructionPointer(10);
#endif
aotContext->initGetObjectLookup(518, r2_0);
if (aotContext->engine->hasError()) {
aotContext->setReturnValueUndefined();
if (argv[0]) {
    *static_cast<double *>(argv[0]) = double();
}
return;
}
}
{
}
// generate_StoreReg
r7_0 = r2_1;
{
}
// generate_LoadInt
r2_2 = double(4);
{
}
// generate_Sub
r2_2 = (r7_0 - r2_2);
{
}
{
}
// generate_Ret
if (argv[0]) {
    *static_cast<double *>(argv[0]) = r2_2;
}
return;
}
 },{ 170, 0, [](QV4::ExecutableCompilationUnit *unit, QMetaType *argTypes) {
    struct { QV4::ExecutableCompilationUnit *compilationUnit; } c { unit };
    const auto *aotContext = &c;
    Q_UNUSED(aotContext);
    argTypes[0] = QMetaType::fromType<double>();
}, 
    [](const QQmlPrivate::AOTCompiledContext *aotContext, void **argv) {
Q_UNUSED(aotContext)
Q_UNUSED(argv)
// expression for height at line 1296, column 62
QObject *r2_0;
double r7_0;
double r2_1;
double r2_2;
// generate_LoadQmlContextPropertyLookup
#ifndef QT_NO_DEBUG
aotContext->setInstructionPointer(5);
#endif
while (!aotContext->loadScopeObjectPropertyLookup(519, &r2_0)) {
#ifdef QT_NO_DEBUG
aotContext->setInstructionPointer(5);
#endif
aotContext->initLoadScopeObjectPropertyLookup(519);
if (aotContext->engine->hasError()) {
aotContext->setReturnValueUndefined();
if (argv[0]) {
    *static_cast<double *>(argv[0]) = double();
}
return;
}
}
{
}
// generate_GetLookup
#ifndef QT_NO_DEBUG
aotContext->setInstructionPointer(10);
#endif
while (!aotContext->getObjectLookup(520, r2_0, &r2_1)) {
#ifdef QT_NO_DEBUG
aotContext->setInstructionPointer(10);
#endif
aotContext->initGetObjectLookup(520, r2_0);
if (aotContext->engine->hasError()) {
aotContext->setReturnValueUndefined();
if (argv[0]) {
    *static_cast<double *>(argv[0]) = double();
}
return;
}
}
{
}
// generate_StoreReg
r7_0 = r2_1;
{
}
// generate_LoadInt
r2_2 = double(8);
{
}
// generate_Sub
r2_2 = (r7_0 - r2_2);
{
}
{
}
// generate_Ret
if (argv[0]) {
    *static_cast<double *>(argv[0]) = r2_2;
}
return;
}
 },{ 172, 0, [](QV4::ExecutableCompilationUnit *unit, QMetaType *argTypes) {
    struct { QV4::ExecutableCompilationUnit *compilationUnit; } c { unit };
    const auto *aotContext = &c;
    Q_UNUSED(aotContext);
    argTypes[0] = QMetaType::fromType<double>();
}, 
    [](const QQmlPrivate::AOTCompiledContext *aotContext, void **argv) {
Q_UNUSED(aotContext)
Q_UNUSED(argv)
// expression for height at line 1302, column 29
double r2_1;
QObject *r2_0;
// generate_LoadQmlContextPropertyLookup
#ifndef QT_NO_DEBUG
aotContext->setInstructionPointer(5);
#endif
while (!aotContext->loadScopeObjectPropertyLookup(525, &r2_0)) {
#ifdef QT_NO_DEBUG
aotContext->setInstructionPointer(5);
#endif
aotContext->initLoadScopeObjectPropertyLookup(525);
if (aotContext->engine->hasError()) {
aotContext->setReturnValueUndefined();
if (argv[0]) {
    *static_cast<double *>(argv[0]) = double();
}
return;
}
}
{
}
// generate_GetLookup
#ifndef QT_NO_DEBUG
aotContext->setInstructionPointer(10);
#endif
while (!aotContext->getObjectLookup(526, r2_0, &r2_1)) {
#ifdef QT_NO_DEBUG
aotContext->setInstructionPointer(10);
#endif
aotContext->initGetObjectLookup(526, r2_0);
if (aotContext->engine->hasError()) {
aotContext->setReturnValueUndefined();
if (argv[0]) {
    *static_cast<double *>(argv[0]) = double();
}
return;
}
}
{
}
{
}
// generate_Ret
if (argv[0]) {
    *static_cast<double *>(argv[0]) = r2_1;
}
return;
}
 },{ 173, 0, [](QV4::ExecutableCompilationUnit *unit, QMetaType *argTypes) {
    struct { QV4::ExecutableCompilationUnit *compilationUnit; } c { unit };
    const auto *aotContext = &c;
    Q_UNUSED(aotContext);
    argTypes[0] = []() { static const auto t = QMetaType::fromName("QQuickItem*"); return t; }();
}, 
    [](const QQmlPrivate::AOTCompiledContext *aotContext, void **argv) {
Q_UNUSED(aotContext)
Q_UNUSED(argv)
// expression for fill at line 1301, column 29
QObject *r2_0;
// generate_LoadQmlContextPropertyLookup
#ifndef QT_NO_DEBUG
aotContext->setInstructionPointer(5);
#endif
while (!aotContext->loadScopeObjectPropertyLookup(527, &r2_0)) {
#ifdef QT_NO_DEBUG
aotContext->setInstructionPointer(5);
#endif
aotContext->initLoadScopeObjectPropertyLookup(527);
if (aotContext->engine->hasError()) {
aotContext->setReturnValueUndefined();
if (argv[0]) {
    *static_cast<QObject * *>(argv[0]) = nullptr;
}
return;
}
}
{
}
{
}
// generate_Ret
if (argv[0]) {
    *static_cast<QObject * *>(argv[0]) = r2_0;
}
return;
}
 },{ 178, 0, [](QV4::ExecutableCompilationUnit *unit, QMetaType *argTypes) {
    struct { QV4::ExecutableCompilationUnit *compilationUnit; } c { unit };
    const auto *aotContext = &c;
    Q_UNUSED(aotContext);
    argTypes[0] = QMetaType::fromType<bool>();
}, 
    [](const QQmlPrivate::AOTCompiledContext *aotContext, void **argv) {
Q_UNUSED(aotContext)
Q_UNUSED(argv)
// expression for visible at line 1356, column 13
QObject *r2_0;
bool r7_0;
bool r2_2;
bool r2_1;
// generate_LoadQmlContextPropertyLookup
#ifndef QT_NO_DEBUG
aotContext->setInstructionPointer(5);
#endif
while (!aotContext->loadContextIdLookup(553, &r2_0)) {
#ifdef QT_NO_DEBUG
aotContext->setInstructionPointer(5);
#endif
aotContext->initLoadContextIdLookup(553);
if (aotContext->engine->hasError()) {
aotContext->setReturnValueUndefined();
if (argv[0]) {
    *static_cast<bool *>(argv[0]) = bool();
}
return;
}
}
{
}
// generate_GetLookup
#ifndef QT_NO_DEBUG
aotContext->setInstructionPointer(10);
#endif
while (!aotContext->getObjectLookup(554, r2_0, &r2_1)) {
#ifdef QT_NO_DEBUG
aotContext->setInstructionPointer(10);
#endif
aotContext->initGetObjectLookup(554, r2_0);
if (aotContext->engine->hasError()) {
aotContext->setReturnValueUndefined();
if (argv[0]) {
    *static_cast<bool *>(argv[0]) = bool();
}
return;
}
}
{
}
// generate_StoreReg
r7_0 = r2_1;
{
}
// generate_LoadFalse
r2_2 = false;
{
}
// generate_CmpEq
r2_2 = r7_0 == r2_2;
{
}
{
}
// generate_Ret
if (argv[0]) {
    *static_cast<bool *>(argv[0]) = r2_2;
}
return;
}
 },{ 179, 0, [](QV4::ExecutableCompilationUnit *unit, QMetaType *argTypes) {
    struct { QV4::ExecutableCompilationUnit *compilationUnit; } c { unit };
    const auto *aotContext = &c;
    Q_UNUSED(aotContext);
    argTypes[0] = []() { static const auto t = QMetaType::fromName("QQuickItem*"); return t; }();
}, 
    [](const QQmlPrivate::AOTCompiledContext *aotContext, void **argv) {
Q_UNUSED(aotContext)
Q_UNUSED(argv)
// expression for fill at line 1359, column 17
QObject *r2_0;
// generate_LoadQmlContextPropertyLookup
#ifndef QT_NO_DEBUG
aotContext->setInstructionPointer(5);
#endif
while (!aotContext->loadScopeObjectPropertyLookup(555, &r2_0)) {
#ifdef QT_NO_DEBUG
aotContext->setInstructionPointer(5);
#endif
aotContext->initLoadScopeObjectPropertyLookup(555);
if (aotContext->engine->hasError()) {
aotContext->setReturnValueUndefined();
if (argv[0]) {
    *static_cast<QObject * *>(argv[0]) = nullptr;
}
return;
}
}
{
}
{
}
// generate_Ret
if (argv[0]) {
    *static_cast<QObject * *>(argv[0]) = r2_0;
}
return;
}
 },{ 180, 0, [](QV4::ExecutableCompilationUnit *unit, QMetaType *argTypes) {
    struct { QV4::ExecutableCompilationUnit *compilationUnit; } c { unit };
    const auto *aotContext = &c;
    Q_UNUSED(aotContext);
    argTypes[0] = QMetaType::fromType<bool>();
}, 
    [](const QQmlPrivate::AOTCompiledContext *aotContext, void **argv) {
Q_UNUSED(aotContext)
Q_UNUSED(argv)
// expression for visible at line 1365, column 13
QObject *r2_0;
bool r2_1;
// generate_LoadQmlContextPropertyLookup
#ifndef QT_NO_DEBUG
aotContext->setInstructionPointer(5);
#endif
while (!aotContext->loadContextIdLookup(556, &r2_0)) {
#ifdef QT_NO_DEBUG
aotContext->setInstructionPointer(5);
#endif
aotContext->initLoadContextIdLookup(556);
if (aotContext->engine->hasError()) {
aotContext->setReturnValueUndefined();
if (argv[0]) {
    *static_cast<bool *>(argv[0]) = bool();
}
return;
}
}
{
}
// generate_GetLookup
#ifndef QT_NO_DEBUG
aotContext->setInstructionPointer(10);
#endif
while (!aotContext->getObjectLookup(557, r2_0, &r2_1)) {
#ifdef QT_NO_DEBUG
aotContext->setInstructionPointer(10);
#endif
aotContext->initGetObjectLookup(557, r2_0);
if (aotContext->engine->hasError()) {
aotContext->setReturnValueUndefined();
if (argv[0]) {
    *static_cast<bool *>(argv[0]) = bool();
}
return;
}
}
{
}
{
}
// generate_Ret
if (argv[0]) {
    *static_cast<bool *>(argv[0]) = r2_1;
}
return;
}
 },{ 181, 0, [](QV4::ExecutableCompilationUnit *unit, QMetaType *argTypes) {
    struct { QV4::ExecutableCompilationUnit *compilationUnit; } c { unit };
    const auto *aotContext = &c;
    Q_UNUSED(aotContext);
    argTypes[0] = []() { static const auto t = QMetaType::fromName("Qt::Orientation"); return t; }();
}, 
    [](const QQmlPrivate::AOTCompiledContext *aotContext, void **argv) {
Q_UNUSED(aotContext)
Q_UNUSED(argv)
// expression for orientation at line 1369, column 13
int r2_0;
{
}
// generate_GetLookup
#ifndef QT_NO_DEBUG
aotContext->setInstructionPointer(10);
#endif
while (!aotContext->getEnumLookup(559, &r2_0)) {
#ifdef QT_NO_DEBUG
aotContext->setInstructionPointer(10);
#endif
aotContext->initGetEnumLookup(559, []() { static const auto t = QMetaType::fromName("Qt"); return t; }().metaObject(), "Orientation", "Horizontal");
if (aotContext->engine->hasError()) {
aotContext->setReturnValueUndefined();
if (argv[0]) {
    const QMetaType returnType = []() { static const auto t = QMetaType::fromName("Qt::Orientation"); return t; }();
    returnType.destruct(argv[0]);
    returnType.construct(argv[0]);
 }
return;
}
}
{
}
{
}
// generate_Ret
if (argv[0]) {
    const QMetaType returnType = QMetaType::fromType<int>();
    returnType.destruct(argv[0]);
    returnType.construct(argv[0], &r2_0);
}
return;
}
 },{ 182, 0, [](QV4::ExecutableCompilationUnit *unit, QMetaType *argTypes) {
    struct { QV4::ExecutableCompilationUnit *compilationUnit; } c { unit };
    const auto *aotContext = &c;
    Q_UNUSED(aotContext);
    argTypes[0] = QMetaType::fromType<double>();
}, 
    [](const QQmlPrivate::AOTCompiledContext *aotContext, void **argv) {
Q_UNUSED(aotContext)
Q_UNUSED(argv)
// expression for width at line 1382, column 25
QObject *r2_0;
double r2_1;
// generate_LoadQmlContextPropertyLookup
#ifndef QT_NO_DEBUG
aotContext->setInstructionPointer(5);
#endif
while (!aotContext->loadContextIdLookup(560, &r2_0)) {
#ifdef QT_NO_DEBUG
aotContext->setInstructionPointer(5);
#endif
aotContext->initLoadContextIdLookup(560);
if (aotContext->engine->hasError()) {
aotContext->setReturnValueUndefined();
if (argv[0]) {
    *static_cast<double *>(argv[0]) = double();
}
return;
}
}
{
}
// generate_GetLookup
#ifndef QT_NO_DEBUG
aotContext->setInstructionPointer(10);
#endif
while (!aotContext->getObjectLookup(561, r2_0, &r2_1)) {
#ifdef QT_NO_DEBUG
aotContext->setInstructionPointer(10);
#endif
aotContext->initGetObjectLookup(561, r2_0);
if (aotContext->engine->hasError()) {
aotContext->setReturnValueUndefined();
if (argv[0]) {
    *static_cast<double *>(argv[0]) = double();
}
return;
}
}
{
}
{
}
// generate_Ret
if (argv[0]) {
    *static_cast<double *>(argv[0]) = r2_1;
}
return;
}
 },{ 183, 0, [](QV4::ExecutableCompilationUnit *unit, QMetaType *argTypes) {
    struct { QV4::ExecutableCompilationUnit *compilationUnit; } c { unit };
    const auto *aotContext = &c;
    Q_UNUSED(aotContext);
    argTypes[0] = QMetaType::fromType<double>();
}, 
    [](const QQmlPrivate::AOTCompiledContext *aotContext, void **argv) {
Q_UNUSED(aotContext)
Q_UNUSED(argv)
// expression for xScale at line 1383, column 25
QObject *r2_0;
double r2_1;
// generate_LoadQmlContextPropertyLookup
#ifndef QT_NO_DEBUG
aotContext->setInstructionPointer(5);
#endif
while (!aotContext->loadContextIdLookup(562, &r2_0)) {
#ifdef QT_NO_DEBUG
aotContext->setInstructionPointer(5);
#endif
aotContext->initLoadContextIdLookup(562);
if (aotContext->engine->hasError()) {
aotContext->setReturnValueUndefined();
if (argv[0]) {
    *static_cast<double *>(argv[0]) = double();
}
return;
}
}
{
}
// generate_GetLookup
#ifndef QT_NO_DEBUG
aotContext->setInstructionPointer(10);
#endif
while (!aotContext->getObjectLookup(563, r2_0, &r2_1)) {
#ifdef QT_NO_DEBUG
aotContext->setInstructionPointer(10);
#endif
aotContext->initGetObjectLookup(563, r2_0);
if (aotContext->engine->hasError()) {
aotContext->setReturnValueUndefined();
if (argv[0]) {
    *static_cast<double *>(argv[0]) = double();
}
return;
}
}
{
}
{
}
// generate_Ret
if (argv[0]) {
    *static_cast<double *>(argv[0]) = r2_1;
}
return;
}
 },{ 184, 0, [](QV4::ExecutableCompilationUnit *unit, QMetaType *argTypes) {
    struct { QV4::ExecutableCompilationUnit *compilationUnit; } c { unit };
    const auto *aotContext = &c;
    Q_UNUSED(aotContext);
    argTypes[0] = QMetaType::fromType<bool>();
}, 
    [](const QQmlPrivate::AOTCompiledContext *aotContext, void **argv) {
Q_UNUSED(aotContext)
Q_UNUSED(argv)
// expression for when at line 1394, column 33
double r2_3;
QObject *r2_2;
double r7_0;
double r2_1;
bool r2_4;
QObject *r2_0;
// generate_LoadQmlContextPropertyLookup
#ifndef QT_NO_DEBUG
aotContext->setInstructionPointer(5);
#endif
while (!aotContext->loadContextIdLookup(564, &r2_0)) {
#ifdef QT_NO_DEBUG
aotContext->setInstructionPointer(5);
#endif
aotContext->initLoadContextIdLookup(564);
if (aotContext->engine->hasError()) {
aotContext->setReturnValueUndefined();
if (argv[0]) {
    *static_cast<bool *>(argv[0]) = bool();
}
return;
}
}
{
}
// generate_GetLookup
#ifndef QT_NO_DEBUG
aotContext->setInstructionPointer(10);
#endif
while (!aotContext->getObjectLookup(565, r2_0, &r2_1)) {
#ifdef QT_NO_DEBUG
aotContext->setInstructionPointer(10);
#endif
aotContext->initGetObjectLookup(565, r2_0);
if (aotContext->engine->hasError()) {
aotContext->setReturnValueUndefined();
if (argv[0]) {
    *static_cast<bool *>(argv[0]) = bool();
}
return;
}
}
{
}
// generate_StoreReg
r7_0 = r2_1;
{
}
// generate_LoadQmlContextPropertyLookup
#ifndef QT_NO_DEBUG
aotContext->setInstructionPointer(17);
#endif
while (!aotContext->loadContextIdLookup(566, &r2_2)) {
#ifdef QT_NO_DEBUG
aotContext->setInstructionPointer(17);
#endif
aotContext->initLoadContextIdLookup(566);
if (aotContext->engine->hasError()) {
aotContext->setReturnValueUndefined();
if (argv[0]) {
    *static_cast<bool *>(argv[0]) = bool();
}
return;
}
}
{
}
// generate_GetLookup
#ifndef QT_NO_DEBUG
aotContext->setInstructionPointer(22);
#endif
while (!aotContext->getObjectLookup(567, r2_2, &r2_3)) {
#ifdef QT_NO_DEBUG
aotContext->setInstructionPointer(22);
#endif
aotContext->initGetObjectLookup(567, r2_2);
if (aotContext->engine->hasError()) {
aotContext->setReturnValueUndefined();
if (argv[0]) {
    *static_cast<bool *>(argv[0]) = bool();
}
return;
}
}
{
}
// generate_CmpGe
r2_4 = r7_0 >= r2_3;
{
}
{
}
// generate_Ret
if (argv[0]) {
    *static_cast<bool *>(argv[0]) = r2_4;
}
return;
}
 },{ 185, 0, [](QV4::ExecutableCompilationUnit *unit, QMetaType *argTypes) {
    struct { QV4::ExecutableCompilationUnit *compilationUnit; } c { unit };
    const auto *aotContext = &c;
    Q_UNUSED(aotContext);
    argTypes[0] = QMetaType::fromType<QObject *>();
}, 
    [](const QQmlPrivate::AOTCompiledContext *aotContext, void **argv) {
Q_UNUSED(aotContext)
Q_UNUSED(argv)
// expression for target at line 1396, column 37
QObject *r2_0;
// generate_LoadQmlContextPropertyLookup
#ifndef QT_NO_DEBUG
aotContext->setInstructionPointer(5);
#endif
while (!aotContext->loadContextIdLookup(568, &r2_0)) {
#ifdef QT_NO_DEBUG
aotContext->setInstructionPointer(5);
#endif
aotContext->initLoadContextIdLookup(568);
if (aotContext->engine->hasError()) {
aotContext->setReturnValueUndefined();
if (argv[0]) {
    *static_cast<QObject * *>(argv[0]) = nullptr;
}
return;
}
}
{
}
{
}
// generate_Ret
if (argv[0]) {
    *static_cast<QObject * *>(argv[0]) = r2_0;
}
return;
}
 },{ 187, 0, [](QV4::ExecutableCompilationUnit *unit, QMetaType *argTypes) {
    struct { QV4::ExecutableCompilationUnit *compilationUnit; } c { unit };
    const auto *aotContext = &c;
    Q_UNUSED(aotContext);
    argTypes[0] = []() { static const auto t = QMetaType::fromName("QQuickItem*"); return t; }();
}, 
    [](const QQmlPrivate::AOTCompiledContext *aotContext, void **argv) {
Q_UNUSED(aotContext)
Q_UNUSED(argv)
// expression for target at line 1400, column 37
QObject *r2_0;
// generate_LoadQmlContextPropertyLookup
#ifndef QT_NO_DEBUG
aotContext->setInstructionPointer(5);
#endif
while (!aotContext->loadContextIdLookup(571, &r2_0)) {
#ifdef QT_NO_DEBUG
aotContext->setInstructionPointer(5);
#endif
aotContext->initLoadContextIdLookup(571);
if (aotContext->engine->hasError()) {
aotContext->setReturnValueUndefined();
if (argv[0]) {
    *static_cast<QObject * *>(argv[0]) = nullptr;
}
return;
}
}
{
}
{
}
// generate_Ret
if (argv[0]) {
    *static_cast<QObject * *>(argv[0]) = r2_0;
}
return;
}
 },{ 189, 0, [](QV4::ExecutableCompilationUnit *unit, QMetaType *argTypes) {
    struct { QV4::ExecutableCompilationUnit *compilationUnit; } c { unit };
    const auto *aotContext = &c;
    Q_UNUSED(aotContext);
    argTypes[0] = QMetaType::fromType<bool>();
}, 
    [](const QQmlPrivate::AOTCompiledContext *aotContext, void **argv) {
Q_UNUSED(aotContext)
Q_UNUSED(argv)
// expression for when at line 1387, column 33
double r2_3;
QObject *r2_0;
double r7_0;
double r2_1;
QObject *r2_2;
bool r2_4;
// generate_LoadQmlContextPropertyLookup
#ifndef QT_NO_DEBUG
aotContext->setInstructionPointer(5);
#endif
while (!aotContext->loadContextIdLookup(572, &r2_0)) {
#ifdef QT_NO_DEBUG
aotContext->setInstructionPointer(5);
#endif
aotContext->initLoadContextIdLookup(572);
if (aotContext->engine->hasError()) {
aotContext->setReturnValueUndefined();
if (argv[0]) {
    *static_cast<bool *>(argv[0]) = bool();
}
return;
}
}
{
}
// generate_GetLookup
#ifndef QT_NO_DEBUG
aotContext->setInstructionPointer(10);
#endif
while (!aotContext->getObjectLookup(573, r2_0, &r2_1)) {
#ifdef QT_NO_DEBUG
aotContext->setInstructionPointer(10);
#endif
aotContext->initGetObjectLookup(573, r2_0);
if (aotContext->engine->hasError()) {
aotContext->setReturnValueUndefined();
if (argv[0]) {
    *static_cast<bool *>(argv[0]) = bool();
}
return;
}
}
{
}
// generate_StoreReg
r7_0 = r2_1;
{
}
// generate_LoadQmlContextPropertyLookup
#ifndef QT_NO_DEBUG
aotContext->setInstructionPointer(17);
#endif
while (!aotContext->loadContextIdLookup(574, &r2_2)) {
#ifdef QT_NO_DEBUG
aotContext->setInstructionPointer(17);
#endif
aotContext->initLoadContextIdLookup(574);
if (aotContext->engine->hasError()) {
aotContext->setReturnValueUndefined();
if (argv[0]) {
    *static_cast<bool *>(argv[0]) = bool();
}
return;
}
}
{
}
// generate_GetLookup
#ifndef QT_NO_DEBUG
aotContext->setInstructionPointer(22);
#endif
while (!aotContext->getObjectLookup(575, r2_2, &r2_3)) {
#ifdef QT_NO_DEBUG
aotContext->setInstructionPointer(22);
#endif
aotContext->initGetObjectLookup(575, r2_2);
if (aotContext->engine->hasError()) {
aotContext->setReturnValueUndefined();
if (argv[0]) {
    *static_cast<bool *>(argv[0]) = bool();
}
return;
}
}
{
}
// generate_CmpLt
r2_4 = r7_0 < r2_3;
{
}
{
}
// generate_Ret
if (argv[0]) {
    *static_cast<bool *>(argv[0]) = r2_4;
}
return;
}
 },{ 190, 0, [](QV4::ExecutableCompilationUnit *unit, QMetaType *argTypes) {
    struct { QV4::ExecutableCompilationUnit *compilationUnit; } c { unit };
    const auto *aotContext = &c;
    Q_UNUSED(aotContext);
    argTypes[0] = []() { static const auto t = QMetaType::fromName("QQuickItem*"); return t; }();
}, 
    [](const QQmlPrivate::AOTCompiledContext *aotContext, void **argv) {
Q_UNUSED(aotContext)
Q_UNUSED(argv)
// expression for target at line 1389, column 37
QObject *r2_0;
// generate_LoadQmlContextPropertyLookup
#ifndef QT_NO_DEBUG
aotContext->setInstructionPointer(5);
#endif
while (!aotContext->loadContextIdLookup(576, &r2_0)) {
#ifdef QT_NO_DEBUG
aotContext->setInstructionPointer(5);
#endif
aotContext->initLoadContextIdLookup(576);
if (aotContext->engine->hasError()) {
aotContext->setReturnValueUndefined();
if (argv[0]) {
    *static_cast<QObject * *>(argv[0]) = nullptr;
}
return;
}
}
{
}
{
}
// generate_Ret
if (argv[0]) {
    *static_cast<QObject * *>(argv[0]) = r2_0;
}
return;
}
 },{ 192, 0, [](QV4::ExecutableCompilationUnit *unit, QMetaType *argTypes) {
    struct { QV4::ExecutableCompilationUnit *compilationUnit; } c { unit };
    const auto *aotContext = &c;
    Q_UNUSED(aotContext);
    argTypes[0] = QMetaType::fromType<double>();
}, 
    [](const QQmlPrivate::AOTCompiledContext *aotContext, void **argv) {
Q_UNUSED(aotContext)
Q_UNUSED(argv)
// expression for width at line 1413, column 25
double r2_1;
QObject *r2_0;
// generate_LoadQmlContextPropertyLookup
#ifndef QT_NO_DEBUG
aotContext->setInstructionPointer(5);
#endif
while (!aotContext->loadContextIdLookup(579, &r2_0)) {
#ifdef QT_NO_DEBUG
aotContext->setInstructionPointer(5);
#endif
aotContext->initLoadContextIdLookup(579);
if (aotContext->engine->hasError()) {
aotContext->setReturnValueUndefined();
if (argv[0]) {
    *static_cast<double *>(argv[0]) = double();
}
return;
}
}
{
}
// generate_GetLookup
#ifndef QT_NO_DEBUG
aotContext->setInstructionPointer(10);
#endif
while (!aotContext->getObjectLookup(580, r2_0, &r2_1)) {
#ifdef QT_NO_DEBUG
aotContext->setInstructionPointer(10);
#endif
aotContext->initGetObjectLookup(580, r2_0);
if (aotContext->engine->hasError()) {
aotContext->setReturnValueUndefined();
if (argv[0]) {
    *static_cast<double *>(argv[0]) = double();
}
return;
}
}
{
}
{
}
// generate_Ret
if (argv[0]) {
    *static_cast<double *>(argv[0]) = r2_1;
}
return;
}
 },{ 193, 0, [](QV4::ExecutableCompilationUnit *unit, QMetaType *argTypes) {
    struct { QV4::ExecutableCompilationUnit *compilationUnit; } c { unit };
    const auto *aotContext = &c;
    Q_UNUSED(aotContext);
    argTypes[0] = QMetaType::fromType<double>();
}, 
    [](const QQmlPrivate::AOTCompiledContext *aotContext, void **argv) {
Q_UNUSED(aotContext)
Q_UNUSED(argv)
// expression for height at line 1414, column 25
QObject *r2_0;
double r2_1;
// generate_LoadQmlContextPropertyLookup
#ifndef QT_NO_DEBUG
aotContext->setInstructionPointer(5);
#endif
while (!aotContext->loadScopeObjectPropertyLookup(581, &r2_0)) {
#ifdef QT_NO_DEBUG
aotContext->setInstructionPointer(5);
#endif
aotContext->initLoadScopeObjectPropertyLookup(581);
if (aotContext->engine->hasError()) {
aotContext->setReturnValueUndefined();
if (argv[0]) {
    *static_cast<double *>(argv[0]) = double();
}
return;
}
}
{
}
// generate_GetLookup
#ifndef QT_NO_DEBUG
aotContext->setInstructionPointer(10);
#endif
while (!aotContext->getObjectLookup(582, r2_0, &r2_1)) {
#ifdef QT_NO_DEBUG
aotContext->setInstructionPointer(10);
#endif
aotContext->initGetObjectLookup(582, r2_0);
if (aotContext->engine->hasError()) {
aotContext->setReturnValueUndefined();
if (argv[0]) {
    *static_cast<double *>(argv[0]) = double();
}
return;
}
}
{
}
{
}
// generate_Ret
if (argv[0]) {
    *static_cast<double *>(argv[0]) = r2_1;
}
return;
}
 },{ 194, 0, [](QV4::ExecutableCompilationUnit *unit, QMetaType *argTypes) {
    struct { QV4::ExecutableCompilationUnit *compilationUnit; } c { unit };
    const auto *aotContext = &c;
    Q_UNUSED(aotContext);
    argTypes[0] = QMetaType::fromType<bool>();
}, 
    [](const QQmlPrivate::AOTCompiledContext *aotContext, void **argv) {
Q_UNUSED(aotContext)
Q_UNUSED(argv)
// expression for visible at line 1416, column 25
int r7_0;
int r2_1;
int r2_2;
QObject *r2_0;
bool r2_3;
// generate_LoadQmlContextPropertyLookup
#ifndef QT_NO_DEBUG
aotContext->setInstructionPointer(5);
#endif
while (!aotContext->loadContextIdLookup(583, &r2_0)) {
#ifdef QT_NO_DEBUG
aotContext->setInstructionPointer(5);
#endif
aotContext->initLoadContextIdLookup(583);
if (aotContext->engine->hasError()) {
aotContext->setReturnValueUndefined();
if (argv[0]) {
    *static_cast<bool *>(argv[0]) = bool();
}
return;
}
}
{
}
// generate_GetLookup
#ifndef QT_NO_DEBUG
aotContext->setInstructionPointer(10);
#endif
while (!aotContext->getObjectLookup(584, r2_0, &r2_1)) {
#ifdef QT_NO_DEBUG
aotContext->setInstructionPointer(10);
#endif
aotContext->initGetObjectLookup(584, r2_0);
if (aotContext->engine->hasError()) {
aotContext->setReturnValueUndefined();
if (argv[0]) {
    *static_cast<bool *>(argv[0]) = bool();
}
return;
}
}
{
}
// generate_StoreReg
r7_0 = r2_1;
{
}
// generate_LoadZero
r2_2 = 0;
{
}
// generate_CmpGt
r2_3 = r7_0 > r2_2;
{
}
{
}
// generate_Ret
if (argv[0]) {
    *static_cast<bool *>(argv[0]) = r2_3;
}
return;
}
 },{ 195, 0, [](QV4::ExecutableCompilationUnit *unit, QMetaType *argTypes) {
    struct { QV4::ExecutableCompilationUnit *compilationUnit; } c { unit };
    const auto *aotContext = &c;
    Q_UNUSED(aotContext);
    argTypes[0] = []() { static const auto t = QMetaType::fromName("QQuickAnchorLine"); return t; }();
}, 
    [](const QQmlPrivate::AOTCompiledContext *aotContext, void **argv) {
Q_UNUSED(aotContext)
Q_UNUSED(argv)
// expression for horizontalCenter at line 1412, column 25
QVariant r2_1;
QObject *r2_0;
// generate_LoadQmlContextPropertyLookup
#ifndef QT_NO_DEBUG
aotContext->setInstructionPointer(5);
#endif
while (!aotContext->loadScopeObjectPropertyLookup(585, &r2_0)) {
#ifdef QT_NO_DEBUG
aotContext->setInstructionPointer(5);
#endif
aotContext->initLoadScopeObjectPropertyLookup(585);
if (aotContext->engine->hasError()) {
aotContext->setReturnValueUndefined();
if (argv[0]) {
    const QMetaType returnType = []() { static const auto t = QMetaType::fromName("QQuickAnchorLine"); return t; }();
    returnType.destruct(argv[0]);
    returnType.construct(argv[0]);
 }
return;
}
}
{
}
// generate_GetLookup
#ifndef QT_NO_DEBUG
aotContext->setInstructionPointer(10);
#endif
r2_1 = QVariant(aotContext->lookupResultMetaType(586));
while (!aotContext->getObjectLookup(586, r2_0, r2_1.data())) {
#ifdef QT_NO_DEBUG
aotContext->setInstructionPointer(10);
#endif
aotContext->initGetObjectLookup(586, r2_0);
if (aotContext->engine->hasError()) {
aotContext->setReturnValueUndefined();
if (argv[0]) {
    const QMetaType returnType = []() { static const auto t = QMetaType::fromName("QQuickAnchorLine"); return t; }();
    returnType.destruct(argv[0]);
    returnType.construct(argv[0]);
 }
return;
}
r2_1 = QVariant(aotContext->lookupResultMetaType(586));
}
{
}
{
}
// generate_Ret
if (argv[0]) {
    if (!r2_1.isValid())
        aotContext->setReturnValueUndefined();
    const QMetaType returnType = r2_1.metaType();
    returnType.destruct(argv[0]);
    returnType.construct(argv[0], r2_1.data());
}
return;
}
 },{ 196, 0, [](QV4::ExecutableCompilationUnit *unit, QMetaType *argTypes) {
    struct { QV4::ExecutableCompilationUnit *compilationUnit; } c { unit };
    const auto *aotContext = &c;
    Q_UNUSED(aotContext);
    argTypes[0] = QMetaType::fromType<QVariant>();
}, 
    [](const QQmlPrivate::AOTCompiledContext *aotContext, void **argv) {
Q_UNUSED(aotContext)
Q_UNUSED(argv)
// expression for source at line 1421, column 25
QVariant r2_0;
// generate_LoadQmlContextPropertyLookup
{
QObject * retrieved;
#ifndef QT_NO_DEBUG
aotContext->setInstructionPointer(5);
#endif
while (!aotContext->loadContextIdLookup(587, &retrieved)) {
#ifdef QT_NO_DEBUG
aotContext->setInstructionPointer(5);
#endif
aotContext->initLoadContextIdLookup(587);
if (aotContext->engine->hasError()) {
aotContext->setReturnValueUndefined();
if (argv[0]) {
    *static_cast<QVariant *>(argv[0]) = QVariant();
}
return;
}
}
r2_0 = QVariant::fromValue(std::move(retrieved));
}
{
}
{
}
// generate_Ret
if (argv[0]) {
    if (!r2_0.isValid())
        aotContext->setReturnValueUndefined();
    *static_cast<QVariant *>(argv[0]) = std::move(r2_0);
}
return;
}
 },{ 197, 0, [](QV4::ExecutableCompilationUnit *unit, QMetaType *argTypes) {
    struct { QV4::ExecutableCompilationUnit *compilationUnit; } c { unit };
    const auto *aotContext = &c;
    Q_UNUSED(aotContext);
    argTypes[0] = []() { static const auto t = QMetaType::fromName("QQuickItem*"); return t; }();
}, 
    [](const QQmlPrivate::AOTCompiledContext *aotContext, void **argv) {
Q_UNUSED(aotContext)
Q_UNUSED(argv)
// expression for fill at line 1419, column 25
QObject *r2_0;
// generate_LoadQmlContextPropertyLookup
#ifndef QT_NO_DEBUG
aotContext->setInstructionPointer(5);
#endif
while (!aotContext->loadContextIdLookup(588, &r2_0)) {
#ifdef QT_NO_DEBUG
aotContext->setInstructionPointer(5);
#endif
aotContext->initLoadContextIdLookup(588);
if (aotContext->engine->hasError()) {
aotContext->setReturnValueUndefined();
if (argv[0]) {
    *static_cast<QObject * *>(argv[0]) = nullptr;
}
return;
}
}
{
}
{
}
// generate_Ret
if (argv[0]) {
    *static_cast<QObject * *>(argv[0]) = r2_0;
}
return;
}
 },{ 198, 0, [](QV4::ExecutableCompilationUnit *unit, QMetaType *argTypes) {
    struct { QV4::ExecutableCompilationUnit *compilationUnit; } c { unit };
    const auto *aotContext = &c;
    Q_UNUSED(aotContext);
    argTypes[0] = QMetaType::fromType<double>();
}, 
    [](const QQmlPrivate::AOTCompiledContext *aotContext, void **argv) {
Q_UNUSED(aotContext)
Q_UNUSED(argv)
// expression for contentHeight at line 1428, column 25
QObject *r2_0;
double r2_1;
// generate_LoadQmlContextPropertyLookup
#ifndef QT_NO_DEBUG
aotContext->setInstructionPointer(5);
#endif
while (!aotContext->loadContextIdLookup(589, &r2_0)) {
#ifdef QT_NO_DEBUG
aotContext->setInstructionPointer(5);
#endif
aotContext->initLoadContextIdLookup(589);
if (aotContext->engine->hasError()) {
aotContext->setReturnValueUndefined();
if (argv[0]) {
    *static_cast<double *>(argv[0]) = double();
}
return;
}
}
{
}
// generate_GetLookup
#ifndef QT_NO_DEBUG
aotContext->setInstructionPointer(10);
#endif
while (!aotContext->getObjectLookup(590, r2_0, &r2_1)) {
#ifdef QT_NO_DEBUG
aotContext->setInstructionPointer(10);
#endif
aotContext->initGetObjectLookup(590, r2_0);
if (aotContext->engine->hasError()) {
aotContext->setReturnValueUndefined();
if (argv[0]) {
    *static_cast<double *>(argv[0]) = double();
}
return;
}
}
{
}
{
}
// generate_Ret
if (argv[0]) {
    *static_cast<double *>(argv[0]) = r2_1;
}
return;
}
 },{ 199, 0, [](QV4::ExecutableCompilationUnit *unit, QMetaType *argTypes) {
    struct { QV4::ExecutableCompilationUnit *compilationUnit; } c { unit };
    const auto *aotContext = &c;
    Q_UNUSED(aotContext);
    argTypes[0] = QMetaType::fromType<double>();
}, 
    [](const QQmlPrivate::AOTCompiledContext *aotContext, void **argv) {
Q_UNUSED(aotContext)
Q_UNUSED(argv)
// expression for scroll_x at line 1430, column 25
double r2_0;
// generate_LoadQmlContextPropertyLookup
#ifndef QT_NO_DEBUG
aotContext->setInstructionPointer(5);
#endif
while (!aotContext->loadScopeObjectPropertyLookup(591, &r2_0)) {
#ifdef QT_NO_DEBUG
aotContext->setInstructionPointer(5);
#endif
aotContext->initLoadScopeObjectPropertyLookup(591);
if (aotContext->engine->hasError()) {
aotContext->setReturnValueUndefined();
if (argv[0]) {
    *static_cast<double *>(argv[0]) = double();
}
return;
}
}
{
}
{
}
// generate_Ret
if (argv[0]) {
    *static_cast<double *>(argv[0]) = r2_0;
}
return;
}
 },{ 200, 0, [](QV4::ExecutableCompilationUnit *unit, QMetaType *argTypes) {
    struct { QV4::ExecutableCompilationUnit *compilationUnit; } c { unit };
    const auto *aotContext = &c;
    Q_UNUSED(aotContext);
    argTypes[0] = []() { static const auto t = QMetaType::fromName("Qt::MouseButtons"); return t; }();
}, 
    [](const QQmlPrivate::AOTCompiledContext *aotContext, void **argv) {
Q_UNUSED(aotContext)
Q_UNUSED(argv)
// expression for acceptedButtons at line 1433, column 25
int r2_0;
{
}
// generate_GetLookup
#ifndef QT_NO_DEBUG
aotContext->setInstructionPointer(10);
#endif
while (!aotContext->getEnumLookup(593, &r2_0)) {
#ifdef QT_NO_DEBUG
aotContext->setInstructionPointer(10);
#endif
aotContext->initGetEnumLookup(593, []() { static const auto t = QMetaType::fromName("Qt"); return t; }().metaObject(), "MouseButton", "NoButton");
if (aotContext->engine->hasError()) {
aotContext->setReturnValueUndefined();
if (argv[0]) {
    const QMetaType returnType = []() { static const auto t = QMetaType::fromName("Qt::MouseButtons"); return t; }();
    returnType.destruct(argv[0]);
    returnType.construct(argv[0]);
 }
return;
}
}
{
}
{
}
// generate_Ret
if (argv[0]) {
    const QMetaType returnType = QMetaType::fromType<int>();
    returnType.destruct(argv[0]);
    returnType.construct(argv[0], &r2_0);
}
return;
}
 },{ 201, 0, [](QV4::ExecutableCompilationUnit *unit, QMetaType *argTypes) {
    struct { QV4::ExecutableCompilationUnit *compilationUnit; } c { unit };
    const auto *aotContext = &c;
    Q_UNUSED(aotContext);
    argTypes[0] = QMetaType();
}, 
    [](const QQmlPrivate::AOTCompiledContext *aotContext, void **argv) {
Q_UNUSED(aotContext)
Q_UNUSED(argv)
// expression for onContentYChanged at line 1443, column 25
QObject *r2_0;
bool r2_1;
double r2_2;
// generate_CreateCallContext
{
{
}
// generate_LoadQmlContextPropertyLookup
#ifndef QT_NO_DEBUG
aotContext->setInstructionPointer(6);
#endif
while (!aotContext->loadContextIdLookup(594, &r2_0)) {
#ifdef QT_NO_DEBUG
aotContext->setInstructionPointer(6);
#endif
aotContext->initLoadContextIdLookup(594);
if (aotContext->engine->hasError()) {
aotContext->setReturnValueUndefined();
return;
}
}
{
}
// generate_GetLookup
#ifndef QT_NO_DEBUG
aotContext->setInstructionPointer(11);
#endif
while (!aotContext->getObjectLookup(595, r2_0, &r2_1)) {
#ifdef QT_NO_DEBUG
aotContext->setInstructionPointer(11);
#endif
aotContext->initGetObjectLookup(595, r2_0);
if (aotContext->engine->hasError()) {
aotContext->setReturnValueUndefined();
return;
}
}
{
}
// generate_JumpFalse
if (!r2_1) {
    goto label_0;
}
{
}
// generate_LoadQmlContextPropertyLookup
#ifndef QT_NO_DEBUG
aotContext->setInstructionPointer(18);
#endif
while (!aotContext->loadScopeObjectPropertyLookup(596, &r2_2)) {
#ifdef QT_NO_DEBUG
aotContext->setInstructionPointer(18);
#endif
aotContext->initLoadScopeObjectPropertyLookup(596);
if (aotContext->engine->hasError()) {
aotContext->setReturnValueUndefined();
return;
}
}
{
}
{
}
// generate_StoreNameSloppy
aotContext->storeNameSloppy(437, &r2_2, QMetaType::fromType<double>());
{
}
{
}
label_0:;
// generate_PopContext
{}
}
{
}
{
}
// generate_Ret
return;
}
 },{ 202, 0, [](QV4::ExecutableCompilationUnit *unit, QMetaType *argTypes) {
    struct { QV4::ExecutableCompilationUnit *compilationUnit; } c { unit };
    const auto *aotContext = &c;
    Q_UNUSED(aotContext);
    argTypes[0] = []() { static const auto t = QMetaType::fromName("QQuickFlickable::FlickableDirection"); return t; }();
}, 
    [](const QQmlPrivate::AOTCompiledContext *aotContext, void **argv) {
Q_UNUSED(aotContext)
Q_UNUSED(argv)
// expression for flickableDirection at line 1468, column 25
int r2_0;
{
}
// generate_GetLookup
#ifndef QT_NO_DEBUG
aotContext->setInstructionPointer(10);
#endif
while (!aotContext->getEnumLookup(598, &r2_0)) {
#ifdef QT_NO_DEBUG
aotContext->setInstructionPointer(10);
#endif
aotContext->initGetEnumLookup(598, []() { static const auto t = QMetaType::fromName("QQuickFlickable*"); return t; }().metaObject(), "FlickableDirection", "VerticalFlick");
if (aotContext->engine->hasError()) {
aotContext->setReturnValueUndefined();
if (argv[0]) {
    const QMetaType returnType = []() { static const auto t = QMetaType::fromName("QQuickFlickable::FlickableDirection"); return t; }();
    returnType.destruct(argv[0]);
    returnType.construct(argv[0]);
 }
return;
}
}
{
}
{
}
// generate_Ret
if (argv[0]) {
    const QMetaType returnType = QMetaType::fromType<int>();
    returnType.destruct(argv[0]);
    returnType.construct(argv[0], &r2_0);
}
return;
}
 },{ 203, 0, [](QV4::ExecutableCompilationUnit *unit, QMetaType *argTypes) {
    struct { QV4::ExecutableCompilationUnit *compilationUnit; } c { unit };
    const auto *aotContext = &c;
    Q_UNUSED(aotContext);
    argTypes[0] = QMetaType::fromType<double>();
}, 
    [](const QQmlPrivate::AOTCompiledContext *aotContext, void **argv) {
Q_UNUSED(aotContext)
Q_UNUSED(argv)
// expression for scroll_y at line 1491, column 25
QObject *r2_1;
QObject *r2_0;
double r2_2;
// generate_LoadQmlContextPropertyLookup
#ifndef QT_NO_DEBUG
aotContext->setInstructionPointer(5);
#endif
while (!aotContext->loadAttachedLookup(599, aotContext->qmlScopeObject, &r2_0)) {
#ifdef QT_NO_DEBUG
aotContext->setInstructionPointer(5);
#endif
aotContext->initLoadAttachedLookup(599, QQmlPrivate::AOTCompiledContext::InvalidStringId, aotContext->qmlScopeObject);
if (aotContext->engine->hasError()) {
aotContext->setReturnValueUndefined();
if (argv[0]) {
    *static_cast<double *>(argv[0]) = double();
}
return;
}
}
{
}
// generate_GetLookup
#ifndef QT_NO_DEBUG
aotContext->setInstructionPointer(10);
#endif
while (!aotContext->getObjectLookup(600, r2_0, &r2_1)) {
#ifdef QT_NO_DEBUG
aotContext->setInstructionPointer(10);
#endif
aotContext->initGetObjectLookup(600, r2_0);
if (aotContext->engine->hasError()) {
aotContext->setReturnValueUndefined();
if (argv[0]) {
    *static_cast<double *>(argv[0]) = double();
}
return;
}
}
{
}
// generate_GetLookup
#ifndef QT_NO_DEBUG
aotContext->setInstructionPointer(15);
#endif
while (!aotContext->getObjectLookup(601, r2_1, &r2_2)) {
#ifdef QT_NO_DEBUG
aotContext->setInstructionPointer(15);
#endif
aotContext->initGetObjectLookup(601, r2_1);
if (aotContext->engine->hasError()) {
aotContext->setReturnValueUndefined();
if (argv[0]) {
    *static_cast<double *>(argv[0]) = double();
}
return;
}
}
{
}
{
}
// generate_Ret
if (argv[0]) {
    *static_cast<double *>(argv[0]) = r2_2;
}
return;
}
 },{ 206, 0, [](QV4::ExecutableCompilationUnit *unit, QMetaType *argTypes) {
    struct { QV4::ExecutableCompilationUnit *compilationUnit; } c { unit };
    const auto *aotContext = &c;
    Q_UNUSED(aotContext);
    argTypes[0] = []() { static const auto t = QMetaType::fromName("QQuickItem*"); return t; }();
}, 
    [](const QQmlPrivate::AOTCompiledContext *aotContext, void **argv) {
Q_UNUSED(aotContext)
Q_UNUSED(argv)
// expression for fill at line 1427, column 25
QObject *r2_0;
// generate_LoadQmlContextPropertyLookup
#ifndef QT_NO_DEBUG
aotContext->setInstructionPointer(5);
#endif
while (!aotContext->loadScopeObjectPropertyLookup(620, &r2_0)) {
#ifdef QT_NO_DEBUG
aotContext->setInstructionPointer(5);
#endif
aotContext->initLoadScopeObjectPropertyLookup(620);
if (aotContext->engine->hasError()) {
aotContext->setReturnValueUndefined();
if (argv[0]) {
    *static_cast<QObject * *>(argv[0]) = nullptr;
}
return;
}
}
{
}
{
}
// generate_Ret
if (argv[0]) {
    *static_cast<QObject * *>(argv[0]) = r2_0;
}
return;
}
 },{ 207, 0, [](QV4::ExecutableCompilationUnit *unit, QMetaType *argTypes) {
    struct { QV4::ExecutableCompilationUnit *compilationUnit; } c { unit };
    const auto *aotContext = &c;
    Q_UNUSED(aotContext);
    argTypes[0] = QMetaType::fromType<bool>();
}, 
    [](const QQmlPrivate::AOTCompiledContext *aotContext, void **argv) {
Q_UNUSED(aotContext)
Q_UNUSED(argv)
// expression for enabled at line 1436, column 29
QObject *r2_0;
bool r2_1;
bool r2_2;
// generate_LoadQmlContextPropertyLookup
#ifndef QT_NO_DEBUG
aotContext->setInstructionPointer(5);
#endif
while (!aotContext->loadContextIdLookup(621, &r2_0)) {
#ifdef QT_NO_DEBUG
aotContext->setInstructionPointer(5);
#endif
aotContext->initLoadContextIdLookup(621);
if (aotContext->engine->hasError()) {
aotContext->setReturnValueUndefined();
if (argv[0]) {
    *static_cast<bool *>(argv[0]) = bool();
}
return;
}
}
{
}
// generate_GetLookup
#ifndef QT_NO_DEBUG
aotContext->setInstructionPointer(10);
#endif
while (!aotContext->getObjectLookup(622, r2_0, &r2_1)) {
#ifdef QT_NO_DEBUG
aotContext->setInstructionPointer(10);
#endif
aotContext->initGetObjectLookup(622, r2_0);
if (aotContext->engine->hasError()) {
aotContext->setReturnValueUndefined();
if (argv[0]) {
    *static_cast<bool *>(argv[0]) = bool();
}
return;
}
}
{
}
// generate_UNot
r2_2 = !r2_1;
{
}
{
}
// generate_Ret
if (argv[0]) {
    *static_cast<bool *>(argv[0]) = r2_2;
}
return;
}
 },{ 209, 1, [](QV4::ExecutableCompilationUnit *unit, QMetaType *argTypes) {
    struct { QV4::ExecutableCompilationUnit *compilationUnit; } c { unit };
    const auto *aotContext = &c;
    Q_UNUSED(aotContext);
    argTypes[0] = QMetaType();
    argTypes[1] = []() { static const auto t = QMetaType::fromName("QQuickWheelEvent*"); return t; }();
}, 
    [](const QQmlPrivate::AOTCompiledContext *aotContext, void **argv) {
Q_UNUSED(aotContext)
Q_UNUSED(argv)
// expression for onWheel at line 1453, column 29
// generate_CreateCallContext
{
{
}
{
}
{
}
// generate_PopContext
{}
}
{
}
{
}
// generate_Ret
return;
}
 },{ 210, 1, [](QV4::ExecutableCompilationUnit *unit, QMetaType *argTypes) {
    struct { QV4::ExecutableCompilationUnit *compilationUnit; } c { unit };
    const auto *aotContext = &c;
    Q_UNUSED(aotContext);
    argTypes[0] = QMetaType();
    argTypes[1] = []() { static const auto t = QMetaType::fromName("QQuickWheelEvent*"); return t; }();
}, 
    [](const QQmlPrivate::AOTCompiledContext *aotContext, void **argv) {
Q_UNUSED(aotContext)
Q_UNUSED(argv)
//  at line 1453, column 38
QObject *r2_11;
QObject *r2_10;
double r16_1;
QVariant r2_1;
double r15_0;
double r2_21;
int r2_14;
QObject *r2_16;
QObject *r9_0;
QObject *r2_18;
QObject *r2_0;
int r2_2;
double r13_0;
QObject *r10_0;
double r2_17;
QObject *r2_20;
double r2_25;
double r14_0;
int r2_3;
QObject *r10_1;
double r2_12;
double r2_19;
double r2_9;
double r2_8;
double r2_22;
QObject *r2_5;
QObject *r2_23;
QObject *r2_24;
double r16_0;
int r8_0;
int r9_2;
QObject *r6_0 = (*static_cast<QObject **>(argv[1]));
double r15_1;
QObject *r9_1;
double r2_7;
bool r2_4;
QObject *r2_6;
QObject *r2_15;
QVariant r2_13;
// generate_LoadReg
r2_0 = r6_0;
{
}
// generate_GetLookup
#ifndef QT_NO_DEBUG
aotContext->setInstructionPointer(7);
#endif
r2_1 = QVariant(aotContext->lookupResultMetaType(625));
while (!aotContext->getObjectLookup(625, r2_0, r2_1.data())) {
#ifdef QT_NO_DEBUG
aotContext->setInstructionPointer(7);
#endif
aotContext->initGetObjectLookup(625, r2_0);
if (aotContext->engine->hasError()) {
aotContext->setReturnValueUndefined();
return;
}
r2_1 = QVariant(aotContext->lookupResultMetaType(625));
}
{
}
// generate_GetLookup
#ifndef QT_NO_DEBUG
aotContext->setInstructionPointer(12);
#endif
while (!aotContext->getValueLookup(626, r2_1.data(), &r2_2)) {
#ifdef QT_NO_DEBUG
aotContext->setInstructionPointer(12);
#endif
aotContext->initGetValueLookup(626, []() { static const auto t = QMetaType::fromName("QQmlPointValueType"); return t; }().metaObject());
if (aotContext->engine->hasError()) {
aotContext->setReturnValueUndefined();
return;
}
}
{
}
// generate_StoreReg
r8_0 = r2_2;
{
}
// generate_LoadZero
r2_3 = 0;
{
}
// generate_CmpGt
r2_4 = r8_0 > r2_3;
{
}
// generate_JumpFalse
if (!r2_4) {
    goto label_0;
}
{
}
// generate_LoadQmlContextPropertyLookup
#ifndef QT_NO_DEBUG
aotContext->setInstructionPointer(24);
#endif
while (!aotContext->loadContextIdLookup(627, &r2_5)) {
#ifdef QT_NO_DEBUG
aotContext->setInstructionPointer(24);
#endif
aotContext->initLoadContextIdLookup(627);
if (aotContext->engine->hasError()) {
aotContext->setReturnValueUndefined();
return;
}
}
{
}
// generate_StoreReg
r9_0 = r2_5;
{
}
{
}
{
}
// generate_MoveConst
r13_0 = double(0);
{
}
// generate_LoadQmlContextPropertyLookup
#ifndef QT_NO_DEBUG
aotContext->setInstructionPointer(41);
#endif
while (!aotContext->loadContextIdLookup(629, &r2_6)) {
#ifdef QT_NO_DEBUG
aotContext->setInstructionPointer(41);
#endif
aotContext->initLoadContextIdLookup(629);
if (aotContext->engine->hasError()) {
aotContext->setReturnValueUndefined();
return;
}
}
{
}
// generate_GetLookup
#ifndef QT_NO_DEBUG
aotContext->setInstructionPointer(46);
#endif
while (!aotContext->getObjectLookup(630, r2_6, &r2_7)) {
#ifdef QT_NO_DEBUG
aotContext->setInstructionPointer(46);
#endif
aotContext->initGetObjectLookup(630, r2_6);
if (aotContext->engine->hasError()) {
aotContext->setReturnValueUndefined();
return;
}
}
{
}
// generate_StoreReg
r15_0 = r2_7;
{
}
// generate_LoadQmlContextPropertyLookup
#ifndef QT_NO_DEBUG
aotContext->setInstructionPointer(53);
#endif
while (!aotContext->loadScopeObjectPropertyLookup(631, &r2_8)) {
#ifdef QT_NO_DEBUG
aotContext->setInstructionPointer(53);
#endif
aotContext->initLoadScopeObjectPropertyLookup(631);
if (aotContext->engine->hasError()) {
aotContext->setReturnValueUndefined();
return;
}
}
{
}
// generate_Sub
r2_9 = (r15_0 - r2_8);
{
}
// generate_StoreReg
r14_0 = r2_9;
{
}
// generate_CallPropertyLookup
{
const double arg1 = r13_0;
const double arg2 = r14_0;
r2_9 = [&]() { 
auto  tmpMax = (qIsNull(arg2) && qIsNull(arg1) && std::copysign(1.0, arg2) == 1) ? arg2 : ((arg2 > arg1 || std::isnan(arg2)) ? arg2 : arg1);
return tmpMax;
}();
}
{
}
// generate_SetLookup
{
#ifndef QT_NO_DEBUG
aotContext->setInstructionPointer(83);
#endif
while (!aotContext->setObjectLookup(633, r9_0, &r2_9)) {
#ifdef QT_NO_DEBUG
aotContext->setInstructionPointer(83);
#endif
aotContext->initSetObjectLookup(633, r9_0);
if (aotContext->engine->hasError()) {
aotContext->setReturnValueUndefined();
return;
}
}
}
{
}
// generate_LoadQmlContextPropertyLookup
#ifndef QT_NO_DEBUG
aotContext->setInstructionPointer(88);
#endif
while (!aotContext->loadContextIdLookup(634, &r2_10)) {
#ifdef QT_NO_DEBUG
aotContext->setInstructionPointer(88);
#endif
aotContext->initLoadContextIdLookup(634);
if (aotContext->engine->hasError()) {
aotContext->setReturnValueUndefined();
return;
}
}
{
}
// generate_StoreReg
r9_1 = r2_10;
{
}
// generate_LoadQmlContextPropertyLookup
#ifndef QT_NO_DEBUG
aotContext->setInstructionPointer(95);
#endif
while (!aotContext->loadContextIdLookup(635, &r2_11)) {
#ifdef QT_NO_DEBUG
aotContext->setInstructionPointer(95);
#endif
aotContext->initLoadContextIdLookup(635);
if (aotContext->engine->hasError()) {
aotContext->setReturnValueUndefined();
return;
}
}
{
}
// generate_GetLookup
#ifndef QT_NO_DEBUG
aotContext->setInstructionPointer(100);
#endif
while (!aotContext->getObjectLookup(636, r2_11, &r2_12)) {
#ifdef QT_NO_DEBUG
aotContext->setInstructionPointer(100);
#endif
aotContext->initGetObjectLookup(636, r2_11);
if (aotContext->engine->hasError()) {
aotContext->setReturnValueUndefined();
return;
}
}
{
}
// generate_SetLookup
{
#ifndef QT_NO_DEBUG
aotContext->setInstructionPointer(109);
#endif
while (!aotContext->setObjectLookup(637, r9_1, &r2_12)) {
#ifdef QT_NO_DEBUG
aotContext->setInstructionPointer(109);
#endif
aotContext->initSetObjectLookup(637, r9_1);
if (aotContext->engine->hasError()) {
aotContext->setReturnValueUndefined();
return;
}
}
}
{
}
// generate_Jump
{
    goto label_1;
}
label_0:;
// generate_LoadReg
r2_0 = r6_0;
{
}
// generate_GetLookup
#ifndef QT_NO_DEBUG
aotContext->setInstructionPointer(121);
#endif
r2_13 = QVariant(aotContext->lookupResultMetaType(638));
while (!aotContext->getObjectLookup(638, r2_0, r2_13.data())) {
#ifdef QT_NO_DEBUG
aotContext->setInstructionPointer(121);
#endif
aotContext->initGetObjectLookup(638, r2_0);
if (aotContext->engine->hasError()) {
aotContext->setReturnValueUndefined();
return;
}
r2_13 = QVariant(aotContext->lookupResultMetaType(638));
}
{
}
// generate_GetLookup
#ifndef QT_NO_DEBUG
aotContext->setInstructionPointer(126);
#endif
while (!aotContext->getValueLookup(639, r2_13.data(), &r2_14)) {
#ifdef QT_NO_DEBUG
aotContext->setInstructionPointer(126);
#endif
aotContext->initGetValueLookup(639, []() { static const auto t = QMetaType::fromName("QQmlPointValueType"); return t; }().metaObject());
if (aotContext->engine->hasError()) {
aotContext->setReturnValueUndefined();
return;
}
}
{
}
// generate_StoreReg
r9_2 = r2_14;
{
}
// generate_LoadZero
r2_3 = 0;
{
}
// generate_CmpLt
r2_4 = r9_2 < r2_3;
{
}
// generate_JumpFalse
if (!r2_4) {
    goto label_1;
}
{
}
// generate_LoadQmlContextPropertyLookup
#ifndef QT_NO_DEBUG
aotContext->setInstructionPointer(138);
#endif
while (!aotContext->loadContextIdLookup(640, &r2_15)) {
#ifdef QT_NO_DEBUG
aotContext->setInstructionPointer(138);
#endif
aotContext->initLoadContextIdLookup(640);
if (aotContext->engine->hasError()) {
aotContext->setReturnValueUndefined();
return;
}
}
{
}
// generate_StoreReg
r10_0 = r2_15;
{
}
{
}
{
}
// generate_LoadQmlContextPropertyLookup
#ifndef QT_NO_DEBUG
aotContext->setInstructionPointer(152);
#endif
while (!aotContext->loadContextIdLookup(642, &r2_16)) {
#ifdef QT_NO_DEBUG
aotContext->setInstructionPointer(152);
#endif
aotContext->initLoadContextIdLookup(642);
if (aotContext->engine->hasError()) {
aotContext->setReturnValueUndefined();
return;
}
}
{
}
// generate_GetLookup
#ifndef QT_NO_DEBUG
aotContext->setInstructionPointer(157);
#endif
while (!aotContext->getObjectLookup(643, r2_16, &r2_17)) {
#ifdef QT_NO_DEBUG
aotContext->setInstructionPointer(157);
#endif
aotContext->initGetObjectLookup(643, r2_16);
if (aotContext->engine->hasError()) {
aotContext->setReturnValueUndefined();
return;
}
}
{
}
// generate_StoreReg
r16_0 = r2_17;
{
}
// generate_LoadQmlContextPropertyLookup
#ifndef QT_NO_DEBUG
aotContext->setInstructionPointer(164);
#endif
while (!aotContext->loadContextIdLookup(644, &r2_18)) {
#ifdef QT_NO_DEBUG
aotContext->setInstructionPointer(164);
#endif
aotContext->initLoadContextIdLookup(644);
if (aotContext->engine->hasError()) {
aotContext->setReturnValueUndefined();
return;
}
}
{
}
// generate_GetLookup
#ifndef QT_NO_DEBUG
aotContext->setInstructionPointer(169);
#endif
while (!aotContext->getObjectLookup(645, r2_18, &r2_19)) {
#ifdef QT_NO_DEBUG
aotContext->setInstructionPointer(169);
#endif
aotContext->initGetObjectLookup(645, r2_18);
if (aotContext->engine->hasError()) {
aotContext->setReturnValueUndefined();
return;
}
}
{
}
// generate_Sub
r2_9 = (r16_0 - r2_19);
{
}
// generate_StoreReg
r14_0 = r2_9;
{
}
// generate_LoadQmlContextPropertyLookup
#ifndef QT_NO_DEBUG
aotContext->setInstructionPointer(178);
#endif
while (!aotContext->loadContextIdLookup(646, &r2_20)) {
#ifdef QT_NO_DEBUG
aotContext->setInstructionPointer(178);
#endif
aotContext->initLoadContextIdLookup(646);
if (aotContext->engine->hasError()) {
aotContext->setReturnValueUndefined();
return;
}
}
{
}
// generate_GetLookup
#ifndef QT_NO_DEBUG
aotContext->setInstructionPointer(183);
#endif
while (!aotContext->getObjectLookup(647, r2_20, &r2_21)) {
#ifdef QT_NO_DEBUG
aotContext->setInstructionPointer(183);
#endif
aotContext->initGetObjectLookup(647, r2_20);
if (aotContext->engine->hasError()) {
aotContext->setReturnValueUndefined();
return;
}
}
{
}
// generate_StoreReg
r16_1 = r2_21;
{
}
// generate_LoadQmlContextPropertyLookup
#ifndef QT_NO_DEBUG
aotContext->setInstructionPointer(190);
#endif
while (!aotContext->loadScopeObjectPropertyLookup(648, &r2_22)) {
#ifdef QT_NO_DEBUG
aotContext->setInstructionPointer(190);
#endif
aotContext->initLoadScopeObjectPropertyLookup(648);
if (aotContext->engine->hasError()) {
aotContext->setReturnValueUndefined();
return;
}
}
{
}
// generate_Add
r2_9 = (r16_1 + r2_22);
{
}
// generate_StoreReg
r15_1 = r2_9;
{
}
// generate_CallPropertyLookup
{
const double arg1 = r14_0;
const double arg2 = r15_1;
r2_9 = [&]() { 
auto  tmpMin = (qIsNull(arg2) && qIsNull(arg1) && std::copysign(1.0, arg2) == -1) ? arg2 : ((arg2 < arg1 || std::isnan(arg2)) ? arg2 : arg1);
return tmpMin;
}();
}
{
}
// generate_SetLookup
{
#ifndef QT_NO_DEBUG
aotContext->setInstructionPointer(220);
#endif
while (!aotContext->setObjectLookup(650, r10_0, &r2_9)) {
#ifdef QT_NO_DEBUG
aotContext->setInstructionPointer(220);
#endif
aotContext->initSetObjectLookup(650, r10_0);
if (aotContext->engine->hasError()) {
aotContext->setReturnValueUndefined();
return;
}
}
}
{
}
// generate_LoadQmlContextPropertyLookup
#ifndef QT_NO_DEBUG
aotContext->setInstructionPointer(225);
#endif
while (!aotContext->loadContextIdLookup(651, &r2_23)) {
#ifdef QT_NO_DEBUG
aotContext->setInstructionPointer(225);
#endif
aotContext->initLoadContextIdLookup(651);
if (aotContext->engine->hasError()) {
aotContext->setReturnValueUndefined();
return;
}
}
{
}
// generate_StoreReg
r10_1 = r2_23;
{
}
// generate_LoadQmlContextPropertyLookup
#ifndef QT_NO_DEBUG
aotContext->setInstructionPointer(232);
#endif
while (!aotContext->loadContextIdLookup(652, &r2_24)) {
#ifdef QT_NO_DEBUG
aotContext->setInstructionPointer(232);
#endif
aotContext->initLoadContextIdLookup(652);
if (aotContext->engine->hasError()) {
aotContext->setReturnValueUndefined();
return;
}
}
{
}
// generate_GetLookup
#ifndef QT_NO_DEBUG
aotContext->setInstructionPointer(237);
#endif
while (!aotContext->getObjectLookup(653, r2_24, &r2_25)) {
#ifdef QT_NO_DEBUG
aotContext->setInstructionPointer(237);
#endif
aotContext->initGetObjectLookup(653, r2_24);
if (aotContext->engine->hasError()) {
aotContext->setReturnValueUndefined();
return;
}
}
{
}
// generate_SetLookup
{
#ifndef QT_NO_DEBUG
aotContext->setInstructionPointer(246);
#endif
while (!aotContext->setObjectLookup(654, r10_1, &r2_25)) {
#ifdef QT_NO_DEBUG
aotContext->setInstructionPointer(246);
#endif
aotContext->initSetObjectLookup(654, r10_1);
if (aotContext->engine->hasError()) {
aotContext->setReturnValueUndefined();
return;
}
}
}
{
}
label_1:;
// generate_LoadTrue
r2_4 = true;
{
}
// generate_SetLookup
{
#ifndef QT_NO_DEBUG
aotContext->setInstructionPointer(256);
#endif
while (!aotContext->setObjectLookup(655, r6_0, &r2_4)) {
#ifdef QT_NO_DEBUG
aotContext->setInstructionPointer(256);
#endif
aotContext->initSetObjectLookup(655, r6_0);
if (aotContext->engine->hasError()) {
aotContext->setReturnValueUndefined();
return;
}
}
}
{
}
{
}
// generate_Ret
return;
}
 },{ 211, 0, [](QV4::ExecutableCompilationUnit *unit, QMetaType *argTypes) {
    struct { QV4::ExecutableCompilationUnit *compilationUnit; } c { unit };
    const auto *aotContext = &c;
    Q_UNUSED(aotContext);
    argTypes[0] = []() { static const auto t = QMetaType::fromName("QQuickItem*"); return t; }();
}, 
    [](const QQmlPrivate::AOTCompiledContext *aotContext, void **argv) {
Q_UNUSED(aotContext)
Q_UNUSED(argv)
// expression for fill at line 1451, column 29
QObject *r2_0;
// generate_LoadQmlContextPropertyLookup
#ifndef QT_NO_DEBUG
aotContext->setInstructionPointer(5);
#endif
while (!aotContext->loadScopeObjectPropertyLookup(656, &r2_0)) {
#ifdef QT_NO_DEBUG
aotContext->setInstructionPointer(5);
#endif
aotContext->initLoadScopeObjectPropertyLookup(656);
if (aotContext->engine->hasError()) {
aotContext->setReturnValueUndefined();
if (argv[0]) {
    *static_cast<QObject * *>(argv[0]) = nullptr;
}
return;
}
}
{
}
{
}
// generate_Ret
if (argv[0]) {
    *static_cast<QObject * *>(argv[0]) = r2_0;
}
return;
}
 },{ 212, 0, [](QV4::ExecutableCompilationUnit *unit, QMetaType *argTypes) {
    struct { QV4::ExecutableCompilationUnit *compilationUnit; } c { unit };
    const auto *aotContext = &c;
    Q_UNUSED(aotContext);
    argTypes[0] = QMetaType::fromType<bool>();
}, 
    [](const QQmlPrivate::AOTCompiledContext *aotContext, void **argv) {
Q_UNUSED(aotContext)
Q_UNUSED(argv)
// expression for when at line 1471, column 29
QObject *r2_0;
double r7_0;
double r2_1;
QObject *r2_2;
bool r2_4;
double r2_3;
// generate_LoadQmlContextPropertyLookup
#ifndef QT_NO_DEBUG
aotContext->setInstructionPointer(5);
#endif
while (!aotContext->loadContextIdLookup(657, &r2_0)) {
#ifdef QT_NO_DEBUG
aotContext->setInstructionPointer(5);
#endif
aotContext->initLoadContextIdLookup(657);
if (aotContext->engine->hasError()) {
aotContext->setReturnValueUndefined();
if (argv[0]) {
    *static_cast<bool *>(argv[0]) = bool();
}
return;
}
}
{
}
// generate_GetLookup
#ifndef QT_NO_DEBUG
aotContext->setInstructionPointer(10);
#endif
while (!aotContext->getObjectLookup(658, r2_0, &r2_1)) {
#ifdef QT_NO_DEBUG
aotContext->setInstructionPointer(10);
#endif
aotContext->initGetObjectLookup(658, r2_0);
if (aotContext->engine->hasError()) {
aotContext->setReturnValueUndefined();
if (argv[0]) {
    *static_cast<bool *>(argv[0]) = bool();
}
return;
}
}
{
}
// generate_StoreReg
r7_0 = r2_1;
{
}
// generate_LoadQmlContextPropertyLookup
#ifndef QT_NO_DEBUG
aotContext->setInstructionPointer(17);
#endif
while (!aotContext->loadContextIdLookup(659, &r2_2)) {
#ifdef QT_NO_DEBUG
aotContext->setInstructionPointer(17);
#endif
aotContext->initLoadContextIdLookup(659);
if (aotContext->engine->hasError()) {
aotContext->setReturnValueUndefined();
if (argv[0]) {
    *static_cast<bool *>(argv[0]) = bool();
}
return;
}
}
{
}
// generate_GetLookup
#ifndef QT_NO_DEBUG
aotContext->setInstructionPointer(22);
#endif
while (!aotContext->getObjectLookup(660, r2_2, &r2_3)) {
#ifdef QT_NO_DEBUG
aotContext->setInstructionPointer(22);
#endif
aotContext->initGetObjectLookup(660, r2_2);
if (aotContext->engine->hasError()) {
aotContext->setReturnValueUndefined();
if (argv[0]) {
    *static_cast<bool *>(argv[0]) = bool();
}
return;
}
}
{
}
// generate_CmpGt
r2_4 = r7_0 > r2_3;
{
}
{
}
// generate_Ret
if (argv[0]) {
    *static_cast<bool *>(argv[0]) = r2_4;
}
return;
}
 },{ 213, 0, [](QV4::ExecutableCompilationUnit *unit, QMetaType *argTypes) {
    struct { QV4::ExecutableCompilationUnit *compilationUnit; } c { unit };
    const auto *aotContext = &c;
    Q_UNUSED(aotContext);
    argTypes[0] = QMetaType::fromType<QVariant>();
}, 
    [](const QQmlPrivate::AOTCompiledContext *aotContext, void **argv) {
Q_UNUSED(aotContext)
Q_UNUSED(argv)
// expression for value at line 1472, column 29
QObject *r2_0;
QVariant r2_1;
// generate_LoadQmlContextPropertyLookup
#ifndef QT_NO_DEBUG
aotContext->setInstructionPointer(5);
#endif
while (!aotContext->loadContextIdLookup(661, &r2_0)) {
#ifdef QT_NO_DEBUG
aotContext->setInstructionPointer(5);
#endif
aotContext->initLoadContextIdLookup(661);
if (aotContext->engine->hasError()) {
aotContext->setReturnValueUndefined();
if (argv[0]) {
    *static_cast<QVariant *>(argv[0]) = QVariant();
}
return;
}
}
{
}
// generate_GetLookup
{
double retrieved;
#ifndef QT_NO_DEBUG
aotContext->setInstructionPointer(10);
#endif
while (!aotContext->getObjectLookup(662, r2_0, &retrieved)) {
#ifdef QT_NO_DEBUG
aotContext->setInstructionPointer(10);
#endif
aotContext->initGetObjectLookup(662, r2_0);
if (aotContext->engine->hasError()) {
aotContext->setReturnValueUndefined();
if (argv[0]) {
    *static_cast<QVariant *>(argv[0]) = QVariant();
}
return;
}
}
r2_1 = QVariant::fromValue(std::move(retrieved));
}
{
}
{
}
// generate_Ret
if (argv[0]) {
    if (!r2_1.isValid())
        aotContext->setReturnValueUndefined();
    *static_cast<QVariant *>(argv[0]) = std::move(r2_1);
}
return;
}
 },{ 214, 0, [](QV4::ExecutableCompilationUnit *unit, QMetaType *argTypes) {
    struct { QV4::ExecutableCompilationUnit *compilationUnit; } c { unit };
    const auto *aotContext = &c;
    Q_UNUSED(aotContext);
    argTypes[0] = []() { static const auto t = QMetaType::fromName("QQuickScrollBar::Policy"); return t; }();
}, 
    [](const QQmlPrivate::AOTCompiledContext *aotContext, void **argv) {
Q_UNUSED(aotContext)
Q_UNUSED(argv)
// expression for policy at line 1477, column 29
int r2_0;
{
}
// generate_GetLookup
#ifndef QT_NO_DEBUG
aotContext->setInstructionPointer(10);
#endif
while (!aotContext->getEnumLookup(664, &r2_0)) {
#ifdef QT_NO_DEBUG
aotContext->setInstructionPointer(10);
#endif
aotContext->initGetEnumLookup(664, []() { static const auto t = QMetaType::fromName("QQuickScrollBar*"); return t; }().metaObject(), "Policy", "AlwaysOn");
if (aotContext->engine->hasError()) {
aotContext->setReturnValueUndefined();
if (argv[0]) {
    const QMetaType returnType = []() { static const auto t = QMetaType::fromName("QQuickScrollBar::Policy"); return t; }();
    returnType.destruct(argv[0]);
    returnType.construct(argv[0]);
 }
return;
}
}
{
}
{
}
// generate_Ret
if (argv[0]) {
    const QMetaType returnType = QMetaType::fromType<int>();
    returnType.destruct(argv[0]);
    returnType.construct(argv[0], &r2_0);
}
return;
}
 },{ 215, 0, [](QV4::ExecutableCompilationUnit *unit, QMetaType *argTypes) {
    struct { QV4::ExecutableCompilationUnit *compilationUnit; } c { unit };
    const auto *aotContext = &c;
    Q_UNUSED(aotContext);
    argTypes[0] = QMetaType::fromType<bool>();
}, 
    [](const QQmlPrivate::AOTCompiledContext *aotContext, void **argv) {
Q_UNUSED(aotContext)
Q_UNUSED(argv)
// expression for visible at line 1478, column 29
double r7_0;
double r2_1;
QObject *r2_2;
double r2_3;
QObject *r2_0;
bool r2_4;
// generate_LoadQmlContextPropertyLookup
#ifndef QT_NO_DEBUG
aotContext->setInstructionPointer(5);
#endif
while (!aotContext->loadContextIdLookup(665, &r2_0)) {
#ifdef QT_NO_DEBUG
aotContext->setInstructionPointer(5);
#endif
aotContext->initLoadContextIdLookup(665);
if (aotContext->engine->hasError()) {
aotContext->setReturnValueUndefined();
if (argv[0]) {
    *static_cast<bool *>(argv[0]) = bool();
}
return;
}
}
{
}
// generate_GetLookup
#ifndef QT_NO_DEBUG
aotContext->setInstructionPointer(10);
#endif
while (!aotContext->getObjectLookup(666, r2_0, &r2_1)) {
#ifdef QT_NO_DEBUG
aotContext->setInstructionPointer(10);
#endif
aotContext->initGetObjectLookup(666, r2_0);
if (aotContext->engine->hasError()) {
aotContext->setReturnValueUndefined();
if (argv[0]) {
    *static_cast<bool *>(argv[0]) = bool();
}
return;
}
}
{
}
// generate_StoreReg
r7_0 = r2_1;
{
}
// generate_LoadQmlContextPropertyLookup
#ifndef QT_NO_DEBUG
aotContext->setInstructionPointer(17);
#endif
while (!aotContext->loadContextIdLookup(667, &r2_2)) {
#ifdef QT_NO_DEBUG
aotContext->setInstructionPointer(17);
#endif
aotContext->initLoadContextIdLookup(667);
if (aotContext->engine->hasError()) {
aotContext->setReturnValueUndefined();
if (argv[0]) {
    *static_cast<bool *>(argv[0]) = bool();
}
return;
}
}
{
}
// generate_GetLookup
#ifndef QT_NO_DEBUG
aotContext->setInstructionPointer(22);
#endif
while (!aotContext->getObjectLookup(668, r2_2, &r2_3)) {
#ifdef QT_NO_DEBUG
aotContext->setInstructionPointer(22);
#endif
aotContext->initGetObjectLookup(668, r2_2);
if (aotContext->engine->hasError()) {
aotContext->setReturnValueUndefined();
if (argv[0]) {
    *static_cast<bool *>(argv[0]) = bool();
}
return;
}
}
{
}
// generate_CmpGt
r2_4 = r7_0 > r2_3;
{
}
{
}
// generate_Ret
if (argv[0]) {
    *static_cast<bool *>(argv[0]) = r2_4;
}
return;
}
 },{ 216, 0, [](QV4::ExecutableCompilationUnit *unit, QMetaType *argTypes) {
    struct { QV4::ExecutableCompilationUnit *compilationUnit; } c { unit };
    const auto *aotContext = &c;
    Q_UNUSED(aotContext);
    argTypes[0] = []() { static const auto t = QMetaType::fromName("QQuickScrollBar::Policy"); return t; }();
}, 
    [](const QQmlPrivate::AOTCompiledContext *aotContext, void **argv) {
Q_UNUSED(aotContext)
Q_UNUSED(argv)
// expression for policy at line 1482, column 29
int r2_0;
{
}
// generate_GetLookup
#ifndef QT_NO_DEBUG
aotContext->setInstructionPointer(10);
#endif
while (!aotContext->getEnumLookup(670, &r2_0)) {
#ifdef QT_NO_DEBUG
aotContext->setInstructionPointer(10);
#endif
aotContext->initGetEnumLookup(670, []() { static const auto t = QMetaType::fromName("QQuickScrollBar*"); return t; }().metaObject(), "Policy", "AlwaysOn");
if (aotContext->engine->hasError()) {
aotContext->setReturnValueUndefined();
if (argv[0]) {
    const QMetaType returnType = []() { static const auto t = QMetaType::fromName("QQuickScrollBar::Policy"); return t; }();
    returnType.destruct(argv[0]);
    returnType.construct(argv[0]);
 }
return;
}
}
{
}
{
}
// generate_Ret
if (argv[0]) {
    const QMetaType returnType = QMetaType::fromType<int>();
    returnType.destruct(argv[0]);
    returnType.construct(argv[0], &r2_0);
}
return;
}
 },{ 217, 0, [](QV4::ExecutableCompilationUnit *unit, QMetaType *argTypes) {
    struct { QV4::ExecutableCompilationUnit *compilationUnit; } c { unit };
    const auto *aotContext = &c;
    Q_UNUSED(aotContext);
    argTypes[0] = QMetaType::fromType<bool>();
}, 
    [](const QQmlPrivate::AOTCompiledContext *aotContext, void **argv) {
Q_UNUSED(aotContext)
Q_UNUSED(argv)
// expression for visible at line 1483, column 29
double r2_1;
double r7_0;
QObject *r2_0;
QObject *r2_2;
bool r2_4;
double r2_3;
// generate_LoadQmlContextPropertyLookup
#ifndef QT_NO_DEBUG
aotContext->setInstructionPointer(5);
#endif
while (!aotContext->loadContextIdLookup(671, &r2_0)) {
#ifdef QT_NO_DEBUG
aotContext->setInstructionPointer(5);
#endif
aotContext->initLoadContextIdLookup(671);
if (aotContext->engine->hasError()) {
aotContext->setReturnValueUndefined();
if (argv[0]) {
    *static_cast<bool *>(argv[0]) = bool();
}
return;
}
}
{
}
// generate_GetLookup
#ifndef QT_NO_DEBUG
aotContext->setInstructionPointer(10);
#endif
while (!aotContext->getObjectLookup(672, r2_0, &r2_1)) {
#ifdef QT_NO_DEBUG
aotContext->setInstructionPointer(10);
#endif
aotContext->initGetObjectLookup(672, r2_0);
if (aotContext->engine->hasError()) {
aotContext->setReturnValueUndefined();
if (argv[0]) {
    *static_cast<bool *>(argv[0]) = bool();
}
return;
}
}
{
}
// generate_StoreReg
r7_0 = r2_1;
{
}
// generate_LoadQmlContextPropertyLookup
#ifndef QT_NO_DEBUG
aotContext->setInstructionPointer(17);
#endif
while (!aotContext->loadContextIdLookup(673, &r2_2)) {
#ifdef QT_NO_DEBUG
aotContext->setInstructionPointer(17);
#endif
aotContext->initLoadContextIdLookup(673);
if (aotContext->engine->hasError()) {
aotContext->setReturnValueUndefined();
if (argv[0]) {
    *static_cast<bool *>(argv[0]) = bool();
}
return;
}
}
{
}
// generate_GetLookup
#ifndef QT_NO_DEBUG
aotContext->setInstructionPointer(22);
#endif
while (!aotContext->getObjectLookup(674, r2_2, &r2_3)) {
#ifdef QT_NO_DEBUG
aotContext->setInstructionPointer(22);
#endif
aotContext->initGetObjectLookup(674, r2_2);
if (aotContext->engine->hasError()) {
aotContext->setReturnValueUndefined();
if (argv[0]) {
    *static_cast<bool *>(argv[0]) = bool();
}
return;
}
}
{
}
// generate_CmpGt
r2_4 = r7_0 > r2_3;
{
}
{
}
// generate_Ret
if (argv[0]) {
    *static_cast<bool *>(argv[0]) = r2_4;
}
return;
}
 },{ 218, 0, [](QV4::ExecutableCompilationUnit *unit, QMetaType *argTypes) {
    struct { QV4::ExecutableCompilationUnit *compilationUnit; } c { unit };
    const auto *aotContext = &c;
    Q_UNUSED(aotContext);
    argTypes[0] = QMetaType::fromType<double>();
}, 
    [](const QQmlPrivate::AOTCompiledContext *aotContext, void **argv) {
Q_UNUSED(aotContext)
Q_UNUSED(argv)
// expression for width at line 1500, column 29
QObject *r2_0;
double r7_0;
double r2_1;
QObject *r2_2;
double r2_3;
double r2_4;
// generate_LoadQmlContextPropertyLookup
#ifndef QT_NO_DEBUG
aotContext->setInstructionPointer(5);
#endif
while (!aotContext->loadContextIdLookup(675, &r2_0)) {
#ifdef QT_NO_DEBUG
aotContext->setInstructionPointer(5);
#endif
aotContext->initLoadContextIdLookup(675);
if (aotContext->engine->hasError()) {
aotContext->setReturnValueUndefined();
if (argv[0]) {
    *static_cast<double *>(argv[0]) = double();
}
return;
}
}
{
}
// generate_GetLookup
#ifndef QT_NO_DEBUG
aotContext->setInstructionPointer(10);
#endif
while (!aotContext->getObjectLookup(676, r2_0, &r2_1)) {
#ifdef QT_NO_DEBUG
aotContext->setInstructionPointer(10);
#endif
aotContext->initGetObjectLookup(676, r2_0);
if (aotContext->engine->hasError()) {
aotContext->setReturnValueUndefined();
if (argv[0]) {
    *static_cast<double *>(argv[0]) = double();
}
return;
}
}
{
}
// generate_StoreReg
r7_0 = r2_1;
{
}
// generate_LoadQmlContextPropertyLookup
#ifndef QT_NO_DEBUG
aotContext->setInstructionPointer(17);
#endif
while (!aotContext->loadContextIdLookup(677, &r2_2)) {
#ifdef QT_NO_DEBUG
aotContext->setInstructionPointer(17);
#endif
aotContext->initLoadContextIdLookup(677);
if (aotContext->engine->hasError()) {
aotContext->setReturnValueUndefined();
if (argv[0]) {
    *static_cast<double *>(argv[0]) = double();
}
return;
}
}
{
}
// generate_GetLookup
#ifndef QT_NO_DEBUG
aotContext->setInstructionPointer(22);
#endif
while (!aotContext->getObjectLookup(678, r2_2, &r2_3)) {
#ifdef QT_NO_DEBUG
aotContext->setInstructionPointer(22);
#endif
aotContext->initGetObjectLookup(678, r2_2);
if (aotContext->engine->hasError()) {
aotContext->setReturnValueUndefined();
if (argv[0]) {
    *static_cast<double *>(argv[0]) = double();
}
return;
}
}
{
}
// generate_Mul
r2_4 = (r7_0 * r2_3);
{
}
{
}
// generate_Ret
if (argv[0]) {
    *static_cast<double *>(argv[0]) = r2_4;
}
return;
}
 },{ 219, 0, [](QV4::ExecutableCompilationUnit *unit, QMetaType *argTypes) {
    struct { QV4::ExecutableCompilationUnit *compilationUnit; } c { unit };
    const auto *aotContext = &c;
    Q_UNUSED(aotContext);
    argTypes[0] = QMetaType::fromType<double>();
}, 
    [](const QQmlPrivate::AOTCompiledContext *aotContext, void **argv) {
Q_UNUSED(aotContext)
Q_UNUSED(argv)
// expression for height at line 1501, column 29
double r2_1;
double r7_0;
QObject *r2_0;
double r2_4;
double r2_3;
QObject *r2_2;
// generate_LoadQmlContextPropertyLookup
#ifndef QT_NO_DEBUG
aotContext->setInstructionPointer(5);
#endif
while (!aotContext->loadContextIdLookup(679, &r2_0)) {
#ifdef QT_NO_DEBUG
aotContext->setInstructionPointer(5);
#endif
aotContext->initLoadContextIdLookup(679);
if (aotContext->engine->hasError()) {
aotContext->setReturnValueUndefined();
if (argv[0]) {
    *static_cast<double *>(argv[0]) = double();
}
return;
}
}
{
}
// generate_GetLookup
#ifndef QT_NO_DEBUG
aotContext->setInstructionPointer(10);
#endif
while (!aotContext->getObjectLookup(680, r2_0, &r2_1)) {
#ifdef QT_NO_DEBUG
aotContext->setInstructionPointer(10);
#endif
aotContext->initGetObjectLookup(680, r2_0);
if (aotContext->engine->hasError()) {
aotContext->setReturnValueUndefined();
if (argv[0]) {
    *static_cast<double *>(argv[0]) = double();
}
return;
}
}
{
}
// generate_StoreReg
r7_0 = r2_1;
{
}
// generate_LoadQmlContextPropertyLookup
#ifndef QT_NO_DEBUG
aotContext->setInstructionPointer(17);
#endif
while (!aotContext->loadContextIdLookup(681, &r2_2)) {
#ifdef QT_NO_DEBUG
aotContext->setInstructionPointer(17);
#endif
aotContext->initLoadContextIdLookup(681);
if (aotContext->engine->hasError()) {
aotContext->setReturnValueUndefined();
if (argv[0]) {
    *static_cast<double *>(argv[0]) = double();
}
return;
}
}
{
}
// generate_GetLookup
#ifndef QT_NO_DEBUG
aotContext->setInstructionPointer(22);
#endif
while (!aotContext->getObjectLookup(682, r2_2, &r2_3)) {
#ifdef QT_NO_DEBUG
aotContext->setInstructionPointer(22);
#endif
aotContext->initGetObjectLookup(682, r2_2);
if (aotContext->engine->hasError()) {
aotContext->setReturnValueUndefined();
if (argv[0]) {
    *static_cast<double *>(argv[0]) = double();
}
return;
}
}
{
}
// generate_Mul
r2_4 = (r7_0 * r2_3);
{
}
{
}
// generate_Ret
if (argv[0]) {
    *static_cast<double *>(argv[0]) = r2_4;
}
return;
}
 },{ 221, 0, [](QV4::ExecutableCompilationUnit *unit, QMetaType *argTypes) {
    struct { QV4::ExecutableCompilationUnit *compilationUnit; } c { unit };
    const auto *aotContext = &c;
    Q_UNUSED(aotContext);
    argTypes[0] = QMetaType::fromType<double>();
}, 
    [](const QQmlPrivate::AOTCompiledContext *aotContext, void **argv) {
Q_UNUSED(aotContext)
Q_UNUSED(argv)
// expression for scroll_y at line 1516, column 33
double r7_0;
double r2_3;
QObject *r2_0;
double r2_1;
double r2_2;
// generate_LoadQmlContextPropertyLookup
#ifndef QT_NO_DEBUG
aotContext->setInstructionPointer(5);
#endif
while (!aotContext->loadContextIdLookup(688, &r2_0)) {
#ifdef QT_NO_DEBUG
aotContext->setInstructionPointer(5);
#endif
aotContext->initLoadContextIdLookup(688);
if (aotContext->engine->hasError()) {
aotContext->setReturnValueUndefined();
if (argv[0]) {
    *static_cast<double *>(argv[0]) = double();
}
return;
}
}
{
}
// generate_GetLookup
#ifndef QT_NO_DEBUG
aotContext->setInstructionPointer(10);
#endif
while (!aotContext->getObjectLookup(689, r2_0, &r2_1)) {
#ifdef QT_NO_DEBUG
aotContext->setInstructionPointer(10);
#endif
aotContext->initGetObjectLookup(689, r2_0);
if (aotContext->engine->hasError()) {
aotContext->setReturnValueUndefined();
if (argv[0]) {
    *static_cast<double *>(argv[0]) = double();
}
return;
}
}
{
}
// generate_StoreReg
r7_0 = r2_1;
{
}
// generate_LoadQmlContextPropertyLookup
#ifndef QT_NO_DEBUG
aotContext->setInstructionPointer(17);
#endif
while (!aotContext->loadScopeObjectPropertyLookup(690, &r2_2)) {
#ifdef QT_NO_DEBUG
aotContext->setInstructionPointer(17);
#endif
aotContext->initLoadScopeObjectPropertyLookup(690);
if (aotContext->engine->hasError()) {
aotContext->setReturnValueUndefined();
if (argv[0]) {
    *static_cast<double *>(argv[0]) = double();
}
return;
}
}
{
}
// generate_Mul
r2_3 = (r7_0 * r2_2);
{
}
{
}
// generate_Ret
if (argv[0]) {
    *static_cast<double *>(argv[0]) = r2_3;
}
return;
}
 },{ 222, 0, [](QV4::ExecutableCompilationUnit *unit, QMetaType *argTypes) {
    struct { QV4::ExecutableCompilationUnit *compilationUnit; } c { unit };
    const auto *aotContext = &c;
    Q_UNUSED(aotContext);
    argTypes[0] = QMetaType::fromType<double>();
}, 
    [](const QQmlPrivate::AOTCompiledContext *aotContext, void **argv) {
Q_UNUSED(aotContext)
Q_UNUSED(argv)
// expression for xScale at line 1520, column 37
QObject *r2_0;
double r2_1;
// generate_LoadQmlContextPropertyLookup
#ifndef QT_NO_DEBUG
aotContext->setInstructionPointer(5);
#endif
while (!aotContext->loadContextIdLookup(691, &r2_0)) {
#ifdef QT_NO_DEBUG
aotContext->setInstructionPointer(5);
#endif
aotContext->initLoadContextIdLookup(691);
if (aotContext->engine->hasError()) {
aotContext->setReturnValueUndefined();
if (argv[0]) {
    *static_cast<double *>(argv[0]) = double();
}
return;
}
}
{
}
// generate_GetLookup
#ifndef QT_NO_DEBUG
aotContext->setInstructionPointer(10);
#endif
while (!aotContext->getObjectLookup(692, r2_0, &r2_1)) {
#ifdef QT_NO_DEBUG
aotContext->setInstructionPointer(10);
#endif
aotContext->initGetObjectLookup(692, r2_0);
if (aotContext->engine->hasError()) {
aotContext->setReturnValueUndefined();
if (argv[0]) {
    *static_cast<double *>(argv[0]) = double();
}
return;
}
}
{
}
{
}
// generate_Ret
if (argv[0]) {
    *static_cast<double *>(argv[0]) = r2_1;
}
return;
}
 },{ 223, 0, [](QV4::ExecutableCompilationUnit *unit, QMetaType *argTypes) {
    struct { QV4::ExecutableCompilationUnit *compilationUnit; } c { unit };
    const auto *aotContext = &c;
    Q_UNUSED(aotContext);
    argTypes[0] = QMetaType::fromType<double>();
}, 
    [](const QQmlPrivate::AOTCompiledContext *aotContext, void **argv) {
Q_UNUSED(aotContext)
Q_UNUSED(argv)
// expression for yScale at line 1521, column 37
QObject *r2_0;
double r2_1;
// generate_LoadQmlContextPropertyLookup
#ifndef QT_NO_DEBUG
aotContext->setInstructionPointer(5);
#endif
while (!aotContext->loadContextIdLookup(693, &r2_0)) {
#ifdef QT_NO_DEBUG
aotContext->setInstructionPointer(5);
#endif
aotContext->initLoadContextIdLookup(693);
if (aotContext->engine->hasError()) {
aotContext->setReturnValueUndefined();
if (argv[0]) {
    *static_cast<double *>(argv[0]) = double();
}
return;
}
}
{
}
// generate_GetLookup
#ifndef QT_NO_DEBUG
aotContext->setInstructionPointer(10);
#endif
while (!aotContext->getObjectLookup(694, r2_0, &r2_1)) {
#ifdef QT_NO_DEBUG
aotContext->setInstructionPointer(10);
#endif
aotContext->initGetObjectLookup(694, r2_0);
if (aotContext->engine->hasError()) {
aotContext->setReturnValueUndefined();
if (argv[0]) {
    *static_cast<double *>(argv[0]) = double();
}
return;
}
}
{
}
{
}
// generate_Ret
if (argv[0]) {
    *static_cast<double *>(argv[0]) = r2_1;
}
return;
}
 },{ 224, 0, [](QV4::ExecutableCompilationUnit *unit, QMetaType *argTypes) {
    struct { QV4::ExecutableCompilationUnit *compilationUnit; } c { unit };
    const auto *aotContext = &c;
    Q_UNUSED(aotContext);
    argTypes[0] = QMetaType();
}, 
    [](const QQmlPrivate::AOTCompiledContext *aotContext, void **argv) {
Q_UNUSED(aotContext)
Q_UNUSED(argv)
// show at line 1534, column 25
QObject *r7_0;
QObject *r2_2;
double r2_0;
bool r2_1;
// generate_LoadZero
r2_0 = double(0);
{
}
// generate_StoreNameSloppy
aotContext->storeNameSloppy(744, &r2_0, QMetaType::fromType<double>());
{
}
// generate_LoadTrue
r2_1 = true;
{
}
// generate_StoreNameSloppy
aotContext->storeNameSloppy(15, &r2_1, QMetaType::fromType<bool>());
{
}
// generate_LoadQmlContextPropertyLookup
#ifndef QT_NO_DEBUG
aotContext->setInstructionPointer(14);
#endif
while (!aotContext->loadContextIdLookup(695, &r2_2)) {
#ifdef QT_NO_DEBUG
aotContext->setInstructionPointer(14);
#endif
aotContext->initLoadContextIdLookup(695);
if (aotContext->engine->hasError()) {
aotContext->setReturnValueUndefined();
return;
}
}
{
}
// generate_StoreReg
r7_0 = r2_2;
{
}
// generate_CallPropertyLookup
{
const auto doCall = [&]() {
    void *args[] = {nullptr};
    return aotContext->callObjectPropertyLookup(696, r7_0, args, 0);
};
const auto doInit = [&]() {
    aotContext->initCallObjectPropertyLookup(696, r7_0, 8);
};
#ifndef QT_NO_DEBUG
aotContext->setInstructionPointer(33);
#endif
while (!doCall()) {
#ifdef QT_NO_DEBUG
aotContext->setInstructionPointer(33);
#endif
doInit();
if (aotContext->engine->hasError()) {
aotContext->setReturnValueUndefined();
return;
}
}
}
{
}
{
}
// generate_Ret
return;
}
 },{ 225, 0, [](QV4::ExecutableCompilationUnit *unit, QMetaType *argTypes) {
    struct { QV4::ExecutableCompilationUnit *compilationUnit; } c { unit };
    const auto *aotContext = &c;
    Q_UNUSED(aotContext);
    argTypes[0] = []() { static const auto t = QMetaType::fromName("QQuickItem*"); return t; }();
}, 
    [](const QQmlPrivate::AOTCompiledContext *aotContext, void **argv) {
Q_UNUSED(aotContext)
Q_UNUSED(argv)
// expression for fill at line 1533, column 25
QObject *r2_0;
// generate_LoadQmlContextPropertyLookup
#ifndef QT_NO_DEBUG
aotContext->setInstructionPointer(5);
#endif
while (!aotContext->loadScopeObjectPropertyLookup(697, &r2_0)) {
#ifdef QT_NO_DEBUG
aotContext->setInstructionPointer(5);
#endif
aotContext->initLoadScopeObjectPropertyLookup(697);
if (aotContext->engine->hasError()) {
aotContext->setReturnValueUndefined();
if (argv[0]) {
    *static_cast<QObject * *>(argv[0]) = nullptr;
}
return;
}
}
{
}
{
}
// generate_Ret
if (argv[0]) {
    *static_cast<QObject * *>(argv[0]) = r2_0;
}
return;
}
 },{ 226, 0, [](QV4::ExecutableCompilationUnit *unit, QMetaType *argTypes) {
    struct { QV4::ExecutableCompilationUnit *compilationUnit; } c { unit };
    const auto *aotContext = &c;
    Q_UNUSED(aotContext);
    argTypes[0] = []() { static const auto t = QMetaType::fromName("QQuickItem*"); return t; }();
}, 
    [](const QQmlPrivate::AOTCompiledContext *aotContext, void **argv) {
Q_UNUSED(aotContext)
Q_UNUSED(argv)
// expression for target at line 1541, column 29
QObject *r2_0;
// generate_LoadQmlContextPropertyLookup
#ifndef QT_NO_DEBUG
aotContext->setInstructionPointer(5);
#endif
while (!aotContext->loadContextIdLookup(698, &r2_0)) {
#ifdef QT_NO_DEBUG
aotContext->setInstructionPointer(5);
#endif
aotContext->initLoadContextIdLookup(698);
if (aotContext->engine->hasError()) {
aotContext->setReturnValueUndefined();
if (argv[0]) {
    *static_cast<QObject * *>(argv[0]) = nullptr;
}
return;
}
}
{
}
{
}
// generate_Ret
if (argv[0]) {
    *static_cast<QObject * *>(argv[0]) = r2_0;
}
return;
}
 },{ 227, 0, [](QV4::ExecutableCompilationUnit *unit, QMetaType *argTypes) {
    struct { QV4::ExecutableCompilationUnit *compilationUnit; } c { unit };
    const auto *aotContext = &c;
    Q_UNUSED(aotContext);
    argTypes[0] = []() { static const auto t = QMetaType::fromName("QQuickItem*"); return t; }();
}, 
    [](const QQmlPrivate::AOTCompiledContext *aotContext, void **argv) {
Q_UNUSED(aotContext)
Q_UNUSED(argv)
// expression for target at line 1547, column 29
QObject *r2_0;
// generate_LoadQmlContextPropertyLookup
#ifndef QT_NO_DEBUG
aotContext->setInstructionPointer(5);
#endif
while (!aotContext->loadContextIdLookup(699, &r2_0)) {
#ifdef QT_NO_DEBUG
aotContext->setInstructionPointer(5);
#endif
aotContext->initLoadContextIdLookup(699);
if (aotContext->engine->hasError()) {
aotContext->setReturnValueUndefined();
if (argv[0]) {
    *static_cast<QObject * *>(argv[0]) = nullptr;
}
return;
}
}
{
}
{
}
// generate_Ret
if (argv[0]) {
    *static_cast<QObject * *>(argv[0]) = r2_0;
}
return;
}
 },{ 228, 0, [](QV4::ExecutableCompilationUnit *unit, QMetaType *argTypes) {
    struct { QV4::ExecutableCompilationUnit *compilationUnit; } c { unit };
    const auto *aotContext = &c;
    Q_UNUSED(aotContext);
    argTypes[0] = QMetaType();
}, 
    [](const QQmlPrivate::AOTCompiledContext *aotContext, void **argv) {
Q_UNUSED(aotContext)
Q_UNUSED(argv)
// expression for onFinished at line 1550, column 29
QObject *r2_0;
QObject *r7_0;
double r2_3;
QObject *r7_1;
QObject *r2_2;
bool r2_1;
// generate_CreateCallContext
{
{
}
// generate_LoadQmlContextPropertyLookup
#ifndef QT_NO_DEBUG
aotContext->setInstructionPointer(6);
#endif
while (!aotContext->loadContextIdLookup(700, &r2_0)) {
#ifdef QT_NO_DEBUG
aotContext->setInstructionPointer(6);
#endif
aotContext->initLoadContextIdLookup(700);
if (aotContext->engine->hasError()) {
aotContext->setReturnValueUndefined();
return;
}
}
{
}
// generate_StoreReg
r7_0 = r2_0;
{
}
// generate_LoadFalse
r2_1 = false;
{
}
// generate_SetLookup
{
#ifndef QT_NO_DEBUG
aotContext->setInstructionPointer(18);
#endif
while (!aotContext->setObjectLookup(701, r7_0, &r2_1)) {
#ifdef QT_NO_DEBUG
aotContext->setInstructionPointer(18);
#endif
aotContext->initSetObjectLookup(701, r7_0);
if (aotContext->engine->hasError()) {
aotContext->setReturnValueUndefined();
return;
}
}
}
{
}
// generate_LoadQmlContextPropertyLookup
#ifndef QT_NO_DEBUG
aotContext->setInstructionPointer(23);
#endif
while (!aotContext->loadContextIdLookup(702, &r2_2)) {
#ifdef QT_NO_DEBUG
aotContext->setInstructionPointer(23);
#endif
aotContext->initLoadContextIdLookup(702);
if (aotContext->engine->hasError()) {
aotContext->setReturnValueUndefined();
return;
}
}
{
}
// generate_StoreReg
r7_1 = r2_2;
{
}
// generate_LoadInt
r2_3 = double(1);
{
}
{
}
// generate_SetLookup
{
#ifndef QT_NO_DEBUG
aotContext->setInstructionPointer(38);
#endif
while (!aotContext->setObjectLookup(703, r7_1, &r2_3)) {
#ifdef QT_NO_DEBUG
aotContext->setInstructionPointer(38);
#endif
aotContext->initSetObjectLookup(703, r7_1);
if (aotContext->engine->hasError()) {
aotContext->setReturnValueUndefined();
return;
}
}
}
{
}
{
}
// generate_PopContext
{}
}
{
}
{
}
// generate_Ret
return;
}
 },{ 229, 0, [](QV4::ExecutableCompilationUnit *unit, QMetaType *argTypes) {
    struct { QV4::ExecutableCompilationUnit *compilationUnit; } c { unit };
    const auto *aotContext = &c;
    Q_UNUSED(aotContext);
    argTypes[0] = []() { static const auto t = QMetaType::fromName("Qt::CursorShape"); return t; }();
}, 
    [](const QQmlPrivate::AOTCompiledContext *aotContext, void **argv) {
Q_UNUSED(aotContext)
Q_UNUSED(argv)
// expression for cursorShape at line 1558, column 29
int r2_0;
{
}
// generate_GetLookup
#ifndef QT_NO_DEBUG
aotContext->setInstructionPointer(10);
#endif
while (!aotContext->getEnumLookup(705, &r2_0)) {
#ifdef QT_NO_DEBUG
aotContext->setInstructionPointer(10);
#endif
aotContext->initGetEnumLookup(705, []() { static const auto t = QMetaType::fromName("Qt"); return t; }().metaObject(), "CursorShape", "CrossCursor");
if (aotContext->engine->hasError()) {
aotContext->setReturnValueUndefined();
if (argv[0]) {
    const QMetaType returnType = []() { static const auto t = QMetaType::fromName("Qt::CursorShape"); return t; }();
    returnType.destruct(argv[0]);
    returnType.construct(argv[0]);
 }
return;
}
}
{
}
{
}
// generate_Ret
if (argv[0]) {
    const QMetaType returnType = QMetaType::fromType<int>();
    returnType.destruct(argv[0]);
    returnType.construct(argv[0], &r2_0);
}
return;
}
 },{ 230, 1, [](QV4::ExecutableCompilationUnit *unit, QMetaType *argTypes) {
    struct { QV4::ExecutableCompilationUnit *compilationUnit; } c { unit };
    const auto *aotContext = &c;
    Q_UNUSED(aotContext);
    argTypes[0] = QMetaType();
    argTypes[1] = []() { static const auto t = QMetaType::fromName("QQuickMouseEvent*"); return t; }();
}, 
    [](const QQmlPrivate::AOTCompiledContext *aotContext, void **argv) {
Q_UNUSED(aotContext)
Q_UNUSED(argv)
// expression for onClicked at line 1560, column 29
// generate_CreateCallContext
{
{
}
{
}
{
}
// generate_PopContext
{}
}
{
}
{
}
// generate_Ret
return;
}
 },{ 232, 0, [](QV4::ExecutableCompilationUnit *unit, QMetaType *argTypes) {
    struct { QV4::ExecutableCompilationUnit *compilationUnit; } c { unit };
    const auto *aotContext = &c;
    Q_UNUSED(aotContext);
    argTypes[0] = []() { static const auto t = QMetaType::fromName("QQuickItem*"); return t; }();
}, 
    [](const QQmlPrivate::AOTCompiledContext *aotContext, void **argv) {
Q_UNUSED(aotContext)
Q_UNUSED(argv)
// expression for fill at line 1557, column 29
QObject *r2_0;
// generate_LoadQmlContextPropertyLookup
#ifndef QT_NO_DEBUG
aotContext->setInstructionPointer(5);
#endif
while (!aotContext->loadScopeObjectPropertyLookup(716, &r2_0)) {
#ifdef QT_NO_DEBUG
aotContext->setInstructionPointer(5);
#endif
aotContext->initLoadScopeObjectPropertyLookup(716);
if (aotContext->engine->hasError()) {
aotContext->setReturnValueUndefined();
if (argv[0]) {
    *static_cast<QObject * *>(argv[0]) = nullptr;
}
return;
}
}
{
}
{
}
// generate_Ret
if (argv[0]) {
    *static_cast<QObject * *>(argv[0]) = r2_0;
}
return;
}
 },{ 233, 0, [](QV4::ExecutableCompilationUnit *unit, QMetaType *argTypes) {
    struct { QV4::ExecutableCompilationUnit *compilationUnit; } c { unit };
    const auto *aotContext = &c;
    Q_UNUSED(aotContext);
    argTypes[0] = QMetaType::fromType<double>();
}, 
    [](const QQmlPrivate::AOTCompiledContext *aotContext, void **argv) {
Q_UNUSED(aotContext)
Q_UNUSED(argv)
// expression for scale at line 1573, column 29
QObject *r2_0;
double r2_2;
bool r2_1;
// generate_LoadQmlContextPropertyLookup
#ifndef QT_NO_DEBUG
aotContext->setInstructionPointer(5);
#endif
while (!aotContext->loadContextIdLookup(717, &r2_0)) {
#ifdef QT_NO_DEBUG
aotContext->setInstructionPointer(5);
#endif
aotContext->initLoadContextIdLookup(717);
if (aotContext->engine->hasError()) {
aotContext->setReturnValueUndefined();
if (argv[0]) {
    *static_cast<double *>(argv[0]) = double();
}
return;
}
}
{
}
// generate_GetLookup
#ifndef QT_NO_DEBUG
aotContext->setInstructionPointer(10);
#endif
while (!aotContext->getObjectLookup(718, r2_0, &r2_1)) {
#ifdef QT_NO_DEBUG
aotContext->setInstructionPointer(10);
#endif
aotContext->initGetObjectLookup(718, r2_0);
if (aotContext->engine->hasError()) {
aotContext->setReturnValueUndefined();
if (argv[0]) {
    *static_cast<double *>(argv[0]) = double();
}
return;
}
}
{
}
// generate_JumpFalse
if (!r2_1) {
    goto label_0;
}
{
}
// generate_LoadConst
r2_2 = 0.84999999999999998;
{
}
// generate_Jump
{
    goto label_1;
}
label_0:;
// generate_LoadInt
r2_2 = double(1);
{
}
label_1:;
{
}
// generate_Ret
if (argv[0]) {
    *static_cast<double *>(argv[0]) = r2_2;
}
return;
}
 },{ 234, 0, [](QV4::ExecutableCompilationUnit *unit, QMetaType *argTypes) {
    struct { QV4::ExecutableCompilationUnit *compilationUnit; } c { unit };
    const auto *aotContext = &c;
    Q_UNUSED(aotContext);
    argTypes[0] = []() { static const auto t = QMetaType::fromName("QQuickAnchorLine"); return t; }();
}, 
    [](const QQmlPrivate::AOTCompiledContext *aotContext, void **argv) {
Q_UNUSED(aotContext)
Q_UNUSED(argv)
// expression for right at line 1569, column 29
QObject *r2_0;
QVariant r2_1;
// generate_LoadQmlContextPropertyLookup
#ifndef QT_NO_DEBUG
aotContext->setInstructionPointer(5);
#endif
while (!aotContext->loadScopeObjectPropertyLookup(719, &r2_0)) {
#ifdef QT_NO_DEBUG
aotContext->setInstructionPointer(5);
#endif
aotContext->initLoadScopeObjectPropertyLookup(719);
if (aotContext->engine->hasError()) {
aotContext->setReturnValueUndefined();
if (argv[0]) {
    const QMetaType returnType = []() { static const auto t = QMetaType::fromName("QQuickAnchorLine"); return t; }();
    returnType.destruct(argv[0]);
    returnType.construct(argv[0]);
 }
return;
}
}
{
}
// generate_GetLookup
#ifndef QT_NO_DEBUG
aotContext->setInstructionPointer(10);
#endif
r2_1 = QVariant(aotContext->lookupResultMetaType(720));
while (!aotContext->getObjectLookup(720, r2_0, r2_1.data())) {
#ifdef QT_NO_DEBUG
aotContext->setInstructionPointer(10);
#endif
aotContext->initGetObjectLookup(720, r2_0);
if (aotContext->engine->hasError()) {
aotContext->setReturnValueUndefined();
if (argv[0]) {
    const QMetaType returnType = []() { static const auto t = QMetaType::fromName("QQuickAnchorLine"); return t; }();
    returnType.destruct(argv[0]);
    returnType.construct(argv[0]);
 }
return;
}
r2_1 = QVariant(aotContext->lookupResultMetaType(720));
}
{
}
{
}
// generate_Ret
if (argv[0]) {
    if (!r2_1.isValid())
        aotContext->setReturnValueUndefined();
    const QMetaType returnType = r2_1.metaType();
    returnType.destruct(argv[0]);
    returnType.construct(argv[0], r2_1.data());
}
return;
}
 },{ 235, 0, [](QV4::ExecutableCompilationUnit *unit, QMetaType *argTypes) {
    struct { QV4::ExecutableCompilationUnit *compilationUnit; } c { unit };
    const auto *aotContext = &c;
    Q_UNUSED(aotContext);
    argTypes[0] = []() { static const auto t = QMetaType::fromName("QQuickAnchorLine"); return t; }();
}, 
    [](const QQmlPrivate::AOTCompiledContext *aotContext, void **argv) {
Q_UNUSED(aotContext)
Q_UNUSED(argv)
// expression for bottom at line 1570, column 29
QVariant r2_1;
QObject *r2_0;
// generate_LoadQmlContextPropertyLookup
#ifndef QT_NO_DEBUG
aotContext->setInstructionPointer(5);
#endif
while (!aotContext->loadScopeObjectPropertyLookup(721, &r2_0)) {
#ifdef QT_NO_DEBUG
aotContext->setInstructionPointer(5);
#endif
aotContext->initLoadScopeObjectPropertyLookup(721);
if (aotContext->engine->hasError()) {
aotContext->setReturnValueUndefined();
if (argv[0]) {
    const QMetaType returnType = []() { static const auto t = QMetaType::fromName("QQuickAnchorLine"); return t; }();
    returnType.destruct(argv[0]);
    returnType.construct(argv[0]);
 }
return;
}
}
{
}
// generate_GetLookup
#ifndef QT_NO_DEBUG
aotContext->setInstructionPointer(10);
#endif
r2_1 = QVariant(aotContext->lookupResultMetaType(722));
while (!aotContext->getObjectLookup(722, r2_0, r2_1.data())) {
#ifdef QT_NO_DEBUG
aotContext->setInstructionPointer(10);
#endif
aotContext->initGetObjectLookup(722, r2_0);
if (aotContext->engine->hasError()) {
aotContext->setReturnValueUndefined();
if (argv[0]) {
    const QMetaType returnType = []() { static const auto t = QMetaType::fromName("QQuickAnchorLine"); return t; }();
    returnType.destruct(argv[0]);
    returnType.construct(argv[0]);
 }
return;
}
r2_1 = QVariant(aotContext->lookupResultMetaType(722));
}
{
}
{
}
// generate_Ret
if (argv[0]) {
    if (!r2_1.isValid())
        aotContext->setReturnValueUndefined();
    const QMetaType returnType = r2_1.metaType();
    returnType.destruct(argv[0]);
    returnType.construct(argv[0], r2_1.data());
}
return;
}
 },{ 236, 0, [](QV4::ExecutableCompilationUnit *unit, QMetaType *argTypes) {
    struct { QV4::ExecutableCompilationUnit *compilationUnit; } c { unit };
    const auto *aotContext = &c;
    Q_UNUSED(aotContext);
    argTypes[0] = QMetaType::fromType<double>();
}, 
    [](const QQmlPrivate::AOTCompiledContext *aotContext, void **argv) {
Q_UNUSED(aotContext)
Q_UNUSED(argv)
// expression for scale at line 1580, column 33
QObject *r2_0;
double r2_2;
bool r2_1;
// generate_LoadQmlContextPropertyLookup
#ifndef QT_NO_DEBUG
aotContext->setInstructionPointer(5);
#endif
while (!aotContext->loadContextIdLookup(723, &r2_0)) {
#ifdef QT_NO_DEBUG
aotContext->setInstructionPointer(5);
#endif
aotContext->initLoadContextIdLookup(723);
if (aotContext->engine->hasError()) {
aotContext->setReturnValueUndefined();
if (argv[0]) {
    *static_cast<double *>(argv[0]) = double();
}
return;
}
}
{
}
// generate_GetLookup
#ifndef QT_NO_DEBUG
aotContext->setInstructionPointer(10);
#endif
while (!aotContext->getObjectLookup(724, r2_0, &r2_1)) {
#ifdef QT_NO_DEBUG
aotContext->setInstructionPointer(10);
#endif
aotContext->initGetObjectLookup(724, r2_0);
if (aotContext->engine->hasError()) {
aotContext->setReturnValueUndefined();
if (argv[0]) {
    *static_cast<double *>(argv[0]) = double();
}
return;
}
}
{
}
// generate_JumpFalse
if (!r2_1) {
    goto label_0;
}
{
}
// generate_LoadConst
r2_2 = 1.19999999999999996;
{
}
// generate_Jump
{
    goto label_1;
}
label_0:;
// generate_LoadInt
r2_2 = double(1);
{
}
label_1:;
{
}
// generate_Ret
if (argv[0]) {
    *static_cast<double *>(argv[0]) = r2_2;
}
return;
}
 },{ 237, 0, [](QV4::ExecutableCompilationUnit *unit, QMetaType *argTypes) {
    struct { QV4::ExecutableCompilationUnit *compilationUnit; } c { unit };
    const auto *aotContext = &c;
    Q_UNUSED(aotContext);
    argTypes[0] = []() { static const auto t = QMetaType::fromName("QQuickItem*"); return t; }();
}, 
    [](const QQmlPrivate::AOTCompiledContext *aotContext, void **argv) {
Q_UNUSED(aotContext)
Q_UNUSED(argv)
// expression for centerIn at line 1576, column 33
QObject *r2_0;
// generate_LoadQmlContextPropertyLookup
#ifndef QT_NO_DEBUG
aotContext->setInstructionPointer(5);
#endif
while (!aotContext->loadScopeObjectPropertyLookup(725, &r2_0)) {
#ifdef QT_NO_DEBUG
aotContext->setInstructionPointer(5);
#endif
aotContext->initLoadScopeObjectPropertyLookup(725);
if (aotContext->engine->hasError()) {
aotContext->setReturnValueUndefined();
if (argv[0]) {
    *static_cast<QObject * *>(argv[0]) = nullptr;
}
return;
}
}
{
}
{
}
// generate_Ret
if (argv[0]) {
    *static_cast<QObject * *>(argv[0]) = r2_0;
}
return;
}
 },{ 238, 0, [](QV4::ExecutableCompilationUnit *unit, QMetaType *argTypes) {
    struct { QV4::ExecutableCompilationUnit *compilationUnit; } c { unit };
    const auto *aotContext = &c;
    Q_UNUSED(aotContext);
    argTypes[0] = []() { static const auto t = QMetaType::fromName("Qt::CursorShape"); return t; }();
}, 
    [](const QQmlPrivate::AOTCompiledContext *aotContext, void **argv) {
Q_UNUSED(aotContext)
Q_UNUSED(argv)
// expression for cursorShape at line 1586, column 33
int r2_0;
{
}
// generate_GetLookup
#ifndef QT_NO_DEBUG
aotContext->setInstructionPointer(10);
#endif
while (!aotContext->getEnumLookup(727, &r2_0)) {
#ifdef QT_NO_DEBUG
aotContext->setInstructionPointer(10);
#endif
aotContext->initGetEnumLookup(727, []() { static const auto t = QMetaType::fromName("Qt"); return t; }().metaObject(), "CursorShape", "CrossCursor");
if (aotContext->engine->hasError()) {
aotContext->setReturnValueUndefined();
if (argv[0]) {
    const QMetaType returnType = []() { static const auto t = QMetaType::fromName("Qt::CursorShape"); return t; }();
    returnType.destruct(argv[0]);
    returnType.construct(argv[0]);
 }
return;
}
}
{
}
{
}
// generate_Ret
if (argv[0]) {
    const QMetaType returnType = QMetaType::fromType<int>();
    returnType.destruct(argv[0]);
    returnType.construct(argv[0], &r2_0);
}
return;
}
 },{ 239, 1, [](QV4::ExecutableCompilationUnit *unit, QMetaType *argTypes) {
    struct { QV4::ExecutableCompilationUnit *compilationUnit; } c { unit };
    const auto *aotContext = &c;
    Q_UNUSED(aotContext);
    argTypes[0] = QMetaType();
    argTypes[1] = []() { static const auto t = QMetaType::fromName("QQuickMouseEvent*"); return t; }();
}, 
    [](const QQmlPrivate::AOTCompiledContext *aotContext, void **argv) {
Q_UNUSED(aotContext)
Q_UNUSED(argv)
// expression for onClicked at line 1587, column 33
QObject *r2_0;
QObject *r7_0;
// generate_CreateCallContext
{
{
}
// generate_LoadQmlContextPropertyLookup
#ifndef QT_NO_DEBUG
aotContext->setInstructionPointer(6);
#endif
while (!aotContext->loadContextIdLookup(728, &r2_0)) {
#ifdef QT_NO_DEBUG
aotContext->setInstructionPointer(6);
#endif
aotContext->initLoadContextIdLookup(728);
if (aotContext->engine->hasError()) {
aotContext->setReturnValueUndefined();
return;
}
}
{
}
// generate_StoreReg
r7_0 = r2_0;
{
}
// generate_CallPropertyLookup
{
const auto doCall = [&]() {
    void *args[] = {nullptr};
    return aotContext->callObjectPropertyLookup(729, r7_0, args, 0);
};
const auto doInit = [&]() {
    aotContext->initCallObjectPropertyLookup(729, r7_0, 8);
};
#ifndef QT_NO_DEBUG
aotContext->setInstructionPointer(25);
#endif
while (!doCall()) {
#ifdef QT_NO_DEBUG
aotContext->setInstructionPointer(25);
#endif
doInit();
if (aotContext->engine->hasError()) {
aotContext->setReturnValueUndefined();
return;
}
}
}
{
}
{
}
// generate_PopContext
{}
}
{
}
{
}
// generate_Ret
return;
}
 },{ 240, 0, [](QV4::ExecutableCompilationUnit *unit, QMetaType *argTypes) {
    struct { QV4::ExecutableCompilationUnit *compilationUnit; } c { unit };
    const auto *aotContext = &c;
    Q_UNUSED(aotContext);
    argTypes[0] = []() { static const auto t = QMetaType::fromName("QQuickItem*"); return t; }();
}, 
    [](const QQmlPrivate::AOTCompiledContext *aotContext, void **argv) {
Q_UNUSED(aotContext)
Q_UNUSED(argv)
// expression for fill at line 1584, column 33
QObject *r2_0;
// generate_LoadQmlContextPropertyLookup
#ifndef QT_NO_DEBUG
aotContext->setInstructionPointer(5);
#endif
while (!aotContext->loadScopeObjectPropertyLookup(730, &r2_0)) {
#ifdef QT_NO_DEBUG
aotContext->setInstructionPointer(5);
#endif
aotContext->initLoadScopeObjectPropertyLookup(730);
if (aotContext->engine->hasError()) {
aotContext->setReturnValueUndefined();
if (argv[0]) {
    *static_cast<QObject * *>(argv[0]) = nullptr;
}
return;
}
}
{
}
{
}
// generate_Ret
if (argv[0]) {
    *static_cast<QObject * *>(argv[0]) = r2_0;
}
return;
}
 },{ 241, 0, [](QV4::ExecutableCompilationUnit *unit, QMetaType *argTypes) {
    struct { QV4::ExecutableCompilationUnit *compilationUnit; } c { unit };
    const auto *aotContext = &c;
    Q_UNUSED(aotContext);
    argTypes[0] = QMetaType::fromType<bool>();
}, 
    [](const QQmlPrivate::AOTCompiledContext *aotContext, void **argv) {
Q_UNUSED(aotContext)
Q_UNUSED(argv)
// expression for visible at line 1601, column 17
QObject *r2_0;
bool r2_2;
bool r2_1;
// generate_LoadQmlContextPropertyLookup
#ifndef QT_NO_DEBUG
aotContext->setInstructionPointer(5);
#endif
while (!aotContext->loadContextIdLookup(731, &r2_0)) {
#ifdef QT_NO_DEBUG
aotContext->setInstructionPointer(5);
#endif
aotContext->initLoadContextIdLookup(731);
if (aotContext->engine->hasError()) {
aotContext->setReturnValueUndefined();
if (argv[0]) {
    *static_cast<bool *>(argv[0]) = bool();
}
return;
}
}
{
}
// generate_GetLookup
#ifndef QT_NO_DEBUG
aotContext->setInstructionPointer(10);
#endif
while (!aotContext->getObjectLookup(732, r2_0, &r2_1)) {
#ifdef QT_NO_DEBUG
aotContext->setInstructionPointer(10);
#endif
aotContext->initGetObjectLookup(732, r2_0);
if (aotContext->engine->hasError()) {
aotContext->setReturnValueUndefined();
if (argv[0]) {
    *static_cast<bool *>(argv[0]) = bool();
}
return;
}
}
{
}
// generate_UNot
r2_2 = !r2_1;
{
}
{
}
// generate_Ret
if (argv[0]) {
    *static_cast<bool *>(argv[0]) = r2_2;
}
return;
}
 },{ 242, 0, [](QV4::ExecutableCompilationUnit *unit, QMetaType *argTypes) {
    struct { QV4::ExecutableCompilationUnit *compilationUnit; } c { unit };
    const auto *aotContext = &c;
    Q_UNUSED(aotContext);
    argTypes[0] = QMetaType();
}, 
    [](const QQmlPrivate::AOTCompiledContext *aotContext, void **argv) {
Q_UNUSED(aotContext)
Q_UNUSED(argv)
// expression for onClicked at line 1614, column 25
QObject *r2_13;
QObject *r2_12;
QObject *r8_2;
QObject *r2_8;
QObject *r2_4;
QObject *r8_1;
QObject *r2_11;
QObject *r2_10;
QObject *r2_14;
QObject *r8_0;
QObject *r2_15;
QObject *r8_6;
QObject *r2_6;
QString r2_1;
QObject *r8_3;
QObject *r2_9;
QObject *r2_7;
QObject *r2_5;
QString r2_0;
QObject *r8_5;
QObject *r8_4;
QString r7_0;
QObject *r8_7;
bool r2_2;
QObject *r2_3;
// generate_CreateCallContext
{
{
}
// generate_LoadQmlContextPropertyLookup
#ifndef QT_NO_DEBUG
aotContext->setInstructionPointer(6);
#endif
while (!aotContext->loadScopeObjectPropertyLookup(733, &r2_0)) {
#ifdef QT_NO_DEBUG
aotContext->setInstructionPointer(6);
#endif
aotContext->initLoadScopeObjectPropertyLookup(733);
if (aotContext->engine->hasError()) {
aotContext->setReturnValueUndefined();
return;
}
}
{
}
// generate_StoreReg
r7_0 = std::move(r2_0);
{
}
// generate_LoadRuntimeString
r2_1 = QStringLiteral("<");
{
}
// generate_CmpEq
r2_2 = r7_0 == r2_1;
{
}
// generate_JumpFalse
if (!r2_2) {
    goto label_0;
}
{
}
// generate_LoadQmlContextPropertyLookup
#ifndef QT_NO_DEBUG
aotContext->setInstructionPointer(22);
#endif
while (!aotContext->loadContextIdLookup(734, &r2_3)) {
#ifdef QT_NO_DEBUG
aotContext->setInstructionPointer(22);
#endif
aotContext->initLoadContextIdLookup(734);
if (aotContext->engine->hasError()) {
aotContext->setReturnValueUndefined();
return;
}
}
{
}
// generate_StoreReg
r8_0 = r2_3;
{
}
// generate_LoadNull
r2_4 = static_cast<QObject *>(nullptr);
{
}
// generate_SetLookup
{
#ifndef QT_NO_DEBUG
aotContext->setInstructionPointer(34);
#endif
while (!aotContext->setObjectLookup(735, r8_0, &r2_4)) {
#ifdef QT_NO_DEBUG
aotContext->setInstructionPointer(34);
#endif
aotContext->initSetObjectLookup(735, r8_0);
if (aotContext->engine->hasError()) {
aotContext->setReturnValueUndefined();
return;
}
}
}
{
}
// generate_LoadQmlContextPropertyLookup
#ifndef QT_NO_DEBUG
aotContext->setInstructionPointer(39);
#endif
while (!aotContext->loadContextIdLookup(736, &r2_5)) {
#ifdef QT_NO_DEBUG
aotContext->setInstructionPointer(39);
#endif
aotContext->initLoadContextIdLookup(736);
if (aotContext->engine->hasError()) {
aotContext->setReturnValueUndefined();
return;
}
}
{
}
// generate_StoreReg
r8_1 = r2_5;
{
}
// generate_LoadNull
r2_4 = static_cast<QObject *>(nullptr);
{
}
// generate_SetLookup
{
#ifndef QT_NO_DEBUG
aotContext->setInstructionPointer(51);
#endif
while (!aotContext->setObjectLookup(737, r8_1, &r2_4)) {
#ifdef QT_NO_DEBUG
aotContext->setInstructionPointer(51);
#endif
aotContext->initSetObjectLookup(737, r8_1);
if (aotContext->engine->hasError()) {
aotContext->setReturnValueUndefined();
return;
}
}
}
{
}
// generate_LoadQmlContextPropertyLookup
#ifndef QT_NO_DEBUG
aotContext->setInstructionPointer(56);
#endif
while (!aotContext->loadContextIdLookup(738, &r2_6)) {
#ifdef QT_NO_DEBUG
aotContext->setInstructionPointer(56);
#endif
aotContext->initLoadContextIdLookup(738);
if (aotContext->engine->hasError()) {
aotContext->setReturnValueUndefined();
return;
}
}
{
}
// generate_StoreReg
r8_2 = r2_6;
{
}
// generate_LoadQmlContextPropertyLookup
#ifndef QT_NO_DEBUG
aotContext->setInstructionPointer(63);
#endif
while (!aotContext->loadContextIdLookup(739, &r2_7)) {
#ifdef QT_NO_DEBUG
aotContext->setInstructionPointer(63);
#endif
aotContext->initLoadContextIdLookup(739);
if (aotContext->engine->hasError()) {
aotContext->setReturnValueUndefined();
return;
}
}
{
}
// generate_SetLookup
{
#ifndef QT_NO_DEBUG
aotContext->setInstructionPointer(72);
#endif
while (!aotContext->setObjectLookup(740, r8_2, &r2_7)) {
#ifdef QT_NO_DEBUG
aotContext->setInstructionPointer(72);
#endif
aotContext->initSetObjectLookup(740, r8_2);
if (aotContext->engine->hasError()) {
aotContext->setReturnValueUndefined();
return;
}
}
}
{
}
// generate_LoadQmlContextPropertyLookup
#ifndef QT_NO_DEBUG
aotContext->setInstructionPointer(77);
#endif
while (!aotContext->loadContextIdLookup(741, &r2_8)) {
#ifdef QT_NO_DEBUG
aotContext->setInstructionPointer(77);
#endif
aotContext->initLoadContextIdLookup(741);
if (aotContext->engine->hasError()) {
aotContext->setReturnValueUndefined();
return;
}
}
{
}
// generate_StoreReg
r8_3 = r2_8;
{
}
// generate_LoadQmlContextPropertyLookup
#ifndef QT_NO_DEBUG
aotContext->setInstructionPointer(84);
#endif
while (!aotContext->loadContextIdLookup(742, &r2_9)) {
#ifdef QT_NO_DEBUG
aotContext->setInstructionPointer(84);
#endif
aotContext->initLoadContextIdLookup(742);
if (aotContext->engine->hasError()) {
aotContext->setReturnValueUndefined();
return;
}
}
{
}
// generate_SetLookup
{
#ifndef QT_NO_DEBUG
aotContext->setInstructionPointer(93);
#endif
while (!aotContext->setObjectLookup(743, r8_3, &r2_9)) {
#ifdef QT_NO_DEBUG
aotContext->setInstructionPointer(93);
#endif
aotContext->initSetObjectLookup(743, r8_3);
if (aotContext->engine->hasError()) {
aotContext->setReturnValueUndefined();
return;
}
}
}
{
}
// generate_LoadRuntimeString
r2_1 = QStringLiteral(">");
{
}
{
}
// generate_StoreNameSloppy
aotContext->storeNameSloppy(159, &r2_1, QMetaType::fromType<QString>());
{
}
{
}
// generate_Jump
{
    goto label_1;
}
label_0:;
// generate_LoadQmlContextPropertyLookup
#ifndef QT_NO_DEBUG
aotContext->setInstructionPointer(115);
#endif
while (!aotContext->loadContextIdLookup(744, &r2_10)) {
#ifdef QT_NO_DEBUG
aotContext->setInstructionPointer(115);
#endif
aotContext->initLoadContextIdLookup(744);
if (aotContext->engine->hasError()) {
aotContext->setReturnValueUndefined();
return;
}
}
{
}
// generate_StoreReg
r8_4 = r2_10;
{
}
// generate_LoadNull
r2_4 = static_cast<QObject *>(nullptr);
{
}
// generate_SetLookup
{
#ifndef QT_NO_DEBUG
aotContext->setInstructionPointer(127);
#endif
while (!aotContext->setObjectLookup(745, r8_4, &r2_4)) {
#ifdef QT_NO_DEBUG
aotContext->setInstructionPointer(127);
#endif
aotContext->initSetObjectLookup(745, r8_4);
if (aotContext->engine->hasError()) {
aotContext->setReturnValueUndefined();
return;
}
}
}
{
}
// generate_LoadQmlContextPropertyLookup
#ifndef QT_NO_DEBUG
aotContext->setInstructionPointer(132);
#endif
while (!aotContext->loadContextIdLookup(746, &r2_11)) {
#ifdef QT_NO_DEBUG
aotContext->setInstructionPointer(132);
#endif
aotContext->initLoadContextIdLookup(746);
if (aotContext->engine->hasError()) {
aotContext->setReturnValueUndefined();
return;
}
}
{
}
// generate_StoreReg
r8_5 = r2_11;
{
}
// generate_LoadNull
r2_4 = static_cast<QObject *>(nullptr);
{
}
// generate_SetLookup
{
#ifndef QT_NO_DEBUG
aotContext->setInstructionPointer(144);
#endif
while (!aotContext->setObjectLookup(747, r8_5, &r2_4)) {
#ifdef QT_NO_DEBUG
aotContext->setInstructionPointer(144);
#endif
aotContext->initSetObjectLookup(747, r8_5);
if (aotContext->engine->hasError()) {
aotContext->setReturnValueUndefined();
return;
}
}
}
{
}
// generate_LoadQmlContextPropertyLookup
#ifndef QT_NO_DEBUG
aotContext->setInstructionPointer(149);
#endif
while (!aotContext->loadContextIdLookup(748, &r2_12)) {
#ifdef QT_NO_DEBUG
aotContext->setInstructionPointer(149);
#endif
aotContext->initLoadContextIdLookup(748);
if (aotContext->engine->hasError()) {
aotContext->setReturnValueUndefined();
return;
}
}
{
}
// generate_StoreReg
r8_6 = r2_12;
{
}
// generate_LoadQmlContextPropertyLookup
#ifndef QT_NO_DEBUG
aotContext->setInstructionPointer(156);
#endif
while (!aotContext->loadContextIdLookup(749, &r2_13)) {
#ifdef QT_NO_DEBUG
aotContext->setInstructionPointer(156);
#endif
aotContext->initLoadContextIdLookup(749);
if (aotContext->engine->hasError()) {
aotContext->setReturnValueUndefined();
return;
}
}
{
}
// generate_SetLookup
{
#ifndef QT_NO_DEBUG
aotContext->setInstructionPointer(165);
#endif
while (!aotContext->setObjectLookup(750, r8_6, &r2_13)) {
#ifdef QT_NO_DEBUG
aotContext->setInstructionPointer(165);
#endif
aotContext->initSetObjectLookup(750, r8_6);
if (aotContext->engine->hasError()) {
aotContext->setReturnValueUndefined();
return;
}
}
}
{
}
// generate_LoadQmlContextPropertyLookup
#ifndef QT_NO_DEBUG
aotContext->setInstructionPointer(170);
#endif
while (!aotContext->loadContextIdLookup(751, &r2_14)) {
#ifdef QT_NO_DEBUG
aotContext->setInstructionPointer(170);
#endif
aotContext->initLoadContextIdLookup(751);
if (aotContext->engine->hasError()) {
aotContext->setReturnValueUndefined();
return;
}
}
{
}
// generate_StoreReg
r8_7 = r2_14;
{
}
// generate_LoadQmlContextPropertyLookup
#ifndef QT_NO_DEBUG
aotContext->setInstructionPointer(177);
#endif
while (!aotContext->loadContextIdLookup(752, &r2_15)) {
#ifdef QT_NO_DEBUG
aotContext->setInstructionPointer(177);
#endif
aotContext->initLoadContextIdLookup(752);
if (aotContext->engine->hasError()) {
aotContext->setReturnValueUndefined();
return;
}
}
{
}
// generate_SetLookup
{
#ifndef QT_NO_DEBUG
aotContext->setInstructionPointer(186);
#endif
while (!aotContext->setObjectLookup(753, r8_7, &r2_15)) {
#ifdef QT_NO_DEBUG
aotContext->setInstructionPointer(186);
#endif
aotContext->initSetObjectLookup(753, r8_7);
if (aotContext->engine->hasError()) {
aotContext->setReturnValueUndefined();
return;
}
}
}
{
}
// generate_LoadRuntimeString
r2_1 = QStringLiteral("<");
{
}
{
}
// generate_StoreNameSloppy
aotContext->storeNameSloppy(159, &r2_1, QMetaType::fromType<QString>());
{
}
{
}
label_1:;
// generate_PopContext
{}
}
{
}
{
}
// generate_Ret
return;
}
 },{ 243, 0, [](QV4::ExecutableCompilationUnit *unit, QMetaType *argTypes) {
    struct { QV4::ExecutableCompilationUnit *compilationUnit; } c { unit };
    const auto *aotContext = &c;
    Q_UNUSED(aotContext);
    argTypes[0] = []() { static const auto t = QMetaType::fromName("QQuickAnchorLine"); return t; }();
}, 
    [](const QQmlPrivate::AOTCompiledContext *aotContext, void **argv) {
Q_UNUSED(aotContext)
Q_UNUSED(argv)
// expression for verticalCenter at line 1609, column 25
QObject *r2_0;
QVariant r2_1;
// generate_LoadQmlContextPropertyLookup
#ifndef QT_NO_DEBUG
aotContext->setInstructionPointer(5);
#endif
while (!aotContext->loadScopeObjectPropertyLookup(754, &r2_0)) {
#ifdef QT_NO_DEBUG
aotContext->setInstructionPointer(5);
#endif
aotContext->initLoadScopeObjectPropertyLookup(754);
if (aotContext->engine->hasError()) {
aotContext->setReturnValueUndefined();
if (argv[0]) {
    const QMetaType returnType = []() { static const auto t = QMetaType::fromName("QQuickAnchorLine"); return t; }();
    returnType.destruct(argv[0]);
    returnType.construct(argv[0]);
 }
return;
}
}
{
}
// generate_GetLookup
#ifndef QT_NO_DEBUG
aotContext->setInstructionPointer(10);
#endif
r2_1 = QVariant(aotContext->lookupResultMetaType(755));
while (!aotContext->getObjectLookup(755, r2_0, r2_1.data())) {
#ifdef QT_NO_DEBUG
aotContext->setInstructionPointer(10);
#endif
aotContext->initGetObjectLookup(755, r2_0);
if (aotContext->engine->hasError()) {
aotContext->setReturnValueUndefined();
if (argv[0]) {
    const QMetaType returnType = []() { static const auto t = QMetaType::fromName("QQuickAnchorLine"); return t; }();
    returnType.destruct(argv[0]);
    returnType.construct(argv[0]);
 }
return;
}
r2_1 = QVariant(aotContext->lookupResultMetaType(755));
}
{
}
{
}
// generate_Ret
if (argv[0]) {
    if (!r2_1.isValid())
        aotContext->setReturnValueUndefined();
    const QMetaType returnType = r2_1.metaType();
    returnType.destruct(argv[0]);
    returnType.construct(argv[0], r2_1.data());
}
return;
}
 },{ 244, 0, [](QV4::ExecutableCompilationUnit *unit, QMetaType *argTypes) {
    struct { QV4::ExecutableCompilationUnit *compilationUnit; } c { unit };
    const auto *aotContext = &c;
    Q_UNUSED(aotContext);
    argTypes[0] = QMetaType::fromType<bool>();
}, 
    [](const QQmlPrivate::AOTCompiledContext *aotContext, void **argv) {
Q_UNUSED(aotContext)
Q_UNUSED(argv)
// expression for visible at line 1611, column 25
bool r2_0;
// generate_LoadQmlContextPropertyLookup
#ifndef QT_NO_DEBUG
aotContext->setInstructionPointer(5);
#endif
while (!aotContext->loadScopeObjectPropertyLookup(756, &r2_0)) {
#ifdef QT_NO_DEBUG
aotContext->setInstructionPointer(5);
#endif
aotContext->initLoadScopeObjectPropertyLookup(756);
if (aotContext->engine->hasError()) {
aotContext->setReturnValueUndefined();
if (argv[0]) {
    *static_cast<bool *>(argv[0]) = bool();
}
return;
}
}
{
}
{
}
// generate_Ret
if (argv[0]) {
    *static_cast<bool *>(argv[0]) = r2_0;
}
return;
}
 },{ 245, 0, [](QV4::ExecutableCompilationUnit *unit, QMetaType *argTypes) {
    struct { QV4::ExecutableCompilationUnit *compilationUnit; } c { unit };
    const auto *aotContext = &c;
    Q_UNUSED(aotContext);
    argTypes[0] = []() { static const auto t = QMetaType::fromName("QQuickAnchorLine"); return t; }();
}, 
    [](const QQmlPrivate::AOTCompiledContext *aotContext, void **argv) {
Q_UNUSED(aotContext)
Q_UNUSED(argv)
// expression for horizontalCenter at line 1632, column 25
QObject *r2_0;
QVariant r2_1;
// generate_LoadQmlContextPropertyLookup
#ifndef QT_NO_DEBUG
aotContext->setInstructionPointer(5);
#endif
while (!aotContext->loadScopeObjectPropertyLookup(757, &r2_0)) {
#ifdef QT_NO_DEBUG
aotContext->setInstructionPointer(5);
#endif
aotContext->initLoadScopeObjectPropertyLookup(757);
if (aotContext->engine->hasError()) {
aotContext->setReturnValueUndefined();
if (argv[0]) {
    const QMetaType returnType = []() { static const auto t = QMetaType::fromName("QQuickAnchorLine"); return t; }();
    returnType.destruct(argv[0]);
    returnType.construct(argv[0]);
 }
return;
}
}
{
}
// generate_GetLookup
#ifndef QT_NO_DEBUG
aotContext->setInstructionPointer(10);
#endif
r2_1 = QVariant(aotContext->lookupResultMetaType(758));
while (!aotContext->getObjectLookup(758, r2_0, r2_1.data())) {
#ifdef QT_NO_DEBUG
aotContext->setInstructionPointer(10);
#endif
aotContext->initGetObjectLookup(758, r2_0);
if (aotContext->engine->hasError()) {
aotContext->setReturnValueUndefined();
if (argv[0]) {
    const QMetaType returnType = []() { static const auto t = QMetaType::fromName("QQuickAnchorLine"); return t; }();
    returnType.destruct(argv[0]);
    returnType.construct(argv[0]);
 }
return;
}
r2_1 = QVariant(aotContext->lookupResultMetaType(758));
}
{
}
{
}
// generate_Ret
if (argv[0]) {
    if (!r2_1.isValid())
        aotContext->setReturnValueUndefined();
    const QMetaType returnType = r2_1.metaType();
    returnType.destruct(argv[0]);
    returnType.construct(argv[0], r2_1.data());
}
return;
}
 },{ 246, 0, [](QV4::ExecutableCompilationUnit *unit, QMetaType *argTypes) {
    struct { QV4::ExecutableCompilationUnit *compilationUnit; } c { unit };
    const auto *aotContext = &c;
    Q_UNUSED(aotContext);
    argTypes[0] = []() { static const auto t = QMetaType::fromName("QQuickAnchorLine"); return t; }();
}, 
    [](const QQmlPrivate::AOTCompiledContext *aotContext, void **argv) {
Q_UNUSED(aotContext)
Q_UNUSED(argv)
// expression for verticalCenter at line 1633, column 25
QObject *r2_0;
QVariant r2_1;
// generate_LoadQmlContextPropertyLookup
#ifndef QT_NO_DEBUG
aotContext->setInstructionPointer(5);
#endif
while (!aotContext->loadScopeObjectPropertyLookup(759, &r2_0)) {
#ifdef QT_NO_DEBUG
aotContext->setInstructionPointer(5);
#endif
aotContext->initLoadScopeObjectPropertyLookup(759);
if (aotContext->engine->hasError()) {
aotContext->setReturnValueUndefined();
if (argv[0]) {
    const QMetaType returnType = []() { static const auto t = QMetaType::fromName("QQuickAnchorLine"); return t; }();
    returnType.destruct(argv[0]);
    returnType.construct(argv[0]);
 }
return;
}
}
{
}
// generate_GetLookup
#ifndef QT_NO_DEBUG
aotContext->setInstructionPointer(10);
#endif
r2_1 = QVariant(aotContext->lookupResultMetaType(760));
while (!aotContext->getObjectLookup(760, r2_0, r2_1.data())) {
#ifdef QT_NO_DEBUG
aotContext->setInstructionPointer(10);
#endif
aotContext->initGetObjectLookup(760, r2_0);
if (aotContext->engine->hasError()) {
aotContext->setReturnValueUndefined();
if (argv[0]) {
    const QMetaType returnType = []() { static const auto t = QMetaType::fromName("QQuickAnchorLine"); return t; }();
    returnType.destruct(argv[0]);
    returnType.construct(argv[0]);
 }
return;
}
r2_1 = QVariant(aotContext->lookupResultMetaType(760));
}
{
}
{
}
// generate_Ret
if (argv[0]) {
    if (!r2_1.isValid())
        aotContext->setReturnValueUndefined();
    const QMetaType returnType = r2_1.metaType();
    returnType.destruct(argv[0]);
    returnType.construct(argv[0], r2_1.data());
}
return;
}
 },{ 247, 0, [](QV4::ExecutableCompilationUnit *unit, QMetaType *argTypes) {
    struct { QV4::ExecutableCompilationUnit *compilationUnit; } c { unit };
    const auto *aotContext = &c;
    Q_UNUSED(aotContext);
    argTypes[0] = QMetaType();
}, 
    [](const QQmlPrivate::AOTCompiledContext *aotContext, void **argv) {
Q_UNUSED(aotContext)
Q_UNUSED(argv)
// expression for onClicked at line 1642, column 25
QObject *r2_3;
QObject *r2_2;
QVariant r2_6;
QObject *r2_4;
QObject *r2_5;
QObject *r7_2;
QObject *r7_0;
QObject *r2_0;
QObject *r7_1;
bool r2_1;
// generate_CreateCallContext
{
{
}
// generate_LoadQmlContextPropertyLookup
#ifndef QT_NO_DEBUG
aotContext->setInstructionPointer(6);
#endif
while (!aotContext->loadContextIdLookup(761, &r2_0)) {
#ifdef QT_NO_DEBUG
aotContext->setInstructionPointer(6);
#endif
aotContext->initLoadContextIdLookup(761);
if (aotContext->engine->hasError()) {
aotContext->setReturnValueUndefined();
return;
}
}
{
}
// generate_StoreReg
r7_0 = r2_0;
{
}
// generate_LoadTrue
r2_1 = true;
{
}
// generate_SetLookup
{
#ifndef QT_NO_DEBUG
aotContext->setInstructionPointer(18);
#endif
while (!aotContext->setObjectLookup(762, r7_0, &r2_1)) {
#ifdef QT_NO_DEBUG
aotContext->setInstructionPointer(18);
#endif
aotContext->initSetObjectLookup(762, r7_0);
if (aotContext->engine->hasError()) {
aotContext->setReturnValueUndefined();
return;
}
}
}
{
}
// generate_LoadQmlContextPropertyLookup
#ifndef QT_NO_DEBUG
aotContext->setInstructionPointer(23);
#endif
while (!aotContext->loadContextIdLookup(763, &r2_2)) {
#ifdef QT_NO_DEBUG
aotContext->setInstructionPointer(23);
#endif
aotContext->initLoadContextIdLookup(763);
if (aotContext->engine->hasError()) {
aotContext->setReturnValueUndefined();
return;
}
}
{
}
// generate_StoreReg
r7_1 = r2_2;
{
}
// generate_LoadQmlContextPropertyLookup
#ifndef QT_NO_DEBUG
aotContext->setInstructionPointer(30);
#endif
while (!aotContext->loadContextIdLookup(764, &r2_3)) {
#ifdef QT_NO_DEBUG
aotContext->setInstructionPointer(30);
#endif
aotContext->initLoadContextIdLookup(764);
if (aotContext->engine->hasError()) {
aotContext->setReturnValueUndefined();
return;
}
}
{
}
// generate_GetLookup
#ifndef QT_NO_DEBUG
aotContext->setInstructionPointer(35);
#endif
while (!aotContext->getObjectLookup(765, r2_3, &r2_4)) {
#ifdef QT_NO_DEBUG
aotContext->setInstructionPointer(35);
#endif
aotContext->initGetObjectLookup(765, r2_3);
if (aotContext->engine->hasError()) {
aotContext->setReturnValueUndefined();
return;
}
}
{
}
// generate_SetLookup
{
#ifndef QT_NO_DEBUG
aotContext->setInstructionPointer(44);
#endif
while (!aotContext->setObjectLookup(766, r7_1, &r2_4)) {
#ifdef QT_NO_DEBUG
aotContext->setInstructionPointer(44);
#endif
aotContext->initSetObjectLookup(766, r7_1);
if (aotContext->engine->hasError()) {
aotContext->setReturnValueUndefined();
return;
}
}
}
{
}
// generate_LoadQmlContextPropertyLookup
#ifndef QT_NO_DEBUG
aotContext->setInstructionPointer(49);
#endif
while (!aotContext->loadContextIdLookup(767, &r2_5)) {
#ifdef QT_NO_DEBUG
aotContext->setInstructionPointer(49);
#endif
aotContext->initLoadContextIdLookup(767);
if (aotContext->engine->hasError()) {
aotContext->setReturnValueUndefined();
return;
}
}
{
}
// generate_StoreReg
r7_2 = r2_5;
{
}
// generate_LoadUndefined
r2_6 = QVariant();
{
}
{
}
// generate_SetLookup
{
#ifndef QT_NO_DEBUG
aotContext->setInstructionPointer(63);
#endif
while (!aotContext->setObjectLookup(768, r7_2, &r2_6)) {
#ifdef QT_NO_DEBUG
aotContext->setInstructionPointer(63);
#endif
aotContext->initSetObjectLookupAsVariant(768, r7_2);
if (aotContext->engine->hasError()) {
aotContext->setReturnValueUndefined();
return;
}
}
}
{
}
{
}
// generate_PopContext
{}
}
{
}
{
}
// generate_Ret
return;
}
 },{ 248, 0, [](QV4::ExecutableCompilationUnit *unit, QMetaType *argTypes) {
    struct { QV4::ExecutableCompilationUnit *compilationUnit; } c { unit };
    const auto *aotContext = &c;
    Q_UNUSED(aotContext);
    argTypes[0] = []() { static const auto t = QMetaType::fromName("QQuickAnchorLine"); return t; }();
}, 
    [](const QQmlPrivate::AOTCompiledContext *aotContext, void **argv) {
Q_UNUSED(aotContext)
Q_UNUSED(argv)
// expression for verticalCenter at line 1647, column 25
QVariant r2_1;
QObject *r2_0;
// generate_LoadQmlContextPropertyLookup
#ifndef QT_NO_DEBUG
aotContext->setInstructionPointer(5);
#endif
while (!aotContext->loadScopeObjectPropertyLookup(769, &r2_0)) {
#ifdef QT_NO_DEBUG
aotContext->setInstructionPointer(5);
#endif
aotContext->initLoadScopeObjectPropertyLookup(769);
if (aotContext->engine->hasError()) {
aotContext->setReturnValueUndefined();
if (argv[0]) {
    const QMetaType returnType = []() { static const auto t = QMetaType::fromName("QQuickAnchorLine"); return t; }();
    returnType.destruct(argv[0]);
    returnType.construct(argv[0]);
 }
return;
}
}
{
}
// generate_GetLookup
#ifndef QT_NO_DEBUG
aotContext->setInstructionPointer(10);
#endif
r2_1 = QVariant(aotContext->lookupResultMetaType(770));
while (!aotContext->getObjectLookup(770, r2_0, r2_1.data())) {
#ifdef QT_NO_DEBUG
aotContext->setInstructionPointer(10);
#endif
aotContext->initGetObjectLookup(770, r2_0);
if (aotContext->engine->hasError()) {
aotContext->setReturnValueUndefined();
if (argv[0]) {
    const QMetaType returnType = []() { static const auto t = QMetaType::fromName("QQuickAnchorLine"); return t; }();
    returnType.destruct(argv[0]);
    returnType.construct(argv[0]);
 }
return;
}
r2_1 = QVariant(aotContext->lookupResultMetaType(770));
}
{
}
{
}
// generate_Ret
if (argv[0]) {
    if (!r2_1.isValid())
        aotContext->setReturnValueUndefined();
    const QMetaType returnType = r2_1.metaType();
    returnType.destruct(argv[0]);
    returnType.construct(argv[0], r2_1.data());
}
return;
}
 },{ 249, 0, [](QV4::ExecutableCompilationUnit *unit, QMetaType *argTypes) {
    struct { QV4::ExecutableCompilationUnit *compilationUnit; } c { unit };
    const auto *aotContext = &c;
    Q_UNUSED(aotContext);
    argTypes[0] = []() { static const auto t = QMetaType::fromName("QQuickAnchorLine"); return t; }();
}, 
    [](const QQmlPrivate::AOTCompiledContext *aotContext, void **argv) {
Q_UNUSED(aotContext)
Q_UNUSED(argv)
// expression for right at line 1648, column 25
QObject *r2_0;
QVariant r2_1;
// generate_LoadQmlContextPropertyLookup
#ifndef QT_NO_DEBUG
aotContext->setInstructionPointer(5);
#endif
while (!aotContext->loadScopeObjectPropertyLookup(771, &r2_0)) {
#ifdef QT_NO_DEBUG
aotContext->setInstructionPointer(5);
#endif
aotContext->initLoadScopeObjectPropertyLookup(771);
if (aotContext->engine->hasError()) {
aotContext->setReturnValueUndefined();
if (argv[0]) {
    const QMetaType returnType = []() { static const auto t = QMetaType::fromName("QQuickAnchorLine"); return t; }();
    returnType.destruct(argv[0]);
    returnType.construct(argv[0]);
 }
return;
}
}
{
}
// generate_GetLookup
#ifndef QT_NO_DEBUG
aotContext->setInstructionPointer(10);
#endif
r2_1 = QVariant(aotContext->lookupResultMetaType(772));
while (!aotContext->getObjectLookup(772, r2_0, r2_1.data())) {
#ifdef QT_NO_DEBUG
aotContext->setInstructionPointer(10);
#endif
aotContext->initGetObjectLookup(772, r2_0);
if (aotContext->engine->hasError()) {
aotContext->setReturnValueUndefined();
if (argv[0]) {
    const QMetaType returnType = []() { static const auto t = QMetaType::fromName("QQuickAnchorLine"); return t; }();
    returnType.destruct(argv[0]);
    returnType.construct(argv[0]);
 }
return;
}
r2_1 = QVariant(aotContext->lookupResultMetaType(772));
}
{
}
{
}
// generate_Ret
if (argv[0]) {
    if (!r2_1.isValid())
        aotContext->setReturnValueUndefined();
    const QMetaType returnType = r2_1.metaType();
    returnType.destruct(argv[0]);
    returnType.construct(argv[0], r2_1.data());
}
return;
}
 },{ 250, 0, [](QV4::ExecutableCompilationUnit *unit, QMetaType *argTypes) {
    struct { QV4::ExecutableCompilationUnit *compilationUnit; } c { unit };
    const auto *aotContext = &c;
    Q_UNUSED(aotContext);
    argTypes[0] = QMetaType::fromType<double>();
}, 
    [](const QQmlPrivate::AOTCompiledContext *aotContext, void **argv) {
Q_UNUSED(aotContext)
Q_UNUSED(argv)
// expression for width at line 1657, column 25
double r7_0;
double r2_1;
double r2_2;
QObject *r2_0;
// generate_LoadQmlContextPropertyLookup
#ifndef QT_NO_DEBUG
aotContext->setInstructionPointer(5);
#endif
while (!aotContext->loadContextIdLookup(773, &r2_0)) {
#ifdef QT_NO_DEBUG
aotContext->setInstructionPointer(5);
#endif
aotContext->initLoadContextIdLookup(773);
if (aotContext->engine->hasError()) {
aotContext->setReturnValueUndefined();
if (argv[0]) {
    *static_cast<double *>(argv[0]) = double();
}
return;
}
}
{
}
// generate_GetLookup
#ifndef QT_NO_DEBUG
aotContext->setInstructionPointer(10);
#endif
while (!aotContext->getObjectLookup(774, r2_0, &r2_1)) {
#ifdef QT_NO_DEBUG
aotContext->setInstructionPointer(10);
#endif
aotContext->initGetObjectLookup(774, r2_0);
if (aotContext->engine->hasError()) {
aotContext->setReturnValueUndefined();
if (argv[0]) {
    *static_cast<double *>(argv[0]) = double();
}
return;
}
}
{
}
// generate_StoreReg
r7_0 = r2_1;
{
}
// generate_LoadConst
r2_2 = 0.59999999999999998;
{
}
// generate_Mul
r2_2 = (r7_0 * r2_2);
{
}
{
}
// generate_Ret
if (argv[0]) {
    *static_cast<double *>(argv[0]) = r2_2;
}
return;
}
 },{ 251, 0, [](QV4::ExecutableCompilationUnit *unit, QMetaType *argTypes) {
    struct { QV4::ExecutableCompilationUnit *compilationUnit; } c { unit };
    const auto *aotContext = &c;
    Q_UNUSED(aotContext);
    argTypes[0] = []() { static const auto t = QMetaType::fromName("QQuickAnchorLine"); return t; }();
}, 
    [](const QQmlPrivate::AOTCompiledContext *aotContext, void **argv) {
Q_UNUSED(aotContext)
Q_UNUSED(argv)
// expression for horizontalCenter at line 1653, column 25
QVariant r2_1;
QObject *r2_0;
// generate_LoadQmlContextPropertyLookup
#ifndef QT_NO_DEBUG
aotContext->setInstructionPointer(5);
#endif
while (!aotContext->loadContextIdLookup(775, &r2_0)) {
#ifdef QT_NO_DEBUG
aotContext->setInstructionPointer(5);
#endif
aotContext->initLoadContextIdLookup(775);
if (aotContext->engine->hasError()) {
aotContext->setReturnValueUndefined();
if (argv[0]) {
    const QMetaType returnType = []() { static const auto t = QMetaType::fromName("QQuickAnchorLine"); return t; }();
    returnType.destruct(argv[0]);
    returnType.construct(argv[0]);
 }
return;
}
}
{
}
// generate_GetLookup
#ifndef QT_NO_DEBUG
aotContext->setInstructionPointer(10);
#endif
r2_1 = QVariant(aotContext->lookupResultMetaType(776));
while (!aotContext->getObjectLookup(776, r2_0, r2_1.data())) {
#ifdef QT_NO_DEBUG
aotContext->setInstructionPointer(10);
#endif
aotContext->initGetObjectLookup(776, r2_0);
if (aotContext->engine->hasError()) {
aotContext->setReturnValueUndefined();
if (argv[0]) {
    const QMetaType returnType = []() { static const auto t = QMetaType::fromName("QQuickAnchorLine"); return t; }();
    returnType.destruct(argv[0]);
    returnType.construct(argv[0]);
 }
return;
}
r2_1 = QVariant(aotContext->lookupResultMetaType(776));
}
{
}
{
}
// generate_Ret
if (argv[0]) {
    if (!r2_1.isValid())
        aotContext->setReturnValueUndefined();
    const QMetaType returnType = r2_1.metaType();
    returnType.destruct(argv[0]);
    returnType.construct(argv[0], r2_1.data());
}
return;
}
 },{ 252, 0, [](QV4::ExecutableCompilationUnit *unit, QMetaType *argTypes) {
    struct { QV4::ExecutableCompilationUnit *compilationUnit; } c { unit };
    const auto *aotContext = &c;
    Q_UNUSED(aotContext);
    argTypes[0] = []() { static const auto t = QMetaType::fromName("QQuickAnchorLine"); return t; }();
}, 
    [](const QQmlPrivate::AOTCompiledContext *aotContext, void **argv) {
Q_UNUSED(aotContext)
Q_UNUSED(argv)
// expression for bottom at line 1654, column 25
QVariant r2_1;
QObject *r2_0;
// generate_LoadQmlContextPropertyLookup
#ifndef QT_NO_DEBUG
aotContext->setInstructionPointer(5);
#endif
while (!aotContext->loadScopeObjectPropertyLookup(777, &r2_0)) {
#ifdef QT_NO_DEBUG
aotContext->setInstructionPointer(5);
#endif
aotContext->initLoadScopeObjectPropertyLookup(777);
if (aotContext->engine->hasError()) {
aotContext->setReturnValueUndefined();
if (argv[0]) {
    const QMetaType returnType = []() { static const auto t = QMetaType::fromName("QQuickAnchorLine"); return t; }();
    returnType.destruct(argv[0]);
    returnType.construct(argv[0]);
 }
return;
}
}
{
}
// generate_GetLookup
#ifndef QT_NO_DEBUG
aotContext->setInstructionPointer(10);
#endif
r2_1 = QVariant(aotContext->lookupResultMetaType(778));
while (!aotContext->getObjectLookup(778, r2_0, r2_1.data())) {
#ifdef QT_NO_DEBUG
aotContext->setInstructionPointer(10);
#endif
aotContext->initGetObjectLookup(778, r2_0);
if (aotContext->engine->hasError()) {
aotContext->setReturnValueUndefined();
if (argv[0]) {
    const QMetaType returnType = []() { static const auto t = QMetaType::fromName("QQuickAnchorLine"); return t; }();
    returnType.destruct(argv[0]);
    returnType.construct(argv[0]);
 }
return;
}
r2_1 = QVariant(aotContext->lookupResultMetaType(778));
}
{
}
{
}
// generate_Ret
if (argv[0]) {
    if (!r2_1.isValid())
        aotContext->setReturnValueUndefined();
    const QMetaType returnType = r2_1.metaType();
    returnType.destruct(argv[0]);
    returnType.construct(argv[0], r2_1.data());
}
return;
}
 },{ 253, 0, [](QV4::ExecutableCompilationUnit *unit, QMetaType *argTypes) {
    struct { QV4::ExecutableCompilationUnit *compilationUnit; } c { unit };
    const auto *aotContext = &c;
    Q_UNUSED(aotContext);
    argTypes[0] = []() { static const auto t = QMetaType::fromName("QColor"); return t; }();
}, 
    [](const QQmlPrivate::AOTCompiledContext *aotContext, void **argv) {
Q_UNUSED(aotContext)
Q_UNUSED(argv)
// expression for color at line 1669, column 21
QObject *r2_0;
QVariant r2_1;
// generate_LoadQmlContextPropertyLookup
#ifndef QT_NO_DEBUG
aotContext->setInstructionPointer(5);
#endif
while (!aotContext->loadContextIdLookup(779, &r2_0)) {
#ifdef QT_NO_DEBUG
aotContext->setInstructionPointer(5);
#endif
aotContext->initLoadContextIdLookup(779);
if (aotContext->engine->hasError()) {
aotContext->setReturnValueUndefined();
if (argv[0]) {
    const QMetaType returnType = []() { static const auto t = QMetaType::fromName("QColor"); return t; }();
    returnType.destruct(argv[0]);
    returnType.construct(argv[0]);
 }
return;
}
}
{
}
// generate_GetLookup
#ifndef QT_NO_DEBUG
aotContext->setInstructionPointer(10);
#endif
r2_1 = QVariant(aotContext->lookupResultMetaType(780));
while (!aotContext->getObjectLookup(780, r2_0, r2_1.data())) {
#ifdef QT_NO_DEBUG
aotContext->setInstructionPointer(10);
#endif
aotContext->initGetObjectLookup(780, r2_0);
if (aotContext->engine->hasError()) {
aotContext->setReturnValueUndefined();
if (argv[0]) {
    const QMetaType returnType = []() { static const auto t = QMetaType::fromName("QColor"); return t; }();
    returnType.destruct(argv[0]);
    returnType.construct(argv[0]);
 }
return;
}
r2_1 = QVariant(aotContext->lookupResultMetaType(780));
}
{
}
{
}
// generate_Ret
if (argv[0]) {
    if (!r2_1.isValid())
        aotContext->setReturnValueUndefined();
    const QMetaType returnType = r2_1.metaType();
    returnType.destruct(argv[0]);
    returnType.construct(argv[0], r2_1.data());
}
return;
}
 },{ 254, 0, [](QV4::ExecutableCompilationUnit *unit, QMetaType *argTypes) {
    struct { QV4::ExecutableCompilationUnit *compilationUnit; } c { unit };
    const auto *aotContext = &c;
    Q_UNUSED(aotContext);
    argTypes[0] = QMetaType::fromType<double>();
}, 
    [](const QQmlPrivate::AOTCompiledContext *aotContext, void **argv) {
Q_UNUSED(aotContext)
Q_UNUSED(argv)
// expression for contentHeight at line 1676, column 25
QObject *r2_0;
double r2_2;
double r2_1;
double r7_0;
// generate_LoadQmlContextPropertyLookup
#ifndef QT_NO_DEBUG
aotContext->setInstructionPointer(5);
#endif
while (!aotContext->loadContextIdLookup(781, &r2_0)) {
#ifdef QT_NO_DEBUG
aotContext->setInstructionPointer(5);
#endif
aotContext->initLoadContextIdLookup(781);
if (aotContext->engine->hasError()) {
aotContext->setReturnValueUndefined();
if (argv[0]) {
    *static_cast<double *>(argv[0]) = double();
}
return;
}
}
{
}
// generate_GetLookup
#ifndef QT_NO_DEBUG
aotContext->setInstructionPointer(10);
#endif
while (!aotContext->getObjectLookup(782, r2_0, &r2_1)) {
#ifdef QT_NO_DEBUG
aotContext->setInstructionPointer(10);
#endif
aotContext->initGetObjectLookup(782, r2_0);
if (aotContext->engine->hasError()) {
aotContext->setReturnValueUndefined();
if (argv[0]) {
    *static_cast<double *>(argv[0]) = double();
}
return;
}
}
{
}
// generate_StoreReg
r7_0 = r2_1;
{
}
// generate_LoadInt
r2_2 = double(75);
{
}
// generate_Add
r2_2 = (r7_0 + r2_2);
{
}
{
}
// generate_Ret
if (argv[0]) {
    *static_cast<double *>(argv[0]) = r2_2;
}
return;
}
 },{ 255, 0, [](QV4::ExecutableCompilationUnit *unit, QMetaType *argTypes) {
    struct { QV4::ExecutableCompilationUnit *compilationUnit; } c { unit };
    const auto *aotContext = &c;
    Q_UNUSED(aotContext);
    argTypes[0] = []() { static const auto t = QMetaType::fromName("QQuickItem*"); return t; }();
}, 
    [](const QQmlPrivate::AOTCompiledContext *aotContext, void **argv) {
Q_UNUSED(aotContext)
Q_UNUSED(argv)
// expression for fill at line 1675, column 25
QObject *r2_0;
// generate_LoadQmlContextPropertyLookup
#ifndef QT_NO_DEBUG
aotContext->setInstructionPointer(5);
#endif
while (!aotContext->loadScopeObjectPropertyLookup(783, &r2_0)) {
#ifdef QT_NO_DEBUG
aotContext->setInstructionPointer(5);
#endif
aotContext->initLoadScopeObjectPropertyLookup(783);
if (aotContext->engine->hasError()) {
aotContext->setReturnValueUndefined();
if (argv[0]) {
    *static_cast<QObject * *>(argv[0]) = nullptr;
}
return;
}
}
{
}
{
}
// generate_Ret
if (argv[0]) {
    *static_cast<QObject * *>(argv[0]) = r2_0;
}
return;
}
 },{ 256, 0, [](QV4::ExecutableCompilationUnit *unit, QMetaType *argTypes) {
    struct { QV4::ExecutableCompilationUnit *compilationUnit; } c { unit };
    const auto *aotContext = &c;
    Q_UNUSED(aotContext);
    argTypes[0] = QMetaType::fromType<double>();
}, 
    [](const QQmlPrivate::AOTCompiledContext *aotContext, void **argv) {
Q_UNUSED(aotContext)
Q_UNUSED(argv)
// expression for width at line 1682, column 29
QObject *r2_0;
double r2_2;
double r7_0;
double r2_1;
// generate_LoadQmlContextPropertyLookup
#ifndef QT_NO_DEBUG
aotContext->setInstructionPointer(5);
#endif
while (!aotContext->loadContextIdLookup(784, &r2_0)) {
#ifdef QT_NO_DEBUG
aotContext->setInstructionPointer(5);
#endif
aotContext->initLoadContextIdLookup(784);
if (aotContext->engine->hasError()) {
aotContext->setReturnValueUndefined();
if (argv[0]) {
    *static_cast<double *>(argv[0]) = double();
}
return;
}
}
{
}
// generate_GetLookup
#ifndef QT_NO_DEBUG
aotContext->setInstructionPointer(10);
#endif
while (!aotContext->getObjectLookup(785, r2_0, &r2_1)) {
#ifdef QT_NO_DEBUG
aotContext->setInstructionPointer(10);
#endif
aotContext->initGetObjectLookup(785, r2_0);
if (aotContext->engine->hasError()) {
aotContext->setReturnValueUndefined();
if (argv[0]) {
    *static_cast<double *>(argv[0]) = double();
}
return;
}
}
{
}
// generate_StoreReg
r7_0 = r2_1;
{
}
// generate_LoadInt
r2_2 = double(12);
{
}
// generate_Sub
r2_2 = (r7_0 - r2_2);
{
}
{
}
// generate_Ret
if (argv[0]) {
    *static_cast<double *>(argv[0]) = r2_2;
}
return;
}
 },{ 257, 0, [](QV4::ExecutableCompilationUnit *unit, QMetaType *argTypes) {
    struct { QV4::ExecutableCompilationUnit *compilationUnit; } c { unit };
    const auto *aotContext = &c;
    Q_UNUSED(aotContext);
    argTypes[0] = QMetaType();
}, 
    [](const QQmlPrivate::AOTCompiledContext *aotContext, void **argv) {
Q_UNUSED(aotContext)
Q_UNUSED(argv)
// expression for onSourceComponentChanged at line 1688, column 33
// generate_CreateCallContext
{
{
}
// generate_PopContext
{}
}
{
}
{
}
// generate_Ret
return;
}
 },{ 258, 0, [](QV4::ExecutableCompilationUnit *unit, QMetaType *argTypes) {
    struct { QV4::ExecutableCompilationUnit *compilationUnit; } c { unit };
    const auto *aotContext = &c;
    Q_UNUSED(aotContext);
    argTypes[0] = []() { static const auto t = QMetaType::fromName("QColor"); return t; }();
}, 
    [](const QQmlPrivate::AOTCompiledContext *aotContext, void **argv) {
Q_UNUSED(aotContext)
Q_UNUSED(argv)
// expression for color at line 1703, column 17
QObject *r2_0;
QVariant r2_1;
// generate_LoadQmlContextPropertyLookup
#ifndef QT_NO_DEBUG
aotContext->setInstructionPointer(5);
#endif
while (!aotContext->loadContextIdLookup(786, &r2_0)) {
#ifdef QT_NO_DEBUG
aotContext->setInstructionPointer(5);
#endif
aotContext->initLoadContextIdLookup(786);
if (aotContext->engine->hasError()) {
aotContext->setReturnValueUndefined();
if (argv[0]) {
    const QMetaType returnType = []() { static const auto t = QMetaType::fromName("QColor"); return t; }();
    returnType.destruct(argv[0]);
    returnType.construct(argv[0]);
 }
return;
}
}
{
}
// generate_GetLookup
#ifndef QT_NO_DEBUG
aotContext->setInstructionPointer(10);
#endif
r2_1 = QVariant(aotContext->lookupResultMetaType(787));
while (!aotContext->getObjectLookup(787, r2_0, r2_1.data())) {
#ifdef QT_NO_DEBUG
aotContext->setInstructionPointer(10);
#endif
aotContext->initGetObjectLookup(787, r2_0);
if (aotContext->engine->hasError()) {
aotContext->setReturnValueUndefined();
if (argv[0]) {
    const QMetaType returnType = []() { static const auto t = QMetaType::fromName("QColor"); return t; }();
    returnType.destruct(argv[0]);
    returnType.construct(argv[0]);
 }
return;
}
r2_1 = QVariant(aotContext->lookupResultMetaType(787));
}
{
}
{
}
// generate_Ret
if (argv[0]) {
    if (!r2_1.isValid())
        aotContext->setReturnValueUndefined();
    const QMetaType returnType = r2_1.metaType();
    returnType.destruct(argv[0]);
    returnType.construct(argv[0], r2_1.data());
}
return;
}
 },{ 259, 0, [](QV4::ExecutableCompilationUnit *unit, QMetaType *argTypes) {
    struct { QV4::ExecutableCompilationUnit *compilationUnit; } c { unit };
    const auto *aotContext = &c;
    Q_UNUSED(aotContext);
    argTypes[0] = QMetaType::fromType<double>();
}, 
    [](const QQmlPrivate::AOTCompiledContext *aotContext, void **argv) {
Q_UNUSED(aotContext)
Q_UNUSED(argv)
// expression for width at line 1706, column 21
QObject *r2_0;
double r2_1;
// generate_LoadQmlContextPropertyLookup
#ifndef QT_NO_DEBUG
aotContext->setInstructionPointer(5);
#endif
while (!aotContext->loadScopeObjectPropertyLookup(788, &r2_0)) {
#ifdef QT_NO_DEBUG
aotContext->setInstructionPointer(5);
#endif
aotContext->initLoadScopeObjectPropertyLookup(788);
if (aotContext->engine->hasError()) {
aotContext->setReturnValueUndefined();
if (argv[0]) {
    *static_cast<double *>(argv[0]) = double();
}
return;
}
}
{
}
// generate_GetLookup
#ifndef QT_NO_DEBUG
aotContext->setInstructionPointer(10);
#endif
while (!aotContext->getObjectLookup(789, r2_0, &r2_1)) {
#ifdef QT_NO_DEBUG
aotContext->setInstructionPointer(10);
#endif
aotContext->initGetObjectLookup(789, r2_0);
if (aotContext->engine->hasError()) {
aotContext->setReturnValueUndefined();
if (argv[0]) {
    *static_cast<double *>(argv[0]) = double();
}
return;
}
}
{
}
{
}
// generate_Ret
if (argv[0]) {
    *static_cast<double *>(argv[0]) = r2_1;
}
return;
}
 },{ 260, 0, [](QV4::ExecutableCompilationUnit *unit, QMetaType *argTypes) {
    struct { QV4::ExecutableCompilationUnit *compilationUnit; } c { unit };
    const auto *aotContext = &c;
    Q_UNUSED(aotContext);
    argTypes[0] = QMetaType::fromType<double>();
}, 
    [](const QQmlPrivate::AOTCompiledContext *aotContext, void **argv) {
Q_UNUSED(aotContext)
Q_UNUSED(argv)
// expression for width at line 1711, column 17
QObject *r2_0;
double r2_1;
// generate_LoadQmlContextPropertyLookup
#ifndef QT_NO_DEBUG
aotContext->setInstructionPointer(5);
#endif
while (!aotContext->loadScopeObjectPropertyLookup(790, &r2_0)) {
#ifdef QT_NO_DEBUG
aotContext->setInstructionPointer(5);
#endif
aotContext->initLoadScopeObjectPropertyLookup(790);
if (aotContext->engine->hasError()) {
aotContext->setReturnValueUndefined();
if (argv[0]) {
    *static_cast<double *>(argv[0]) = double();
}
return;
}
}
{
}
// generate_GetLookup
#ifndef QT_NO_DEBUG
aotContext->setInstructionPointer(10);
#endif
while (!aotContext->getObjectLookup(791, r2_0, &r2_1)) {
#ifdef QT_NO_DEBUG
aotContext->setInstructionPointer(10);
#endif
aotContext->initGetObjectLookup(791, r2_0);
if (aotContext->engine->hasError()) {
aotContext->setReturnValueUndefined();
if (argv[0]) {
    *static_cast<double *>(argv[0]) = double();
}
return;
}
}
{
}
{
}
// generate_Ret
if (argv[0]) {
    *static_cast<double *>(argv[0]) = r2_1;
}
return;
}
 },{ 261, 0, [](QV4::ExecutableCompilationUnit *unit, QMetaType *argTypes) {
    struct { QV4::ExecutableCompilationUnit *compilationUnit; } c { unit };
    const auto *aotContext = &c;
    Q_UNUSED(aotContext);
    argTypes[0] = QMetaType::fromType<QString>();
}, 
    [](const QQmlPrivate::AOTCompiledContext *aotContext, void **argv) {
Q_UNUSED(aotContext)
Q_UNUSED(argv)
// expression for text at line 1714, column 21
QObject *r2_4;
double r8_0;
QString r9_0;
QString r2_5;
double r2_3;
QString r2_0;
QString r7_0;
QString r10_0;
double r2_2;
QObject *r2_1;
// generate_LoadRuntimeString
r2_0 = QStringLiteral("页码: ");
{
}
// generate_StoreReg
r7_0 = std::move(r2_0);
{
}
// generate_LoadQmlContextPropertyLookup
#ifndef QT_NO_DEBUG
aotContext->setInstructionPointer(12);
#endif
while (!aotContext->loadContextIdLookup(792, &r2_1)) {
#ifdef QT_NO_DEBUG
aotContext->setInstructionPointer(12);
#endif
aotContext->initLoadContextIdLookup(792);
if (aotContext->engine->hasError()) {
aotContext->setReturnValueUndefined();
if (argv[0]) {
    *static_cast<QString *>(argv[0]) = QString();
}
return;
}
}
{
}
// generate_GetLookup
{
int retrieved;
#ifndef QT_NO_DEBUG
aotContext->setInstructionPointer(17);
#endif
while (!aotContext->getObjectLookup(793, r2_1, &retrieved)) {
#ifdef QT_NO_DEBUG
aotContext->setInstructionPointer(17);
#endif
aotContext->initGetObjectLookup(793, r2_1);
if (aotContext->engine->hasError()) {
aotContext->setReturnValueUndefined();
if (argv[0]) {
    *static_cast<QString *>(argv[0]) = QString();
}
return;
}
}
r2_2 = double(std::move(retrieved));
}
{
}
// generate_StoreReg
r8_0 = r2_2;
{
}
// generate_LoadInt
r2_3 = double(1);
{
}
// generate_Add
r2_0 = QJSPrimitiveValue((r8_0 + r2_3)).toString();
{
}
// generate_Add
r2_0 = QString(std::move(r7_0) + std::move(r2_0));
{
}
// generate_StoreReg
r9_0 = std::move(r2_0);
{
}
// generate_LoadRuntimeString
r2_0 = QStringLiteral("/");
{
}
// generate_Add
r2_0 = QString(std::move(r9_0) + std::move(r2_0));
{
}
// generate_StoreReg
r10_0 = std::move(r2_0);
{
}
// generate_LoadQmlContextPropertyLookup
#ifndef QT_NO_DEBUG
aotContext->setInstructionPointer(41);
#endif
while (!aotContext->loadContextIdLookup(794, &r2_4)) {
#ifdef QT_NO_DEBUG
aotContext->setInstructionPointer(41);
#endif
aotContext->initLoadContextIdLookup(794);
if (aotContext->engine->hasError()) {
aotContext->setReturnValueUndefined();
if (argv[0]) {
    *static_cast<QString *>(argv[0]) = QString();
}
return;
}
}
{
}
// generate_GetLookup
{
int retrieved;
#ifndef QT_NO_DEBUG
aotContext->setInstructionPointer(46);
#endif
while (!aotContext->getObjectLookup(795, r2_4, &retrieved)) {
#ifdef QT_NO_DEBUG
aotContext->setInstructionPointer(46);
#endif
aotContext->initGetObjectLookup(795, r2_4);
if (aotContext->engine->hasError()) {
aotContext->setReturnValueUndefined();
if (argv[0]) {
    *static_cast<QString *>(argv[0]) = QString();
}
return;
}
}
r2_5 = QJSPrimitiveValue(std::move(retrieved)).toString();
}
{
}
// generate_Add
r2_0 = QString(std::move(r10_0) + std::move(r2_5));
{
}
{
}
// generate_Ret
if (argv[0]) {
    *static_cast<QString *>(argv[0]) = std::move(r2_0);
}
return;
}
 },{ 263, 0, [](QV4::ExecutableCompilationUnit *unit, QMetaType *argTypes) {
    struct { QV4::ExecutableCompilationUnit *compilationUnit; } c { unit };
    const auto *aotContext = &c;
    Q_UNUSED(aotContext);
    argTypes[0] = []() { static const auto t = QMetaType::fromName("QQuickItem*"); return t; }();
}, 
    [](const QQmlPrivate::AOTCompiledContext *aotContext, void **argv) {
Q_UNUSED(aotContext)
Q_UNUSED(argv)
// expression for centerIn at line 1746, column 25
QObject *r2_0;
// generate_LoadQmlContextPropertyLookup
#ifndef QT_NO_DEBUG
aotContext->setInstructionPointer(5);
#endif
while (!aotContext->loadScopeObjectPropertyLookup(799, &r2_0)) {
#ifdef QT_NO_DEBUG
aotContext->setInstructionPointer(5);
#endif
aotContext->initLoadScopeObjectPropertyLookup(799);
if (aotContext->engine->hasError()) {
aotContext->setReturnValueUndefined();
if (argv[0]) {
    *static_cast<QObject * *>(argv[0]) = nullptr;
}
return;
}
}
{
}
{
}
// generate_Ret
if (argv[0]) {
    *static_cast<QObject * *>(argv[0]) = r2_0;
}
return;
}
 },{ 265, 0, [](QV4::ExecutableCompilationUnit *unit, QMetaType *argTypes) {
    struct { QV4::ExecutableCompilationUnit *compilationUnit; } c { unit };
    const auto *aotContext = &c;
    Q_UNUSED(aotContext);
    argTypes[0] = []() { static const auto t = QMetaType::fromName("Qt::Alignment"); return t; }();
}, 
    [](const QQmlPrivate::AOTCompiledContext *aotContext, void **argv) {
Q_UNUSED(aotContext)
Q_UNUSED(argv)
// expression for alignment at line 1753, column 33
int r2_0;
{
}
// generate_GetLookup
#ifndef QT_NO_DEBUG
aotContext->setInstructionPointer(10);
#endif
while (!aotContext->getEnumLookup(804, &r2_0)) {
#ifdef QT_NO_DEBUG
aotContext->setInstructionPointer(10);
#endif
aotContext->initGetEnumLookup(804, []() { static const auto t = QMetaType::fromName("Qt"); return t; }().metaObject(), "AlignmentFlag", "AlignVCenter");
if (aotContext->engine->hasError()) {
aotContext->setReturnValueUndefined();
if (argv[0]) {
    const QMetaType returnType = []() { static const auto t = QMetaType::fromName("Qt::Alignment"); return t; }();
    returnType.destruct(argv[0]);
    returnType.construct(argv[0]);
 }
return;
}
}
{
}
{
}
// generate_Ret
if (argv[0]) {
    const QMetaType returnType = QMetaType::fromType<int>();
    returnType.destruct(argv[0]);
    returnType.construct(argv[0], &r2_0);
}
return;
}
 },{ 267, 0, [](QV4::ExecutableCompilationUnit *unit, QMetaType *argTypes) {
    struct { QV4::ExecutableCompilationUnit *compilationUnit; } c { unit };
    const auto *aotContext = &c;
    Q_UNUSED(aotContext);
    argTypes[0] = QMetaType::fromType<QString>();
}, 
    [](const QQmlPrivate::AOTCompiledContext *aotContext, void **argv) {
Q_UNUSED(aotContext)
Q_UNUSED(argv)
// expression for text at line 1788, column 21
double r2_2;
QString r8_0;
double r12_0;
QObject *r2_1;
double r2_3;
double r11_0;
QString r2_0;
QString r7_0;
// generate_LoadRuntimeString
r2_0 = QStringLiteral("");
{
}
// generate_StoreReg
r7_0 = std::move(r2_0);
{
}
{
}
{
}
// generate_MoveConst
r12_0 = double(100);
{
}
// generate_LoadQmlContextPropertyLookup
#ifndef QT_NO_DEBUG
aotContext->setInstructionPointer(19);
#endif
while (!aotContext->loadContextIdLookup(808, &r2_1)) {
#ifdef QT_NO_DEBUG
aotContext->setInstructionPointer(19);
#endif
aotContext->initLoadContextIdLookup(808);
if (aotContext->engine->hasError()) {
aotContext->setReturnValueUndefined();
if (argv[0]) {
    *static_cast<QString *>(argv[0]) = QString();
}
return;
}
}
{
}
// generate_GetLookup
#ifndef QT_NO_DEBUG
aotContext->setInstructionPointer(24);
#endif
while (!aotContext->getObjectLookup(809, r2_1, &r2_2)) {
#ifdef QT_NO_DEBUG
aotContext->setInstructionPointer(24);
#endif
aotContext->initGetObjectLookup(809, r2_1);
if (aotContext->engine->hasError()) {
aotContext->setReturnValueUndefined();
if (argv[0]) {
    *static_cast<QString *>(argv[0]) = QString();
}
return;
}
}
{
}
// generate_Mul
r2_3 = (r12_0 * r2_2);
{
}
// generate_StoreReg
r11_0 = r2_3;
{
}
// generate_CallPropertyLookup
{
double retrieved;
{
const double arg1 = r11_0;
retrieved = std::isfinite(arg1) ? ((arg1 < 0.5 && arg1 >= -0.5) ? std::copysign(0.0, arg1) : std::floor(arg1 + 0.5)) : arg1;
}
r2_0 = QJSPrimitiveValue(std::move(retrieved)).toString();
}
{
}
// generate_StoreReg
r8_0 = std::move(r2_0);
{
}
// generate_LoadRuntimeString
r2_0 = QStringLiteral("%   ▾");
{
}
// generate_Add
r2_0 = QString(std::move(r8_0) + std::move(r2_0));
{
}
// generate_Add
r2_0 = QString(std::move(r7_0) + std::move(r2_0));
{
}
{
}
// generate_Ret
if (argv[0]) {
    *static_cast<QString *>(argv[0]) = std::move(r2_0);
}
return;
}
 },{ 268, 0, [](QV4::ExecutableCompilationUnit *unit, QMetaType *argTypes) {
    struct { QV4::ExecutableCompilationUnit *compilationUnit; } c { unit };
    const auto *aotContext = &c;
    Q_UNUSED(aotContext);
    argTypes[0] = QMetaType();
}, 
    [](const QQmlPrivate::AOTCompiledContext *aotContext, void **argv) {
Q_UNUSED(aotContext)
Q_UNUSED(argv)
// expression for onClicked at line 1790, column 21
// generate_CreateCallContext
{
{
}
{
}
{
}
// generate_PopContext
{}
}
{
}
{
}
// generate_Ret
return;
}
 },{ 270, 0, [](QV4::ExecutableCompilationUnit *unit, QMetaType *argTypes) {
    struct { QV4::ExecutableCompilationUnit *compilationUnit; } c { unit };
    const auto *aotContext = &c;
    Q_UNUSED(aotContext);
    argTypes[0] = QMetaType::fromType<double>();
}, 
    [](const QQmlPrivate::AOTCompiledContext *aotContext, void **argv) {
Q_UNUSED(aotContext)
Q_UNUSED(argv)
// expression for value2 at line 1800, column 21
double r8_0;
double r2_1;
double r2_2;
double r9_0;
double r2_0;
double r7_0;
double r10_0;
// generate_LoadQmlContextPropertyLookup
#ifndef QT_NO_DEBUG
aotContext->setInstructionPointer(5);
#endif
while (!aotContext->loadScopeObjectPropertyLookup(827, &r2_0)) {
#ifdef QT_NO_DEBUG
aotContext->setInstructionPointer(5);
#endif
aotContext->initLoadScopeObjectPropertyLookup(827);
if (aotContext->engine->hasError()) {
aotContext->setReturnValueUndefined();
if (argv[0]) {
    *static_cast<double *>(argv[0]) = double();
}
return;
}
}
{
}
// generate_StoreReg
r7_0 = r2_0;
{
}
// generate_MoveConst
r8_0 = double(7);
{
}
// generate_LoadQmlContextPropertyLookup
#ifndef QT_NO_DEBUG
aotContext->setInstructionPointer(15);
#endif
while (!aotContext->loadScopeObjectPropertyLookup(828, &r2_1)) {
#ifdef QT_NO_DEBUG
aotContext->setInstructionPointer(15);
#endif
aotContext->initLoadScopeObjectPropertyLookup(828);
if (aotContext->engine->hasError()) {
aotContext->setReturnValueUndefined();
if (argv[0]) {
    *static_cast<double *>(argv[0]) = double();
}
return;
}
}
{
}
// generate_Mul
r2_2 = (r8_0 * r2_1);
{
}
// generate_StoreReg
r9_0 = r2_2;
{
}
// generate_LoadConst
r2_2 = 2.50000000000000000;
{
}
// generate_Sub
r2_2 = (r9_0 - r2_2);
{
}
// generate_Mul
r2_2 = (r7_0 * r2_2);
{
}
// generate_StoreReg
r10_0 = r2_2;
{
}
// generate_LoadConst
r2_2 = 0.50000000000000000;
{
}
// generate_Add
r2_2 = (r10_0 + r2_2);
{
}
{
}
// generate_Ret
if (argv[0]) {
    *static_cast<double *>(argv[0]) = r2_2;
}
return;
}
 },{ 271, 0, [](QV4::ExecutableCompilationUnit *unit, QMetaType *argTypes) {
    struct { QV4::ExecutableCompilationUnit *compilationUnit; } c { unit };
    const auto *aotContext = &c;
    Q_UNUSED(aotContext);
    argTypes[0] = QMetaType::fromType<double>();
}, 
    [](const QQmlPrivate::AOTCompiledContext *aotContext, void **argv) {
Q_UNUSED(aotContext)
Q_UNUSED(argv)
// expression for from at line 1810, column 21
double r7_0;
double r2_0;
// generate_MoveConst
r7_0 = double(5);
{
}
// generate_LoadInt
r2_0 = double(28);
{
}
// generate_Div
r2_0 = (r7_0 / r2_0);
{
}
{
}
// generate_Ret
if (argv[0]) {
    *static_cast<double *>(argv[0]) = r2_0;
}
return;
}
 },{ 275, 0, [](QV4::ExecutableCompilationUnit *unit, QMetaType *argTypes) {
    struct { QV4::ExecutableCompilationUnit *compilationUnit; } c { unit };
    const auto *aotContext = &c;
    Q_UNUSED(aotContext);
    argTypes[0] = QMetaType();
}, 
    [](const QQmlPrivate::AOTCompiledContext *aotContext, void **argv) {
Q_UNUSED(aotContext)
Q_UNUSED(argv)
// expression for onOpened at line 1829, column 9
double r2_2;
QObject *r2_0;
QObject *r7_0;
double r2_3;
double r11_0;
QObject *r2_1;
double r12_0;
// generate_CreateCallContext
{
{
}
// generate_LoadQmlContextPropertyLookup
#ifndef QT_NO_DEBUG
aotContext->setInstructionPointer(6);
#endif
while (!aotContext->loadContextIdLookup(834, &r2_0)) {
#ifdef QT_NO_DEBUG
aotContext->setInstructionPointer(6);
#endif
aotContext->initLoadContextIdLookup(834);
if (aotContext->engine->hasError()) {
aotContext->setReturnValueUndefined();
return;
}
}
{
}
// generate_StoreReg
r7_0 = r2_0;
{
}
{
}
{
}
// generate_LoadQmlContextPropertyLookup
#ifndef QT_NO_DEBUG
aotContext->setInstructionPointer(20);
#endif
while (!aotContext->loadContextIdLookup(836, &r2_1)) {
#ifdef QT_NO_DEBUG
aotContext->setInstructionPointer(20);
#endif
aotContext->initLoadContextIdLookup(836);
if (aotContext->engine->hasError()) {
aotContext->setReturnValueUndefined();
return;
}
}
{
}
// generate_GetLookup
#ifndef QT_NO_DEBUG
aotContext->setInstructionPointer(25);
#endif
while (!aotContext->getObjectLookup(837, r2_1, &r2_2)) {
#ifdef QT_NO_DEBUG
aotContext->setInstructionPointer(25);
#endif
aotContext->initGetObjectLookup(837, r2_1);
if (aotContext->engine->hasError()) {
aotContext->setReturnValueUndefined();
return;
}
}
{
}
// generate_StoreReg
r12_0 = r2_2;
{
}
// generate_LoadInt
r2_3 = double(100);
{
}
// generate_Mul
r2_3 = (r12_0 * r2_3);
{
}
// generate_StoreReg
r11_0 = r2_3;
{
}
// generate_CallPropertyLookup
{
const double arg1 = r11_0;
r2_3 = std::isfinite(arg1) ? ((arg1 < 0.5 && arg1 >= -0.5) ? std::copysign(0.0, arg1) : std::floor(arg1 + 0.5)) : arg1;
}
{
}
{
}
// generate_SetLookup
{
#ifndef QT_NO_DEBUG
aotContext->setInstructionPointer(61);
#endif
while (!aotContext->setObjectLookup(839, r7_0, &r2_3)) {
#ifdef QT_NO_DEBUG
aotContext->setInstructionPointer(61);
#endif
aotContext->initSetObjectLookup(839, r7_0);
if (aotContext->engine->hasError()) {
aotContext->setReturnValueUndefined();
return;
}
}
}
{
}
{
}
// generate_PopContext
{}
}
{
}
{
}
// generate_Ret
return;
}
 },{ 276, 0, [](QV4::ExecutableCompilationUnit *unit, QMetaType *argTypes) {
    struct { QV4::ExecutableCompilationUnit *compilationUnit; } c { unit };
    const auto *aotContext = &c;
    Q_UNUSED(aotContext);
    argTypes[0] = QMetaType();
}, 
    [](const QQmlPrivate::AOTCompiledContext *aotContext, void **argv) {
Q_UNUSED(aotContext)
Q_UNUSED(argv)
// expression for onCheckedChanged at line 1838, column 17
bool r2_0;
double r2_2;
QObject *r7_0;
QObject *r2_1;
// generate_CreateCallContext
{
{
}
// generate_LoadQmlContextPropertyLookup
#ifndef QT_NO_DEBUG
aotContext->setInstructionPointer(6);
#endif
while (!aotContext->loadScopeObjectPropertyLookup(840, &r2_0)) {
#ifdef QT_NO_DEBUG
aotContext->setInstructionPointer(6);
#endif
aotContext->initLoadScopeObjectPropertyLookup(840);
if (aotContext->engine->hasError()) {
aotContext->setReturnValueUndefined();
return;
}
}
{
}
// generate_JumpFalse
if (!r2_0) {
    goto label_0;
}
{
}
// generate_LoadQmlContextPropertyLookup
#ifndef QT_NO_DEBUG
aotContext->setInstructionPointer(13);
#endif
while (!aotContext->loadContextIdLookup(841, &r2_1)) {
#ifdef QT_NO_DEBUG
aotContext->setInstructionPointer(13);
#endif
aotContext->initLoadContextIdLookup(841);
if (aotContext->engine->hasError()) {
aotContext->setReturnValueUndefined();
return;
}
}
{
}
// generate_StoreReg
r7_0 = r2_1;
{
}
// generate_LoadInt
r2_2 = double(200);
{
}
{
}
// generate_SetLookup
{
#ifndef QT_NO_DEBUG
aotContext->setInstructionPointer(31);
#endif
while (!aotContext->setObjectLookup(842, r7_0, &r2_2)) {
#ifdef QT_NO_DEBUG
aotContext->setInstructionPointer(31);
#endif
aotContext->initSetObjectLookup(842, r7_0);
if (aotContext->engine->hasError()) {
aotContext->setReturnValueUndefined();
return;
}
}
}
{
}
{
}
label_0:;
// generate_PopContext
{}
}
{
}
{
}
// generate_Ret
return;
}
 },{ 277, 0, [](QV4::ExecutableCompilationUnit *unit, QMetaType *argTypes) {
    struct { QV4::ExecutableCompilationUnit *compilationUnit; } c { unit };
    const auto *aotContext = &c;
    Q_UNUSED(aotContext);
    argTypes[0] = QMetaType();
}, 
    [](const QQmlPrivate::AOTCompiledContext *aotContext, void **argv) {
Q_UNUSED(aotContext)
Q_UNUSED(argv)
// expression for onCheckedChanged at line 1846, column 17
QObject *r7_0;
QObject *r2_1;
bool r2_0;
double r2_2;
// generate_CreateCallContext
{
{
}
// generate_LoadQmlContextPropertyLookup
#ifndef QT_NO_DEBUG
aotContext->setInstructionPointer(6);
#endif
while (!aotContext->loadScopeObjectPropertyLookup(843, &r2_0)) {
#ifdef QT_NO_DEBUG
aotContext->setInstructionPointer(6);
#endif
aotContext->initLoadScopeObjectPropertyLookup(843);
if (aotContext->engine->hasError()) {
aotContext->setReturnValueUndefined();
return;
}
}
{
}
// generate_JumpFalse
if (!r2_0) {
    goto label_0;
}
{
}
// generate_LoadQmlContextPropertyLookup
#ifndef QT_NO_DEBUG
aotContext->setInstructionPointer(13);
#endif
while (!aotContext->loadContextIdLookup(844, &r2_1)) {
#ifdef QT_NO_DEBUG
aotContext->setInstructionPointer(13);
#endif
aotContext->initLoadContextIdLookup(844);
if (aotContext->engine->hasError()) {
aotContext->setReturnValueUndefined();
return;
}
}
{
}
// generate_StoreReg
r7_0 = r2_1;
{
}
// generate_LoadInt
r2_2 = double(130);
{
}
{
}
// generate_SetLookup
{
#ifndef QT_NO_DEBUG
aotContext->setInstructionPointer(31);
#endif
while (!aotContext->setObjectLookup(845, r7_0, &r2_2)) {
#ifdef QT_NO_DEBUG
aotContext->setInstructionPointer(31);
#endif
aotContext->initSetObjectLookup(845, r7_0);
if (aotContext->engine->hasError()) {
aotContext->setReturnValueUndefined();
return;
}
}
}
{
}
{
}
label_0:;
// generate_PopContext
{}
}
{
}
{
}
// generate_Ret
return;
}
 },{ 278, 0, [](QV4::ExecutableCompilationUnit *unit, QMetaType *argTypes) {
    struct { QV4::ExecutableCompilationUnit *compilationUnit; } c { unit };
    const auto *aotContext = &c;
    Q_UNUSED(aotContext);
    argTypes[0] = QMetaType();
}, 
    [](const QQmlPrivate::AOTCompiledContext *aotContext, void **argv) {
Q_UNUSED(aotContext)
Q_UNUSED(argv)
// expression for onCheckedChanged at line 1854, column 17
double r2_2;
bool r2_0;
QObject *r7_0;
QObject *r2_1;
// generate_CreateCallContext
{
{
}
// generate_LoadQmlContextPropertyLookup
#ifndef QT_NO_DEBUG
aotContext->setInstructionPointer(6);
#endif
while (!aotContext->loadScopeObjectPropertyLookup(846, &r2_0)) {
#ifdef QT_NO_DEBUG
aotContext->setInstructionPointer(6);
#endif
aotContext->initLoadScopeObjectPropertyLookup(846);
if (aotContext->engine->hasError()) {
aotContext->setReturnValueUndefined();
return;
}
}
{
}
// generate_JumpFalse
if (!r2_0) {
    goto label_0;
}
{
}
// generate_LoadQmlContextPropertyLookup
#ifndef QT_NO_DEBUG
aotContext->setInstructionPointer(13);
#endif
while (!aotContext->loadContextIdLookup(847, &r2_1)) {
#ifdef QT_NO_DEBUG
aotContext->setInstructionPointer(13);
#endif
aotContext->initLoadContextIdLookup(847);
if (aotContext->engine->hasError()) {
aotContext->setReturnValueUndefined();
return;
}
}
{
}
// generate_StoreReg
r7_0 = r2_1;
{
}
// generate_LoadInt
r2_2 = double(100);
{
}
{
}
// generate_SetLookup
{
#ifndef QT_NO_DEBUG
aotContext->setInstructionPointer(28);
#endif
while (!aotContext->setObjectLookup(848, r7_0, &r2_2)) {
#ifdef QT_NO_DEBUG
aotContext->setInstructionPointer(28);
#endif
aotContext->initSetObjectLookup(848, r7_0);
if (aotContext->engine->hasError()) {
aotContext->setReturnValueUndefined();
return;
}
}
}
{
}
{
}
label_0:;
// generate_PopContext
{}
}
{
}
{
}
// generate_Ret
return;
}
 },{ 279, 0, [](QV4::ExecutableCompilationUnit *unit, QMetaType *argTypes) {
    struct { QV4::ExecutableCompilationUnit *compilationUnit; } c { unit };
    const auto *aotContext = &c;
    Q_UNUSED(aotContext);
    argTypes[0] = QMetaType();
}, 
    [](const QQmlPrivate::AOTCompiledContext *aotContext, void **argv) {
Q_UNUSED(aotContext)
Q_UNUSED(argv)
// expression for onCheckedChanged at line 1862, column 17
bool r2_0;
double r2_2;
QObject *r2_1;
QObject *r7_0;
// generate_CreateCallContext
{
{
}
// generate_LoadQmlContextPropertyLookup
#ifndef QT_NO_DEBUG
aotContext->setInstructionPointer(6);
#endif
while (!aotContext->loadScopeObjectPropertyLookup(849, &r2_0)) {
#ifdef QT_NO_DEBUG
aotContext->setInstructionPointer(6);
#endif
aotContext->initLoadScopeObjectPropertyLookup(849);
if (aotContext->engine->hasError()) {
aotContext->setReturnValueUndefined();
return;
}
}
{
}
// generate_JumpFalse
if (!r2_0) {
    goto label_0;
}
{
}
// generate_LoadQmlContextPropertyLookup
#ifndef QT_NO_DEBUG
aotContext->setInstructionPointer(13);
#endif
while (!aotContext->loadContextIdLookup(850, &r2_1)) {
#ifdef QT_NO_DEBUG
aotContext->setInstructionPointer(13);
#endif
aotContext->initLoadContextIdLookup(850);
if (aotContext->engine->hasError()) {
aotContext->setReturnValueUndefined();
return;
}
}
{
}
// generate_StoreReg
r7_0 = r2_1;
{
}
// generate_LoadInt
r2_2 = double(75);
{
}
{
}
// generate_SetLookup
{
#ifndef QT_NO_DEBUG
aotContext->setInstructionPointer(28);
#endif
while (!aotContext->setObjectLookup(851, r7_0, &r2_2)) {
#ifdef QT_NO_DEBUG
aotContext->setInstructionPointer(28);
#endif
aotContext->initSetObjectLookup(851, r7_0);
if (aotContext->engine->hasError()) {
aotContext->setReturnValueUndefined();
return;
}
}
}
{
}
{
}
label_0:;
// generate_PopContext
{}
}
{
}
{
}
// generate_Ret
return;
}
 },{ 280, 0, [](QV4::ExecutableCompilationUnit *unit, QMetaType *argTypes) {
    struct { QV4::ExecutableCompilationUnit *compilationUnit; } c { unit };
    const auto *aotContext = &c;
    Q_UNUSED(aotContext);
    argTypes[0] = QMetaType();
}, 
    [](const QQmlPrivate::AOTCompiledContext *aotContext, void **argv) {
Q_UNUSED(aotContext)
Q_UNUSED(argv)
// expression for onValueChanged at line 1880, column 17
double r8_0;
double r13_0;
double r14_0;
double r12_0;
double r2_2;
double r9_0;
QObject *r7_0;
QObject *r2_0;
double r2_1;
// generate_CreateCallContext
{
{
}
// generate_LoadQmlContextPropertyLookup
#ifndef QT_NO_DEBUG
aotContext->setInstructionPointer(6);
#endif
while (!aotContext->loadContextIdLookup(852, &r2_0)) {
#ifdef QT_NO_DEBUG
aotContext->setInstructionPointer(6);
#endif
aotContext->initLoadContextIdLookup(852);
if (aotContext->engine->hasError()) {
aotContext->setReturnValueUndefined();
return;
}
}
{
}
// generate_StoreReg
r7_0 = r2_0;
{
}
// generate_MoveConst
r8_0 = 2.50000000000000000;
{
}
{
}
{
}
// generate_MoveConst
r13_0 = 0.28000000000000003;
{
}
// generate_LoadQmlContextPropertyLookup
#ifndef QT_NO_DEBUG
aotContext->setInstructionPointer(26);
#endif
while (!aotContext->loadScopeObjectPropertyLookup(854, &r2_1)) {
#ifdef QT_NO_DEBUG
aotContext->setInstructionPointer(26);
#endif
aotContext->initLoadScopeObjectPropertyLookup(854);
if (aotContext->engine->hasError()) {
aotContext->setReturnValueUndefined();
return;
}
}
{
}
// generate_Mul
r2_2 = (r13_0 * r2_1);
{
}
// generate_StoreReg
r14_0 = r2_2;
{
}
// generate_LoadConst
r2_2 = 7.75000000000000000;
{
}
// generate_Sub
r2_2 = (r14_0 - r2_2);
{
}
// generate_StoreReg
r12_0 = r2_2;
{
}
// generate_CallPropertyLookup
{
const double arg1 = r12_0;
r2_2 = std::sqrt(arg1);
}
{
}
// generate_Add
r2_2 = (r8_0 + r2_2);
{
}
// generate_StoreReg
r9_0 = r2_2;
{
}
// generate_LoadInt
r2_2 = double(14);
{
}
// generate_Div
r2_2 = (r9_0 / r2_2);
{
}
{
}
// generate_SetLookup
{
#ifndef QT_NO_DEBUG
aotContext->setInstructionPointer(72);
#endif
while (!aotContext->setObjectLookup(856, r7_0, &r2_2)) {
#ifdef QT_NO_DEBUG
aotContext->setInstructionPointer(72);
#endif
aotContext->initSetObjectLookup(856, r7_0);
if (aotContext->engine->hasError()) {
aotContext->setReturnValueUndefined();
return;
}
}
}
{
}
{
}
// generate_PopContext
{}
}
{
}
{
}
// generate_Ret
return;
}
 },{ 281, 0, [](QV4::ExecutableCompilationUnit *unit, QMetaType *argTypes) {
    struct { QV4::ExecutableCompilationUnit *compilationUnit; } c { unit };
    const auto *aotContext = &c;
    Q_UNUSED(aotContext);
    argTypes[0] = []() { static const auto t = QMetaType::fromName("Qt::WindowFlags"); return t; }();
}, 
    [](const QQmlPrivate::AOTCompiledContext *aotContext, void **argv) {
Q_UNUSED(aotContext)
Q_UNUSED(argv)
// expression for flags at line 1892, column 9
int r7_0;
int r2_0;
int r8_0;
{
}
// generate_GetLookup
#ifndef QT_NO_DEBUG
aotContext->setInstructionPointer(10);
#endif
while (!aotContext->getEnumLookup(858, &r2_0)) {
#ifdef QT_NO_DEBUG
aotContext->setInstructionPointer(10);
#endif
aotContext->initGetEnumLookup(858, []() { static const auto t = QMetaType::fromName("Qt"); return t; }().metaObject(), "WindowType", "Window");
if (aotContext->engine->hasError()) {
aotContext->setReturnValueUndefined();
if (argv[0]) {
    const QMetaType returnType = []() { static const auto t = QMetaType::fromName("Qt::WindowFlags"); return t; }();
    returnType.destruct(argv[0]);
    returnType.construct(argv[0]);
 }
return;
}
}
{
}
// generate_StoreReg
r7_0 = r2_0;
{
}
{
}
// generate_GetLookup
#ifndef QT_NO_DEBUG
aotContext->setInstructionPointer(22);
#endif
while (!aotContext->getEnumLookup(860, &r2_0)) {
#ifdef QT_NO_DEBUG
aotContext->setInstructionPointer(22);
#endif
aotContext->initGetEnumLookup(860, []() { static const auto t = QMetaType::fromName("Qt"); return t; }().metaObject(), "WindowType", "FramelessWindowHint");
if (aotContext->engine->hasError()) {
aotContext->setReturnValueUndefined();
if (argv[0]) {
    const QMetaType returnType = []() { static const auto t = QMetaType::fromName("Qt::WindowFlags"); return t; }();
    returnType.destruct(argv[0]);
    returnType.construct(argv[0]);
 }
return;
}
}
{
}
// generate_BitOr
r2_0 = (r7_0 | r2_0);
{
}
// generate_StoreReg
r8_0 = r2_0;
{
}
{
}
// generate_GetLookup
#ifndef QT_NO_DEBUG
aotContext->setInstructionPointer(36);
#endif
while (!aotContext->getEnumLookup(862, &r2_0)) {
#ifdef QT_NO_DEBUG
aotContext->setInstructionPointer(36);
#endif
aotContext->initGetEnumLookup(862, []() { static const auto t = QMetaType::fromName("Qt"); return t; }().metaObject(), "WindowType", "NoDropShadowWindowHint");
if (aotContext->engine->hasError()) {
aotContext->setReturnValueUndefined();
if (argv[0]) {
    const QMetaType returnType = []() { static const auto t = QMetaType::fromName("Qt::WindowFlags"); return t; }();
    returnType.destruct(argv[0]);
    returnType.construct(argv[0]);
 }
return;
}
}
{
}
// generate_BitOr
r2_0 = (r8_0 | r2_0);
{
}
{
}
// generate_Ret
if (argv[0]) {
    const QMetaType returnType = QMetaType::fromType<int>();
    returnType.destruct(argv[0]);
    returnType.construct(argv[0], &r2_0);
}
return;
}
 },{ 282, 0, [](QV4::ExecutableCompilationUnit *unit, QMetaType *argTypes) {
    struct { QV4::ExecutableCompilationUnit *compilationUnit; } c { unit };
    const auto *aotContext = &c;
    Q_UNUSED(aotContext);
    argTypes[0] = []() { static const auto t = QMetaType::fromName("Qt::WindowModality"); return t; }();
}, 
    [](const QQmlPrivate::AOTCompiledContext *aotContext, void **argv) {
Q_UNUSED(aotContext)
Q_UNUSED(argv)
// expression for modality at line 1893, column 9
int r2_0;
{
}
// generate_GetLookup
#ifndef QT_NO_DEBUG
aotContext->setInstructionPointer(10);
#endif
while (!aotContext->getEnumLookup(864, &r2_0)) {
#ifdef QT_NO_DEBUG
aotContext->setInstructionPointer(10);
#endif
aotContext->initGetEnumLookup(864, []() { static const auto t = QMetaType::fromName("Qt"); return t; }().metaObject(), "WindowModality", "NonModal");
if (aotContext->engine->hasError()) {
aotContext->setReturnValueUndefined();
if (argv[0]) {
    const QMetaType returnType = []() { static const auto t = QMetaType::fromName("Qt::WindowModality"); return t; }();
    returnType.destruct(argv[0]);
    returnType.construct(argv[0]);
 }
return;
}
}
{
}
{
}
// generate_Ret
if (argv[0]) {
    const QMetaType returnType = QMetaType::fromType<int>();
    returnType.destruct(argv[0]);
    returnType.construct(argv[0], &r2_0);
}
return;
}
 },{ 283, 0, [](QV4::ExecutableCompilationUnit *unit, QMetaType *argTypes) {
    struct { QV4::ExecutableCompilationUnit *compilationUnit; } c { unit };
    const auto *aotContext = &c;
    Q_UNUSED(aotContext);
    argTypes[0] = QMetaType::fromType<double>();
}, 
    [](const QQmlPrivate::AOTCompiledContext *aotContext, void **argv) {
Q_UNUSED(aotContext)
Q_UNUSED(argv)
// expression for width at line 1899, column 13
QObject *r2_0;
double r2_1;
// generate_LoadQmlContextPropertyLookup
#ifndef QT_NO_DEBUG
aotContext->setInstructionPointer(5);
#endif
while (!aotContext->loadScopeObjectPropertyLookup(865, &r2_0)) {
#ifdef QT_NO_DEBUG
aotContext->setInstructionPointer(5);
#endif
aotContext->initLoadScopeObjectPropertyLookup(865);
if (aotContext->engine->hasError()) {
aotContext->setReturnValueUndefined();
if (argv[0]) {
    *static_cast<double *>(argv[0]) = double();
}
return;
}
}
{
}
// generate_GetLookup
#ifndef QT_NO_DEBUG
aotContext->setInstructionPointer(10);
#endif
while (!aotContext->getObjectLookup(866, r2_0, &r2_1)) {
#ifdef QT_NO_DEBUG
aotContext->setInstructionPointer(10);
#endif
aotContext->initGetObjectLookup(866, r2_0);
if (aotContext->engine->hasError()) {
aotContext->setReturnValueUndefined();
if (argv[0]) {
    *static_cast<double *>(argv[0]) = double();
}
return;
}
}
{
}
{
}
// generate_Ret
if (argv[0]) {
    *static_cast<double *>(argv[0]) = r2_1;
}
return;
}
 },{ 284, 0, [](QV4::ExecutableCompilationUnit *unit, QMetaType *argTypes) {
    struct { QV4::ExecutableCompilationUnit *compilationUnit; } c { unit };
    const auto *aotContext = &c;
    Q_UNUSED(aotContext);
    argTypes[0] = []() { static const auto t = QMetaType::fromName("QQuickItem*"); return t; }();
}, 
    [](const QQmlPrivate::AOTCompiledContext *aotContext, void **argv) {
Q_UNUSED(aotContext)
Q_UNUSED(argv)
// expression for centerIn at line 1905, column 17
QObject *r2_0;
// generate_LoadQmlContextPropertyLookup
#ifndef QT_NO_DEBUG
aotContext->setInstructionPointer(5);
#endif
while (!aotContext->loadScopeObjectPropertyLookup(867, &r2_0)) {
#ifdef QT_NO_DEBUG
aotContext->setInstructionPointer(5);
#endif
aotContext->initLoadScopeObjectPropertyLookup(867);
if (aotContext->engine->hasError()) {
aotContext->setReturnValueUndefined();
if (argv[0]) {
    *static_cast<QObject * *>(argv[0]) = nullptr;
}
return;
}
}
{
}
{
}
// generate_Ret
if (argv[0]) {
    *static_cast<QObject * *>(argv[0]) = r2_0;
}
return;
}
 },{ 285, 1, [](QV4::ExecutableCompilationUnit *unit, QMetaType *argTypes) {
    struct { QV4::ExecutableCompilationUnit *compilationUnit; } c { unit };
    const auto *aotContext = &c;
    Q_UNUSED(aotContext);
    argTypes[0] = QMetaType();
    argTypes[1] = []() { static const auto t = QMetaType::fromName("QQuickMouseEvent*"); return t; }();
}, 
    [](const QQmlPrivate::AOTCompiledContext *aotContext, void **argv) {
Q_UNUSED(aotContext)
Q_UNUSED(argv)
// expression for onPositionChanged at line 1909, column 17
QObject *r7_0;
QObject *r2_0;
// generate_CreateCallContext
{
{
}
// generate_LoadQmlContextPropertyLookup
#ifndef QT_NO_DEBUG
aotContext->setInstructionPointer(6);
#endif
while (!aotContext->loadContextIdLookup(868, &r2_0)) {
#ifdef QT_NO_DEBUG
aotContext->setInstructionPointer(6);
#endif
aotContext->initLoadContextIdLookup(868);
if (aotContext->engine->hasError()) {
aotContext->setReturnValueUndefined();
return;
}
}
{
}
// generate_StoreReg
r7_0 = r2_0;
{
}
// generate_CallPropertyLookup
{
const auto doCall = [&]() {
    void *args[] = {nullptr};
    return aotContext->callObjectPropertyLookup(869, r7_0, args, 0);
};
const auto doInit = [&]() {
    aotContext->initCallObjectPropertyLookup(869, r7_0, 32);
};
#ifndef QT_NO_DEBUG
aotContext->setInstructionPointer(25);
#endif
while (!doCall()) {
#ifdef QT_NO_DEBUG
aotContext->setInstructionPointer(25);
#endif
doInit();
if (aotContext->engine->hasError()) {
aotContext->setReturnValueUndefined();
return;
}
}
}
{
}
{
}
// generate_PopContext
{}
}
{
}
{
}
// generate_Ret
return;
}
 },{ 286, 0, [](QV4::ExecutableCompilationUnit *unit, QMetaType *argTypes) {
    struct { QV4::ExecutableCompilationUnit *compilationUnit; } c { unit };
    const auto *aotContext = &c;
    Q_UNUSED(aotContext);
    argTypes[0] = []() { static const auto t = QMetaType::fromName("QQuickItem*"); return t; }();
}, 
    [](const QQmlPrivate::AOTCompiledContext *aotContext, void **argv) {
Q_UNUSED(aotContext)
Q_UNUSED(argv)
// expression for fill at line 1908, column 17
QObject *r2_0;
// generate_LoadQmlContextPropertyLookup
#ifndef QT_NO_DEBUG
aotContext->setInstructionPointer(5);
#endif
while (!aotContext->loadScopeObjectPropertyLookup(870, &r2_0)) {
#ifdef QT_NO_DEBUG
aotContext->setInstructionPointer(5);
#endif
aotContext->initLoadScopeObjectPropertyLookup(870);
if (aotContext->engine->hasError()) {
aotContext->setReturnValueUndefined();
if (argv[0]) {
    *static_cast<QObject * *>(argv[0]) = nullptr;
}
return;
}
}
{
}
{
}
// generate_Ret
if (argv[0]) {
    *static_cast<QObject * *>(argv[0]) = r2_0;
}
return;
}
 },{ 287, 0, [](QV4::ExecutableCompilationUnit *unit, QMetaType *argTypes) {
    struct { QV4::ExecutableCompilationUnit *compilationUnit; } c { unit };
    const auto *aotContext = &c;
    Q_UNUSED(aotContext);
    argTypes[0] = QMetaType();
}, 
    [](const QQmlPrivate::AOTCompiledContext *aotContext, void **argv) {
Q_UNUSED(aotContext)
Q_UNUSED(argv)
// expression for onClicked at line 1916, column 17
QObject *r2_3;
QObject *r7_0;
QObject *r2_0;
QObject *r7_2;
QVariant r2_6;
QObject *r2_4;
QObject *r2_5;
QObject *r2_2;
bool r2_1;
QObject *r7_1;
// generate_CreateCallContext
{
{
}
// generate_LoadQmlContextPropertyLookup
#ifndef QT_NO_DEBUG
aotContext->setInstructionPointer(6);
#endif
while (!aotContext->loadContextIdLookup(871, &r2_0)) {
#ifdef QT_NO_DEBUG
aotContext->setInstructionPointer(6);
#endif
aotContext->initLoadContextIdLookup(871);
if (aotContext->engine->hasError()) {
aotContext->setReturnValueUndefined();
return;
}
}
{
}
// generate_StoreReg
r7_0 = r2_0;
{
}
// generate_LoadFalse
r2_1 = false;
{
}
// generate_SetLookup
{
#ifndef QT_NO_DEBUG
aotContext->setInstructionPointer(18);
#endif
while (!aotContext->setObjectLookup(872, r7_0, &r2_1)) {
#ifdef QT_NO_DEBUG
aotContext->setInstructionPointer(18);
#endif
aotContext->initSetObjectLookup(872, r7_0);
if (aotContext->engine->hasError()) {
aotContext->setReturnValueUndefined();
return;
}
}
}
{
}
// generate_LoadQmlContextPropertyLookup
#ifndef QT_NO_DEBUG
aotContext->setInstructionPointer(23);
#endif
while (!aotContext->loadContextIdLookup(873, &r2_2)) {
#ifdef QT_NO_DEBUG
aotContext->setInstructionPointer(23);
#endif
aotContext->initLoadContextIdLookup(873);
if (aotContext->engine->hasError()) {
aotContext->setReturnValueUndefined();
return;
}
}
{
}
// generate_StoreReg
r7_1 = r2_2;
{
}
// generate_LoadQmlContextPropertyLookup
#ifndef QT_NO_DEBUG
aotContext->setInstructionPointer(30);
#endif
while (!aotContext->loadContextIdLookup(874, &r2_3)) {
#ifdef QT_NO_DEBUG
aotContext->setInstructionPointer(30);
#endif
aotContext->initLoadContextIdLookup(874);
if (aotContext->engine->hasError()) {
aotContext->setReturnValueUndefined();
return;
}
}
{
}
// generate_GetLookup
#ifndef QT_NO_DEBUG
aotContext->setInstructionPointer(35);
#endif
while (!aotContext->getObjectLookup(875, r2_3, &r2_4)) {
#ifdef QT_NO_DEBUG
aotContext->setInstructionPointer(35);
#endif
aotContext->initGetObjectLookup(875, r2_3);
if (aotContext->engine->hasError()) {
aotContext->setReturnValueUndefined();
return;
}
}
{
}
// generate_SetLookup
{
#ifndef QT_NO_DEBUG
aotContext->setInstructionPointer(44);
#endif
while (!aotContext->setObjectLookup(876, r7_1, &r2_4)) {
#ifdef QT_NO_DEBUG
aotContext->setInstructionPointer(44);
#endif
aotContext->initSetObjectLookup(876, r7_1);
if (aotContext->engine->hasError()) {
aotContext->setReturnValueUndefined();
return;
}
}
}
{
}
// generate_LoadQmlContextPropertyLookup
#ifndef QT_NO_DEBUG
aotContext->setInstructionPointer(49);
#endif
while (!aotContext->loadContextIdLookup(877, &r2_5)) {
#ifdef QT_NO_DEBUG
aotContext->setInstructionPointer(49);
#endif
aotContext->initLoadContextIdLookup(877);
if (aotContext->engine->hasError()) {
aotContext->setReturnValueUndefined();
return;
}
}
{
}
// generate_StoreReg
r7_2 = r2_5;
{
}
// generate_LoadUndefined
r2_6 = QVariant();
{
}
{
}
// generate_SetLookup
{
#ifndef QT_NO_DEBUG
aotContext->setInstructionPointer(63);
#endif
while (!aotContext->setObjectLookup(878, r7_2, &r2_6)) {
#ifdef QT_NO_DEBUG
aotContext->setInstructionPointer(63);
#endif
aotContext->initSetObjectLookupAsVariant(878, r7_2);
if (aotContext->engine->hasError()) {
aotContext->setReturnValueUndefined();
return;
}
}
}
{
}
{
}
// generate_PopContext
{}
}
{
}
{
}
// generate_Ret
return;
}
 },{ 288, 0, [](QV4::ExecutableCompilationUnit *unit, QMetaType *argTypes) {
    struct { QV4::ExecutableCompilationUnit *compilationUnit; } c { unit };
    const auto *aotContext = &c;
    Q_UNUSED(aotContext);
    argTypes[0] = []() { static const auto t = QMetaType::fromName("QQuickAnchorLine"); return t; }();
}, 
    [](const QQmlPrivate::AOTCompiledContext *aotContext, void **argv) {
Q_UNUSED(aotContext)
Q_UNUSED(argv)
// expression for verticalCenter at line 1913, column 17
QObject *r2_0;
QVariant r2_1;
// generate_LoadQmlContextPropertyLookup
#ifndef QT_NO_DEBUG
aotContext->setInstructionPointer(5);
#endif
while (!aotContext->loadScopeObjectPropertyLookup(879, &r2_0)) {
#ifdef QT_NO_DEBUG
aotContext->setInstructionPointer(5);
#endif
aotContext->initLoadScopeObjectPropertyLookup(879);
if (aotContext->engine->hasError()) {
aotContext->setReturnValueUndefined();
if (argv[0]) {
    const QMetaType returnType = []() { static const auto t = QMetaType::fromName("QQuickAnchorLine"); return t; }();
    returnType.destruct(argv[0]);
    returnType.construct(argv[0]);
 }
return;
}
}
{
}
// generate_GetLookup
#ifndef QT_NO_DEBUG
aotContext->setInstructionPointer(10);
#endif
r2_1 = QVariant(aotContext->lookupResultMetaType(880));
while (!aotContext->getObjectLookup(880, r2_0, r2_1.data())) {
#ifdef QT_NO_DEBUG
aotContext->setInstructionPointer(10);
#endif
aotContext->initGetObjectLookup(880, r2_0);
if (aotContext->engine->hasError()) {
aotContext->setReturnValueUndefined();
if (argv[0]) {
    const QMetaType returnType = []() { static const auto t = QMetaType::fromName("QQuickAnchorLine"); return t; }();
    returnType.destruct(argv[0]);
    returnType.construct(argv[0]);
 }
return;
}
r2_1 = QVariant(aotContext->lookupResultMetaType(880));
}
{
}
{
}
// generate_Ret
if (argv[0]) {
    if (!r2_1.isValid())
        aotContext->setReturnValueUndefined();
    const QMetaType returnType = r2_1.metaType();
    returnType.destruct(argv[0]);
    returnType.construct(argv[0], r2_1.data());
}
return;
}
 },{ 289, 0, [](QV4::ExecutableCompilationUnit *unit, QMetaType *argTypes) {
    struct { QV4::ExecutableCompilationUnit *compilationUnit; } c { unit };
    const auto *aotContext = &c;
    Q_UNUSED(aotContext);
    argTypes[0] = []() { static const auto t = QMetaType::fromName("QQuickAnchorLine"); return t; }();
}, 
    [](const QQmlPrivate::AOTCompiledContext *aotContext, void **argv) {
Q_UNUSED(aotContext)
Q_UNUSED(argv)
// expression for right at line 1914, column 17
QVariant r2_1;
QObject *r2_0;
// generate_LoadQmlContextPropertyLookup
#ifndef QT_NO_DEBUG
aotContext->setInstructionPointer(5);
#endif
while (!aotContext->loadScopeObjectPropertyLookup(881, &r2_0)) {
#ifdef QT_NO_DEBUG
aotContext->setInstructionPointer(5);
#endif
aotContext->initLoadScopeObjectPropertyLookup(881);
if (aotContext->engine->hasError()) {
aotContext->setReturnValueUndefined();
if (argv[0]) {
    const QMetaType returnType = []() { static const auto t = QMetaType::fromName("QQuickAnchorLine"); return t; }();
    returnType.destruct(argv[0]);
    returnType.construct(argv[0]);
 }
return;
}
}
{
}
// generate_GetLookup
#ifndef QT_NO_DEBUG
aotContext->setInstructionPointer(10);
#endif
r2_1 = QVariant(aotContext->lookupResultMetaType(882));
while (!aotContext->getObjectLookup(882, r2_0, r2_1.data())) {
#ifdef QT_NO_DEBUG
aotContext->setInstructionPointer(10);
#endif
aotContext->initGetObjectLookup(882, r2_0);
if (aotContext->engine->hasError()) {
aotContext->setReturnValueUndefined();
if (argv[0]) {
    const QMetaType returnType = []() { static const auto t = QMetaType::fromName("QQuickAnchorLine"); return t; }();
    returnType.destruct(argv[0]);
    returnType.construct(argv[0]);
 }
return;
}
r2_1 = QVariant(aotContext->lookupResultMetaType(882));
}
{
}
{
}
// generate_Ret
if (argv[0]) {
    if (!r2_1.isValid())
        aotContext->setReturnValueUndefined();
    const QMetaType returnType = r2_1.metaType();
    returnType.destruct(argv[0]);
    returnType.construct(argv[0], r2_1.data());
}
return;
}
 },{ 290, 0, [](QV4::ExecutableCompilationUnit *unit, QMetaType *argTypes) {
    struct { QV4::ExecutableCompilationUnit *compilationUnit; } c { unit };
    const auto *aotContext = &c;
    Q_UNUSED(aotContext);
    argTypes[0] = QMetaType::fromType<double>();
}, 
    [](const QQmlPrivate::AOTCompiledContext *aotContext, void **argv) {
Q_UNUSED(aotContext)
Q_UNUSED(argv)
// expression for width at line 1926, column 13
QObject *r2_0;
double r2_1;
// generate_LoadQmlContextPropertyLookup
#ifndef QT_NO_DEBUG
aotContext->setInstructionPointer(5);
#endif
while (!aotContext->loadScopeObjectPropertyLookup(883, &r2_0)) {
#ifdef QT_NO_DEBUG
aotContext->setInstructionPointer(5);
#endif
aotContext->initLoadScopeObjectPropertyLookup(883);
if (aotContext->engine->hasError()) {
aotContext->setReturnValueUndefined();
if (argv[0]) {
    *static_cast<double *>(argv[0]) = double();
}
return;
}
}
{
}
// generate_GetLookup
#ifndef QT_NO_DEBUG
aotContext->setInstructionPointer(10);
#endif
while (!aotContext->getObjectLookup(884, r2_0, &r2_1)) {
#ifdef QT_NO_DEBUG
aotContext->setInstructionPointer(10);
#endif
aotContext->initGetObjectLookup(884, r2_0);
if (aotContext->engine->hasError()) {
aotContext->setReturnValueUndefined();
if (argv[0]) {
    *static_cast<double *>(argv[0]) = double();
}
return;
}
}
{
}
{
}
// generate_Ret
if (argv[0]) {
    *static_cast<double *>(argv[0]) = r2_1;
}
return;
}
 },{ 291, 0, [](QV4::ExecutableCompilationUnit *unit, QMetaType *argTypes) {
    struct { QV4::ExecutableCompilationUnit *compilationUnit; } c { unit };
    const auto *aotContext = &c;
    Q_UNUSED(aotContext);
    argTypes[0] = QMetaType::fromType<double>();
}, 
    [](const QQmlPrivate::AOTCompiledContext *aotContext, void **argv) {
Q_UNUSED(aotContext)
Q_UNUSED(argv)
// expression for y at line 1927, column 13
double r2_1;
QObject *r2_0;
// generate_LoadQmlContextPropertyLookup
#ifndef QT_NO_DEBUG
aotContext->setInstructionPointer(5);
#endif
while (!aotContext->loadContextIdLookup(885, &r2_0)) {
#ifdef QT_NO_DEBUG
aotContext->setInstructionPointer(5);
#endif
aotContext->initLoadContextIdLookup(885);
if (aotContext->engine->hasError()) {
aotContext->setReturnValueUndefined();
if (argv[0]) {
    *static_cast<double *>(argv[0]) = double();
}
return;
}
}
{
}
// generate_GetLookup
#ifndef QT_NO_DEBUG
aotContext->setInstructionPointer(10);
#endif
while (!aotContext->getObjectLookup(886, r2_0, &r2_1)) {
#ifdef QT_NO_DEBUG
aotContext->setInstructionPointer(10);
#endif
aotContext->initGetObjectLookup(886, r2_0);
if (aotContext->engine->hasError()) {
aotContext->setReturnValueUndefined();
if (argv[0]) {
    *static_cast<double *>(argv[0]) = double();
}
return;
}
}
{
}
{
}
// generate_Ret
if (argv[0]) {
    *static_cast<double *>(argv[0]) = r2_1;
}
return;
}
 },{ 292, 0, [](QV4::ExecutableCompilationUnit *unit, QMetaType *argTypes) {
    struct { QV4::ExecutableCompilationUnit *compilationUnit; } c { unit };
    const auto *aotContext = &c;
    Q_UNUSED(aotContext);
    argTypes[0] = QMetaType::fromType<double>();
}, 
    [](const QQmlPrivate::AOTCompiledContext *aotContext, void **argv) {
Q_UNUSED(aotContext)
Q_UNUSED(argv)
// expression for height at line 1928, column 13
double r2_2;
QObject *r2_0;
double r2_3;
double r7_0;
double r2_1;
// generate_LoadQmlContextPropertyLookup
#ifndef QT_NO_DEBUG
aotContext->setInstructionPointer(5);
#endif
while (!aotContext->loadScopeObjectPropertyLookup(887, &r2_0)) {
#ifdef QT_NO_DEBUG
aotContext->setInstructionPointer(5);
#endif
aotContext->initLoadScopeObjectPropertyLookup(887);
if (aotContext->engine->hasError()) {
aotContext->setReturnValueUndefined();
if (argv[0]) {
    *static_cast<double *>(argv[0]) = double();
}
return;
}
}
{
}
// generate_GetLookup
#ifndef QT_NO_DEBUG
aotContext->setInstructionPointer(10);
#endif
while (!aotContext->getObjectLookup(888, r2_0, &r2_1)) {
#ifdef QT_NO_DEBUG
aotContext->setInstructionPointer(10);
#endif
aotContext->initGetObjectLookup(888, r2_0);
if (aotContext->engine->hasError()) {
aotContext->setReturnValueUndefined();
if (argv[0]) {
    *static_cast<double *>(argv[0]) = double();
}
return;
}
}
{
}
// generate_StoreReg
r7_0 = r2_1;
{
}
// generate_LoadQmlContextPropertyLookup
#ifndef QT_NO_DEBUG
aotContext->setInstructionPointer(17);
#endif
while (!aotContext->loadScopeObjectPropertyLookup(889, &r2_2)) {
#ifdef QT_NO_DEBUG
aotContext->setInstructionPointer(17);
#endif
aotContext->initLoadScopeObjectPropertyLookup(889);
if (aotContext->engine->hasError()) {
aotContext->setReturnValueUndefined();
if (argv[0]) {
    *static_cast<double *>(argv[0]) = double();
}
return;
}
}
{
}
// generate_Sub
r2_3 = (r7_0 - r2_2);
{
}
{
}
// generate_Ret
if (argv[0]) {
    *static_cast<double *>(argv[0]) = r2_3;
}
return;
}
 },{ 293, 0, [](QV4::ExecutableCompilationUnit *unit, QMetaType *argTypes) {
    struct { QV4::ExecutableCompilationUnit *compilationUnit; } c { unit };
    const auto *aotContext = &c;
    Q_UNUSED(aotContext);
    argTypes[0] = QMetaType::fromType<double>();
}, 
    [](const QQmlPrivate::AOTCompiledContext *aotContext, void **argv) {
Q_UNUSED(aotContext)
Q_UNUSED(argv)
// expression for contentHeight at line 1929, column 13
double r2_1;
QObject *r2_0;
// generate_LoadQmlContextPropertyLookup
#ifndef QT_NO_DEBUG
aotContext->setInstructionPointer(5);
#endif
while (!aotContext->loadContextIdLookup(890, &r2_0)) {
#ifdef QT_NO_DEBUG
aotContext->setInstructionPointer(5);
#endif
aotContext->initLoadContextIdLookup(890);
if (aotContext->engine->hasError()) {
aotContext->setReturnValueUndefined();
if (argv[0]) {
    *static_cast<double *>(argv[0]) = double();
}
return;
}
}
{
}
// generate_GetLookup
#ifndef QT_NO_DEBUG
aotContext->setInstructionPointer(10);
#endif
while (!aotContext->getObjectLookup(891, r2_0, &r2_1)) {
#ifdef QT_NO_DEBUG
aotContext->setInstructionPointer(10);
#endif
aotContext->initGetObjectLookup(891, r2_0);
if (aotContext->engine->hasError()) {
aotContext->setReturnValueUndefined();
if (argv[0]) {
    *static_cast<double *>(argv[0]) = double();
}
return;
}
}
{
}
{
}
// generate_Ret
if (argv[0]) {
    *static_cast<double *>(argv[0]) = r2_1;
}
return;
}
 },{ 294, 0, [](QV4::ExecutableCompilationUnit *unit, QMetaType *argTypes) {
    struct { QV4::ExecutableCompilationUnit *compilationUnit; } c { unit };
    const auto *aotContext = &c;
    Q_UNUSED(aotContext);
    argTypes[0] = QMetaType::fromType<double>();
}, 
    [](const QQmlPrivate::AOTCompiledContext *aotContext, void **argv) {
Q_UNUSED(aotContext)
Q_UNUSED(argv)
// expression for width at line 1934, column 17
QObject *r2_0;
double r2_2;
double r7_0;
double r2_1;
// generate_LoadQmlContextPropertyLookup
#ifndef QT_NO_DEBUG
aotContext->setInstructionPointer(5);
#endif
while (!aotContext->loadScopeObjectPropertyLookup(892, &r2_0)) {
#ifdef QT_NO_DEBUG
aotContext->setInstructionPointer(5);
#endif
aotContext->initLoadScopeObjectPropertyLookup(892);
if (aotContext->engine->hasError()) {
aotContext->setReturnValueUndefined();
if (argv[0]) {
    *static_cast<double *>(argv[0]) = double();
}
return;
}
}
{
}
// generate_GetLookup
#ifndef QT_NO_DEBUG
aotContext->setInstructionPointer(10);
#endif
while (!aotContext->getObjectLookup(893, r2_0, &r2_1)) {
#ifdef QT_NO_DEBUG
aotContext->setInstructionPointer(10);
#endif
aotContext->initGetObjectLookup(893, r2_0);
if (aotContext->engine->hasError()) {
aotContext->setReturnValueUndefined();
if (argv[0]) {
    *static_cast<double *>(argv[0]) = double();
}
return;
}
}
{
}
// generate_StoreReg
r7_0 = r2_1;
{
}
// generate_LoadInt
r2_2 = double(6);
{
}
// generate_Sub
r2_2 = (r7_0 - r2_2);
{
}
{
}
// generate_Ret
if (argv[0]) {
    *static_cast<double *>(argv[0]) = r2_2;
}
return;
}
 },{ 295, 0, [](QV4::ExecutableCompilationUnit *unit, QMetaType *argTypes) {
    struct { QV4::ExecutableCompilationUnit *compilationUnit; } c { unit };
    const auto *aotContext = &c;
    Q_UNUSED(aotContext);
    argTypes[0] = QMetaType::fromType<double>();
}, 
    [](const QQmlPrivate::AOTCompiledContext *aotContext, void **argv) {
Q_UNUSED(aotContext)
Q_UNUSED(argv)
// expression for x at line 1946, column 13
double r2_2;
QObject *r2_0;
double r2_3;
double r7_0;
double r2_1;
// generate_LoadQmlContextPropertyLookup
#ifndef QT_NO_DEBUG
aotContext->setInstructionPointer(5);
#endif
while (!aotContext->loadScopeObjectPropertyLookup(894, &r2_0)) {
#ifdef QT_NO_DEBUG
aotContext->setInstructionPointer(5);
#endif
aotContext->initLoadScopeObjectPropertyLookup(894);
if (aotContext->engine->hasError()) {
aotContext->setReturnValueUndefined();
if (argv[0]) {
    *static_cast<double *>(argv[0]) = double();
}
return;
}
}
{
}
// generate_GetLookup
#ifndef QT_NO_DEBUG
aotContext->setInstructionPointer(10);
#endif
while (!aotContext->getObjectLookup(895, r2_0, &r2_1)) {
#ifdef QT_NO_DEBUG
aotContext->setInstructionPointer(10);
#endif
aotContext->initGetObjectLookup(895, r2_0);
if (aotContext->engine->hasError()) {
aotContext->setReturnValueUndefined();
if (argv[0]) {
    *static_cast<double *>(argv[0]) = double();
}
return;
}
}
{
}
// generate_StoreReg
r7_0 = r2_1;
{
}
// generate_LoadQmlContextPropertyLookup
#ifndef QT_NO_DEBUG
aotContext->setInstructionPointer(17);
#endif
while (!aotContext->loadScopeObjectPropertyLookup(896, &r2_2)) {
#ifdef QT_NO_DEBUG
aotContext->setInstructionPointer(17);
#endif
aotContext->initLoadScopeObjectPropertyLookup(896);
if (aotContext->engine->hasError()) {
aotContext->setReturnValueUndefined();
if (argv[0]) {
    *static_cast<double *>(argv[0]) = double();
}
return;
}
}
{
}
// generate_Sub
r2_3 = (r7_0 - r2_2);
{
}
{
}
// generate_Ret
if (argv[0]) {
    *static_cast<double *>(argv[0]) = r2_3;
}
return;
}
 },{ 296, 0, [](QV4::ExecutableCompilationUnit *unit, QMetaType *argTypes) {
    struct { QV4::ExecutableCompilationUnit *compilationUnit; } c { unit };
    const auto *aotContext = &c;
    Q_UNUSED(aotContext);
    argTypes[0] = QMetaType::fromType<double>();
}, 
    [](const QQmlPrivate::AOTCompiledContext *aotContext, void **argv) {
Q_UNUSED(aotContext)
Q_UNUSED(argv)
// expression for y at line 1949, column 13
QObject *r2_0;
double r2_2;
double r2_3;
double r2_1;
double r7_0;
// generate_LoadQmlContextPropertyLookup
#ifndef QT_NO_DEBUG
aotContext->setInstructionPointer(5);
#endif
while (!aotContext->loadScopeObjectPropertyLookup(897, &r2_0)) {
#ifdef QT_NO_DEBUG
aotContext->setInstructionPointer(5);
#endif
aotContext->initLoadScopeObjectPropertyLookup(897);
if (aotContext->engine->hasError()) {
aotContext->setReturnValueUndefined();
if (argv[0]) {
    *static_cast<double *>(argv[0]) = double();
}
return;
}
}
{
}
// generate_GetLookup
#ifndef QT_NO_DEBUG
aotContext->setInstructionPointer(10);
#endif
while (!aotContext->getObjectLookup(898, r2_0, &r2_1)) {
#ifdef QT_NO_DEBUG
aotContext->setInstructionPointer(10);
#endif
aotContext->initGetObjectLookup(898, r2_0);
if (aotContext->engine->hasError()) {
aotContext->setReturnValueUndefined();
if (argv[0]) {
    *static_cast<double *>(argv[0]) = double();
}
return;
}
}
{
}
// generate_StoreReg
r7_0 = r2_1;
{
}
// generate_LoadQmlContextPropertyLookup
#ifndef QT_NO_DEBUG
aotContext->setInstructionPointer(17);
#endif
while (!aotContext->loadScopeObjectPropertyLookup(899, &r2_2)) {
#ifdef QT_NO_DEBUG
aotContext->setInstructionPointer(17);
#endif
aotContext->initLoadScopeObjectPropertyLookup(899);
if (aotContext->engine->hasError()) {
aotContext->setReturnValueUndefined();
if (argv[0]) {
    *static_cast<double *>(argv[0]) = double();
}
return;
}
}
{
}
// generate_Sub
r2_3 = (r7_0 - r2_2);
{
}
{
}
// generate_Ret
if (argv[0]) {
    *static_cast<double *>(argv[0]) = r2_3;
}
return;
}
 },{ 298, 1, [](QV4::ExecutableCompilationUnit *unit, QMetaType *argTypes) {
    struct { QV4::ExecutableCompilationUnit *compilationUnit; } c { unit };
    const auto *aotContext = &c;
    Q_UNUSED(aotContext);
    argTypes[0] = QMetaType();
    argTypes[1] = []() { static const auto t = QMetaType::fromName("QQuickMouseEvent*"); return t; }();
}, 
    [](const QQmlPrivate::AOTCompiledContext *aotContext, void **argv) {
Q_UNUSED(aotContext)
Q_UNUSED(argv)
// expression for onPositionChanged at line 1963, column 17
QObject *r7_0;
int r10_0;
int r2_1;
QObject *r2_0;
int r11_0;
// generate_CreateCallContext
{
{
}
// generate_LoadQmlContextPropertyLookup
#ifndef QT_NO_DEBUG
aotContext->setInstructionPointer(6);
#endif
while (!aotContext->loadContextIdLookup(913, &r2_0)) {
#ifdef QT_NO_DEBUG
aotContext->setInstructionPointer(6);
#endif
aotContext->initLoadContextIdLookup(913);
if (aotContext->engine->hasError()) {
aotContext->setReturnValueUndefined();
return;
}
}
{
}
// generate_StoreReg
r7_0 = r2_0;
{
}
{
}
// generate_GetLookup
#ifndef QT_NO_DEBUG
aotContext->setInstructionPointer(18);
#endif
while (!aotContext->getEnumLookup(915, &r2_1)) {
#ifdef QT_NO_DEBUG
aotContext->setInstructionPointer(18);
#endif
aotContext->initGetEnumLookup(915, []() { static const auto t = QMetaType::fromName("Qt"); return t; }().metaObject(), "Edge", "RightEdge");
if (aotContext->engine->hasError()) {
aotContext->setReturnValueUndefined();
return;
}
}
{
}
// generate_StoreReg
r11_0 = r2_1;
{
}
{
}
// generate_GetLookup
#ifndef QT_NO_DEBUG
aotContext->setInstructionPointer(30);
#endif
while (!aotContext->getEnumLookup(917, &r2_1)) {
#ifdef QT_NO_DEBUG
aotContext->setInstructionPointer(30);
#endif
aotContext->initGetEnumLookup(917, []() { static const auto t = QMetaType::fromName("Qt"); return t; }().metaObject(), "Edge", "BottomEdge");
if (aotContext->engine->hasError()) {
aotContext->setReturnValueUndefined();
return;
}
}
{
}
// generate_BitOr
r2_1 = (r11_0 | r2_1);
{
}
// generate_StoreReg
r10_0 = r2_1;
{
}
// generate_CallPropertyLookup
{
const auto doCall = [&]() {
    void *args[] = {nullptr, &r10_0};
    return aotContext->callObjectPropertyLookup(918, r7_0, args, 1);
};
const auto doInit = [&]() {
    aotContext->initCallObjectPropertyLookup(918, r7_0, 31);
};
#ifndef QT_NO_DEBUG
aotContext->setInstructionPointer(51);
#endif
while (!doCall()) {
#ifdef QT_NO_DEBUG
aotContext->setInstructionPointer(51);
#endif
doInit();
if (aotContext->engine->hasError()) {
aotContext->setReturnValueUndefined();
return;
}
}
}
{
}
{
}
// generate_PopContext
{}
}
{
}
{
}
// generate_Ret
return;
}
 },{ 299, 0, [](QV4::ExecutableCompilationUnit *unit, QMetaType *argTypes) {
    struct { QV4::ExecutableCompilationUnit *compilationUnit; } c { unit };
    const auto *aotContext = &c;
    Q_UNUSED(aotContext);
    argTypes[0] = []() { static const auto t = QMetaType::fromName("QQuickItem*"); return t; }();
}, 
    [](const QQmlPrivate::AOTCompiledContext *aotContext, void **argv) {
Q_UNUSED(aotContext)
Q_UNUSED(argv)
// expression for fill at line 1962, column 17
QObject *r2_0;
// generate_LoadQmlContextPropertyLookup
#ifndef QT_NO_DEBUG
aotContext->setInstructionPointer(5);
#endif
while (!aotContext->loadScopeObjectPropertyLookup(919, &r2_0)) {
#ifdef QT_NO_DEBUG
aotContext->setInstructionPointer(5);
#endif
aotContext->initLoadScopeObjectPropertyLookup(919);
if (aotContext->engine->hasError()) {
aotContext->setReturnValueUndefined();
if (argv[0]) {
    *static_cast<QObject * *>(argv[0]) = nullptr;
}
return;
}
}
{
}
{
}
// generate_Ret
if (argv[0]) {
    *static_cast<QObject * *>(argv[0]) = r2_0;
}
return;
}
 },{ 300, 0, [](QV4::ExecutableCompilationUnit *unit, QMetaType *argTypes) {
    struct { QV4::ExecutableCompilationUnit *compilationUnit; } c { unit };
    const auto *aotContext = &c;
    Q_UNUSED(aotContext);
    argTypes[0] = []() { static const auto t = QMetaType::fromName("QQuickItem*"); return t; }();
}, 
    [](const QQmlPrivate::AOTCompiledContext *aotContext, void **argv) {
Q_UNUSED(aotContext)
Q_UNUSED(argv)
// expression for fill at line 1970, column 13
QObject *r2_0;
// generate_LoadQmlContextPropertyLookup
#ifndef QT_NO_DEBUG
aotContext->setInstructionPointer(5);
#endif
while (!aotContext->loadScopeObjectPropertyLookup(920, &r2_0)) {
#ifdef QT_NO_DEBUG
aotContext->setInstructionPointer(5);
#endif
aotContext->initLoadScopeObjectPropertyLookup(920);
if (aotContext->engine->hasError()) {
aotContext->setReturnValueUndefined();
if (argv[0]) {
    *static_cast<QObject * *>(argv[0]) = nullptr;
}
return;
}
}
{
}
{
}
// generate_Ret
if (argv[0]) {
    *static_cast<QObject * *>(argv[0]) = r2_0;
}
return;
}
 },{ 301, 0, [](QV4::ExecutableCompilationUnit *unit, QMetaType *argTypes) {
    struct { QV4::ExecutableCompilationUnit *compilationUnit; } c { unit };
    const auto *aotContext = &c;
    Q_UNUSED(aotContext);
    argTypes[0] = []() { static const auto t = QMetaType::fromName("Qt::WindowModality"); return t; }();
}, 
    [](const QQmlPrivate::AOTCompiledContext *aotContext, void **argv) {
Q_UNUSED(aotContext)
Q_UNUSED(argv)
// expression for modality at line 2005, column 13
int r2_0;
{
}
// generate_GetLookup
#ifndef QT_NO_DEBUG
aotContext->setInstructionPointer(10);
#endif
while (!aotContext->getEnumLookup(922, &r2_0)) {
#ifdef QT_NO_DEBUG
aotContext->setInstructionPointer(10);
#endif
aotContext->initGetEnumLookup(922, []() { static const auto t = QMetaType::fromName("Qt"); return t; }().metaObject(), "WindowModality", "ApplicationModal");
if (aotContext->engine->hasError()) {
aotContext->setReturnValueUndefined();
if (argv[0]) {
    const QMetaType returnType = []() { static const auto t = QMetaType::fromName("Qt::WindowModality"); return t; }();
    returnType.destruct(argv[0]);
    returnType.construct(argv[0]);
 }
return;
}
}
{
}
{
}
// generate_Ret
if (argv[0]) {
    const QMetaType returnType = QMetaType::fromType<int>();
    returnType.destruct(argv[0]);
    returnType.construct(argv[0], &r2_0);
}
return;
}
 },{ 0, 0, nullptr, nullptr }};
QT_WARNING_POP
}
}
